task_id,arrival_time,execution_time,deadline,priority,resource_1,resource_2,resource_3
94,0,45,101,4,2,4,6
255,0,24,62,3,10,5,5
313,0,23,119,5,6,1,10
322,0,33,135,1,5,1,10
389,0,41,177,4,9,1,2
460,0,13,163,2,6,7,7
600,0,6,144,2,5,8,3
641,0,19,170,1,5,7,10
664,0,27,168,2,1,2,1
697,0,33,116,2,2,8,5
940,0,9,93,2,9,10,1
989,0,38,181,4,1,5,4
1008,0,25,188,4,2,9,6
1094,0,11,70,3,9,8,8
1146,0,34,91,1,6,3,7
1551,0,47,63,4,8,9,7
1679,0,25,123,4,2,1,6
1760,0,18,61,3,7,7,6
1845,0,10,83,1,3,9,6
1846,0,18,182,1,2,8,1
1875,0,15,76,4,9,8,2
2097,0,8,113,2,5,7,10
2179,0,26,165,4,5,9,3
2276,0,7,177,4,6,7,4
2317,0,49,174,4,10,10,1
2537,0,34,64,5,10,9,2
2544,0,37,179,2,6,9,3
2755,0,18,64,2,3,1,2
3053,0,33,46,1,4,5,9
3124,0,34,197,5,5,9,7
3435,0,43,152,2,9,5,6
3444,0,34,130,5,9,6,3
3489,0,15,47,3,6,7,5
3492,0,25,62,2,4,8,6
3608,0,20,194,1,3,5,9
3623,0,9,65,2,4,10,6
3677,0,27,90,1,6,1,1
3739,0,36,51,1,4,5,7
3762,0,26,86,2,4,6,10
3848,0,46,111,5,10,8,4
3884,0,38,121,2,10,5,10
3998,0,19,130,3,8,10,10
4204,0,20,87,3,4,2,8
4393,0,13,118,3,6,7,3
4456,0,29,113,3,3,1,7
4513,0,25,137,1,5,2,1
4601,0,50,72,1,6,7,8
4641,0,12,127,4,10,4,9
4658,0,25,77,3,7,10,4
4781,0,47,187,1,5,9,3
4846,0,12,180,1,6,8,1
4849,0,21,75,1,1,5,7
4900,0,35,85,4,10,10,10
4930,0,38,170,1,10,6,5
5193,0,42,128,5,8,8,1
5210,0,27,77,5,7,2,9
5258,0,22,73,3,2,6,1
5506,0,43,200,2,2,2,5
5554,0,18,182,5,2,6,10
6045,0,28,179,2,8,8,5
6077,0,27,128,1,8,7,6
6160,0,44,190,2,4,2,2
6331,0,24,81,3,5,1,9
6332,0,13,43,3,1,6,10
6342,0,35,114,4,8,6,7
6404,0,34,74,1,7,1,4
6482,0,32,130,5,8,9,9
6580,0,9,110,3,1,9,8
6719,0,21,193,5,10,10,8
6810,0,42,64,3,7,2,5
6931,0,30,192,1,5,10,3
6940,0,9,128,3,7,10,8
7010,0,6,147,1,5,9,8
7050,0,13,129,5,10,5,3
7094,0,45,119,1,3,7,10
7105,0,12,130,4,5,5,7
7292,0,30,92,5,5,1,1
7334,0,46,68,2,3,6,4
7404,0,37,154,1,7,7,1
7457,0,26,44,4,10,3,8
7484,0,7,191,5,6,2,2
7687,0,20,60,4,10,5,9
7736,0,42,173,4,3,8,10
7742,0,14,111,2,10,9,5
7863,0,11,144,1,7,2,2
7983,0,37,111,3,1,8,3
7991,0,24,76,3,5,6,5
8015,0,41,161,1,10,1,2
8212,0,9,109,5,5,7,2
8316,0,45,82,4,8,10,3
8321,0,31,100,5,3,2,3
8398,0,42,59,3,5,4,6
8477,0,14,190,2,2,7,10
8500,0,43,152,5,3,8,3
8593,0,18,47,4,4,4,2
8734,0,39,145,5,6,2,4
8788,0,28,110,1,9,8,1
8828,0,8,75,3,5,5,4
8846,0,41,143,5,1,7,4
8873,0,15,145,1,1,4,3
8898,0,46,93,3,4,1,6
8963,0,10,36,3,2,1,2
9053,0,11,61,4,3,7,8
9146,0,7,52,3,10,1,4
9296,0,50,164,1,2,1,9
9476,0,29,117,2,5,7,7
9478,0,38,117,2,7,9,5
9494,0,8,165,3,8,3,10
9545,0,14,172,3,5,9,1
9657,0,9,65,5,4,7,4
9674,0,17,71,5,9,2,2
9731,0,5,26,2,1,7,5
9886,0,6,46,4,2,8,4
9926,0,22,68,1,9,9,3
77,1,47,77,1,5,7,4
308,1,32,162,3,10,10,2
506,1,48,164,3,7,7,4
668,1,32,105,1,8,6,7
669,1,37,148,4,3,8,8
677,1,20,75,4,10,2,1
688,1,35,170,5,3,4,3
832,1,37,66,4,10,1,6
896,1,18,94,5,9,9,3
947,1,36,77,1,5,1,3
1156,1,33,135,4,7,7,2
1514,1,26,46,5,8,8,6
1517,1,45,164,5,1,5,7
1613,1,35,191,4,3,10,6
1654,1,34,144,4,7,3,6
1672,1,21,186,3,10,10,3
1678,1,41,108,2,1,1,7
1743,1,44,86,5,5,6,5
1980,1,23,54,1,7,2,8
2061,1,25,100,5,6,7,5
2130,1,26,107,4,7,2,6
2391,1,19,164,4,5,7,7
2445,1,6,20,5,2,8,2
2724,1,15,198,2,6,7,1
2833,1,5,175,4,8,3,5
2943,1,35,60,4,5,2,2
3015,1,48,66,4,3,1,9
3153,1,9,138,3,4,9,8
3270,1,49,184,4,3,5,2
3298,1,23,93,2,3,4,4
3352,1,11,137,4,9,1,1
3536,1,20,58,5,4,3,3
3625,1,8,156,1,7,8,9
3959,1,12,84,5,6,5,2
4140,1,23,127,5,8,2,3
4175,1,10,39,1,6,4,9
4233,1,33,132,5,4,5,8
4355,1,37,174,1,1,1,7
4502,1,24,92,2,3,7,3
4562,1,27,182,2,2,5,6
4575,1,13,102,5,3,10,7
4611,1,5,174,2,5,4,2
4615,1,44,177,4,6,8,2
4741,1,20,130,1,3,4,4
4927,1,23,122,4,4,9,5
4985,1,10,39,5,4,4,7
5065,1,10,139,1,10,1,8
5186,1,15,101,5,1,7,8
5440,1,31,176,5,6,5,9
5649,1,21,175,5,4,9,1
5681,1,18,200,4,6,10,8
5705,1,50,69,3,10,7,1
5722,1,21,181,3,4,4,9
5812,1,21,156,1,4,8,7
5815,1,33,73,4,8,9,7
5824,1,25,49,5,2,4,6
6004,1,16,105,1,10,6,8
6253,1,42,186,3,10,5,10
6290,1,10,169,3,8,3,2
6456,1,38,57,2,5,5,4
6518,1,32,102,5,3,3,9
6641,1,30,129,4,1,9,6
6759,1,38,56,1,7,10,1
6792,1,34,142,1,5,1,8
6888,1,12,34,3,2,1,9
6919,1,35,180,1,1,3,6
6944,1,26,55,5,6,1,9
6963,1,33,124,4,10,8,2
6992,1,44,197,2,7,10,5
7044,1,22,107,4,4,10,5
7076,1,10,35,5,6,9,5
7116,1,10,88,4,9,10,6
7276,1,41,150,3,6,4,9
7369,1,21,77,2,2,7,6
7405,1,35,90,3,4,6,4
7641,1,47,93,5,3,4,9
7729,1,37,88,4,7,7,7
7739,1,42,99,1,10,5,2
7778,1,46,135,4,10,7,4
7856,1,13,69,3,4,3,2
7937,1,5,143,2,9,4,8
7970,1,41,149,2,2,1,7
8014,1,17,92,2,3,4,2
8136,1,40,179,2,4,7,3
8246,1,40,122,3,1,2,5
8367,1,39,55,1,1,10,9
8376,1,31,66,5,1,2,8
8454,1,38,55,5,6,5,8
8459,1,5,169,1,9,3,2
8514,1,46,139,5,3,2,8
8608,1,5,93,4,10,9,4
8713,1,23,113,2,2,10,2
9103,1,27,140,1,7,1,4
9637,1,33,110,5,4,3,5
9676,1,5,87,3,4,10,2
9773,1,10,53,1,8,1,3
9983,1,20,134,2,10,6,6
68,2,9,194,4,2,2,7
93,2,33,110,2,10,5,3
111,2,7,114,2,8,6,8
131,2,21,85,3,1,9,4
273,2,10,24,4,6,8,4
409,2,50,174,5,5,6,5
512,2,7,149,5,10,5,3
650,2,35,82,2,7,8,8
829,2,15,189,3,10,4,5
852,2,27,67,5,6,4,4
944,2,42,60,1,10,10,8
1048,2,36,155,3,9,6,4
1198,2,45,164,2,8,1,2
1215,2,6,130,3,5,2,9
1326,2,9,54,1,1,1,3
1505,2,33,100,3,9,9,4
1640,2,12,188,1,8,5,9
1779,2,45,125,2,7,9,8
1789,2,6,90,5,10,9,2
1896,2,22,149,4,8,8,6
1906,2,45,136,4,6,8,6
2354,2,39,151,4,8,7,2
2435,2,31,187,5,4,9,9
2638,2,11,146,3,9,9,5
2778,2,38,110,1,2,7,4
2782,2,27,112,2,3,6,9
2857,2,38,189,3,1,5,9
2917,2,36,85,2,1,7,3
3311,2,24,89,5,4,10,9
3341,2,33,71,1,6,9,9
3350,2,34,113,3,9,1,9
3371,2,8,81,5,7,3,4
3378,2,23,109,1,5,9,1
3445,2,25,163,5,5,9,9
3511,2,12,88,3,5,6,6
3532,2,5,98,3,5,9,1
3712,2,16,39,1,4,3,8
3749,2,39,179,5,6,1,4
3950,2,43,184,3,8,2,5
3963,2,6,48,2,4,5,10
3992,2,11,149,3,8,9,5
4022,2,45,202,4,7,3,3
4057,2,20,151,2,4,1,6
4486,2,46,103,4,6,6,8
4683,2,26,134,4,9,10,5
4685,2,22,124,3,5,10,5
4812,2,7,176,3,3,6,4
4821,2,37,193,3,2,8,5
4852,2,40,182,1,2,2,3
4902,2,30,110,4,2,3,10
4951,2,25,156,4,7,2,3
4973,2,15,76,2,3,7,3
4982,2,33,101,2,3,4,10
5115,2,7,149,3,7,2,7
5215,2,14,37,3,10,4,2
5323,2,24,41,4,2,6,6
5404,2,35,74,5,3,2,8
5425,2,47,133,3,10,7,9
5593,2,20,87,3,3,9,10
5727,2,37,50,2,6,1,10
5771,2,41,88,5,10,2,8
6109,2,21,104,1,8,7,10
6122,2,36,155,1,2,7,8
6153,2,15,116,3,6,7,10
6459,2,46,144,2,6,10,5
6552,2,24,107,1,2,6,4
6593,2,34,198,3,1,1,1
6612,2,30,125,1,8,10,1
6621,2,49,130,1,2,3,4
6648,2,5,160,4,4,2,9
6686,2,15,176,1,6,1,5
6712,2,46,96,2,3,4,4
6811,2,21,75,5,5,6,5
6902,2,37,148,2,10,2,8
7003,2,32,179,5,6,8,9
7097,2,32,129,2,1,3,2
7274,2,49,173,2,10,4,4
7358,2,49,176,1,2,2,1
7433,2,8,181,4,6,3,9
7486,2,18,181,3,2,5,4
7533,2,15,51,3,9,7,2
7559,2,25,82,3,6,1,2
7570,2,31,194,3,10,2,8
7618,2,25,173,5,4,8,3
7645,2,8,132,4,2,8,9
7799,2,9,25,5,3,9,8
7868,2,23,189,2,8,2,10
7869,2,13,94,1,4,10,5
7907,2,31,121,4,8,2,2
7912,2,35,148,3,10,8,7
7934,2,47,174,3,8,7,2
7973,2,11,43,5,4,2,10
7992,2,35,140,2,5,7,5
8169,2,21,144,5,8,10,10
8265,2,38,140,4,9,1,7
8294,2,31,112,4,5,2,4
8415,2,46,95,4,3,5,6
8428,2,47,193,3,2,3,2
8460,2,35,199,5,4,2,10
8549,2,33,84,3,8,6,7
8565,2,28,50,2,2,7,7
8743,2,41,157,5,5,10,2
8906,2,5,177,2,10,9,8
8917,2,25,156,2,5,7,10
8969,2,7,83,1,8,10,2
9032,2,42,101,3,9,3,6
9046,2,44,196,2,3,5,1
9138,2,34,160,2,10,8,8
9154,2,25,58,3,5,10,1
9212,2,34,82,4,9,1,2
9260,2,16,46,3,2,3,5
9405,2,32,114,4,6,2,2
9460,2,46,105,3,5,3,1
9527,2,40,90,2,7,6,3
9577,2,24,89,2,5,3,9
9591,2,27,189,3,3,6,3
9728,2,40,54,1,5,1,5
9809,2,49,196,3,7,2,5
9913,2,33,101,2,3,8,5
9992,2,11,107,5,4,9,8
19,3,43,102,5,6,6,9
56,3,10,115,3,6,10,9
573,3,44,107,1,4,10,3
616,3,10,158,2,1,4,1
649,3,41,97,4,6,10,3
731,3,50,135,1,8,7,10
1300,3,7,34,4,2,10,8
1399,3,25,179,4,7,6,8
1709,3,14,138,3,4,9,9
1949,3,35,121,5,10,3,8
1962,3,49,109,1,8,10,7
1973,3,44,121,4,8,8,4
1978,3,46,183,3,10,2,1
2015,3,19,186,2,3,6,10
2039,3,28,64,3,7,10,3
2219,3,32,119,3,4,9,2
2224,3,12,26,2,8,6,7
2666,3,44,196,2,2,9,8
2699,3,21,148,3,10,1,7
2750,3,23,193,1,2,8,6
2818,3,8,72,3,10,4,3
2820,3,24,114,1,3,9,3
2870,3,39,94,5,7,8,2
3147,3,27,120,1,4,3,4
3242,3,44,191,3,7,2,7
3409,3,26,199,2,3,2,6
3428,3,15,63,5,3,9,2
3443,3,7,191,5,6,6,1
3506,3,9,167,2,9,9,8
3830,3,27,80,2,6,2,7
3880,3,19,87,5,3,7,2
4119,3,48,102,5,5,8,7
4149,3,25,76,1,6,10,8
4220,3,48,176,2,8,3,3
4397,3,34,137,1,1,10,8
4554,3,18,148,5,6,4,8
4574,3,10,170,2,4,2,5
4763,3,15,113,3,1,6,2
4831,3,27,166,1,2,9,9
4850,3,41,185,1,4,9,8
5010,3,42,99,4,1,2,10
5139,3,45,183,5,7,10,7
5212,3,6,100,2,7,9,5
5250,3,8,104,5,2,8,9
5267,3,22,134,2,7,7,2
5286,3,42,166,5,2,2,1
5337,3,42,114,4,4,7,7
5427,3,49,174,4,7,9,5
5707,3,24,141,5,7,8,9
5737,3,49,160,4,10,7,4
5810,3,14,70,3,6,8,1
5876,3,12,63,1,5,8,6
5935,3,18,126,4,8,5,2
6005,3,8,186,2,1,8,5
6012,3,15,174,2,5,8,4
6136,3,40,145,3,7,7,5
6204,3,14,64,3,10,8,3
6251,3,27,160,3,9,9,3
6307,3,6,43,4,3,1,5
6380,3,19,74,1,10,2,9
6437,3,8,120,5,9,5,7
6439,3,24,137,4,2,5,6
6455,3,18,133,3,3,6,8
6589,3,24,118,3,3,10,6
6642,3,27,110,1,5,9,5
6740,3,37,149,2,2,3,5
6819,3,10,40,2,6,10,9
6966,3,30,94,2,10,1,8
7108,3,45,81,2,10,2,3
7255,3,19,68,1,2,6,10
7270,3,10,84,4,9,5,5
7548,3,33,170,3,2,5,1
7585,3,17,60,4,3,5,10
7748,3,27,190,3,4,3,5
8395,3,35,199,3,9,9,7
8470,3,43,73,2,10,1,7
8867,3,19,187,5,10,8,2
8886,3,38,111,1,9,1,9
8923,3,13,90,5,9,4,2
9114,3,16,165,5,10,5,5
9173,3,5,148,3,7,4,1
9195,3,30,136,2,9,3,9
9235,3,30,58,3,2,1,5
9348,3,30,133,4,7,5,6
9350,3,38,179,5,5,6,8
9352,3,8,193,2,1,5,9
9520,3,6,62,3,2,8,3
9617,3,44,127,5,5,6,1
9743,3,43,170,2,5,8,1
9748,3,22,66,1,4,4,10
9879,3,50,170,5,3,5,8
9905,3,38,52,4,8,7,2
9,4,49,198,5,6,6,9
318,4,41,89,1,4,10,1
418,4,46,161,4,3,3,10
581,4,30,104,5,6,7,6
634,4,30,54,4,5,5,10
689,4,21,73,1,5,5,8
729,4,7,112,4,4,7,5
768,4,11,71,3,6,8,2
819,4,50,121,4,1,6,2
864,4,9,116,5,1,10,4
1039,4,42,146,2,9,4,1
1081,4,16,60,1,1,4,3
1151,4,9,148,1,4,9,7
1216,4,42,195,4,8,10,6
1228,4,10,27,3,7,7,1
1245,4,41,105,3,5,5,5
1487,4,38,150,1,7,8,3
1549,4,46,152,2,5,6,3
1604,4,36,92,1,5,4,8
1646,4,17,82,2,2,2,9
1662,4,25,64,2,4,9,5
1712,4,36,198,3,9,8,1
1917,4,32,158,3,8,8,3
1997,4,19,164,5,4,3,3
2037,4,5,127,4,2,1,9
2144,4,38,185,5,8,9,4
2215,4,18,150,2,8,3,6
2246,4,34,87,1,3,10,9
2335,4,6,80,5,3,5,6
2635,4,12,56,2,1,8,3
2720,4,27,133,2,10,5,8
2783,4,19,119,2,10,6,5
3111,4,47,86,1,7,2,10
3128,4,48,153,1,4,7,8
3135,4,14,61,1,4,10,1
3255,4,18,83,5,3,6,7
3275,4,26,76,2,2,2,7
3288,4,31,89,2,3,7,6
3604,4,16,46,3,1,9,8
3637,4,24,192,2,4,3,9
3733,4,40,168,1,5,4,7
3744,4,20,76,2,6,5,8
3790,4,9,165,4,4,1,8
3844,4,9,185,5,2,10,2
3892,4,23,70,2,9,8,3
3896,4,38,118,5,9,5,6
3905,4,13,54,1,6,8,8
3970,4,9,146,5,3,8,2
4011,4,42,155,1,7,8,10
4089,4,9,170,5,1,10,3
4104,4,35,178,3,6,4,2
4120,4,8,46,2,2,7,7
4133,4,21,160,4,3,1,10
4398,4,15,141,2,10,3,4
4467,4,42,162,5,1,3,10
4489,4,11,109,5,7,10,5
4504,4,32,71,5,2,2,10
4588,4,38,66,5,10,2,1
4620,4,42,201,2,6,4,5
4629,4,19,180,2,10,7,6
4718,4,26,121,4,5,9,3
4828,4,47,65,5,9,7,7
4877,4,26,57,2,7,10,5
4895,4,28,129,3,9,1,3
5001,4,18,101,2,8,4,6
5055,4,17,42,3,3,1,8
5072,4,16,145,5,1,8,6
5209,4,48,96,2,9,1,4
5249,4,17,79,5,9,9,3
5360,4,44,122,3,5,3,7
5401,4,40,131,2,4,8,6
5468,4,19,120,1,3,7,4
5469,4,26,164,5,4,5,5
5487,4,20,148,2,9,6,8
5690,4,29,63,1,10,5,10
5758,4,26,102,2,2,10,7
5820,4,6,115,4,7,9,1
5873,4,33,87,1,6,4,3
6000,4,18,71,1,5,4,1
6083,4,16,182,3,2,4,2
6271,4,23,105,1,8,2,5
6430,4,41,63,5,1,2,1
6489,4,40,139,5,7,1,6
6563,4,29,130,5,6,8,6
6646,4,8,178,1,9,10,1
7135,4,15,180,2,10,6,9
7200,4,24,83,2,2,10,9
7612,4,16,140,2,8,4,9
7670,4,48,143,4,6,6,8
7727,4,9,169,4,2,2,1
7762,4,12,159,4,3,1,4
7819,4,38,114,5,1,4,5
7831,4,6,111,5,3,5,4
7832,4,33,61,4,1,5,2
7953,4,31,199,1,6,4,9
8029,4,33,174,3,2,9,9
8040,4,16,144,1,1,10,1
8151,4,50,201,3,2,6,3
8429,4,40,143,1,6,4,2
8496,4,30,160,3,2,10,8
8555,4,41,132,5,1,10,6
8806,4,40,160,3,8,4,2
8833,4,38,95,5,4,1,9
8854,4,43,166,5,8,8,3
8905,4,33,161,5,4,6,2
9157,4,43,162,3,8,7,10
9164,4,46,127,2,2,6,7
9192,4,38,196,5,9,5,5
9246,4,7,54,3,6,3,9
9423,4,29,198,1,6,2,3
9579,4,41,193,5,4,9,8
9587,4,38,105,4,2,8,2
9599,4,30,73,4,3,10,1
9612,4,16,81,5,5,4,3
9630,4,39,118,5,9,5,2
9759,4,31,84,1,9,9,3
9889,4,44,150,3,9,4,5
9899,4,32,48,1,4,3,5
9932,4,30,74,1,7,9,1
9954,4,41,178,5,5,5,10
112,5,23,49,4,9,5,7
193,5,6,191,5,3,7,6
205,5,14,76,3,3,1,7
413,5,9,166,2,1,8,8
448,5,48,132,1,4,9,6
466,5,14,199,5,10,7,6
497,5,45,81,2,4,1,4
542,5,8,34,3,9,6,9
622,5,26,180,2,1,4,4
726,5,16,185,3,10,6,6
975,5,7,125,4,10,8,1
1220,5,43,163,1,5,10,9
1594,5,32,47,2,7,5,1
1629,5,41,191,5,1,3,5
1695,5,44,185,1,9,4,9
1728,5,18,52,5,7,5,5
1916,5,30,161,1,5,6,1
2506,5,13,48,3,4,3,2
2628,5,41,164,4,4,6,7
2854,5,25,134,4,4,9,9
2856,5,28,177,3,3,1,2
2890,5,49,167,4,1,3,10
2993,5,47,168,4,8,4,2
3139,5,40,68,2,8,5,3
3236,5,43,98,3,6,5,3
3264,5,41,202,5,5,3,8
3285,5,26,85,2,10,3,8
3300,5,23,180,5,7,5,4
3388,5,19,66,3,7,3,5
3416,5,16,67,4,1,6,10
3457,5,16,42,2,6,2,1
3561,5,13,40,3,6,7,9
3704,5,21,108,5,8,3,4
3719,5,24,79,4,8,4,7
3793,5,50,90,1,8,3,7
4044,5,48,117,1,7,10,5
4222,5,42,64,2,2,8,5
4238,5,23,114,3,7,3,2
4507,5,16,62,4,1,5,4
4572,5,27,72,3,1,6,10
4577,5,26,203,2,6,4,2
4594,5,23,56,3,5,6,3
5056,5,42,156,2,9,2,5
5066,5,15,158,5,9,2,10
5085,5,39,174,3,10,6,9
5276,5,6,38,1,5,8,10
5369,5,20,49,1,5,6,8
5677,5,40,145,2,9,5,3
5746,5,9,116,4,3,8,4
5785,5,26,43,2,10,3,5
5905,5,14,101,1,5,1,7
5967,5,23,39,5,9,2,8
6090,5,43,187,2,4,5,8
6234,5,49,78,2,9,7,4
6292,5,31,160,1,1,8,4
6335,5,23,155,3,9,5,2
6357,5,25,120,3,10,7,5
6360,5,9,137,4,5,1,2
6383,5,15,72,1,5,6,2
6397,5,5,21,1,5,8,7
6407,5,34,172,5,4,8,6
6428,5,48,73,4,9,6,1
6721,5,19,138,2,5,9,6
6737,5,30,82,4,9,2,1
6838,5,29,108,1,10,8,4
6868,5,22,187,1,2,1,9
6948,5,33,90,3,3,5,6
7248,5,8,189,5,9,5,5
7330,5,42,110,3,10,10,2
7526,5,44,199,5,8,9,3
7535,5,45,96,4,4,3,8
7658,5,36,72,1,7,8,3
7672,5,26,79,2,4,7,5
7802,5,24,99,1,1,1,2
7865,5,43,85,4,1,5,7
8048,5,21,87,2,5,2,7
8104,5,5,102,1,6,6,6
8434,5,12,116,1,10,8,3
8486,5,25,169,3,3,7,9
8511,5,43,93,4,5,1,7
8534,5,37,118,4,1,8,3
8683,5,29,204,4,8,10,3
8781,5,29,126,2,10,4,10
9021,5,26,193,1,5,5,5
9128,5,37,131,5,5,5,8
9204,5,24,127,1,8,2,6
9434,5,11,153,2,5,10,6
9467,5,32,52,1,9,8,9
9507,5,17,168,3,3,10,3
9582,5,7,163,1,3,5,2
9596,5,26,143,5,8,9,4
9602,5,28,140,5,9,4,1
9765,5,5,135,3,1,10,9
9806,5,32,178,1,2,3,10
9940,5,17,135,1,10,9,6
101,6,9,108,2,9,1,6
234,6,16,80,1,9,8,10
238,6,26,200,1,3,9,4
246,6,40,157,5,9,5,8
537,6,43,164,4,10,6,6
587,6,10,171,3,7,2,7
749,6,14,81,3,4,3,2
806,6,44,148,1,4,8,8
856,6,25,100,1,8,2,1
950,6,46,119,3,1,7,6
967,6,34,80,4,7,9,2
1102,6,24,74,3,10,4,7
1237,6,36,145,5,9,2,5
1392,6,18,202,1,9,4,3
1563,6,39,152,4,10,9,3
1641,6,20,91,3,5,7,4
1738,6,30,94,4,6,1,8
1887,6,38,198,2,2,5,10
2102,6,44,197,1,9,7,5
2119,6,32,138,4,7,7,2
2151,6,5,160,5,10,7,10
2316,6,18,117,2,6,4,3
2327,6,18,95,1,8,2,4
2787,6,18,136,5,2,3,6
2793,6,13,103,2,9,8,3
2945,6,49,100,1,9,6,1
2952,6,47,120,5,7,4,9
2968,6,16,32,5,8,8,3
2981,6,50,156,1,10,1,6
3017,6,19,147,5,5,5,3
3548,6,41,112,2,9,6,9
3856,6,15,68,2,2,6,10
3857,6,24,54,5,8,2,10
3930,6,25,79,4,9,1,4
3999,6,32,196,5,6,4,2
4003,6,32,160,3,1,2,1
4088,6,40,168,1,6,4,6
4166,6,39,130,3,2,4,4
4206,6,33,65,5,5,8,2
4320,6,33,108,1,5,9,3
4330,6,43,135,4,4,3,2
4451,6,50,78,5,4,6,9
4780,6,22,47,2,10,4,10
4814,6,27,173,2,2,4,9
4817,6,18,122,4,5,7,6
4921,6,22,94,1,2,7,6
5230,6,12,62,2,9,1,6
5251,6,41,166,5,4,3,8
5434,6,12,192,2,1,6,3
5486,6,17,128,1,7,9,5
5569,6,35,187,5,8,3,6
5734,6,37,126,5,3,6,8
5743,6,14,126,4,5,8,6
5780,6,40,72,3,9,4,5
5806,6,46,84,3,3,1,3
5819,6,28,111,5,3,4,3
6146,6,27,154,2,1,5,10
6239,6,46,182,1,10,7,9
6298,6,43,62,5,6,9,10
6303,6,40,180,2,8,10,2
6312,6,17,198,1,5,9,3
6349,6,34,115,1,7,1,9
6376,6,22,113,4,4,1,9
6424,6,25,49,5,10,2,6
6434,6,42,156,3,5,1,5
6803,6,10,201,5,9,8,9
6827,6,25,165,4,9,5,5
6855,6,41,75,3,10,4,1
6876,6,42,122,2,7,7,3
6895,6,42,67,1,7,2,4
6930,6,26,64,1,4,9,9
7120,6,21,64,2,10,6,6
7203,6,22,86,3,4,2,3
7263,6,50,162,1,2,7,2
7302,6,7,91,1,5,8,2
7309,6,25,95,3,9,6,3
7413,6,8,142,3,6,9,9
7442,6,41,163,5,6,7,8
7546,6,12,130,1,5,4,5
7563,6,21,190,2,7,7,9
7594,6,33,63,4,10,5,9
7811,6,47,194,4,1,4,10
8132,6,35,179,3,4,7,1
8134,6,31,52,4,5,1,3
8137,6,44,62,5,1,7,4
8184,6,39,93,1,8,6,1
8189,6,43,198,1,5,8,5
8269,6,31,159,4,1,10,4
8300,6,13,171,1,9,1,8
8331,6,45,134,5,3,3,6
8442,6,36,146,5,3,8,1
8444,6,12,123,2,9,6,6
8458,6,46,164,2,1,5,2
8469,6,26,131,2,8,5,9
8546,6,5,97,4,8,10,5
8660,6,28,99,3,3,5,5
8754,6,30,63,4,7,8,1
8894,6,21,167,5,8,5,9
8976,6,17,76,2,1,8,1
8990,6,29,186,5,5,9,8
9071,6,7,132,2,7,1,3
9432,6,48,103,2,3,4,7
9541,6,40,150,1,2,2,6
9542,6,42,190,2,4,4,2
9804,6,31,128,1,7,3,8
9823,6,45,144,4,8,6,1
9993,6,21,47,4,10,7,10
60,7,48,168,4,8,10,2
122,7,19,139,5,8,2,2
164,7,11,111,1,4,2,7
264,7,16,103,5,8,7,6
394,7,21,88,4,10,6,8
504,7,11,187,4,4,10,4
519,7,19,110,5,7,3,3
550,7,14,131,1,9,1,6
621,7,42,114,4,10,7,4
676,7,41,104,2,7,3,2
707,7,14,176,2,1,4,5
797,7,36,54,2,2,8,10
803,7,13,107,5,6,7,9
906,7,5,198,5,9,10,5
994,7,47,152,1,7,8,7
1110,7,6,101,5,5,4,3
1161,7,42,141,4,1,8,4
1177,7,36,180,3,2,3,9
1252,7,17,206,1,5,7,3
1334,7,49,184,2,6,3,3
1448,7,35,189,1,6,2,8
1493,7,35,155,2,8,2,5
1603,7,11,189,3,10,6,7
1795,7,50,93,1,7,1,7
1816,7,16,51,3,7,4,9
1868,7,26,59,5,2,5,7
2034,7,29,193,5,2,6,8
2290,7,44,178,3,4,1,3
2325,7,13,131,5,6,6,1
2386,7,47,182,2,4,1,5
2392,7,11,192,1,4,2,6
2545,7,37,134,2,6,5,1
2594,7,27,164,4,3,2,6
2621,7,17,50,1,3,8,9
2797,7,30,174,4,1,6,1
3188,7,10,83,4,6,8,1
3237,7,42,86,1,10,2,2
3330,7,28,61,2,6,8,6
3334,7,25,182,1,3,7,4
3472,7,18,71,1,6,2,7
3564,7,40,155,1,1,4,1
3797,7,28,207,5,8,3,2
3971,7,25,72,4,8,10,9
4100,7,13,101,5,3,2,2
4146,7,38,72,1,1,10,10
4231,7,37,201,1,10,5,9
4251,7,24,91,1,1,10,5
4252,7,6,39,3,5,1,10
4266,7,49,100,1,9,3,7
4424,7,13,63,3,8,3,1
4598,7,32,186,4,8,6,5
4753,7,28,77,1,8,2,8
4796,7,48,117,5,9,6,6
4939,7,37,130,5,6,10,4
5098,7,28,145,3,8,6,1
5157,7,18,71,4,2,2,8
5175,7,50,80,3,2,4,1
5389,7,12,85,3,5,10,7
5448,7,25,103,4,7,8,1
5566,7,21,146,5,7,9,7
5714,7,36,118,4,1,5,7
5906,7,32,155,4,9,3,10
6032,7,43,92,2,6,6,8
6198,7,29,141,4,4,5,5
6371,7,44,195,2,9,8,4
6453,7,45,207,3,6,8,10
6475,7,35,155,3,3,6,10
6545,7,30,158,1,4,10,9
6586,7,48,112,5,1,6,4
6709,7,41,87,4,2,7,3
6749,7,13,104,3,5,6,2
6831,7,14,47,4,2,5,1
6885,7,36,180,5,5,1,5
7005,7,26,103,4,5,8,1
7100,7,32,128,4,2,2,2
7110,7,23,71,2,5,5,5
7391,7,41,123,3,10,8,4
7427,7,31,97,4,2,7,4
7483,7,29,87,1,8,2,4
7714,7,38,68,4,7,1,9
7941,7,31,193,1,9,5,5
8304,7,15,110,2,1,2,8
8463,7,39,167,5,8,10,7
8510,7,42,158,1,6,5,7
8623,7,41,164,3,8,3,3
8745,7,11,204,3,6,8,4
8791,7,35,178,5,2,8,5
8950,7,30,204,4,1,2,1
9064,7,8,49,1,9,6,1
9205,7,10,141,5,6,7,6
9209,7,34,148,2,6,9,2
9301,7,17,139,2,5,7,4
9369,7,45,95,5,2,8,8
9556,7,25,168,2,9,7,7
9719,7,5,69,3,4,8,5
9737,7,42,163,3,2,4,1
9924,7,21,43,3,1,3,2
9995,7,12,118,5,1,4,5
37,8,8,74,4,4,3,8
152,8,30,87,4,9,9,1
333,8,26,181,4,9,2,9
554,8,42,166,5,4,5,10
635,8,25,106,4,7,1,10
693,8,29,74,4,3,4,5
739,8,7,198,5,2,10,4
776,8,32,160,2,6,3,7
1063,8,45,140,2,6,4,6
1130,8,19,136,5,2,8,4
1135,8,5,116,5,3,10,1
1164,8,23,54,3,2,2,1
1212,8,18,170,5,4,8,9
1490,8,30,85,4,7,1,9
1501,8,48,132,5,9,10,2
1600,8,20,133,5,1,3,3
1693,8,19,49,4,2,8,8
1745,8,50,194,2,7,3,9
1815,8,13,104,1,6,10,1
2062,8,48,102,1,5,7,5
2170,8,44,155,3,3,4,1
2232,8,30,175,4,4,2,7
2250,8,31,127,4,3,6,7
2300,8,20,41,1,6,10,4
2390,8,25,192,4,1,6,5
2675,8,30,131,2,9,8,9
2777,8,40,92,3,2,7,6
2906,8,36,204,2,9,9,1
2979,8,32,131,3,1,8,5
3132,8,24,101,1,5,6,2
3351,8,31,76,5,4,6,9
3486,8,20,41,5,5,6,4
3703,8,48,147,1,4,8,6
3882,8,43,65,5,9,2,5
4117,8,50,201,5,5,4,8
4212,8,8,90,4,9,5,6
4389,8,11,160,5,10,8,1
4447,8,45,178,5,7,10,6
4566,8,26,183,2,2,3,9
4599,8,26,75,1,9,3,8
4600,8,31,204,1,1,3,9
4784,8,47,97,1,7,7,4
4806,8,42,122,3,6,4,4
4829,8,44,174,1,5,8,10
4891,8,5,185,3,8,10,6
5035,8,41,91,4,8,3,2
5138,8,40,150,4,5,4,2
5325,8,16,170,5,5,8,7
5380,8,12,89,2,8,10,5
5782,8,33,51,3,4,5,7
5837,8,50,165,3,6,4,4
5861,8,48,197,3,4,1,2
5914,8,8,171,1,8,10,10
5936,8,48,204,5,10,8,6
6120,8,30,65,2,10,9,5
6283,8,9,154,2,10,8,2
6406,8,32,136,2,4,3,6
6502,8,30,171,3,3,6,6
6515,8,41,165,2,2,1,1
6537,8,11,96,5,5,4,6
6602,8,48,135,1,4,4,3
6613,8,29,105,2,6,7,5
6718,8,47,128,1,1,2,4
6727,8,46,103,4,4,9,7
6857,8,7,106,3,1,2,8
7080,8,46,164,5,8,2,6
7106,8,6,38,1,7,1,4
7174,8,48,88,5,1,8,8
7183,8,6,190,2,4,10,4
7470,8,40,171,2,5,1,10
7540,8,26,101,3,4,7,7
7662,8,47,186,5,10,4,6
8120,8,7,195,3,1,3,8
8122,8,8,52,1,3,1,7
8171,8,40,59,1,5,6,4
8250,8,25,64,1,1,3,4
8286,8,13,148,4,6,10,6
8332,8,12,157,2,6,7,2
8368,8,50,171,2,9,4,6
8377,8,28,196,1,5,1,7
8481,8,40,163,4,7,4,7
8535,8,42,161,3,6,8,7
8571,8,35,71,1,10,9,5
8638,8,15,113,4,4,4,1
8825,8,37,205,5,4,5,4
8847,8,42,175,3,9,6,10
8848,8,20,93,1,7,10,6
8931,8,29,142,4,1,6,6
9031,8,21,111,1,3,10,7
9069,8,26,155,2,6,3,3
9288,8,12,130,1,1,4,5
9425,8,12,205,2,10,8,9
9483,8,15,80,3,6,7,6
9605,8,20,43,1,4,9,9
9715,8,15,41,1,5,4,3
9857,8,14,177,5,10,2,9
9867,8,30,129,4,4,8,8
5,9,30,111,4,10,9,1
126,9,27,73,4,7,10,10
263,9,15,184,2,4,5,5
411,9,17,87,5,4,2,6
424,9,6,62,5,2,5,10
461,9,13,124,3,10,4,2
484,9,8,122,4,2,5,1
698,9,45,174,4,10,9,2
770,9,48,128,5,2,5,10
986,9,5,204,4,10,1,3
999,9,30,68,4,10,3,1
1096,9,23,177,5,7,10,5
1264,9,20,79,4,9,5,7
1296,9,43,154,2,6,6,10
1378,9,27,46,1,4,4,4
1387,9,15,68,3,2,3,6
1409,9,12,114,3,4,10,6
1607,9,41,176,2,10,7,2
1697,9,14,155,5,1,2,3
1994,9,44,179,5,10,1,8
2145,9,40,90,2,6,9,6
2147,9,7,180,3,2,4,10
2357,9,43,172,4,7,6,5
2405,9,6,122,1,8,4,5
2553,9,23,60,4,2,9,7
2711,9,30,197,1,1,1,10
2726,9,23,153,5,6,3,3
2780,9,31,206,2,3,4,6
2784,9,38,195,1,10,9,9
2828,9,28,64,2,2,1,2
2830,9,5,99,3,6,1,2
2935,9,12,205,2,4,4,7
3005,9,23,144,4,1,7,8
3115,9,34,115,1,10,4,2
3152,9,45,101,1,7,7,6
3439,9,25,48,1,7,9,4
3567,9,8,67,5,8,8,9
3651,9,11,166,2,2,4,4
3773,9,49,109,5,1,7,6
3792,9,33,193,5,8,5,10
3914,9,41,128,3,5,2,7
3935,9,49,195,4,5,4,3
4073,9,43,187,2,2,8,10
4244,9,12,190,4,1,1,10
4357,9,22,43,5,3,3,3
4367,9,5,187,3,7,9,8
4426,9,24,202,4,8,2,2
4468,9,17,126,1,10,8,1
4470,9,44,141,3,1,10,2
4595,9,43,197,2,8,1,4
4695,9,36,99,1,5,8,3
5021,9,42,152,3,3,2,7
5043,9,16,62,5,10,9,10
5100,9,19,148,1,2,8,7
5191,9,44,120,1,6,6,5
5228,9,39,132,2,1,2,4
5329,9,49,147,4,5,2,8
5338,9,20,175,3,6,4,6
5355,9,26,64,2,7,1,2
5530,9,12,58,1,9,2,5
5574,9,8,115,3,10,4,2
5576,9,10,104,4,5,10,10
5666,9,38,125,5,10,10,9
5791,9,50,138,1,7,3,1
5849,9,32,171,5,2,8,2
5933,9,16,122,5,4,5,9
5972,9,26,101,1,10,5,8
5999,9,6,83,1,2,6,7
6058,9,23,94,5,2,9,10
6156,9,32,62,5,5,10,4
6250,9,32,148,2,7,3,6
6287,9,37,115,3,5,9,4
6328,9,8,171,2,5,9,6
6547,9,41,79,4,8,4,5
6571,9,28,175,3,7,2,7
6794,9,47,81,3,8,10,1
6844,9,43,177,2,9,6,5
6859,9,6,126,4,8,6,1
6864,9,9,35,2,7,5,9
6970,9,15,62,4,3,7,9
7020,9,19,165,1,4,7,5
7078,9,22,160,3,4,3,10
7184,9,24,175,2,4,3,4
7206,9,29,94,5,10,6,2
7221,9,16,106,1,2,8,1
7469,9,22,67,3,10,9,10
7491,9,26,119,3,1,6,1
7642,9,34,135,3,3,3,8
7796,9,15,95,3,9,5,4
7820,9,14,201,3,3,5,6
8064,9,31,94,3,2,4,7
8066,9,23,194,1,5,9,6
8068,9,38,126,3,1,9,9
8145,9,5,186,3,1,10,1
8175,9,46,124,4,1,4,2
8200,9,36,195,5,6,3,1
8292,9,5,38,3,4,7,5
8349,9,24,175,2,2,5,8
8512,9,49,152,3,8,6,4
8589,9,17,92,3,2,3,5
8720,9,40,147,3,2,5,6
8826,9,8,125,4,8,10,3
8840,9,50,76,2,8,3,9
8851,9,33,70,4,4,6,4
8985,9,18,167,3,2,9,6
9051,9,9,108,3,8,4,10
9167,9,20,162,4,9,7,4
9215,9,6,77,2,2,5,7
9245,9,19,149,3,2,6,4
9389,9,32,186,2,1,6,10
9547,9,49,125,5,2,6,2
9653,9,50,91,2,8,1,8
9746,9,15,138,4,5,2,3
9851,9,26,193,2,6,6,4
9927,9,39,142,5,3,9,7
9966,9,17,38,2,4,9,7
99,10,29,204,4,8,8,2
177,10,39,183,5,2,8,3
230,10,14,169,3,10,9,10
339,10,7,179,4,5,9,8
359,10,39,84,2,9,4,1
395,10,18,63,2,7,5,7
479,10,11,163,4,6,5,1
590,10,11,173,2,8,2,2
614,10,5,150,2,5,5,7
690,10,38,133,5,2,4,7
699,10,5,142,4,5,10,2
721,10,41,171,3,1,4,10
760,10,19,99,1,5,6,4
771,10,42,115,5,10,7,7
787,10,25,78,5,9,3,9
894,10,10,172,2,6,2,6
979,10,14,113,5,6,7,10
1002,10,50,181,3,6,8,4
1118,10,14,210,1,3,2,7
1125,10,49,175,4,3,1,4
1214,10,18,153,4,7,8,8
1462,10,15,176,1,10,1,10
1541,10,33,159,4,6,3,10
1553,10,37,70,2,8,1,3
1574,10,10,157,5,8,3,7
1608,10,30,63,3,9,10,6
1907,10,29,64,3,10,9,9
2056,10,35,96,3,4,4,5
2096,10,50,79,3,3,3,1
2149,10,19,49,4,6,3,8
2278,10,9,150,5,10,8,8
2426,10,19,88,4,3,8,1
2592,10,28,199,4,7,1,10
2617,10,18,156,4,1,4,9
2636,10,5,205,2,5,8,8
2821,10,12,67,1,9,4,5
2852,10,5,152,5,7,6,7
2866,10,19,79,5,7,8,8
2907,10,34,199,2,2,5,10
2976,10,16,67,2,10,1,1
2999,10,47,67,1,7,9,9
3049,10,44,188,2,9,10,10
3328,10,39,186,3,1,5,4
3366,10,19,79,5,1,6,2
3465,10,5,151,5,3,9,8
3595,10,18,84,5,7,1,7
3600,10,5,27,2,1,1,9
3653,10,38,189,2,6,9,3
3667,10,24,180,5,1,7,6
3679,10,45,98,1,4,1,8
3697,10,34,183,1,7,5,8
3775,10,6,120,4,10,4,1
3805,10,11,130,1,2,10,3
3872,10,15,60,2,2,6,6
3949,10,20,139,1,8,7,5
3967,10,11,78,3,8,6,7
4053,10,6,104,4,10,1,1
4232,10,46,105,3,1,7,2
4430,10,26,55,4,2,6,10
4495,10,34,152,4,9,10,7
4565,10,34,121,2,6,2,5
4628,10,21,58,3,9,10,2
4656,10,22,124,4,8,2,5
4675,10,46,76,4,8,10,9
4728,10,16,90,5,6,1,6
4935,10,30,139,5,7,6,2
4981,10,41,114,3,3,1,6
5007,10,40,198,5,3,5,5
5470,10,6,78,4,1,9,3
5561,10,32,86,2,10,9,5
5683,10,10,142,5,10,8,3
5847,10,9,85,2,7,9,7
5974,10,29,196,4,4,7,4
6132,10,10,60,5,3,1,8
6181,10,40,168,1,9,5,6
6205,10,13,202,5,9,4,2
6549,10,20,43,2,9,1,6
6594,10,36,99,5,9,7,6
6828,10,47,74,3,7,7,10
6848,10,41,209,1,8,4,6
6920,10,14,144,2,6,1,6
6967,10,43,75,4,1,2,6
6982,10,40,164,2,7,3,1
7027,10,10,114,2,3,4,10
7086,10,37,151,1,10,4,4
7267,10,37,129,3,3,6,1
7351,10,46,122,1,1,10,5
7461,10,16,183,5,1,8,2
7629,10,35,147,3,3,10,3
7735,10,24,182,3,5,3,10
7836,10,7,164,5,7,7,7
7846,10,48,74,4,9,7,9
7864,10,36,130,1,8,8,9
7967,10,27,95,1,4,2,2
8095,10,11,54,4,3,3,8
8165,10,12,198,2,6,2,10
8275,10,23,147,2,9,5,6
8313,10,13,158,4,6,3,2
8417,10,7,77,4,7,4,4
8604,10,46,119,3,6,9,4
8970,10,17,130,1,9,1,9
9096,10,11,100,3,7,9,9
9279,10,37,100,2,1,9,8
9339,10,43,198,4,10,7,5
9347,10,41,206,2,2,7,1
9470,10,13,72,4,4,3,8
9690,10,46,98,4,4,1,7
9697,10,17,71,1,9,1,6
9711,10,36,75,4,3,7,5
9740,10,20,171,3,7,6,4
9856,10,10,70,3,5,2,3
88,11,5,116,3,10,3,3
304,11,41,178,5,4,6,10
405,11,23,172,1,7,5,2
553,11,38,201,3,2,2,3
561,11,40,123,5,7,6,6
647,11,41,155,3,5,6,2
666,11,6,92,4,2,4,4
808,11,30,188,4,9,4,4
1111,11,36,145,2,6,5,6
1312,11,15,146,5,6,1,7
1690,11,46,207,2,9,3,5
1775,11,42,141,2,3,3,9
1915,11,16,42,1,8,1,9
2042,11,43,164,5,10,2,3
2072,11,33,181,1,9,3,10
2117,11,38,208,4,10,9,5
2137,11,18,170,1,6,8,4
2197,11,14,210,5,10,6,6
2266,11,8,171,2,2,1,9
2333,11,21,95,2,6,5,3
2396,11,16,184,4,3,10,7
2563,11,44,112,2,1,3,7
2575,11,10,77,3,3,3,7
2605,11,29,207,5,8,9,7
2715,11,24,143,2,1,6,3
2803,11,31,170,1,5,7,5
3003,11,33,64,4,9,4,2
3006,11,38,109,5,2,6,3
3185,11,47,132,5,7,9,2
3195,11,29,110,2,8,1,9
3222,11,21,140,5,2,9,4
3386,11,10,186,1,6,2,9
3496,11,25,124,1,6,5,10
3588,11,35,183,1,6,2,5
3737,11,20,65,2,1,10,6
3789,11,37,59,2,9,9,6
3859,11,44,187,5,7,6,5
4020,11,14,172,1,2,2,8
4271,11,23,210,4,1,7,8
4435,11,13,109,1,10,3,9
4901,11,43,162,1,8,6,8
4989,11,50,143,1,4,9,10
5027,11,14,56,5,8,7,1
5086,11,37,68,4,4,8,2
5243,11,14,165,2,2,5,9
5378,11,46,71,3,2,6,1
5655,11,35,106,3,10,3,7
5675,11,21,141,2,9,8,10
5703,11,14,114,2,5,1,6
5807,11,21,174,5,7,10,4
5851,11,40,209,1,8,1,3
5871,11,21,203,3,1,7,3
5878,11,35,185,5,7,2,5
5949,11,39,76,3,7,1,1
6104,11,27,104,4,8,4,6
6241,11,50,211,2,9,6,7
6305,11,49,132,5,4,8,8
6520,11,10,108,1,1,1,2
6526,11,40,91,3,4,5,8
6633,11,38,206,3,5,3,6
6816,11,16,176,4,5,1,9
7061,11,23,122,2,6,2,4
7087,11,24,152,4,8,5,10
7162,11,43,163,1,4,3,7
7238,11,25,104,2,3,3,7
7252,11,35,135,1,9,9,5
7315,11,42,191,1,1,1,5
7337,11,50,148,5,2,8,4
7355,11,17,52,4,9,1,9
7543,11,6,126,2,5,7,5
7544,11,16,149,3,3,10,1
7622,11,26,98,5,9,9,9
7805,11,28,69,4,3,2,8
7978,11,30,156,1,2,4,9
8034,11,25,200,2,2,3,3
8072,11,9,131,3,2,9,7
8249,11,7,61,4,1,3,5
8268,11,45,102,5,1,2,7
8409,11,5,129,5,2,7,3
8448,11,45,127,5,7,2,9
8670,11,14,195,3,9,1,5
8741,11,15,142,2,5,3,7
8853,11,45,152,5,7,8,1
8861,11,47,201,4,8,4,2
8983,11,23,152,4,7,9,2
9002,11,35,115,4,1,10,4
9013,11,50,106,1,8,1,4
9101,11,25,127,3,4,2,1
9259,11,25,133,3,3,3,10
9349,11,42,128,5,9,6,10
9436,11,42,110,5,10,2,1
9489,11,41,122,1,1,10,6
9502,11,10,48,4,2,6,8
9552,11,22,205,4,8,1,10
9562,11,44,125,5,2,4,8
9573,11,12,88,5,2,2,1
9580,11,37,141,2,6,2,9
9586,11,7,149,3,5,5,4
9881,11,21,84,1,7,4,10
9952,11,25,129,1,6,10,5
9979,11,18,73,4,1,10,7
11,12,36,171,2,9,6,4
80,12,23,160,5,10,5,1
85,12,17,109,3,5,2,6
89,12,17,71,1,4,5,8
326,12,22,190,4,3,10,6
472,12,36,163,1,10,10,9
639,12,7,211,5,9,3,9
840,12,9,105,3,6,8,9
853,12,29,178,3,7,5,6
916,12,23,205,1,7,6,4
958,12,31,186,4,3,10,1
976,12,13,159,2,8,10,2
1000,12,8,141,4,10,7,9
1001,12,18,150,3,3,3,8
1057,12,20,81,5,4,10,1
1128,12,19,59,2,4,1,8
1293,12,50,78,3,2,10,7
1335,12,16,103,2,6,8,5
1507,12,14,99,2,9,8,9
1543,12,50,188,5,6,10,3
1863,12,6,57,1,3,2,9
2032,12,6,159,1,2,3,8
2050,12,48,92,3,5,5,8
2053,12,26,77,2,1,10,5
2181,12,30,95,1,4,6,7
2198,12,50,109,5,9,1,5
2313,12,15,103,1,5,7,3
2337,12,41,70,3,2,8,6
2412,12,48,88,3,5,2,9
2516,12,44,178,2,6,6,4
2560,12,31,156,5,10,5,4
2587,12,38,208,3,7,4,9
2738,12,39,105,5,3,8,5
2807,12,21,172,5,9,2,6
2853,12,34,179,5,2,5,7
2888,12,25,192,1,10,5,5
2956,12,36,161,2,3,8,6
3081,12,14,38,3,6,4,10
3184,12,48,199,4,4,4,10
3520,12,17,58,4,6,9,6
3558,12,35,61,4,1,6,2
3720,12,35,78,3,2,5,7
3754,12,23,96,4,10,8,3
3852,12,45,146,2,7,4,1
3926,12,14,108,5,7,8,4
4093,12,16,119,4,6,4,8
4172,12,42,72,2,7,3,2
4221,12,20,108,5,6,10,5
4297,12,19,91,5,1,10,5
4322,12,47,195,4,9,1,3
4328,12,44,190,4,10,5,4
4338,12,26,150,2,9,10,5
4381,12,33,138,4,10,3,5
4484,12,38,122,4,3,6,3
4603,12,28,97,2,3,3,9
4759,12,33,128,5,3,9,1
4803,12,35,73,4,1,4,1
4947,12,13,175,4,2,3,9
4992,12,40,142,1,5,6,4
5015,12,5,143,4,10,6,4
5024,12,44,210,5,8,3,3
5110,12,13,49,2,3,6,9
5125,12,12,186,5,7,6,8
5156,12,33,58,2,2,8,3
5206,12,27,177,5,8,2,5
5235,12,17,44,3,2,8,8
5296,12,24,152,1,5,9,1
5349,12,23,199,4,7,1,5
5387,12,43,93,4,6,3,8
5390,12,44,156,3,5,5,7
5432,12,10,212,3,6,8,2
5497,12,16,177,5,9,9,7
5500,12,49,182,3,7,5,5
5870,12,28,114,1,2,6,5
5897,12,16,193,3,10,8,3
6024,12,6,127,1,8,10,1
6069,12,45,114,4,8,6,3
6091,12,24,67,2,6,10,6
6107,12,15,85,1,9,10,6
6521,12,42,144,2,6,5,9
6525,12,44,136,1,2,4,9
6532,12,31,196,5,4,7,5
6576,12,20,192,5,8,8,4
6711,12,30,147,3,9,5,9
6745,12,48,148,4,1,2,7
6858,12,10,123,1,2,7,10
6928,12,16,109,1,9,6,5
6977,12,13,120,2,5,8,5
7123,12,6,199,5,10,5,8
7172,12,20,151,5,8,4,5
7246,12,41,148,3,6,7,9
7482,12,50,166,4,7,7,9
7591,12,18,157,2,8,3,5
7596,12,47,156,5,9,8,7
7711,12,23,121,1,3,2,9
7725,12,8,170,5,3,3,1
7903,12,9,197,5,3,3,2
7909,12,17,167,5,3,7,2
7914,12,42,65,3,10,5,8
8213,12,13,121,4,8,1,6
8258,12,49,95,2,1,9,1
8318,12,5,207,3,9,8,4
8379,12,35,130,5,3,2,7
8451,12,7,102,2,6,3,10
8484,12,25,205,5,7,10,2
8536,12,13,169,1,10,7,7
8605,12,11,180,3,4,1,8
8674,12,36,174,5,2,3,5
8901,12,26,51,3,3,10,2
9125,12,45,145,5,6,9,5
9223,12,33,98,4,5,8,3
9243,12,49,110,3,5,6,5
9306,12,25,128,2,5,2,5
9440,12,37,201,1,7,9,8
9475,12,30,165,4,3,1,4
9622,12,49,72,3,1,8,5
9624,12,15,71,1,6,1,8
9894,12,33,190,1,10,5,3
9996,12,39,71,1,10,5,6
146,13,31,163,5,4,5,6
319,13,23,134,1,1,10,4
388,13,19,186,1,2,3,4
714,13,38,173,2,3,2,10
945,13,38,128,3,8,1,10
1105,13,44,110,5,5,6,9
1166,13,46,79,1,4,7,4
1263,13,37,189,3,2,2,8
1278,13,24,187,5,10,5,1
1360,13,31,117,3,9,1,4
1512,13,43,81,2,5,1,10
1582,13,38,175,2,4,4,5
1689,13,45,168,2,7,6,4
1849,13,49,78,5,2,8,5
2052,13,46,172,4,9,10,2
2257,13,35,206,3,9,4,9
2279,13,32,159,3,2,3,5
2353,13,6,134,4,2,8,9
2421,13,26,68,1,8,4,5
2441,13,19,47,2,2,3,2
2540,13,22,142,4,6,3,1
2646,13,23,138,3,10,7,1
2674,13,9,88,2,1,2,3
2686,13,15,46,3,2,2,10
2713,13,21,189,3,7,5,2
2730,13,17,98,2,10,3,3
2753,13,11,167,1,1,9,9
2859,13,44,166,1,4,4,2
2894,13,20,66,2,5,5,6
2930,13,25,173,1,5,6,3
3183,13,10,139,3,4,5,7
3250,13,41,199,4,5,6,8
3566,13,13,115,2,8,1,9
3615,13,21,171,4,6,1,4
3702,13,22,74,3,6,5,6
3806,13,46,83,5,4,7,8
3813,13,20,190,4,6,6,5
3864,13,13,134,5,6,8,7
3867,13,15,152,3,2,10,2
4114,13,25,50,1,9,4,3
4144,13,14,206,5,8,3,10
4153,13,43,150,1,10,6,9
4281,13,19,90,2,1,1,2
4296,13,27,53,2,9,6,10
4532,13,40,87,3,2,7,9
4691,13,7,156,5,2,2,4
4746,13,13,187,1,4,9,6
4854,13,49,127,5,5,2,10
4924,13,34,58,3,9,6,2
4977,13,17,99,4,3,9,7
5479,13,23,132,5,3,1,3
5527,13,21,193,3,4,1,1
5640,13,22,116,4,7,10,5
5668,13,13,71,3,6,4,3
6052,13,17,79,3,6,9,3
6269,13,32,79,3,7,4,4
6413,13,37,168,1,6,1,7
6637,13,6,111,5,1,5,6
6650,13,41,112,2,9,1,1
6879,13,35,124,5,8,9,8
6901,13,50,199,1,2,9,3
6911,13,21,180,4,1,1,5
6998,13,36,153,3,6,8,6
7058,13,40,119,4,9,8,10
7113,13,22,177,2,9,7,8
7127,13,10,118,5,3,6,2
7311,13,24,127,2,6,6,6
7447,13,26,90,1,7,8,6
7910,13,37,90,4,7,6,2
8087,13,35,156,4,5,1,6
8179,13,9,68,3,6,8,1
8196,13,32,111,3,10,10,4
8236,13,7,58,3,5,8,8
8403,13,20,131,3,8,3,4
8432,13,37,76,3,10,10,8
8642,13,18,74,5,2,6,5
8711,13,36,137,5,4,8,4
8763,13,23,147,5,7,5,6
8765,13,23,73,3,1,3,7
8790,13,11,71,3,4,4,10
8817,13,6,196,4,10,9,2
8874,13,45,131,4,7,10,4
8946,13,11,40,2,3,7,10
8961,13,9,116,3,3,4,5
9150,13,12,213,1,7,5,3
9236,13,20,103,4,6,9,1
9446,13,39,114,2,5,6,8
9516,13,42,120,4,6,1,8
9616,13,13,143,1,4,6,7
9724,13,46,180,5,2,1,7
9946,13,6,159,1,5,8,10
96,14,12,161,5,2,10,5
213,14,12,143,2,4,2,3
216,14,34,206,1,1,4,7
285,14,24,88,2,3,4,3
286,14,17,172,1,2,6,3
474,14,40,114,5,8,6,8
487,14,13,118,2,8,1,2
508,14,11,184,4,2,2,3
725,14,46,135,5,7,2,6
881,14,13,79,3,6,7,1
963,14,15,130,2,10,7,1
1009,14,35,110,4,6,8,6
1010,14,32,160,3,6,10,9
1115,14,46,94,1,9,6,8
1207,14,34,211,2,4,4,9
1394,14,21,207,4,10,10,3
1453,14,41,205,4,1,4,8
1822,14,18,146,1,1,1,5
2150,14,9,113,3,4,10,4
2280,14,32,151,3,5,6,5
2340,14,50,120,4,9,1,10
2474,14,47,176,3,10,8,4
2536,14,6,187,2,9,5,1
2649,14,21,161,2,7,8,6
2740,14,26,142,5,2,2,7
2746,14,13,62,2,1,4,4
2817,14,13,132,4,5,9,2
3019,14,36,203,4,1,2,5
3028,14,44,177,5,4,9,6
3097,14,24,195,4,2,7,3
3167,14,31,163,1,10,5,5
3289,14,17,174,5,1,7,10
3307,14,25,206,3,9,5,3
3353,14,11,111,1,2,9,9
3546,14,39,94,5,3,5,5
3556,14,11,158,5,4,1,9
3641,14,21,102,5,9,2,7
3687,14,41,163,2,10,3,4
3741,14,19,165,4,4,1,4
3767,14,6,131,5,7,4,4
3768,14,5,139,5,1,4,6
3845,14,42,109,4,9,4,2
3855,14,5,50,4,2,2,3
3985,14,13,57,1,2,3,1
4013,14,39,122,1,4,2,5
4024,14,27,91,3,4,9,5
4071,14,31,188,4,3,7,4
4141,14,31,177,2,1,6,9
4181,14,8,98,2,9,2,6
4211,14,27,109,5,6,10,5
4304,14,19,102,3,5,9,10
4353,14,10,50,5,4,3,10
4510,14,8,173,3,4,6,9
4573,14,16,141,3,1,7,6
4698,14,19,85,3,6,3,1
4897,14,6,87,5,9,9,10
4955,14,21,53,5,2,6,10
5384,14,11,149,1,8,8,2
5428,14,49,178,1,1,9,10
5457,14,5,86,5,6,1,9
5459,14,27,197,4,3,3,8
5482,14,38,157,1,9,7,8
5496,14,30,147,4,6,10,9
5525,14,8,160,2,9,9,1
5615,14,37,195,5,1,6,7
5663,14,29,70,2,4,6,1
5685,14,18,147,5,6,1,4
5784,14,12,134,3,6,5,1
6222,14,17,179,4,6,5,4
6358,14,31,101,4,1,8,9
6386,14,27,57,3,6,10,5
6495,14,17,64,3,10,3,4
6615,14,14,158,5,10,1,7
6768,14,12,95,3,7,2,5
7074,14,8,121,1,5,7,2
7130,14,42,118,2,4,3,1
7156,14,18,86,5,8,6,7
7209,14,33,132,4,7,9,7
7385,14,41,83,2,5,4,10
7488,14,29,187,4,4,6,9
7666,14,32,84,2,8,6,3
7715,14,43,160,4,5,6,10
8085,14,14,212,2,5,5,4
8311,14,31,169,3,3,8,5
8423,14,12,183,3,9,9,6
8436,14,35,209,1,3,8,6
8676,14,43,135,4,8,5,3
8769,14,6,149,3,1,2,1
8783,14,36,73,5,9,8,1
8856,14,22,113,4,4,8,3
9083,14,29,198,4,10,4,7
9118,14,27,76,1,6,7,6
9282,14,24,130,2,8,8,3
9317,14,45,70,5,3,5,8
9327,14,28,99,3,1,8,5
9439,14,22,214,3,6,1,10
9471,14,22,110,4,5,2,7
9515,14,28,198,4,7,9,9
9544,14,45,109,1,3,6,1
9646,14,25,121,5,9,8,4
9790,14,34,88,2,2,4,7
9898,14,10,199,3,10,2,1
9904,14,37,138,5,10,4,5
61,15,43,114,5,6,8,7
174,15,10,159,3,9,5,10
197,15,9,112,2,1,10,6
202,15,12,48,2,8,10,4
283,15,36,193,5,2,5,1
353,15,41,155,5,9,8,3
371,15,30,65,5,8,5,10
379,15,34,189,5,8,5,5
465,15,42,187,4,10,8,7
538,15,10,147,1,4,8,10
593,15,40,96,5,2,8,8
613,15,21,123,2,1,5,7
802,15,32,98,4,2,7,7
846,15,37,162,2,8,1,6
920,15,30,129,5,8,1,4
973,15,17,44,3,9,1,10
996,15,37,157,1,1,6,5
1092,15,42,173,4,8,6,9
1109,15,5,150,2,9,7,4
1126,15,42,197,5,5,10,9
1131,15,13,126,4,10,8,10
1185,15,30,169,5,7,7,7
1206,15,44,165,5,2,4,4
1440,15,23,176,1,7,1,4
1643,15,8,76,4,2,2,2
1843,15,32,117,4,5,3,5
1969,15,5,41,2,7,5,8
2010,15,21,145,2,3,5,1
2106,15,24,49,4,3,9,8
2319,15,31,79,3,1,6,4
2345,15,9,212,5,10,1,5
2355,15,10,110,1,5,6,9
2389,15,6,47,5,2,6,8
2524,15,11,203,5,7,1,8
2765,15,9,70,2,2,1,2
2771,15,33,161,3,5,3,7
2794,15,14,191,1,5,5,8
3212,15,19,105,1,10,1,10
3221,15,47,125,4,1,9,10
3291,15,27,112,4,4,7,1
3345,15,48,137,5,1,3,3
3393,15,9,121,3,5,8,6
3426,15,8,66,3,4,9,9
3497,15,30,111,5,7,1,5
3700,15,13,81,1,7,5,3
3780,15,29,99,2,8,5,6
3928,15,29,165,2,6,9,5
3933,15,12,195,2,4,6,6
3994,15,47,186,1,5,6,9
4207,15,36,162,1,8,4,1
4318,15,40,116,1,2,3,7
4395,15,24,52,2,9,10,7
4407,15,17,181,5,1,7,8
4499,15,19,115,2,7,7,7
4541,15,29,91,5,9,9,8
4602,15,28,76,4,9,8,7
4975,15,18,179,5,1,1,2
5023,15,25,52,4,2,10,5
5025,15,8,43,5,2,6,9
5142,15,17,133,2,4,5,10
5164,15,33,68,1,3,5,8
5237,15,35,193,5,2,2,2
5391,15,9,91,1,5,6,4
5438,15,31,106,3,1,4,7
5458,15,30,188,1,6,4,5
5516,15,11,189,4,8,7,8
5578,15,35,153,1,8,6,4
5637,15,15,45,4,8,10,8
5767,15,25,150,5,3,8,10
5798,15,27,191,5,4,6,9
5852,15,21,195,2,6,10,1
5892,15,27,177,5,1,5,9
6102,15,34,102,3,3,9,3
6175,15,27,129,5,10,3,4
6212,15,6,56,1,8,4,2
6736,15,18,48,2,3,3,9
6774,15,28,159,1,3,5,5
6777,15,12,131,3,6,6,2
6954,15,13,93,1,3,3,3
7189,15,41,175,2,4,1,4
7477,15,10,164,1,10,7,1
7584,15,16,156,2,8,10,8
7610,15,7,100,5,2,5,10
7703,15,16,111,1,6,5,7
7779,15,17,86,1,5,10,2
7883,15,49,78,4,2,4,2
7932,15,18,156,5,4,2,3
8012,15,46,207,3,10,6,9
8032,15,22,92,3,9,2,10
8060,15,26,156,1,1,3,5
8090,15,48,90,5,6,5,8
8164,15,31,179,4,9,10,8
8194,15,13,201,5,1,1,9
8431,15,39,97,3,10,5,5
8664,15,36,198,1,8,5,2
8816,15,35,131,1,3,10,5
8891,15,41,69,4,8,8,2
8904,15,10,104,3,1,7,1
8965,15,19,60,4,2,4,2
9458,15,34,66,1,8,1,1
9539,15,21,64,2,8,4,10
9883,15,31,58,4,2,3,4
9936,15,40,76,5,10,2,10
260,16,8,140,3,6,8,4
362,16,42,104,3,3,3,3
439,16,33,70,2,7,9,1
464,16,32,144,3,10,4,8
551,16,30,90,4,7,8,2
660,16,22,104,2,2,7,9
736,16,24,167,1,6,1,10
911,16,29,56,1,8,1,7
1051,16,28,98,4,4,1,9
1244,16,27,112,1,9,4,3
1265,16,24,195,3,6,3,6
1268,16,41,208,4,1,6,1
1303,16,28,172,4,8,10,2
1449,16,10,128,5,2,3,6
1492,16,27,179,4,9,10,7
1861,16,27,72,2,4,7,6
2013,16,10,117,5,6,2,9
2082,16,8,191,4,7,10,4
2235,16,34,170,2,10,9,7
2267,16,20,198,2,8,4,10
2311,16,21,70,1,1,7,2
2362,16,12,91,1,9,9,1
2468,16,49,98,5,7,10,8
2561,16,43,151,2,8,5,6
2595,16,48,152,1,7,8,9
2676,16,13,157,2,3,6,6
2766,16,47,204,3,5,4,5
2813,16,6,129,1,8,4,10
2910,16,10,168,4,5,9,7
3038,16,35,137,5,3,6,9
3045,16,19,132,4,2,7,6
3079,16,35,186,3,6,3,10
3249,16,11,211,2,6,4,7
3397,16,23,73,5,3,2,3
3619,16,46,82,1,4,10,10
3643,16,42,162,2,4,10,3
3663,16,16,123,4,8,9,8
3671,16,32,181,4,1,9,5
3876,16,27,157,5,8,5,5
3989,16,14,51,3,1,9,6
4038,16,28,141,3,9,1,6
4040,16,22,174,3,6,5,4
4169,16,21,96,2,5,4,3
4302,16,13,123,4,2,1,10
4425,16,9,143,3,1,2,4
4642,16,35,195,5,8,4,3
4716,16,10,64,4,2,8,10
4743,16,47,117,1,6,6,8
4848,16,28,133,5,5,1,5
4867,16,32,201,4,8,4,2
5049,16,42,165,2,3,4,9
5096,16,5,39,5,9,4,9
5388,16,18,150,3,5,10,2
5756,16,15,67,1,6,10,5
5792,16,15,148,5,8,4,6
5887,16,5,127,1,4,4,5
6049,16,16,169,2,7,6,4
6183,16,48,87,4,4,1,1
6226,16,50,162,1,10,3,4
6258,16,7,49,4,10,2,6
6281,16,24,72,3,5,3,6
6289,16,39,76,2,8,5,6
6418,16,13,202,4,10,5,9
6433,16,12,140,2,7,8,9
6467,16,30,211,5,1,8,4
6496,16,20,91,2,7,5,10
6698,16,15,116,1,8,1,8
6946,16,46,211,2,5,9,10
7440,16,19,91,3,4,10,8
7671,16,45,140,2,7,4,5
7834,16,49,185,3,4,9,6
8006,16,35,214,4,4,10,9
8234,16,11,57,4,8,3,9
8522,16,36,153,4,8,3,1
8541,16,15,191,3,10,6,1
8717,16,34,190,1,8,10,8
8797,16,36,183,3,1,5,9
9041,16,37,67,3,9,10,10
9395,16,30,77,1,7,8,7
9428,16,6,184,1,6,2,3
9455,16,9,73,5,7,8,5
9713,16,8,45,3,6,3,3
9853,16,16,171,2,2,1,6
9871,16,12,132,3,5,7,3
76,17,11,197,3,2,5,1
293,17,42,175,5,3,5,10
403,17,34,87,1,9,9,1
423,17,15,129,3,10,5,9
477,17,42,103,1,2,3,3
571,17,46,145,5,5,10,4
575,17,40,140,3,8,6,7
651,17,49,121,4,3,8,3
653,17,22,184,2,2,10,2
656,17,47,106,2,5,10,2
730,17,24,174,5,6,1,2
857,17,30,189,3,3,10,1
1404,17,16,88,3,4,10,4
1435,17,25,197,1,6,5,6
1488,17,11,71,5,1,10,7
1528,17,29,112,2,8,1,8
1540,17,9,129,2,8,9,9
1867,17,16,70,4,1,10,10
1884,17,46,157,4,3,2,5
2188,17,39,160,5,10,8,7
2253,17,30,62,2,2,7,3
2582,17,25,103,3,2,10,9
2601,17,22,99,5,1,6,6
2862,17,23,123,5,4,8,8
3312,17,13,59,1,10,8,9
3320,17,37,109,5,9,6,4
3503,17,24,118,2,8,1,3
3580,17,38,140,2,3,3,4
3696,17,38,93,5,7,8,4
3988,17,13,196,3,3,6,9
4094,17,15,111,5,8,9,6
4147,17,14,101,2,4,6,2
4187,17,37,197,5,5,8,3
4261,17,37,205,3,9,7,3
4267,17,5,80,5,7,6,5
4285,17,21,60,2,3,10,6
4505,17,7,168,5,8,2,8
4515,17,26,92,3,5,9,4
4702,17,49,168,5,8,9,8
4734,17,23,89,3,8,5,8
4735,17,33,175,1,5,8,8
4905,17,10,106,1,8,9,1
5083,17,47,113,5,7,8,5
5113,17,20,98,2,9,9,3
5216,17,5,83,1,2,9,9
5282,17,21,170,4,6,5,2
5366,17,38,182,5,6,8,3
5462,17,32,206,5,1,8,4
5478,17,23,133,2,10,10,1
5577,17,9,63,2,5,8,5
5584,17,28,177,4,6,1,10
5587,17,26,87,1,6,9,7
5613,17,6,207,3,10,4,10
5651,17,44,100,3,10,10,9
5667,17,31,166,1,3,5,6
5795,17,9,154,3,8,8,6
5817,17,9,134,5,5,9,10
5899,17,28,212,4,1,6,8
5977,17,49,157,1,5,9,9
6011,17,40,200,3,7,5,9
6029,17,48,101,3,6,8,3
6124,17,32,197,3,1,9,9
6144,17,38,194,4,8,6,6
6499,17,37,80,2,1,10,9
6519,17,42,125,3,5,3,9
6685,17,45,199,3,1,2,1
6713,17,14,76,1,3,3,5
6961,17,46,142,2,1,5,5
7060,17,29,93,1,10,6,5
7154,17,5,79,4,5,8,7
7344,17,21,201,5,8,7,8
7348,17,22,93,2,1,1,1
7432,17,25,124,4,2,10,8
7474,17,9,78,4,10,7,6
7475,17,48,192,2,2,3,5
7675,17,6,101,5,6,4,7
7847,17,44,203,3,2,5,8
7920,17,13,206,4,7,9,3
7958,17,15,120,1,7,6,8
8052,17,43,103,4,1,7,5
8143,17,33,131,2,1,9,6
8223,17,17,169,3,6,3,4
8306,17,41,213,1,7,9,8
8357,17,28,108,2,1,4,10
8362,17,33,133,5,2,9,5
8538,17,21,113,2,10,5,9
8540,17,33,103,1,5,7,9
8587,17,38,163,2,7,2,7
8616,17,39,82,2,6,8,1
8634,17,30,199,1,4,3,3
8680,17,39,147,1,2,3,9
8733,17,26,106,1,3,4,2
9030,17,25,140,1,5,4,10
9095,17,6,196,1,8,1,7
9271,17,23,70,4,3,6,4
9322,17,7,143,1,2,6,4
9343,17,19,115,1,4,2,3
9360,17,46,179,5,6,5,6
9387,17,34,176,4,10,9,6
9413,17,25,143,1,1,5,3
9491,17,50,81,5,7,2,3
9560,17,26,181,2,10,6,2
9635,17,22,134,1,7,6,6
25,18,9,202,5,10,10,9
27,18,6,121,1,4,5,5
72,18,18,53,4,9,1,6
105,18,43,206,4,7,9,1
476,18,25,88,4,2,4,4
539,18,11,109,5,1,8,6
765,18,29,197,4,9,1,2
773,18,39,197,4,9,8,2
817,18,44,114,5,10,8,8
876,18,14,147,1,10,1,9
901,18,27,170,3,4,9,10
919,18,22,59,3,4,4,7
932,18,26,125,1,4,9,4
955,18,9,184,1,4,1,3
1049,18,41,129,3,6,5,2
1124,18,25,144,3,10,10,3
1149,18,15,215,5,4,9,7
1194,18,17,109,3,10,8,5
1227,18,43,107,5,10,3,9
1433,18,41,182,2,2,9,6
1444,18,8,212,4,6,9,7
1619,18,9,44,4,4,3,1
1691,18,46,202,1,5,2,3
1827,18,41,180,5,8,2,5
1866,18,46,99,5,6,7,2
1926,18,28,98,5,9,7,2
2178,18,20,157,5,1,7,5
2597,18,8,58,5,4,10,5
2608,18,38,203,3,2,6,2
2700,18,17,148,3,10,4,9
2867,18,39,182,4,5,9,8
2925,18,19,52,5,3,1,10
2951,18,41,181,5,6,8,3
3245,18,46,166,4,6,5,7
3446,18,21,151,2,4,4,1
3499,18,8,155,5,8,10,1
3756,18,41,81,5,10,8,1
3763,18,38,109,5,8,10,9
3811,18,26,156,2,9,6,10
4108,18,35,130,5,9,3,8
4157,18,46,199,5,8,9,9
4160,18,16,91,2,4,3,9
4408,18,50,185,4,10,6,7
4428,18,18,94,4,1,10,9
4547,18,39,69,4,1,8,4
4557,18,17,67,4,3,7,10
4564,18,27,207,5,6,6,2
4621,18,12,97,2,7,3,9
4715,18,15,161,3,3,4,4
4887,18,24,89,2,2,10,1
5270,18,11,114,3,8,1,5
5342,18,10,178,1,10,3,1
5641,18,39,171,3,2,7,4
5751,18,47,111,4,1,10,4
5875,18,41,149,3,1,7,10
5895,18,25,133,1,1,8,1
5911,18,47,177,3,6,1,8
6015,18,6,69,5,6,7,5
6087,18,43,151,2,7,5,10
6095,18,36,186,4,4,8,9
6216,18,34,116,2,2,1,5
6261,18,37,169,5,2,4,6
6329,18,39,213,5,2,10,9
6388,18,50,183,3,2,3,5
6412,18,50,214,2,8,8,9
6441,18,44,74,4,2,5,6
6649,18,14,99,3,9,5,10
6656,18,12,71,4,10,6,4
6706,18,21,67,2,2,7,10
6996,18,25,62,4,5,1,9
7181,18,27,81,4,1,10,5
7197,18,14,218,2,3,5,10
7367,18,19,59,5,7,2,7
7418,18,47,145,2,3,9,3
7436,18,48,131,3,4,9,10
7438,18,19,187,5,7,2,3
7453,18,27,155,5,10,4,9
7699,18,5,70,2,6,2,3
7971,18,42,180,5,7,4,2
8047,18,29,142,3,7,6,6
8053,18,39,161,5,4,5,10
8093,18,25,101,3,8,3,7
8106,18,14,189,5,8,4,9
8107,18,18,74,5,10,6,5
8124,18,6,160,4,3,7,6
8167,18,26,109,1,10,6,4
8207,18,21,164,3,1,7,9
8235,18,44,83,2,10,8,8
8361,18,7,192,3,7,6,6
8453,18,21,130,1,6,10,5
8483,18,17,101,2,4,9,3
8590,18,8,146,4,6,5,4
8651,18,8,146,5,10,9,1
8762,18,43,197,4,3,4,9
9007,18,18,123,5,4,7,3
9015,18,50,202,5,2,4,9
9453,18,9,184,2,8,8,7
9705,18,21,62,2,6,10,2
9875,18,10,212,4,1,1,1
51,19,49,92,5,4,8,1
55,19,18,114,3,4,3,8
102,19,5,150,3,2,10,4
226,19,16,192,4,9,1,10
370,19,34,128,3,10,3,1
432,19,21,89,5,4,4,5
480,19,6,110,1,3,3,4
628,19,6,41,3,9,1,10
740,19,34,105,3,6,1,7
750,19,45,147,3,7,5,3
818,19,30,186,4,5,4,3
956,19,49,182,1,6,10,8
957,19,11,67,5,8,1,7
982,19,50,151,5,5,10,5
984,19,15,188,5,10,6,3
992,19,27,198,3,1,3,7
1061,19,38,148,5,6,4,8
1114,19,16,135,4,7,10,1
1159,19,30,116,5,7,10,2
1485,19,11,200,1,1,4,2
1561,19,30,80,3,7,8,9
1770,19,26,99,1,4,4,4
1781,19,11,200,4,4,6,2
1791,19,39,195,4,5,10,3
1924,19,17,131,2,10,3,8
2094,19,40,148,1,5,3,3
2126,19,15,218,2,10,10,6
2146,19,16,98,3,9,9,1
2356,19,31,172,5,7,1,1
2562,19,15,129,1,7,2,6
2826,19,19,113,5,8,10,6
2903,19,17,159,2,5,10,5
2995,19,16,136,5,4,3,6
3023,19,27,196,3,7,5,7
3098,19,14,165,4,1,3,10
3204,19,40,119,4,10,1,9
3268,19,40,136,4,7,2,10
3356,19,32,89,5,3,10,4
3362,19,44,167,1,3,8,7
3385,19,28,215,4,10,7,3
3419,19,9,163,1,1,8,9
3498,19,48,86,3,5,5,5
3559,19,8,157,1,1,9,5
3846,19,25,217,4,9,8,9
3898,19,33,173,4,10,6,9
4032,19,18,189,2,5,8,4
4249,19,36,215,1,1,5,7
4403,19,9,116,4,2,2,1
4446,19,38,158,2,9,7,8
5019,19,46,219,5,3,8,10
5126,19,49,93,5,1,9,10
5236,19,16,57,3,7,4,2
5476,19,8,108,3,2,4,8
5505,19,48,81,5,6,1,7
5518,19,47,163,4,9,4,5
5560,19,10,113,2,8,7,5
5633,19,11,71,2,3,7,4
5687,19,36,135,4,9,10,9
5735,19,34,144,5,4,7,10
5765,19,15,171,2,4,9,1
5770,19,47,159,3,6,10,6
5794,19,45,93,4,9,10,4
6010,19,42,86,1,3,3,3
6324,19,36,213,4,6,2,10
6338,19,5,135,4,4,9,9
6561,19,15,181,5,8,1,1
6652,19,38,127,5,2,7,9
6756,19,15,115,1,5,3,2
6824,19,17,118,5,10,4,1
6880,19,44,95,3,6,3,6
6887,19,25,199,5,4,7,4
6971,19,29,210,4,8,4,2
6986,19,40,192,4,8,3,9
7185,19,10,111,5,8,5,5
7222,19,49,157,5,9,7,1
7502,19,32,85,5,6,3,5
7553,19,10,60,5,4,2,5
7664,19,43,111,3,10,7,7
7722,19,25,96,2,4,4,4
7763,19,46,201,2,7,10,6
7764,19,23,130,4,2,5,7
7931,19,35,164,2,7,8,7
8058,19,24,140,5,9,6,1
8113,19,31,180,4,1,2,1
8191,19,13,106,2,4,2,6
8273,19,41,197,5,6,10,3
8519,19,36,137,2,2,9,9
8520,19,46,91,4,4,7,2
8644,19,24,199,2,1,7,8
8653,19,50,86,1,3,5,4
8673,19,50,125,5,5,2,1
8841,19,49,138,2,8,2,6
8857,19,27,177,3,3,7,2
8892,19,6,154,2,3,10,4
8998,19,32,199,2,7,3,10
9063,19,42,140,4,7,4,10
9163,19,46,194,5,9,3,9
9263,19,10,150,1,3,3,3
9269,19,29,132,3,3,10,10
9404,19,41,187,4,9,5,7
9947,19,32,195,5,2,1,4
9972,19,10,75,1,9,10,6
73,20,19,93,2,9,6,2
248,20,14,52,4,10,3,10
261,20,22,118,1,3,7,8
298,20,19,131,1,6,4,3
368,20,21,73,2,10,9,1
952,20,32,133,1,1,5,7
1167,20,19,186,5,1,6,9
1336,20,23,170,3,1,5,2
1366,20,19,81,3,7,8,2
1586,20,48,112,5,9,2,8
1674,20,21,97,5,10,4,1
1705,20,20,158,3,3,4,1
1864,20,26,107,4,8,8,6
2208,20,22,220,2,6,1,3
2214,20,7,185,5,8,9,3
2453,20,38,138,1,8,6,4
2528,20,28,64,1,8,8,3
2577,20,7,146,1,2,9,9
2607,20,23,107,2,8,1,6
2611,20,47,124,2,5,8,8
2732,20,29,60,5,7,4,9
3060,20,42,197,1,5,3,2
3102,20,21,105,3,5,3,8
3203,20,40,155,3,6,1,4
3232,20,39,139,1,2,4,8
3374,20,37,73,4,7,5,3
3422,20,17,62,1,3,1,2
3551,20,12,205,4,3,10,7
3569,20,38,160,4,3,9,9
3576,20,50,83,2,4,6,4
3592,20,29,167,5,6,8,3
3714,20,19,65,3,4,5,5
3721,20,29,133,2,8,7,10
3722,20,8,129,4,2,5,6
3784,20,41,144,4,4,9,4
3827,20,25,183,4,8,3,1
3878,20,19,115,1,3,6,4
3943,20,39,167,4,7,8,5
4023,20,18,139,2,1,6,2
4063,20,15,173,4,1,10,8
4137,20,30,135,2,9,4,10
4420,20,45,175,5,7,3,5
4457,20,27,105,5,10,4,4
4596,20,17,117,3,4,8,6
4795,20,20,96,5,3,7,1
5117,20,25,186,3,4,3,8
5187,20,13,108,2,10,1,10
5238,20,49,154,5,5,10,6
5430,20,23,148,1,2,7,8
5601,20,28,171,4,10,6,7
5704,20,9,179,5,9,3,9
5825,20,22,175,2,6,4,2
5829,20,33,107,3,1,4,10
6027,20,26,56,1,4,3,5
6047,20,39,189,3,6,8,5
6135,20,35,210,2,1,3,9
6141,20,15,199,2,7,8,8
6311,20,16,171,4,3,7,7
6468,20,48,174,4,4,3,3
6573,20,43,219,3,5,6,6
6606,20,7,164,2,10,8,9
6692,20,24,160,5,9,4,10
6790,20,21,54,2,8,10,2
6907,20,31,67,1,10,1,10
6942,20,35,141,4,6,1,9
7208,20,22,173,1,7,3,5
7319,20,46,145,2,3,4,1
7325,20,24,150,1,6,10,8
7704,20,41,184,3,4,6,4
7759,20,17,201,4,8,9,3
7800,20,30,126,5,10,2,2
7815,20,49,172,3,7,9,9
8010,20,6,54,5,4,1,8
8133,20,20,60,5,6,2,9
8140,20,18,147,5,10,5,10
8813,20,28,75,2,8,5,7
8911,20,30,90,4,8,2,4
9033,20,40,118,2,1,4,2
9104,20,15,121,4,10,10,4
9165,20,9,56,4,5,3,6
9207,20,26,177,5,5,9,8
9318,20,31,160,3,1,4,9
9361,20,17,148,5,3,5,3
9565,20,35,125,5,7,3,5
9732,20,20,211,2,9,8,10
9774,20,42,195,1,1,8,5
9821,20,6,201,5,6,9,3
9859,20,7,50,2,5,3,1
28,21,48,163,2,3,8,5
30,21,35,172,5,3,5,5
79,21,17,65,1,3,6,3
119,21,7,59,1,3,2,3
171,21,17,49,5,9,4,9
178,21,43,211,5,2,10,3
257,21,32,89,1,9,5,2
284,21,6,189,3,4,3,4
350,21,33,81,4,10,9,3
361,21,35,130,2,6,1,4
518,21,24,182,4,4,9,9
637,21,9,93,1,7,4,9
657,21,24,66,1,7,6,2
815,21,22,145,3,9,9,4
900,21,12,85,1,1,4,6
1031,21,14,216,5,10,2,10
1089,21,10,189,5,3,7,1
1297,21,15,152,2,6,2,3
1357,21,29,61,2,2,3,1
1405,21,11,156,2,1,6,3
1569,21,15,149,3,6,2,5
1572,21,22,110,1,1,3,10
1578,21,49,117,1,6,1,10
1874,21,19,55,3,7,10,8
1927,21,47,202,2,4,10,10
2132,21,28,59,4,6,2,5
2171,21,24,158,1,8,1,8
2472,21,37,167,1,2,9,3
2493,21,34,195,1,3,10,10
2507,21,5,151,5,1,4,4
2643,21,48,186,1,4,7,7
2722,21,18,215,5,1,8,8
2880,21,14,80,5,9,4,2
2958,21,43,111,2,7,3,8
3052,21,11,184,5,7,1,10
3095,21,9,159,2,10,9,2
3108,21,20,111,3,9,3,9
3110,21,14,185,3,3,8,5
3163,21,12,209,2,10,3,7
3215,21,46,117,1,1,10,10
3218,21,41,106,3,8,6,8
3579,21,26,99,1,6,8,9
3732,21,48,219,3,6,9,10
3815,21,28,70,3,9,4,3
3865,21,20,87,4,6,6,1
3955,21,29,68,1,7,5,2
4082,21,48,197,5,7,6,5
4163,21,45,171,5,4,3,8
4329,21,40,125,2,5,6,7
4437,21,21,159,3,6,3,7
4558,21,38,85,5,7,6,8
4591,21,15,83,4,5,2,3
4692,21,26,196,3,4,8,3
4708,21,9,182,3,3,10,1
4723,21,46,153,1,9,2,3
5317,21,19,130,5,5,3,8
5376,21,7,59,2,2,7,5
5381,21,15,87,3,2,6,1
5564,21,41,94,5,10,7,4
5650,21,37,148,3,3,1,3
5658,21,5,108,2,7,2,6
5804,21,37,212,1,10,2,5
5956,21,26,176,2,1,10,10
5978,21,39,186,5,5,6,8
6094,21,26,63,1,10,1,6
6154,21,31,92,5,7,7,10
6313,21,33,141,4,8,1,10
6343,21,24,176,4,10,10,6
6767,21,18,107,3,4,3,1
6801,21,48,186,3,8,3,1
6938,21,21,218,3,1,2,5
6953,21,9,103,1,5,10,10
7017,21,21,64,1,9,5,1
7024,21,29,138,5,2,2,5
7146,21,42,172,2,6,10,2
7149,21,7,70,3,4,7,4
7454,21,50,147,1,9,10,6
7595,21,33,144,4,1,9,6
7614,21,35,77,5,1,1,3
7688,21,15,168,3,6,6,10
7789,21,10,145,3,8,7,2
8252,21,44,218,1,9,3,1
8260,21,39,213,4,3,9,5
8305,21,15,123,4,1,2,4
8366,21,28,148,5,1,1,2
8439,21,46,159,1,7,5,6
8626,21,29,131,4,8,9,5
8703,21,26,62,1,6,10,5
8814,21,43,183,2,6,5,10
9203,21,47,87,5,6,1,4
9364,21,20,141,3,10,5,5
9372,21,6,109,4,10,4,4
9422,21,26,212,2,1,10,10
9443,21,20,99,2,3,8,5
9450,21,10,63,1,9,5,2
9486,21,36,174,5,6,7,3
9546,21,14,215,2,5,7,8
9636,21,43,88,4,8,4,5
9651,21,23,185,3,10,5,6
9716,21,50,119,5,10,10,6
9784,21,15,49,2,6,5,8
9874,21,34,201,2,3,2,10
9980,21,17,186,5,4,8,3
150,22,39,143,1,1,10,1
592,22,40,79,2,10,8,6
618,22,8,217,3,7,8,7
631,22,43,197,5,3,7,2
744,22,10,164,3,2,1,2
983,22,22,115,4,2,3,7
1085,22,11,140,2,5,1,7
1234,22,18,199,3,5,5,7
1282,22,12,180,2,8,5,1
1329,22,16,153,4,6,8,10
1372,22,33,83,1,1,1,9
1452,22,44,98,2,10,5,7
1534,22,48,222,2,8,7,2
1647,22,27,129,1,10,6,6
1670,22,19,62,1,7,7,6
1699,22,23,127,4,2,3,7
1834,22,26,89,1,10,5,7
2073,22,35,186,5,4,7,6
2220,22,50,221,1,3,1,9
2352,22,27,163,1,5,3,9
2363,22,47,154,1,8,6,4
2378,22,7,164,5,7,2,6
2382,22,46,118,1,9,6,8
2403,22,28,190,5,10,3,3
2434,22,11,118,4,10,4,1
2511,22,46,121,1,2,3,3
2673,22,41,116,3,8,3,6
2757,22,41,120,3,7,5,5
3157,22,18,125,1,5,8,3
3216,22,12,114,3,2,6,7
3323,22,16,145,3,9,5,9
3448,22,48,191,1,6,8,5
3505,22,26,72,5,4,2,4
3529,22,29,127,2,1,6,4
3901,22,5,206,5,6,2,6
4194,22,16,155,1,4,2,3
4234,22,25,80,4,9,5,5
4482,22,6,43,1,6,2,1
4537,22,35,126,3,2,4,3
4661,22,44,199,3,9,4,2
4681,22,6,210,1,7,3,10
4833,22,30,167,4,1,2,1
5307,22,42,134,4,5,5,5
5356,22,26,73,5,3,1,3
5575,22,15,111,1,1,5,7
5659,22,25,152,2,7,1,4
5773,22,7,155,4,8,8,9
5843,22,24,71,4,8,9,7
5932,22,34,145,4,7,3,3
6134,22,35,137,2,2,10,10
6530,22,13,143,1,10,4,6
6556,22,25,86,1,5,2,7
6583,22,48,193,5,6,5,6
6833,22,11,191,2,6,1,10
6877,22,14,173,2,5,4,10
6927,22,23,121,5,8,4,4
7013,22,14,103,2,3,6,5
7271,22,28,66,1,8,5,3
7459,22,11,170,1,9,2,1
7517,22,36,216,1,7,2,6
7552,22,9,111,1,3,9,3
7604,22,14,75,4,2,3,1
7665,22,28,166,5,8,9,8
7710,22,10,129,4,3,5,5
7806,22,32,147,3,9,3,7
7843,22,23,196,3,10,8,5
7875,22,19,200,3,10,8,5
7926,22,21,76,5,4,6,10
7981,22,33,87,5,2,6,4
8002,22,47,179,1,4,8,5
8186,22,45,198,5,5,5,9
8312,22,32,156,3,7,6,6
8386,22,12,82,2,3,9,3
8438,22,10,137,3,9,7,5
8480,22,27,135,1,10,1,1
8576,22,39,195,2,1,9,3
8583,22,40,85,1,6,9,10
8586,22,11,126,5,5,5,1
8944,22,23,90,5,7,2,7
9058,22,18,195,4,7,5,8
9169,22,14,111,1,1,10,10
9441,22,16,152,2,3,9,8
9497,22,10,202,5,7,4,4
9514,22,21,63,4,6,5,3
9561,22,39,205,5,2,6,6
9589,22,18,192,4,3,2,8
9594,22,38,206,3,4,6,2
9678,22,40,193,3,10,2,7
9695,22,29,119,1,2,5,6
9893,22,33,161,4,2,8,3
9971,22,9,70,2,4,6,4
159,23,34,164,4,7,6,10
275,23,44,99,4,3,7,7
691,23,28,96,5,8,8,1
778,23,43,91,4,4,9,4
870,23,43,85,5,2,3,9
875,23,34,208,1,10,3,6
980,23,19,73,3,9,6,10
1086,23,49,101,3,2,6,10
1090,23,22,74,2,7,9,6
1175,23,45,139,1,5,3,4
1450,23,42,104,5,4,7,7
1466,23,35,177,4,3,9,2
1516,23,50,205,4,4,4,1
1748,23,10,122,1,10,1,2
1931,23,13,49,4,1,10,2
2175,23,11,52,2,6,5,3
2312,23,24,77,4,6,9,5
2450,23,13,173,2,1,3,6
2457,23,11,160,4,7,4,8
2527,23,46,86,4,10,10,3
2849,23,22,203,5,7,7,9
3013,23,37,125,1,9,6,6
3062,23,8,58,4,3,2,7
3133,23,40,176,2,4,5,3
3278,23,26,195,1,7,2,2
3347,23,11,49,2,10,7,1
3413,23,24,169,3,9,7,5
3607,23,40,107,2,9,9,1
3787,23,48,223,1,2,9,1
3812,23,6,175,1,4,5,10
3847,23,19,158,4,3,5,1
3883,23,5,204,5,5,2,7
3897,23,30,164,4,8,4,8
3979,23,17,120,1,10,10,7
4189,23,37,130,4,7,10,8
4202,23,30,139,5,6,4,5
4287,23,25,206,1,9,4,8
4384,23,6,106,3,4,3,2
4452,23,27,113,3,9,2,2
4483,23,39,98,1,8,1,10
4639,23,23,175,4,7,8,6
4679,23,26,99,3,6,1,6
4769,23,27,60,2,6,9,4
4822,23,39,72,5,10,2,10
4824,23,20,55,5,8,9,6
4994,23,42,95,4,5,8,1
5058,23,37,94,5,7,4,7
5111,23,8,80,2,5,5,10
5149,23,22,77,1,4,6,7
5192,23,21,172,3,5,8,9
5217,23,34,125,3,6,6,1
5315,23,17,95,4,2,4,5
5466,23,11,210,4,2,1,9
5534,23,29,164,1,5,7,2
5717,23,33,163,1,3,5,2
5797,23,41,135,2,6,2,3
5841,23,13,155,3,5,6,3
5850,23,24,118,5,8,8,6
5908,23,36,218,2,8,3,6
6007,23,16,179,3,3,2,6
6246,23,38,175,3,3,2,7
6743,23,28,210,1,7,1,10
6773,23,19,143,5,3,8,1
6866,23,9,92,2,1,9,4
7012,23,20,105,5,6,3,4
7313,23,20,199,4,5,1,5
7396,23,30,70,4,3,8,2
7707,23,34,222,4,6,1,2
7731,23,9,199,5,10,1,6
7797,23,38,76,5,10,1,3
7803,23,32,101,2,9,10,1
7927,23,32,76,2,2,8,6
8289,23,44,211,1,9,2,1
8677,23,31,124,5,7,9,1
8716,23,5,109,5,9,7,1
8842,23,36,162,2,5,4,9
8888,23,14,60,5,3,4,2
8952,23,29,171,3,6,2,2
8967,23,41,214,1,8,9,7
9035,23,19,206,2,7,9,6
9057,23,50,169,3,1,8,9
9172,23,41,193,3,5,10,3
9183,23,16,98,3,10,1,3
9366,23,7,132,3,9,7,10
9473,23,8,60,1,10,1,8
9532,23,41,76,3,10,8,8
9563,23,47,183,1,3,8,8
9915,23,43,156,2,3,9,2
9935,23,27,217,1,10,7,9
22,24,39,121,3,8,8,10
45,24,22,76,3,7,2,5
140,24,50,219,5,10,10,2
300,24,5,184,5,3,1,6
960,24,24,117,1,5,2,4
1213,24,19,66,1,4,7,7
1238,24,18,76,3,3,8,7
1257,24,14,135,4,1,3,3
1277,24,32,218,4,10,10,3
1353,24,11,182,2,4,9,8
1491,24,50,130,3,3,10,9
1587,24,40,157,4,5,6,2
1786,24,20,122,3,1,4,8
1812,24,26,213,1,6,1,6
1821,24,10,188,5,2,5,9
1988,24,26,160,4,5,4,6
2006,24,31,166,5,10,5,10
2114,24,36,128,5,10,8,3
2248,24,14,140,3,8,10,6
2273,24,43,111,5,1,3,5
2400,24,13,72,1,9,5,7
2616,24,15,128,2,8,3,5
2688,24,15,203,4,7,10,2
2965,24,26,209,1,6,8,9
3030,24,34,80,2,5,4,1
3200,24,38,144,5,3,9,1
3213,24,34,218,2,2,2,6
3326,24,12,221,1,7,6,2
3410,24,49,135,4,1,4,8
3437,24,14,99,5,10,9,1
3450,24,15,112,4,5,2,2
3512,24,18,113,3,8,2,3
3596,24,36,168,2,4,10,2
3854,24,34,149,1,3,4,2
3890,24,6,154,2,5,7,10
4102,24,47,109,1,4,2,1
4111,24,41,219,1,6,1,5
4201,24,35,136,5,8,3,4
4391,24,30,189,2,4,6,5
4494,24,21,156,2,6,1,6
4614,24,18,62,4,5,6,8
4875,24,8,159,4,2,9,5
5321,24,47,182,5,6,4,7
5347,24,48,134,2,7,2,6
5519,24,11,82,5,7,3,3
5523,24,22,145,3,9,7,8
5694,24,38,207,5,3,8,5
5907,24,8,186,1,4,1,9
5961,24,21,76,2,4,6,1
6115,24,33,102,4,6,2,1
6240,24,29,139,5,5,5,3
6268,24,28,94,5,8,7,3
6620,24,31,174,5,6,4,2
6644,24,38,112,5,6,4,4
6657,24,50,147,5,2,4,7
6723,24,27,180,3,5,6,5
6882,24,16,149,5,1,1,9
6997,24,40,219,4,6,6,10
7089,24,16,105,3,2,5,6
7164,24,36,152,5,8,1,1
7285,24,15,177,2,10,7,9
7377,24,35,146,2,7,2,5
7490,24,44,82,2,9,4,4
7611,24,30,149,2,9,8,7
7713,24,33,127,5,9,6,6
7825,24,23,142,3,7,5,4
7867,24,28,87,1,6,2,8
7949,24,15,82,5,8,7,3
8037,24,25,195,5,5,4,4
8127,24,16,218,3,5,8,2
8279,24,50,117,2,3,1,4
8322,24,14,93,5,1,5,7
8350,24,43,128,2,6,3,6
8373,24,17,166,1,8,5,3
8529,24,6,153,4,1,8,2
8643,24,21,109,5,8,5,5
8746,24,32,161,4,5,10,6
8942,24,10,171,2,10,4,4
8997,24,39,94,2,3,4,2
9022,24,46,180,3,10,8,5
9054,24,9,189,3,9,5,7
9180,24,21,166,5,5,10,4
9357,24,40,209,5,1,4,3
9390,24,25,77,5,3,2,5
9406,24,24,144,1,3,2,9
9417,24,13,206,3,9,9,5
9474,24,11,149,3,1,7,10
9503,24,28,63,5,3,9,7
9797,24,33,216,3,9,2,3
9826,24,11,60,2,5,5,4
9895,24,27,75,3,1,10,1
156,25,15,179,3,8,10,2
180,25,8,140,3,6,9,6
231,25,47,222,3,5,10,1
781,25,16,220,1,5,5,6
921,25,13,214,4,8,3,4
927,25,18,207,5,6,2,3
977,25,14,61,2,7,5,7
1027,25,49,108,3,3,4,6
1112,25,16,195,4,9,4,10
1142,25,28,174,5,4,10,3
1247,25,37,85,2,9,10,9
1248,25,30,118,2,6,2,3
1416,25,49,202,5,5,8,5
1423,25,25,152,1,10,4,9
1464,25,8,112,4,6,5,7
1529,25,39,173,4,4,7,2
1546,25,25,118,1,3,8,7
1639,25,44,137,1,4,10,10
1704,25,30,150,4,10,6,8
1823,25,14,173,3,4,2,4
1841,25,39,125,2,9,6,10
1899,25,22,117,4,7,2,2
1910,25,46,173,5,9,2,3
2045,25,18,76,3,9,3,6
2107,25,41,111,5,8,4,3
2323,25,34,173,1,7,9,4
2452,25,16,149,4,2,7,5
2512,25,30,217,5,4,4,10
2581,25,26,72,2,1,7,1
2586,25,46,171,1,4,8,6
2631,25,8,187,4,6,1,8
2684,25,28,159,3,2,5,3
2801,25,22,163,3,1,5,6
2843,25,19,152,1,6,9,8
3173,25,50,92,2,4,7,3
3407,25,37,210,1,1,2,7
3463,25,7,145,1,8,2,1
3540,25,48,139,2,2,5,6
3602,25,15,65,3,7,9,4
3603,25,43,166,2,7,7,2
3657,25,46,200,3,6,9,5
3668,25,14,177,3,2,1,8
4034,25,24,162,5,2,9,7
4184,25,21,95,4,6,2,5
4208,25,44,168,1,6,1,1
4227,25,11,160,3,6,3,10
4257,25,43,170,3,9,10,2
4358,25,45,131,3,1,7,10
4368,25,39,177,3,4,3,4
4400,25,36,175,4,7,9,3
4459,25,15,143,3,10,10,4
4497,25,14,146,4,7,7,10
4579,25,45,147,4,6,2,3
4722,25,14,140,3,6,4,3
4953,25,40,217,3,7,7,4
5063,25,45,133,4,2,3,7
5220,25,9,110,4,6,6,1
5313,25,43,179,1,3,8,9
5424,25,5,191,1,5,5,6
5548,25,20,222,1,8,6,9
5838,25,16,189,2,4,2,2
5964,25,37,225,3,4,2,3
6016,25,25,213,4,3,4,4
6061,25,37,175,5,4,1,5
6288,25,27,63,4,1,2,3
6391,25,46,138,3,1,10,10
6514,25,34,221,3,10,6,9
6671,25,11,93,1,2,5,3
6680,25,39,162,1,8,9,8
6720,25,28,192,4,7,5,9
6933,25,22,90,4,10,7,8
6949,25,13,116,4,6,10,6
6956,25,28,164,3,5,6,6
7004,25,42,160,3,7,7,1
7029,25,16,112,2,5,8,7
7211,25,24,162,2,3,1,5
7314,25,11,201,5,8,8,10
7395,25,29,78,5,3,10,2
7409,25,23,118,2,3,3,1
7698,25,50,95,5,9,2,3
7817,25,12,177,3,10,9,2
7893,25,6,69,2,2,5,5
8855,25,45,173,1,6,10,4
8962,25,42,138,5,10,9,7
9012,25,25,98,1,2,1,7
9042,25,37,194,3,6,10,2
9076,25,44,106,4,4,1,8
9115,25,12,148,2,5,10,10
9119,25,29,222,2,8,2,9
9130,25,15,161,4,6,3,1
9151,25,32,184,1,10,10,9
9216,25,14,111,3,1,2,5
9380,25,43,124,4,4,5,7
9548,25,7,81,3,7,5,7
9623,25,45,103,2,9,8,2
9805,25,48,155,2,10,9,1
9852,25,46,187,3,8,6,9
9989,25,5,203,4,10,6,5
301,26,46,173,5,3,5,1
311,26,33,178,3,9,2,6
347,26,7,145,5,4,5,1
358,26,19,203,1,2,1,2
449,26,13,124,1,4,4,10
456,26,39,211,1,10,10,5
543,26,35,72,2,4,6,6
733,26,50,101,1,3,10,3
828,26,9,147,4,9,9,1
1073,26,26,147,1,5,3,1
1076,26,10,218,4,5,5,1
1158,26,9,152,5,3,3,2
1187,26,30,83,1,1,1,6
1250,26,27,192,4,2,7,4
1943,26,23,129,5,3,10,1
1950,26,21,219,4,6,8,5
2027,26,38,100,5,2,7,3
2055,26,9,199,3,2,2,8
2157,26,21,81,1,7,5,8
2256,26,47,187,3,7,1,9
2315,26,33,94,1,2,9,6
2397,26,28,194,1,4,5,8
2478,26,11,127,1,4,2,6
2533,26,23,150,1,6,2,5
2747,26,25,165,3,8,5,9
2913,26,5,49,3,6,6,2
2971,26,7,86,4,3,3,4
3182,26,7,71,4,1,7,3
3208,26,5,150,4,7,7,8
3309,26,29,156,5,5,5,2
3376,26,43,99,2,3,4,7
3447,26,30,119,2,1,6,1
3535,26,20,73,2,2,2,8
3616,26,18,122,4,7,8,8
3858,26,8,151,2,5,5,4
3902,26,9,101,2,8,7,2
3918,26,16,74,1,1,4,9
4037,26,18,84,2,10,9,10
4049,26,32,164,1,3,3,9
4757,26,38,132,1,7,6,8
4894,26,39,197,4,9,1,5
4925,26,22,184,3,5,3,6
4933,26,33,170,4,8,6,2
5103,26,14,224,3,9,5,3
5116,26,23,185,1,2,7,6
5225,26,39,136,2,1,6,6
5512,26,20,74,2,8,6,6
5514,26,31,137,5,5,9,9
5556,26,37,172,5,8,6,9
5559,26,22,211,5,1,5,4
5664,26,30,79,4,5,7,9
5752,26,15,221,3,3,9,6
5848,26,22,194,1,5,3,7
5910,26,30,116,3,4,10,10
5940,26,35,114,1,5,9,3
6042,26,19,129,5,1,7,10
6093,26,38,222,2,4,6,7
6118,26,27,151,2,3,3,5
6150,26,17,208,3,10,9,7
6208,26,24,203,5,3,4,4
6661,26,27,167,5,2,1,10
6675,26,41,181,4,3,1,7
6689,26,24,141,5,10,10,6
6752,26,29,79,1,1,4,3
6788,26,44,119,1,6,10,8
6926,26,46,88,2,9,8,9
7032,26,5,77,5,2,2,9
7310,26,15,164,4,10,7,2
7357,26,27,134,2,4,6,3
7497,26,35,187,1,7,6,7
7507,26,26,180,1,10,9,9
7514,26,10,207,2,9,6,5
7627,26,10,136,1,1,6,4
7989,26,41,223,1,8,1,2
8025,26,48,222,1,6,8,2
8146,26,45,125,5,3,5,2
8217,26,12,144,1,10,1,9
8296,26,32,220,1,9,2,2
8335,26,50,178,4,6,3,10
8663,26,22,196,4,6,6,3
8666,26,7,127,1,3,1,8
8736,26,33,207,5,7,5,1
8742,26,29,113,5,2,5,3
8843,26,23,131,2,2,8,5
8932,26,42,210,2,5,9,8
9088,26,42,198,4,5,7,1
9193,26,40,225,1,7,5,2
9255,26,10,161,3,9,3,3
9284,26,31,174,2,5,8,7
9293,26,5,213,1,1,5,6
9442,26,45,217,1,5,5,6
9673,26,40,83,2,1,9,2
9812,26,44,111,4,5,8,6
9866,26,34,96,4,10,10,4
9997,26,14,127,2,6,4,3
9998,26,50,174,5,2,9,10
57,27,42,114,4,7,3,2
189,27,28,184,4,5,1,1
210,27,32,213,4,8,9,9
289,27,21,141,4,1,3,8
348,27,47,189,5,7,7,8
351,27,21,78,2,1,8,3
352,27,6,95,1,10,1,5
400,27,10,153,5,3,3,5
491,27,16,177,3,8,6,9
528,27,23,80,3,8,3,6
605,27,20,175,5,2,9,7
1221,27,29,203,5,5,5,3
1289,27,20,124,2,10,9,8
1375,27,28,84,4,5,4,2
1560,27,29,209,4,2,10,9
1571,27,34,144,4,7,9,8
1794,27,41,146,5,3,7,5
1801,27,17,96,5,10,2,4
1995,27,8,224,4,10,8,3
2017,27,41,196,4,9,5,9
2022,27,17,213,4,6,9,9
2200,27,31,183,4,4,8,1
2383,27,50,145,3,10,1,6
2409,27,21,184,5,10,1,7
2446,27,43,85,4,1,6,10
2647,27,24,94,1,8,7,9
2798,27,50,123,5,6,7,6
2815,27,48,173,3,2,8,9
3227,27,24,226,1,3,3,7
3665,27,40,209,1,5,4,2
3689,27,10,176,2,8,6,4
3717,27,27,194,3,5,4,8
3923,27,32,115,3,2,2,7
3964,27,22,171,2,4,1,10
4052,27,22,215,2,7,9,10
4115,27,42,206,5,1,9,7
4128,27,27,136,2,4,1,4
4673,27,8,52,2,4,2,1
5097,27,21,104,3,3,2,5
5194,27,28,195,2,4,9,10
5348,27,38,223,3,10,3,5
5373,27,14,61,4,3,7,7
5396,27,10,145,4,4,9,2
5533,27,17,165,1,9,7,6
5614,27,15,65,1,3,6,10
5816,27,22,191,1,2,8,9
5951,27,30,183,4,4,6,6
6025,27,18,138,3,5,10,7
6169,27,40,147,5,6,8,9
6238,27,36,75,4,5,7,7
6247,27,37,85,1,8,5,10
6263,27,19,204,2,5,4,1
6318,27,43,128,4,10,2,10
6322,27,36,199,2,5,5,1
6438,27,46,191,1,10,3,4
6473,27,7,190,5,3,3,8
6486,27,31,208,3,3,7,1
6550,27,30,180,1,2,3,4
6608,27,38,201,4,3,5,2
6618,27,22,205,4,4,5,5
6636,27,15,128,3,9,6,7
6640,27,42,147,1,2,4,6
6684,27,50,110,3,9,1,10
6744,27,28,79,4,7,9,1
6873,27,8,63,2,6,10,4
6914,27,41,84,3,1,6,10
7038,27,38,201,5,2,6,8
7121,27,46,168,5,7,4,1
7155,27,20,142,4,7,8,1
7213,27,7,48,4,3,5,7
7235,27,24,202,4,3,8,2
7390,27,46,109,2,7,10,10
7412,27,6,117,5,1,10,3
7448,27,44,177,3,10,4,4
7558,27,45,136,2,5,6,3
7681,27,22,70,1,10,10,10
7689,27,16,180,2,10,9,3
7878,27,35,211,2,10,5,10
7916,27,38,103,1,9,1,6
7977,27,17,54,1,9,2,1
8054,27,30,140,4,1,7,1
8079,27,34,181,3,7,10,2
8109,27,5,99,3,5,4,10
8156,27,18,144,4,8,2,4
8283,27,38,126,2,7,3,10
8333,27,12,154,1,6,1,1
8399,27,37,152,4,8,1,3
8430,27,29,105,3,4,3,9
8456,27,14,204,1,9,10,9
8556,27,39,127,2,4,8,5
8579,27,45,126,3,9,1,6
8584,27,34,217,2,9,3,4
8656,27,41,225,2,8,7,10
8671,27,11,157,3,1,2,5
8755,27,21,136,5,7,5,10
8989,27,33,94,3,4,2,9
9099,27,6,133,4,6,5,8
9160,27,24,219,4,4,7,5
9170,27,46,105,3,9,3,1
9292,27,13,136,2,9,4,8
9367,27,15,58,2,4,1,1
9644,27,44,127,5,3,3,1
9704,27,25,106,5,9,1,8
9725,27,34,221,3,1,6,10
9807,27,35,226,3,6,3,7
9888,27,16,62,2,8,9,1
9906,27,38,181,3,10,6,8
1,28,47,168,4,9,8,1
15,28,10,158,3,4,2,9
138,28,14,89,2,10,9,3
314,28,35,144,1,9,4,2
355,28,32,217,4,9,2,5
558,28,50,217,1,3,2,10
632,28,32,151,3,1,9,5
715,28,11,155,1,3,4,9
820,28,22,143,2,2,2,8
858,28,17,126,4,5,4,6
1132,28,11,213,5,4,3,10
1154,28,44,121,5,8,2,8
1838,28,24,147,3,2,8,8
1905,28,19,74,3,6,4,2
2127,28,16,67,3,1,7,1
2152,28,10,59,1,9,10,4
2375,28,38,82,2,8,7,4
2671,28,19,143,3,10,6,3
2779,28,38,188,1,5,7,7
2982,28,49,179,2,10,6,4
3031,28,43,184,4,1,3,6
3032,28,30,109,3,4,6,10
3375,28,13,158,5,4,1,2
3456,28,38,97,1,8,3,5
3909,28,45,115,2,7,3,6
4015,28,46,180,4,8,5,10
4065,28,34,118,4,9,6,3
4439,28,47,218,3,4,5,2
4739,28,36,139,4,4,3,5
5137,28,14,200,2,9,6,5
5241,28,49,90,2,6,7,7
5263,28,19,87,3,3,8,5
5310,28,5,74,2,3,10,1
5393,28,44,219,1,4,10,10
5464,28,17,103,1,2,1,2
5691,28,31,115,1,5,2,10
5702,28,33,98,4,2,2,9
5715,28,14,218,1,9,8,6
5793,28,24,143,2,8,3,2
5856,28,31,140,5,2,5,6
6035,28,17,206,3,3,8,8
6108,28,21,162,4,3,4,6
6139,28,31,155,2,2,7,9
6162,28,45,169,5,1,6,8
6249,28,15,65,3,9,10,6
6352,28,41,112,5,4,10,10
6369,28,19,218,2,7,8,10
6533,28,10,201,1,1,10,10
6609,28,27,91,4,3,3,4
6614,28,39,208,3,10,1,4
6666,28,20,110,1,5,3,4
6830,28,42,193,2,4,1,10
6832,28,6,48,2,6,2,10
6843,28,9,164,3,5,2,6
6852,28,40,167,2,4,10,7
6871,28,16,204,2,6,5,3
6934,28,23,148,4,2,3,1
7009,28,34,178,1,7,9,3
7084,28,34,200,1,8,7,1
7291,28,12,55,5,4,7,10
7343,28,7,159,5,4,3,10
7360,28,12,207,3,1,3,3
7365,28,29,210,5,4,6,6
7408,28,36,140,2,3,10,2
7505,28,29,106,4,3,7,9
7513,28,28,206,2,7,10,2
7525,28,50,152,3,2,4,5
7659,28,13,158,2,7,2,2
7668,28,21,100,2,7,4,7
7787,28,46,192,1,6,7,4
7804,28,14,217,4,2,1,4
7853,28,32,141,5,3,9,7
7979,28,38,102,4,2,4,8
8077,28,19,101,1,10,2,8
8094,28,16,142,5,8,7,9
8098,28,41,80,1,4,7,9
8309,28,5,134,4,3,6,10
8337,28,32,161,5,7,10,7
8455,28,25,174,5,5,7,8
8552,28,13,139,3,4,1,5
8557,28,32,173,2,7,4,1
8582,28,19,112,4,5,5,8
8628,28,26,108,4,9,5,4
8834,28,9,126,2,5,10,5
8838,28,25,226,3,7,1,9
8897,28,25,208,3,7,8,7
9105,28,36,149,1,4,5,9
9312,28,37,127,2,2,6,3
9340,28,35,176,4,8,1,7
9465,28,46,85,2,9,2,10
9558,28,19,168,3,2,9,9
233,29,33,148,1,5,6,4
297,29,18,81,5,6,4,10
1117,29,28,210,3,3,4,3
1181,29,11,118,4,6,1,1
1209,29,49,181,4,9,1,8
1533,29,26,152,5,5,1,3
1618,29,25,93,5,1,4,8
1720,29,13,143,1,2,2,3
1780,29,34,94,5,5,5,10
1902,29,33,113,5,3,1,10
1964,29,32,205,3,4,5,5
1990,29,22,102,5,4,4,8
2054,29,27,190,1,6,2,3
2111,29,23,121,4,6,2,10
2255,29,41,142,3,7,8,10
2293,29,13,62,2,5,10,9
2428,29,18,116,2,6,8,7
2475,29,34,166,3,9,10,6
2539,29,10,69,2,2,1,10
2718,29,44,106,3,4,9,8
3104,29,33,142,2,1,5,4
3109,29,36,98,3,5,7,9
3229,29,34,139,1,3,6,6
3246,29,22,79,4,9,4,8
3277,29,31,175,3,10,7,5
3427,29,29,175,2,1,5,1
3680,29,29,116,1,1,6,3
3693,29,30,77,2,4,5,8
3731,29,46,206,1,2,5,5
3836,29,10,203,2,2,5,1
4014,29,14,114,1,9,6,10
4069,29,33,194,1,8,7,9
4074,29,11,208,2,6,10,6
4083,29,50,196,4,1,10,10
4145,29,42,153,5,8,10,1
4298,29,23,73,3,9,4,4
4438,29,48,220,2,5,5,2
4443,29,22,225,2,5,5,1
4509,29,30,174,2,10,4,2
4604,29,10,164,3,10,2,7
4706,29,37,172,2,1,9,1
4776,29,30,197,4,4,8,4
4825,29,22,111,2,2,10,6
4940,29,29,201,4,4,1,4
5180,29,43,128,1,7,6,2
5199,29,50,217,3,4,10,10
5334,29,18,99,3,3,10,7
5377,29,25,209,4,5,7,8
5422,29,38,191,2,2,2,4
5450,29,38,228,5,2,10,2
5598,29,15,139,3,10,3,5
5602,29,45,216,5,3,1,4
5938,29,33,224,2,5,6,1
5952,29,6,97,1,9,1,5
6057,29,20,103,3,1,6,7
6188,29,25,119,1,10,10,5
6244,29,37,213,5,8,5,3
6260,29,15,220,5,5,5,6
6302,29,7,158,3,6,2,10
6336,29,36,111,3,9,4,10
6431,29,33,115,5,2,2,2
6544,29,37,109,1,2,5,10
6626,29,48,208,1,3,2,3
6776,29,22,100,3,5,2,2
6796,29,19,154,5,4,10,7
6825,29,6,207,5,5,10,2
6918,29,33,222,1,9,5,8
6960,29,30,194,5,4,5,2
7019,29,5,148,5,10,3,3
7132,29,32,155,1,1,5,3
7142,29,31,201,2,7,10,5
7210,29,27,224,3,3,7,1
7214,29,11,128,4,9,10,2
7228,29,38,107,4,7,4,6
7317,29,27,166,4,4,5,2
7373,29,43,137,4,8,10,4
7389,29,19,70,4,4,3,4
7589,29,6,185,1,6,2,8
7693,29,35,149,2,2,5,4
7975,29,26,222,2,9,10,2
8114,29,20,94,4,1,1,3
8161,29,21,217,4,4,7,8
8345,29,7,214,1,9,4,7
8375,29,10,128,5,1,1,5
8387,29,19,170,1,1,8,2
8443,29,49,178,4,3,10,1
8503,29,49,150,2,3,10,6
8581,29,36,179,5,8,9,2
8696,29,23,80,2,3,9,6
8852,29,26,206,4,4,6,9
9094,29,21,129,1,8,2,7
9123,29,23,113,4,1,4,1
9126,29,38,189,4,8,10,3
9140,29,50,216,3,9,5,8
9237,29,7,140,2,9,3,10
9281,29,33,202,1,3,8,4
9378,29,43,212,4,1,4,8
9382,29,48,97,2,10,10,6
9386,29,30,119,3,8,8,9
9699,29,38,220,1,7,8,7
9718,29,14,224,5,6,6,10
9780,29,5,112,1,5,8,2
9788,29,9,128,1,7,2,7
9836,29,47,192,2,5,7,1
9974,29,5,169,1,2,7,8
82,30,11,70,4,6,6,5
90,30,18,88,2,2,2,8
110,30,32,105,1,7,10,5
194,30,41,144,3,7,3,3
335,30,22,225,1,10,10,1
377,30,31,185,1,2,4,3
433,30,45,122,4,3,1,5
511,30,24,201,4,2,1,4
579,30,8,68,2,5,8,10
580,30,16,93,1,7,1,9
582,30,38,141,2,6,1,4
761,30,12,222,4,2,2,8
934,30,46,145,1,4,7,7
966,30,7,187,1,10,4,8
1155,30,39,137,1,6,6,6
1172,30,31,198,1,7,9,3
1368,30,25,190,5,3,6,3
1381,30,14,127,4,1,10,5
1430,30,35,90,3,10,7,5
1753,30,6,169,4,10,10,1
1972,30,9,84,2,4,7,10
2075,30,45,205,1,4,1,8
2295,30,13,66,2,2,3,8
2542,30,32,118,3,10,5,9
2546,30,6,91,3,2,9,3
2627,30,43,130,4,6,4,9
2685,30,26,145,4,8,3,4
2727,30,36,78,2,10,1,10
2926,30,17,188,2,4,9,2
3231,30,50,127,4,3,8,3
3453,30,15,110,4,6,7,7
3634,30,14,153,4,3,9,3
3655,30,15,102,3,7,8,5
3674,30,38,113,4,5,5,8
3747,30,25,84,4,10,4,10
3766,30,26,90,5,4,8,1
4105,30,50,106,5,9,5,1
4371,30,50,169,1,4,3,4
4404,30,16,139,2,7,7,5
4758,30,23,192,1,3,10,1
4799,30,23,104,5,9,8,2
4936,30,10,73,3,1,8,1
5060,30,16,219,4,5,6,6
5218,30,47,118,2,3,8,6
5331,30,38,165,1,6,5,5
5374,30,33,203,4,8,7,8
5405,30,15,162,1,7,10,2
5522,30,18,137,1,10,2,3
5800,30,45,165,2,6,6,2
5925,30,20,87,1,8,6,6
6129,30,13,190,2,9,10,9
6301,30,40,133,5,1,6,3
6538,30,32,73,5,2,1,7
6553,30,19,221,5,9,7,5
6565,30,46,126,5,6,1,4
6705,30,49,184,1,10,1,8
7054,30,17,133,4,9,2,3
7126,30,40,179,5,9,2,7
7179,30,38,101,2,2,9,4
7219,30,15,182,5,1,8,8
7257,30,14,202,5,10,7,2
7303,30,33,198,2,5,10,6
7305,30,47,211,3,10,1,8
7580,30,28,122,1,7,1,1
7602,30,28,125,4,9,9,4
7616,30,14,118,4,5,10,8
7862,30,46,208,4,5,8,4
7999,30,30,83,1,1,5,8
8075,30,16,136,2,3,3,1
8222,30,27,77,4,4,10,1
8240,30,21,132,3,4,7,1
8389,30,41,176,1,7,2,4
8839,30,30,220,1,7,9,4
8966,30,19,92,4,9,6,5
9149,30,32,171,4,9,10,2
9177,30,49,106,3,1,5,10
9220,30,6,91,1,1,6,5
9338,30,15,130,2,8,2,9
9402,30,28,133,1,6,10,9
9578,30,43,188,1,2,9,9
9608,30,43,171,1,1,4,6
9642,30,40,157,3,4,1,2
9681,30,38,135,4,1,5,3
9842,30,17,65,1,2,9,3
393,31,26,185,2,2,10,4
430,31,12,137,2,7,4,4
492,31,48,170,1,7,1,9
493,31,7,136,2,8,9,8
495,31,30,94,1,5,6,1
509,31,42,192,1,4,6,2
702,31,47,89,4,8,3,4
774,31,28,135,1,5,2,4
1113,31,24,104,2,10,10,5
1189,31,35,227,4,3,10,2
1351,31,15,159,1,1,3,7
1380,31,35,144,5,6,7,3
1535,31,20,167,5,2,10,1
1854,31,45,153,4,6,6,4
1900,31,5,206,3,4,7,4
2194,31,12,208,3,2,5,4
2210,31,15,229,3,5,3,6
2346,31,33,177,2,3,8,7
2348,31,35,138,3,7,4,8
2413,31,10,164,3,7,8,4
2443,31,20,67,3,6,1,7
2496,31,11,118,5,6,6,1
2504,31,22,71,1,7,8,4
2565,31,46,125,2,2,8,5
2921,31,41,150,1,9,3,6
3056,31,14,128,1,4,10,9
3296,31,15,192,5,3,1,1
3430,31,24,215,5,9,3,9
3560,31,9,162,4,7,9,1
3593,31,42,154,3,7,5,3
3916,31,15,217,5,8,10,4
4152,31,28,171,3,10,4,2
4179,31,8,62,3,2,6,9
4198,31,11,61,4,3,10,4
4291,31,22,108,1,2,4,4
4334,31,22,139,3,6,2,4
4336,31,44,114,4,1,1,6
4347,31,30,99,3,2,5,5
4361,31,12,177,5,2,4,10
4496,31,38,183,2,8,3,2
4503,31,20,214,3,2,5,5
4583,31,42,110,4,4,3,6
4818,31,23,173,2,4,7,8
4865,31,45,126,3,10,3,10
4871,31,8,187,3,5,6,9
5146,31,12,226,2,6,8,5
5203,31,18,145,2,1,8,6
5219,31,16,166,4,4,8,7
5281,31,16,148,1,7,8,1
5610,31,38,97,1,8,1,10
5699,31,25,143,1,7,10,3
5939,31,29,81,5,6,9,8
6054,31,10,75,4,6,8,3
6076,31,43,126,1,9,10,6
6113,31,50,113,2,10,7,5
6274,31,35,101,2,3,5,2
6451,31,43,89,1,6,7,3
6582,31,10,83,4,5,10,6
6693,31,28,231,2,1,4,7
6781,31,50,208,2,1,5,3
6950,31,47,187,2,9,5,6
7168,31,39,127,1,2,2,3
7229,31,20,119,2,6,1,4
7268,31,49,139,1,2,3,6
7384,31,44,129,1,9,9,5
7449,31,20,154,3,5,1,1
7520,31,44,169,5,2,4,8
7726,31,5,70,1,9,5,7
7921,31,12,110,1,6,6,10
8067,31,45,133,2,10,10,2
8102,31,22,94,4,8,10,3
8150,31,31,173,3,7,10,10
8226,31,25,122,2,7,1,9
8303,31,14,127,1,1,7,7
8328,31,43,115,2,7,1,6
8446,31,33,201,1,5,7,6
8689,31,44,215,4,9,2,4
8868,31,42,147,4,7,4,2
9067,31,47,100,2,5,4,10
9072,31,18,107,2,7,3,10
9336,31,39,91,4,1,2,10
9359,31,23,75,4,1,1,1
9430,31,31,147,4,4,2,4
9533,31,48,89,3,2,2,10
9665,31,36,167,1,8,8,3
9777,31,40,103,4,6,5,2
9855,31,16,185,5,9,5,3
9862,31,6,193,1,6,10,8
9864,31,13,189,5,4,7,1
9922,31,42,179,1,7,10,1
38,32,42,115,2,1,5,5
282,32,42,208,1,1,7,9
588,32,15,141,3,9,6,7
619,32,7,86,4,3,6,4
644,32,31,135,1,2,9,8
655,32,13,155,5,8,3,10
709,32,47,220,4,3,1,7
838,32,38,208,4,8,5,5
924,32,16,191,3,6,8,3
1070,32,20,142,5,2,6,6
1106,32,7,91,5,10,4,6
1222,32,32,195,2,8,7,8
1327,32,38,206,3,7,3,10
1333,32,25,137,2,2,2,9
1389,32,15,124,2,10,3,1
1456,32,19,191,4,6,5,8
1625,32,35,229,1,1,6,2
1673,32,5,185,1,5,2,6
1688,32,13,96,1,2,2,10
1971,32,18,228,3,2,6,2
2028,32,48,153,3,7,9,7
2041,32,25,153,3,9,3,6
2089,32,35,222,4,10,3,7
2289,32,30,92,3,1,5,7
2320,32,27,176,2,4,2,6
2402,32,5,48,2,3,1,5
2404,32,18,232,5,2,4,8
2406,32,35,140,3,10,2,10
2420,32,48,165,1,5,4,10
2466,32,37,120,5,4,9,9
2531,32,38,143,4,7,2,7
2541,32,5,232,1,8,7,10
2547,32,10,168,5,1,5,3
2660,32,27,194,3,10,6,7
2749,32,7,114,1,8,1,4
2774,32,17,101,3,5,4,4
2985,32,10,107,5,2,5,4
3036,32,36,113,1,5,9,7
3248,32,29,110,2,7,3,2
3260,32,37,174,4,4,4,10
3336,32,43,107,5,2,5,5
3355,32,32,90,4,5,1,4
3433,32,20,105,2,8,6,7
3452,32,11,101,4,6,2,10
3526,32,49,179,3,1,5,10
3622,32,30,172,5,3,8,8
3627,32,35,81,4,5,5,2
3808,32,8,84,1,10,6,7
3826,32,29,111,5,5,2,7
3853,32,15,145,3,5,1,8
3982,32,16,219,3,4,5,7
4060,32,27,192,1,8,1,6
4386,32,41,100,4,7,9,7
4622,32,21,93,5,5,9,7
4664,32,25,192,1,10,3,2
4749,32,50,137,3,6,2,5
4779,32,26,227,2,8,8,6
4839,32,30,143,5,8,2,9
4884,32,44,154,1,1,1,1
5294,32,17,127,1,7,9,2
5531,32,24,207,5,10,1,8
5570,32,29,191,4,2,2,8
5654,32,29,137,2,2,2,1
5781,32,21,159,4,7,9,1
5893,32,7,91,3,1,9,5
5934,32,26,78,1,3,10,8
6126,32,46,108,3,1,3,4
6161,32,31,152,4,5,2,9
6542,32,8,132,2,2,8,2
6632,32,19,69,5,1,4,1
6681,32,49,213,5,2,4,1
6829,32,8,195,1,5,9,3
6845,32,8,211,3,1,4,8
6929,32,19,136,3,10,10,6
7321,32,9,128,4,5,3,7
7393,32,41,231,4,6,1,7
7426,32,8,149,4,5,10,8
7528,32,27,221,5,10,1,3
7603,32,23,88,2,8,4,10
7621,32,42,96,2,9,6,8
7653,32,23,87,1,1,10,1
7770,32,13,119,2,9,7,8
7845,32,30,165,5,8,8,1
8024,32,47,193,2,3,10,1
8063,32,13,189,1,6,10,1
8231,32,27,214,2,1,9,2
8282,32,30,152,4,7,2,8
8340,32,41,151,2,2,3,5
8418,32,40,181,5,7,6,3
8554,32,42,90,5,5,2,6
8560,32,22,81,5,7,7,1
8822,32,12,102,4,10,6,3
8872,32,37,117,5,7,10,10
8879,32,24,211,5,4,7,2
8925,32,28,101,1,8,7,3
8936,32,10,213,4,2,7,2
8996,32,17,161,3,9,7,1
9000,32,49,154,2,2,9,5
9040,32,23,191,4,5,9,5
9122,32,42,232,3,4,9,5
9199,32,29,91,3,7,5,1
9274,32,34,104,4,1,10,2
9311,32,12,158,2,1,3,4
9373,32,43,166,5,9,8,10
9403,32,30,141,4,5,9,5
9604,32,27,122,3,3,3,5
9791,32,34,192,2,2,6,1
9794,32,23,83,1,6,1,5
9835,32,20,106,4,5,6,9
9849,32,23,228,4,2,4,1
9865,32,34,202,4,9,3,2
9911,32,36,193,5,6,2,8
9953,32,32,199,4,6,10,1
436,33,12,122,2,1,2,6
564,33,27,73,1,8,3,4
946,33,12,220,5,4,10,6
1007,33,39,137,2,8,4,9
1043,33,10,139,5,6,5,7
1056,33,31,76,1,10,8,5
1121,33,29,149,2,10,6,5
1371,33,23,189,4,2,4,2
1482,33,38,199,2,3,10,9
1536,33,26,182,3,4,2,3
1836,33,35,83,1,7,5,7
1939,33,11,135,1,6,10,10
2001,33,44,202,2,10,1,5
2115,33,46,148,5,10,1,2
2191,33,34,148,2,7,3,6
2369,33,7,150,2,4,4,8
2417,33,10,160,1,3,5,2
2423,33,26,111,5,3,1,9
2433,33,39,191,4,6,9,8
2831,33,11,142,1,10,5,1
3192,33,29,83,4,5,8,5
3286,33,41,179,3,6,1,8
3305,33,39,83,4,1,4,6
3316,33,44,145,3,7,7,4
3395,33,7,124,1,8,2,4
3461,33,26,175,3,6,10,8
3630,33,50,143,4,6,8,1
3661,33,20,167,1,10,2,10
3673,33,26,196,1,3,10,6
3708,33,32,157,5,8,7,8
3758,33,21,130,5,4,5,1
3765,33,8,83,1,1,4,8
3791,33,32,172,3,2,6,5
3842,33,16,74,5,3,2,3
3868,33,49,99,5,10,6,1
3939,33,17,151,4,3,7,5
3962,33,39,124,4,1,10,6
4026,33,17,107,3,3,5,7
4085,33,37,176,3,2,10,2
4131,33,43,191,5,2,2,4
4193,33,20,167,1,10,3,9
4283,33,32,143,3,3,7,6
4300,33,29,87,5,6,10,7
4349,33,14,184,3,6,10,2
4514,33,30,131,3,9,5,6
4548,33,11,97,5,9,7,6
4810,33,11,72,3,9,10,6
4847,33,23,125,1,3,10,10
4950,33,13,204,1,8,5,5
5014,33,37,138,4,3,8,1
5224,33,21,86,4,10,2,7
5833,33,42,88,2,8,2,3
5998,33,6,179,2,3,10,2
6471,33,19,185,2,10,4,2
6558,33,35,201,5,1,7,10
6601,33,45,153,4,3,6,8
6814,33,29,165,1,10,9,5
6849,33,40,101,5,5,8,5
6862,33,34,172,4,1,8,5
6988,33,45,130,4,10,1,4
7002,33,15,131,5,1,2,2
7205,33,34,189,3,10,10,5
7376,33,30,132,5,1,9,8
7501,33,14,188,1,10,7,1
7509,33,7,135,3,9,9,2
7516,33,15,66,1,8,6,5
7578,33,48,225,2,5,1,6
7648,33,20,115,4,8,2,5
7752,33,41,180,4,4,2,6
7838,33,50,224,3,7,5,4
7908,33,16,135,3,10,4,4
7997,33,12,184,5,3,8,10
8003,33,28,199,5,7,3,6
8007,33,45,159,1,10,9,8
8358,33,14,86,2,10,2,5
8548,33,5,109,1,9,1,1
8569,33,11,224,4,2,9,5
8800,33,11,163,5,4,4,3
8945,33,27,208,5,5,1,4
9155,33,7,195,3,6,7,9
9331,33,14,159,4,2,9,3
9409,33,27,91,2,3,7,9
9632,33,36,217,5,7,4,6
9684,33,8,121,4,5,5,5
9775,33,28,220,2,9,4,10
9847,33,21,196,1,9,10,4
9955,33,46,188,4,1,7,3
9967,33,48,117,4,1,1,4
10,34,16,86,3,8,10,4
20,34,44,140,2,7,7,4
151,34,34,201,5,1,7,4
421,34,15,203,5,3,7,9
455,34,11,86,1,5,3,8
503,34,28,105,4,3,9,2
513,34,6,182,5,6,8,2
612,34,22,209,3,5,9,9
755,34,45,215,2,3,3,6
823,34,17,219,5,6,7,5
937,34,31,209,1,6,10,1
970,34,21,78,1,9,8,9
1283,34,44,199,1,2,8,1
1364,34,28,166,5,9,10,3
1615,34,18,122,5,3,2,9
1622,34,15,109,2,8,2,2
1652,34,50,112,4,3,10,4
1659,34,18,185,3,3,3,4
1682,34,36,210,1,2,8,9
1762,34,32,111,2,1,4,2
1957,34,6,182,1,5,10,10
2123,34,22,224,2,1,3,7
2387,34,32,220,2,8,2,6
2487,34,26,169,5,10,3,6
2735,34,13,106,2,1,8,9
2872,34,47,229,1,9,9,3
2874,34,11,217,5,10,6,3
2901,34,37,197,4,3,10,4
3001,34,47,166,1,1,1,4
3046,34,44,222,5,10,9,10
3313,34,50,233,5,10,6,10
3327,34,13,141,2,1,3,3
3666,34,8,109,1,3,3,9
3777,34,5,154,2,6,9,5
3899,34,5,198,1,1,9,1
4229,34,26,139,2,8,9,1
4268,34,19,162,1,8,6,5
4343,34,24,137,4,7,10,1
4369,34,16,149,3,2,10,8
4406,34,27,92,5,7,1,4
4742,34,12,195,3,2,2,7
4860,34,5,95,4,2,7,1
4923,34,44,196,2,9,2,7
5082,34,18,140,3,5,2,9
5253,34,19,97,5,9,6,10
5413,34,11,137,3,10,1,1
5494,34,8,180,1,1,7,1
5741,34,8,60,4,7,7,2
5769,34,39,175,1,1,1,8
5868,34,42,90,5,7,10,8
5996,34,28,101,2,3,10,10
6009,34,8,121,3,6,9,3
6164,34,42,206,1,6,8,1
6300,34,39,224,3,9,3,7
6508,34,10,205,5,3,3,3
6566,34,27,143,4,9,7,1
6575,34,9,175,5,3,1,9
6584,34,44,189,2,1,10,5
6677,34,34,135,5,4,2,7
6691,34,5,68,3,4,9,2
6695,34,14,89,2,9,10,9
6771,34,43,182,3,10,5,5
6890,34,32,166,5,3,8,4
6922,34,39,89,2,9,9,4
6976,34,49,112,5,5,5,3
7141,34,21,184,3,2,8,1
7170,34,29,134,5,3,2,8
7356,34,8,163,5,3,2,10
7406,34,33,186,5,10,1,5
7451,34,39,191,2,8,3,2
7537,34,27,107,2,10,5,5
7780,34,46,139,5,5,7,8
7876,34,30,102,4,2,6,6
7930,34,39,103,2,6,7,6
8049,34,46,108,1,4,6,8
8092,34,8,226,3,2,5,7
8267,34,27,216,3,4,6,5
8421,34,10,181,1,8,3,9
8427,34,22,89,5,8,3,6
8537,34,19,139,2,7,2,10
8659,34,43,224,5,8,3,4
8777,34,33,198,3,8,6,5
8908,34,31,186,5,3,9,3
8947,34,15,189,5,4,5,8
9047,34,15,96,1,6,7,1
9081,34,38,194,4,2,6,7
9240,34,24,176,5,1,2,4
9252,34,39,103,1,10,5,8
9585,34,12,181,3,4,10,1
9606,34,16,100,4,9,10,9
9654,34,39,167,3,5,6,10
9803,34,9,198,2,2,8,4
9959,34,26,110,5,2,3,3
33,35,29,198,2,10,5,5
83,35,39,188,2,6,10,1
214,35,31,87,3,2,7,6
227,35,48,145,2,2,4,7
315,35,10,179,2,3,5,4
316,35,17,166,4,6,4,5
367,35,35,169,1,4,8,6
445,35,37,191,1,5,1,7
527,35,37,121,4,7,10,7
534,35,47,206,3,3,7,5
703,35,42,100,3,10,9,10
763,35,7,155,1,1,8,10
769,35,37,150,2,8,6,1
788,35,26,214,2,10,9,3
929,35,8,78,1,7,4,6
1218,35,43,97,3,7,4,8
1323,35,16,79,5,3,8,4
1355,35,49,156,5,10,2,4
1446,35,45,176,3,9,6,2
1524,35,50,104,2,10,2,2
1605,35,45,156,2,6,2,8
1668,35,29,77,2,2,9,5
1671,35,17,96,2,3,4,1
2025,35,23,73,1,2,1,5
2262,35,27,97,4,9,8,4
2272,35,33,178,2,1,2,8
2329,35,31,220,4,5,3,8
2477,35,12,99,3,2,4,6
2509,35,33,195,2,10,1,5
2549,35,29,103,3,3,4,3
2734,35,8,228,2,4,5,4
2973,35,33,132,3,4,4,10
3061,35,20,183,3,7,4,4
3092,35,6,162,4,2,4,5
3093,35,13,92,4,2,1,1
3304,35,35,132,3,9,7,4
3364,35,40,230,1,6,6,9
3563,35,28,86,4,10,9,8
3644,35,18,162,5,8,8,10
3757,35,27,83,5,9,1,6
3945,35,15,181,1,6,9,5
3977,35,11,223,4,6,2,1
4017,35,34,96,3,4,7,4
4048,35,33,209,5,7,3,6
4301,35,16,208,5,9,2,4
4485,35,44,231,4,8,7,8
4561,35,34,168,3,4,9,1
4627,35,37,98,1,8,2,6
4797,35,36,192,3,8,6,8
4949,35,36,147,5,6,1,1
5034,35,21,211,2,1,4,4
5122,35,36,143,1,3,5,1
5182,35,9,65,3,2,9,8
5205,35,5,136,2,6,3,5
5227,35,34,148,5,6,2,6
5300,35,6,130,3,1,1,8
5596,35,29,78,3,9,7,5
5631,35,48,116,4,9,7,1
5721,35,23,137,4,9,5,5
5747,35,19,114,1,3,1,9
5761,35,22,96,4,7,4,1
5788,35,31,146,5,1,5,5
5832,35,13,166,1,9,2,3
6017,35,30,106,2,5,8,3
6125,35,48,221,5,4,7,2
6304,35,42,234,1,6,9,2
6315,35,18,168,1,7,6,4
6319,35,6,100,2,6,5,4
6381,35,22,186,4,9,9,3
6492,35,15,177,3,8,4,4
6513,35,45,175,2,5,6,10
6574,35,50,211,5,4,9,10
6683,35,13,210,3,2,2,5
7150,35,21,100,2,2,5,2
7244,35,21,223,1,8,1,5
7354,35,39,89,2,2,3,3
7510,35,31,106,3,9,9,2
7743,35,30,95,1,4,8,8
7791,35,10,196,2,7,9,6
7880,35,50,101,3,4,5,2
7925,35,11,222,1,5,3,9
7993,35,45,138,5,7,8,4
8099,35,43,96,2,3,4,4
8103,35,38,95,5,3,3,9
8126,35,49,145,4,1,1,9
8166,35,13,134,4,2,7,8
8218,35,46,98,4,9,8,8
8257,35,16,167,4,6,4,4
8566,35,43,233,1,10,3,2
8636,35,29,125,3,10,7,3
8688,35,38,208,2,6,3,2
8818,35,48,184,2,4,7,10
9221,35,33,154,4,6,10,2
9248,35,29,135,5,6,7,9
9767,35,44,148,5,2,6,6
9944,35,36,215,2,3,7,3
9964,35,45,231,4,10,1,1
9978,35,21,161,1,7,5,5
35,36,34,94,5,2,1,9
46,36,7,93,1,2,7,8
58,36,26,234,2,4,8,8
118,36,23,233,2,10,1,9
332,36,22,213,5,10,10,5
391,36,30,115,3,6,3,4
458,36,39,138,2,9,9,4
640,36,16,218,4,6,2,3
679,36,26,165,1,6,1,3
713,36,23,102,3,7,4,6
891,36,46,115,1,8,2,5
1122,36,32,149,4,4,7,5
1330,36,40,224,1,2,5,2
1347,36,47,114,5,9,1,6
1457,36,27,198,2,7,10,3
1733,36,37,147,4,7,1,8
1734,36,40,211,5,7,4,2
1796,36,44,115,3,4,2,6
1814,36,9,199,5,6,4,1
1983,36,48,170,4,8,4,7
1991,36,46,215,5,10,1,4
2004,36,22,191,1,8,9,1
2365,36,28,151,1,5,10,1
2491,36,47,164,3,5,6,3
2687,36,48,138,5,2,10,1
2751,36,25,205,3,2,3,2
2832,36,20,168,2,2,2,5
2834,36,45,214,5,5,5,10
2864,36,28,171,1,10,2,5
2893,36,32,232,2,10,6,5
3080,36,39,129,2,2,7,10
3140,36,26,232,4,10,1,8
3159,36,7,102,2,10,4,2
3247,36,44,168,2,8,5,4
3306,36,22,163,3,1,7,1
3460,36,32,214,2,5,4,8
3521,36,44,201,4,5,10,1
3531,36,30,196,1,9,1,6
3544,36,22,147,3,4,9,1
3555,36,42,228,3,3,6,10
3578,36,34,179,1,8,6,8
3590,36,36,210,5,4,6,3
3727,36,49,165,3,8,9,8
3862,36,12,110,2,10,7,7
3981,36,38,184,2,7,4,1
4125,36,20,169,4,5,3,7
4644,36,50,175,4,1,4,3
4700,36,17,213,2,5,5,4
4719,36,26,123,4,8,2,8
4853,36,21,225,3,4,5,8
5017,36,12,123,2,8,10,3
5159,36,15,185,3,9,10,9
5397,36,47,127,4,8,8,3
5420,36,17,155,2,1,10,6
5433,36,37,161,2,4,7,7
5544,36,43,137,1,3,2,8
5612,36,49,221,1,1,7,6
5762,36,10,156,1,7,6,8
5896,36,49,210,5,5,2,7
6180,36,18,82,2,6,10,3
6203,36,19,130,2,9,9,10
6320,36,29,119,5,7,5,3
6321,36,14,72,1,2,9,7
6531,36,33,233,2,8,7,5
6564,36,5,201,4,10,10,5
6607,36,49,129,1,4,10,6
6755,36,44,207,3,4,1,6
6861,36,7,173,4,5,2,2
6973,36,12,159,1,8,10,4
7008,36,7,56,4,9,8,7
7059,36,17,107,5,4,8,1
7107,36,34,199,4,4,6,5
7613,36,50,176,2,3,9,10
7952,36,21,153,5,6,4,6
8022,36,50,191,1,4,7,6
8130,36,48,165,2,7,3,4
8319,36,36,146,4,3,8,4
8393,36,36,217,2,7,8,3
8476,36,39,111,5,1,6,1
8518,36,42,203,1,5,9,3
8619,36,44,223,1,7,5,9
8691,36,44,99,3,8,5,1
8695,36,24,187,5,1,3,10
8949,36,45,221,5,6,1,9
9006,36,35,170,1,9,7,6
9087,36,50,215,1,8,5,10
9226,36,50,175,5,1,1,3
9315,36,25,228,1,4,9,7
9610,36,40,186,5,9,7,10
9772,36,24,198,1,1,3,3
9877,36,12,118,2,3,5,7
9963,36,6,128,4,6,4,1
9970,36,25,78,5,5,5,8
86,37,5,128,3,3,3,4
128,37,23,215,2,9,8,3
266,37,48,165,5,10,2,1
294,37,39,93,3,9,8,10
295,37,24,93,4,7,2,5
334,37,11,130,4,10,10,4
438,37,14,141,3,4,4,3
526,37,43,147,1,6,3,2
578,37,26,196,1,8,3,6
638,37,47,94,4,5,9,1
716,37,49,151,4,9,8,10
825,37,46,135,3,9,7,3
871,37,19,67,5,10,5,2
915,37,37,98,3,3,4,1
943,37,50,119,2,1,1,1
1069,37,28,89,4,7,9,3
1358,37,29,132,1,6,4,8
1458,37,50,234,1,9,5,4
1508,37,25,130,2,10,3,10
1588,37,40,181,4,7,3,6
1606,37,39,107,2,5,2,2
1774,37,47,101,3,10,3,9
1790,37,50,124,2,2,3,1
1824,37,10,203,3,1,4,1
2059,37,35,94,3,9,8,5
2199,37,17,95,1,9,1,6
2298,37,8,72,4,2,4,4
2440,37,47,212,1,6,9,4
2522,37,13,227,2,5,3,1
2568,37,30,191,2,8,6,6
2614,37,44,91,3,2,2,8
2654,37,21,146,1,3,4,8
2665,37,27,212,3,3,7,6
2878,37,34,151,2,1,4,5
3000,37,46,192,4,5,6,2
3048,37,42,122,2,1,9,9
3094,37,47,152,4,4,2,4
3258,37,45,105,5,6,4,1
3261,37,11,191,4,7,3,10
3297,37,10,131,1,8,5,8
3387,37,17,152,1,4,9,8
3491,37,20,78,1,5,3,6
3524,37,6,224,4,10,4,9
3527,37,16,157,5,3,3,6
3624,37,29,82,2,8,9,4
3681,37,42,137,5,6,6,7
3743,37,41,153,4,4,1,1
3746,37,10,194,5,9,3,10
3785,37,40,186,1,8,8,2
3814,37,13,94,4,10,5,2
3825,37,18,175,4,9,10,2
4158,37,30,118,2,10,8,9
4652,37,45,138,1,9,6,6
4696,37,24,229,1,1,6,2
4738,37,22,160,5,6,9,1
4964,37,14,86,1,4,6,2
4966,37,24,206,5,2,8,4
5030,37,15,192,5,1,10,1
5454,37,41,187,1,5,8,3
5528,37,20,100,3,6,6,10
5604,37,6,80,4,10,6,7
5671,37,8,120,3,2,6,9
5753,37,15,91,5,6,2,8
5981,37,36,212,5,10,3,2
6082,37,39,140,1,5,5,9
6211,37,45,197,3,4,8,3
6295,37,27,112,2,6,8,4
6345,37,5,140,5,9,3,3
6448,37,18,198,1,4,4,7
6506,37,13,115,1,2,10,3
6529,37,25,178,3,5,2,8
6570,37,23,87,1,6,4,2
6726,37,22,128,1,9,8,4
6734,37,10,57,4,7,1,8
6908,37,14,229,4,2,9,2
7075,37,41,116,3,5,8,10
7095,37,16,114,3,1,6,7
7140,37,32,209,1,5,8,5
7151,37,8,105,4,4,9,10
7329,37,10,126,3,7,7,7
7411,37,26,75,1,6,4,3
7579,37,45,230,5,2,4,8
7635,37,23,101,3,1,9,9
7915,37,5,143,2,8,10,5
7943,37,43,116,4,9,3,8
7994,37,48,110,1,3,4,3
8026,37,47,187,4,2,5,10
8170,37,50,176,1,10,1,8
8280,37,21,183,4,8,2,7
8364,37,27,224,4,9,7,4
8413,37,20,172,3,5,3,10
8482,37,5,221,4,4,1,10
8487,37,27,128,5,4,10,2
8880,37,9,84,2,5,5,1
9036,37,16,212,1,2,7,1
9129,37,17,198,5,3,7,6
9178,37,10,146,1,2,4,3
9181,37,28,225,5,10,5,7
9370,37,8,231,1,2,3,6
9559,37,16,230,5,3,7,5
9837,37,50,236,5,6,10,6
9876,37,22,123,1,7,5,2
9919,37,33,228,3,10,10,8
9991,37,48,197,3,1,10,9
168,38,40,169,1,2,5,10
211,38,47,219,5,1,5,7
276,38,41,116,2,3,9,5
496,38,19,104,4,5,10,8
594,38,31,96,2,2,9,6
624,38,34,116,1,7,7,10
683,38,30,190,3,10,2,6
827,38,32,81,5,5,1,7
1363,38,30,92,1,10,4,3
1367,38,16,228,4,2,7,9
1601,38,32,181,4,8,4,7
1614,38,7,189,2,4,3,8
1658,38,31,130,2,6,7,8
1755,38,5,205,3,10,8,9
2083,38,50,103,2,1,4,4
2264,38,38,195,2,9,8,9
2324,38,20,87,2,10,10,2
2490,38,5,139,4,2,6,7
2863,38,49,144,1,10,7,4
2949,38,7,202,3,5,5,10
3011,38,5,99,1,9,7,7
3018,38,20,234,5,3,1,10
3116,38,41,207,4,7,5,2
3154,38,25,147,2,8,9,10
3226,38,12,102,4,9,1,8
3404,38,23,216,1,5,2,2
3459,38,21,189,2,9,4,5
3501,38,19,113,5,5,1,7
3755,38,5,225,3,5,3,8
3860,38,28,120,3,1,1,2
3891,38,25,152,5,4,6,9
3908,38,24,90,3,5,10,5
4092,38,50,113,5,6,9,4
4162,38,27,237,2,6,1,4
4551,38,25,217,3,8,10,3
4556,38,18,206,2,1,9,9
4731,38,44,152,2,8,4,1
5093,38,38,108,4,7,5,5
5155,38,41,138,2,6,6,6
5208,38,18,109,3,9,6,9
5213,38,15,155,3,3,2,10
5226,38,25,130,4,3,10,9
5480,38,48,142,1,10,1,10
5499,38,17,237,1,1,2,7
5580,38,9,226,4,5,8,6
5622,38,7,165,3,6,9,3
5638,38,44,133,4,1,3,2
5688,38,41,127,5,5,2,10
5725,38,45,134,4,8,3,9
5929,38,15,129,2,3,4,9
5947,38,34,223,5,5,8,5
6033,38,14,183,5,10,1,4
6111,38,25,157,2,4,1,7
6138,38,41,219,4,7,1,9
6339,38,21,218,1,7,9,3
6359,38,35,174,4,8,8,6
6414,38,15,117,1,7,3,2
6478,38,19,124,1,7,6,6
6572,38,13,80,5,3,8,1
6651,38,21,198,2,4,7,6
6655,38,14,69,2,2,5,6
6747,38,5,153,2,10,7,5
6834,38,36,176,5,2,6,7
6889,38,29,96,5,6,1,2
6994,38,45,202,3,8,8,7
7066,38,25,122,1,7,10,7
7090,38,13,154,1,6,6,5
7148,38,18,118,1,5,10,8
7265,38,47,124,4,2,2,9
7318,38,20,84,2,3,9,8
7597,38,16,167,4,7,9,10
7676,38,25,82,2,8,4,5
7732,38,33,220,1,3,5,4
7858,38,39,118,1,9,5,7
7905,38,6,88,4,6,10,1
8370,38,27,205,2,6,6,8
8391,38,8,119,3,6,10,5
8497,38,25,176,5,8,5,6
8545,38,27,80,2,1,3,7
8705,38,18,189,1,3,10,7
8707,38,49,202,1,7,1,7
8775,38,36,232,1,5,8,4
8778,38,26,124,2,2,9,6
8793,38,27,119,2,9,9,2
8902,38,6,149,4,3,1,7
8971,38,37,227,2,8,9,2
9239,38,39,88,3,3,3,3
9241,38,14,206,5,2,1,10
9268,38,23,233,3,3,4,7
9321,38,47,162,3,7,6,4
9419,38,28,236,3,6,5,10
9485,38,42,133,1,5,4,10
9519,38,38,155,3,3,3,5
9613,38,15,94,2,6,5,3
9707,38,24,147,1,4,3,2
9956,38,10,165,5,10,6,4
42,39,26,127,3,10,10,6
133,39,26,224,5,9,10,2
209,39,19,133,1,10,6,3
325,39,38,131,1,9,7,3
522,39,21,234,1,7,9,2
620,39,48,216,1,1,6,9
718,39,46,121,5,8,3,2
756,39,50,152,5,9,10,6
780,39,16,236,3,4,8,7
872,39,7,88,1,6,6,4
912,39,38,134,3,7,5,7
1062,39,47,185,4,7,2,4
1141,39,7,157,1,3,10,3
1321,39,22,160,5,4,1,7
1559,39,30,125,1,10,2,3
1575,39,33,90,3,3,6,3
1612,39,30,204,2,9,10,1
1676,39,28,139,5,10,3,6
1809,39,46,222,1,2,1,10
1945,39,32,112,5,2,7,2
1987,39,23,160,5,5,6,3
1993,39,6,99,2,3,9,1
2138,39,33,234,2,7,2,3
2192,39,23,120,3,5,5,2
2309,39,14,199,3,6,6,7
2737,39,38,195,1,9,4,7
2758,39,30,132,3,7,2,6
2868,39,8,140,3,6,10,2
2892,39,36,141,4,3,5,5
2936,39,49,160,2,8,5,5
2941,39,24,229,4,1,3,9
3096,39,42,206,4,2,5,3
3396,39,24,148,3,9,3,9
3475,39,23,73,4,9,6,9
3810,39,10,140,1,7,4,10
3875,39,25,82,5,8,5,4
4030,39,30,195,1,3,5,1
4072,39,13,221,3,7,9,10
4130,39,40,170,5,1,8,8
4306,39,20,105,2,4,6,3
4345,39,38,234,3,10,10,7
4387,39,32,145,1,4,10,2
4590,39,37,96,5,3,3,6
4655,39,47,109,3,4,3,6
4711,39,49,214,2,3,3,8
4752,39,44,177,4,8,5,3
4830,39,28,142,4,4,8,3
4954,39,34,144,2,8,1,8
4971,39,40,221,4,7,6,8
5088,39,23,206,5,8,10,1
5095,39,29,227,5,3,8,5
5120,39,32,167,2,3,1,1
5222,39,19,223,1,3,7,3
5383,39,49,229,4,1,10,3
5491,39,34,197,1,1,10,7
5555,39,33,89,5,6,8,1
5943,39,36,221,1,6,2,10
5965,39,25,155,5,1,3,6
6446,39,46,121,2,2,7,5
6978,39,25,123,2,7,3,5
7118,39,30,163,5,2,2,8
7242,39,46,192,5,6,5,10
7243,39,43,230,3,6,3,10
7296,39,12,179,1,7,7,2
7362,39,22,226,2,6,5,4
7565,39,26,137,1,7,3,2
7576,39,12,150,3,5,2,6
7615,39,38,113,2,1,9,2
7717,39,30,221,3,10,1,3
7718,39,35,171,4,3,9,2
7758,39,18,191,2,3,7,6
7773,39,47,126,3,4,9,5
7833,39,33,226,2,10,1,2
7873,39,37,224,2,3,6,3
8139,39,26,211,5,5,2,9
8209,39,22,128,2,7,9,4
8254,39,16,115,4,2,6,8
8363,39,6,186,4,10,9,9
8472,39,8,123,5,1,9,7
8567,39,7,194,1,3,1,8
8631,39,9,92,4,7,4,9
8637,39,5,163,3,6,6,8
8641,39,16,236,3,5,2,5
8654,39,15,144,5,7,3,10
8792,39,17,197,5,10,9,8
8893,39,18,158,1,8,3,10
9061,39,5,215,5,3,6,10
9068,39,39,230,1,6,4,2
9208,39,15,186,5,5,8,1
9211,39,14,96,5,9,1,6
9611,39,21,221,2,4,1,9
9709,39,9,100,3,10,1,7
356,40,29,102,2,5,9,5
376,40,33,237,1,4,2,4
440,40,8,158,1,1,6,10
576,40,33,173,2,6,9,7
611,40,9,119,2,6,4,9
678,40,39,139,4,6,2,8
866,40,8,66,4,6,6,1
954,40,9,198,1,1,8,2
962,40,24,85,4,9,3,2
987,40,49,200,4,3,5,2
1186,40,16,168,1,2,1,6
1202,40,38,195,5,8,7,5
1261,40,41,99,4,6,8,4
1386,40,35,222,2,6,5,2
1406,40,12,126,4,3,1,5
1497,40,24,146,4,8,4,7
1503,40,23,156,5,3,7,7
1527,40,26,98,3,8,8,4
1714,40,29,172,3,5,4,10
1923,40,34,210,3,10,9,9
1967,40,17,128,5,6,6,8
2008,40,20,203,1,7,3,8
2204,40,39,211,1,10,8,5
2429,40,39,178,5,4,3,2
2569,40,45,131,1,4,10,10
2573,40,9,72,5,3,8,10
2759,40,8,72,4,5,10,4
2986,40,16,106,4,7,3,5
3073,40,14,78,2,3,2,10
3303,40,24,196,4,2,1,5
3451,40,44,104,5,7,2,4
3483,40,33,110,5,3,7,7
3568,40,48,214,4,6,4,3
3678,40,31,168,5,2,5,5
3725,40,42,162,4,1,2,7
3837,40,18,157,3,1,2,5
3895,40,48,142,2,5,8,5
3924,40,25,195,4,2,1,6
4517,40,19,113,2,5,3,9
4528,40,20,200,1,8,2,3
4755,40,32,202,5,6,9,1
4836,40,8,79,4,3,7,7
4855,40,6,149,4,8,9,7
4864,40,36,142,3,2,5,9
4990,40,14,125,1,7,2,10
5041,40,19,221,4,2,2,7
5311,40,5,88,5,8,1,9
5456,40,46,186,5,9,1,9
5729,40,24,137,1,4,10,1
5813,40,16,71,2,1,1,1
5885,40,44,146,5,6,2,5
5948,40,39,163,5,2,3,8
6084,40,36,159,4,6,1,3
6100,40,12,79,1,7,3,6
6235,40,44,169,3,4,1,10
6275,40,42,161,4,6,9,10
6337,40,17,157,4,8,6,9
6387,40,47,172,3,10,5,1
6420,40,47,147,1,2,7,2
6435,40,26,104,1,3,5,10
6501,40,22,159,1,10,8,2
6619,40,21,127,3,6,5,5
6717,40,42,100,4,2,10,9
6805,40,42,194,5,2,7,5
6872,40,29,169,4,2,2,7
6881,40,11,112,3,2,7,4
6917,40,26,154,1,8,5,3
7068,40,5,72,3,8,1,2
7375,40,27,95,3,6,1,7
7446,40,48,164,2,4,7,4
7651,40,5,205,1,9,3,6
7719,40,8,116,2,3,4,4
7849,40,7,87,2,9,3,7
7898,40,46,152,1,3,6,9
7969,40,19,206,1,9,6,5
7982,40,29,180,4,6,9,10
8274,40,23,103,4,8,7,3
8506,40,43,221,2,5,3,3
8564,40,36,118,1,9,9,1
8658,40,30,123,3,2,1,5
8831,40,36,184,1,8,4,3
8939,40,39,119,3,10,5,5
8953,40,10,162,1,9,7,1
8960,40,15,189,1,7,4,7
9056,40,15,140,3,8,9,7
9251,40,17,239,5,1,7,2
9397,40,6,79,1,7,7,8
9463,40,36,134,1,9,4,1
9914,40,49,104,5,8,5,7
9938,40,24,112,3,4,5,3
175,41,22,181,2,5,8,10
692,41,8,74,4,1,9,10
868,41,13,212,2,5,5,1
1012,41,19,113,5,5,10,4
1331,41,10,151,5,8,2,6
1403,41,28,225,2,4,1,1
1473,41,13,143,5,3,10,6
1502,41,23,87,1,9,9,2
2038,41,45,101,1,3,2,8
2063,41,19,231,1,7,6,4
2186,41,40,225,5,1,1,5
2275,41,26,173,4,3,6,3
2802,41,19,77,3,8,3,4
2814,41,6,178,3,9,9,1
2850,41,16,191,5,4,5,1
2939,41,25,86,4,8,7,6
2953,41,43,113,5,2,7,1
2991,41,21,216,1,9,9,3
3269,41,46,181,2,10,7,3
3514,41,22,112,4,7,8,3
3654,41,31,188,4,10,4,5
3833,41,6,221,4,1,5,5
3887,41,7,184,4,2,9,4
3931,41,44,219,3,2,2,2
4055,41,6,123,3,4,7,2
4056,41,6,141,2,1,3,7
4174,41,47,159,1,7,8,10
4288,41,11,114,1,1,6,2
4327,41,25,150,2,8,1,2
4481,41,22,218,5,8,9,8
4632,41,33,186,3,7,6,5
4682,41,13,70,4,4,3,10
4724,41,25,172,5,7,3,1
4729,41,34,94,1,7,10,1
4956,41,37,175,4,7,1,7
4979,41,29,109,2,6,1,2
5054,41,5,126,2,9,6,8
5112,41,16,124,1,9,7,5
5207,41,17,103,2,2,10,7
5372,41,48,186,5,7,2,10
5447,41,48,151,4,7,4,1
5538,41,31,189,4,1,8,9
5562,41,30,237,4,5,10,3
5616,41,24,197,5,2,5,5
5624,41,26,181,5,3,4,8
5652,41,35,143,2,8,5,8
6101,41,33,231,1,1,8,9
6213,41,23,128,5,10,3,6
6362,41,25,145,1,7,9,6
6484,41,21,78,1,3,3,7
6585,41,11,158,1,10,3,10
6846,41,47,127,1,1,2,1
6851,41,22,182,3,9,4,8
6985,41,26,236,5,9,7,10
6991,41,35,199,5,6,5,6
7102,41,41,143,4,5,6,7
7218,41,40,139,1,3,10,1
7224,41,49,159,5,3,3,10
7324,41,9,229,2,2,3,9
7378,41,33,108,1,3,7,6
7524,41,7,72,1,7,6,6
7586,41,44,149,2,1,4,6
7598,41,14,83,1,3,2,3
8225,41,41,94,4,2,3,8
8281,41,22,89,1,2,5,6
8288,41,13,237,4,7,9,7
8329,41,31,170,2,6,1,9
8374,41,49,215,2,8,5,5
8610,41,7,118,2,2,1,6
8650,41,46,108,5,7,9,5
8779,41,21,166,3,6,6,7
8924,41,11,81,1,4,8,4
8951,41,27,183,2,1,10,4
8994,41,31,158,3,6,1,6
9059,41,7,196,5,8,1,3
9200,41,41,212,1,4,8,7
9258,41,48,154,1,5,1,4
9270,41,8,240,2,4,4,10
9273,41,47,149,4,2,1,3
9305,41,10,114,2,7,3,1
9334,41,28,134,3,8,9,1
9356,41,43,96,5,5,2,3
9457,41,26,106,4,2,6,7
9631,41,27,117,3,7,1,1
9717,41,32,94,2,4,2,7
9778,41,35,231,1,3,5,5
9789,41,16,71,5,3,9,7
66,42,49,103,4,5,4,7
154,42,41,103,4,3,6,2
158,42,27,226,4,4,1,6
287,42,17,167,5,9,8,10
383,42,34,106,3,8,6,5
469,42,40,233,1,4,8,8
627,42,41,135,2,9,5,2
705,42,27,168,4,4,1,5
775,42,28,153,3,5,5,10
792,42,7,63,2,3,7,1
859,42,49,131,3,2,4,5
1103,42,45,238,5,1,4,3
1108,42,22,110,4,6,5,5
1260,42,47,241,5,5,8,5
1521,42,17,208,1,4,10,3
1880,42,24,189,5,4,7,2
1937,42,12,241,1,2,10,2
2060,42,43,124,5,3,5,5
2177,42,14,99,5,7,3,10
2305,42,46,111,5,4,3,1
2361,42,30,109,1,6,8,7
2380,42,41,218,1,10,6,7
2427,42,27,96,4,5,1,7
2632,42,17,104,4,7,3,6
2760,42,35,188,1,10,4,6
2795,42,15,227,3,6,9,5
2875,42,27,167,1,7,4,6
2922,42,24,208,2,4,8,5
3180,42,27,133,2,3,8,1
3210,42,48,153,4,4,10,2
3272,42,13,186,4,1,4,5
3361,42,28,178,5,3,9,1
3464,42,13,136,5,5,1,5
3466,42,44,209,3,9,5,5
3591,42,14,239,2,1,3,9
3724,42,20,195,2,9,8,6
3788,42,15,234,3,5,9,5
4132,42,42,152,4,10,2,1
4348,42,45,146,4,8,6,7
4429,42,22,215,2,7,5,7
4478,42,13,117,1,6,9,8
4526,42,7,204,3,5,5,3
4773,42,25,171,3,10,7,9
5136,42,25,170,2,6,5,10
5162,42,25,189,3,3,10,1
5214,42,33,180,1,7,8,7
5262,42,10,176,2,5,2,4
5382,42,30,223,3,6,5,7
5488,42,30,148,5,2,8,2
5493,42,31,145,5,8,5,3
5502,42,45,135,3,4,9,10
5628,42,8,220,4,1,6,4
5656,42,37,133,3,4,1,7
5774,42,21,211,3,10,3,4
5976,42,19,114,4,9,5,8
6179,42,43,161,2,3,5,5
6200,42,50,155,2,8,3,2
6399,42,18,150,4,5,4,5
6523,42,28,217,5,4,8,7
6625,42,15,71,1,10,8,5
6639,42,30,84,1,9,1,3
6658,42,11,151,1,4,2,4
6724,42,39,195,1,3,10,6
6823,42,39,154,2,1,5,6
6941,42,43,203,1,10,5,9
6979,42,28,140,4,1,2,4
7025,42,37,205,3,6,3,2
7088,42,5,60,2,4,6,3
7280,42,14,94,3,8,6,4
7307,42,18,161,1,1,1,3
7336,42,36,198,1,4,7,6
7434,42,22,168,5,6,6,4
7569,42,19,167,5,3,6,3
7782,42,17,119,5,3,6,10
7984,42,36,193,5,9,3,3
8001,42,30,178,4,1,8,9
8188,42,11,221,3,3,9,6
8341,42,36,189,1,2,2,2
8646,42,6,209,2,8,3,3
8699,42,33,186,2,3,8,6
8728,42,6,73,3,6,7,6
8756,42,5,192,4,4,10,2
8937,42,48,173,1,4,2,2
8991,42,25,160,2,9,3,9
9043,42,42,113,1,4,2,9
9097,42,22,166,1,4,1,2
9308,42,46,216,4,7,4,6
9313,42,48,232,4,2,7,6
9354,42,48,237,1,6,2,10
9593,42,22,238,5,1,8,2
9655,42,50,207,5,5,6,6
9863,42,33,159,3,1,10,6
9878,42,13,229,5,1,7,6
9892,42,6,125,5,6,10,10
39,43,49,140,4,8,5,8
141,43,33,167,1,6,2,10
256,43,37,209,2,9,8,2
272,43,11,234,5,1,1,1
281,43,18,125,1,5,7,6
328,43,41,151,1,7,7,8
574,43,29,182,5,5,7,5
591,43,13,121,1,8,1,5
673,43,13,130,5,4,4,5
758,43,10,175,5,10,8,9
798,43,48,243,4,1,8,5
809,43,48,184,2,9,6,5
813,43,14,128,2,3,2,2
1243,43,5,204,1,2,1,8
1436,43,7,156,2,7,2,8
1481,43,19,194,2,9,2,10
1735,43,36,92,4,10,10,5
1803,43,33,108,3,2,2,10
1808,43,20,217,3,3,6,5
1857,43,21,222,3,8,3,7
2012,43,40,202,1,10,7,6
2070,43,46,239,2,7,4,6
2074,43,41,214,5,1,4,7
2287,43,14,190,1,8,4,1
2449,43,28,236,5,9,7,2
2717,43,10,207,2,9,1,4
2792,43,28,213,5,1,2,2
2848,43,5,239,5,8,5,7
2961,43,39,117,1,6,5,7
3145,43,47,160,1,7,9,7
3175,43,30,132,1,10,5,10
3186,43,22,148,3,9,5,4
3205,43,14,169,3,7,9,3
3211,43,38,175,5,7,1,9
3363,43,36,229,2,7,7,5
3383,43,42,153,5,4,6,7
3391,43,34,158,5,3,9,5
3547,43,8,99,1,8,2,9
3585,43,26,89,5,4,4,8
3824,43,40,154,1,2,9,8
3894,43,36,190,3,6,2,6
4000,43,7,62,3,3,3,1
4123,43,46,118,4,5,5,5
4136,43,7,197,2,6,9,9
4164,43,30,208,3,7,2,8
4340,43,16,80,3,3,2,9
4352,43,20,127,2,4,9,9
4460,43,32,219,4,10,9,7
4480,43,26,174,1,5,2,3
4612,43,46,104,2,6,8,7
4762,43,39,180,1,8,10,7
4862,43,6,210,5,8,8,1
4876,43,46,152,3,2,10,8
4961,43,36,226,1,7,8,7
5012,43,38,92,2,2,8,9
5038,43,46,223,4,9,10,3
5071,43,48,217,2,7,2,6
5232,43,30,216,4,8,7,6
5394,43,46,136,2,10,6,4
5407,43,33,196,2,10,2,9
5475,43,47,116,4,4,4,7
5639,43,18,167,1,5,5,5
5696,43,26,243,2,5,3,10
5789,43,40,160,2,7,4,4
5803,43,41,95,5,3,6,5
5834,43,27,224,1,1,2,8
5867,43,34,234,1,8,4,6
5889,43,30,169,5,2,7,5
5900,43,35,223,5,7,10,6
5945,43,30,140,3,4,1,2
6072,43,40,169,5,10,5,2
6195,43,47,126,2,7,1,5
6401,43,22,212,4,6,1,10
6539,43,11,111,5,5,1,7
6562,43,8,191,4,5,7,7
6590,43,11,153,1,10,4,5
6762,43,48,243,5,5,6,8
6841,43,5,162,1,5,7,1
6932,43,29,139,5,2,9,9
6957,43,45,232,5,6,6,6
7040,43,15,109,1,2,4,8
7043,43,45,179,3,2,8,4
7072,43,27,145,1,10,1,4
7245,43,33,141,5,4,3,10
7582,43,36,94,1,3,2,3
7619,43,49,122,1,5,6,6
7634,43,46,102,3,8,10,10
7963,43,28,183,1,6,2,6
8036,43,12,151,2,10,2,6
8125,43,45,107,5,8,1,2
8384,43,38,138,1,6,4,7
8388,43,41,144,5,4,2,1
8425,43,25,167,5,8,2,5
8531,43,50,145,5,7,8,1
8580,43,46,149,5,10,3,8
8598,43,11,216,4,6,7,5
8639,43,15,68,1,2,1,10
8675,43,11,229,1,9,5,3
8760,43,36,217,1,7,7,9
8802,43,28,134,1,1,6,10
9005,43,6,120,5,3,3,9
9156,43,35,170,5,6,3,8
9191,43,24,236,2,8,10,2
9619,43,34,124,2,1,1,8
9628,43,38,201,1,7,3,5
9669,43,28,193,1,10,4,10
9734,43,35,169,4,3,4,8
9754,43,6,138,3,7,5,7
9761,43,30,149,4,5,1,1
9779,43,27,238,2,2,7,10
9786,43,6,94,1,2,10,1
9958,43,33,219,5,7,7,5
10000,43,36,205,1,1,1,7
196,44,21,136,2,4,3,1
237,44,24,221,3,8,9,4
380,44,31,181,4,5,3,6
454,44,6,243,2,9,4,5
598,44,20,227,3,7,8,6
602,44,19,189,2,1,10,8
764,44,48,197,4,6,3,8
816,44,23,150,4,3,1,4
834,44,13,175,3,5,2,6
890,44,38,198,1,9,6,4
918,44,24,187,3,10,9,2
951,44,11,98,1,2,8,8
1064,44,9,153,3,4,3,6
1210,44,20,153,1,5,4,5
1359,44,25,103,5,5,1,4
1398,44,30,120,3,3,6,4
1407,44,43,192,5,8,10,6
1579,44,11,198,3,2,1,4
1710,44,47,140,4,5,1,5
1721,44,5,110,5,4,9,7
1782,44,18,132,3,2,6,5
1802,44,47,126,4,6,2,2
1856,44,16,143,2,3,8,5
1859,44,29,173,4,10,4,4
1878,44,46,231,4,7,8,10
1976,44,39,147,5,7,10,2
2133,44,33,149,1,8,5,2
2193,44,5,122,1,4,1,10
2422,44,9,163,5,10,5,5
2696,44,7,93,5,6,4,3
2762,44,48,214,4,7,9,9
2796,44,29,186,1,2,10,5
2816,44,25,183,1,6,5,7
2841,44,32,114,5,10,3,1
2912,44,25,192,3,1,7,4
2940,44,23,203,2,3,9,4
3075,44,32,93,4,4,7,8
3099,44,36,228,5,6,7,8
3344,44,9,104,2,7,2,8
3594,44,25,82,1,6,2,4
3610,44,43,205,5,6,1,6
3660,44,50,146,5,4,2,7
3920,44,10,176,1,5,8,10
4002,44,13,111,1,9,4,2
4058,44,8,243,3,5,3,7
4118,44,38,154,3,1,4,10
4269,44,12,124,2,1,9,6
4292,44,16,201,3,2,1,1
4707,44,42,161,4,7,5,3
4819,44,39,151,5,1,7,6
4974,44,49,180,2,8,10,1
4993,44,10,149,5,4,8,1
5074,44,18,239,4,9,1,5
5092,44,5,165,3,1,7,5
5105,44,34,92,4,2,4,7
5135,44,40,218,1,2,9,9
5271,44,10,102,5,6,4,8
5392,44,20,229,4,1,1,10
5520,44,31,198,2,10,5,3
5540,44,47,173,5,2,2,7
5585,44,32,198,3,6,9,3
5636,44,37,197,4,10,8,5
5693,44,23,101,2,1,1,1
5710,44,42,96,1,6,8,9
5754,44,5,193,3,10,8,10
5759,44,22,242,2,7,6,3
5790,44,35,181,3,7,6,1
5864,44,42,130,5,3,9,8
5880,44,19,202,4,8,3,4
5997,44,46,145,4,4,8,9
6224,44,13,77,1,4,3,9
6317,44,41,116,4,1,9,7
6367,44,11,137,2,5,6,6
6421,44,22,110,4,6,8,8
6690,44,24,166,2,5,4,1
6742,44,45,142,1,5,8,2
6837,44,47,136,2,7,2,8
6839,44,42,159,4,1,1,1
7046,44,10,161,3,5,8,10
7069,44,46,193,2,4,9,3
7178,44,44,178,2,7,1,6
7287,44,22,180,4,3,6,1
7290,44,29,161,1,1,1,10
7400,44,44,184,2,4,3,2
7458,44,11,130,3,5,3,6
7487,44,49,195,2,2,10,5
7561,44,9,111,2,8,8,9
7663,44,37,234,1,10,6,5
7733,44,9,121,2,8,10,3
7754,44,18,197,5,2,10,10
7841,44,10,98,1,9,7,8
7901,44,19,116,5,10,4,1
8013,44,17,97,5,8,3,8
8086,44,41,223,5,3,7,5
8203,44,34,221,4,8,5,9
8228,44,14,106,4,4,6,5
8539,44,9,204,3,4,6,2
8597,44,33,114,4,4,1,1
8729,44,21,141,2,3,6,4
8744,44,47,225,3,6,9,1
8955,44,26,233,5,1,1,6
9358,44,28,154,1,5,4,9
9396,44,6,156,1,8,6,2
9816,44,39,135,4,6,4,3
9948,44,12,199,1,10,1,5
360,45,7,70,2,6,8,6
830,45,16,225,4,3,6,4
991,45,28,181,5,5,8,1
1020,45,43,177,4,8,6,6
1417,45,24,151,3,9,6,8
1432,45,42,134,2,3,4,5
1460,45,49,217,1,3,3,5
1545,45,14,137,1,2,10,9
1597,45,6,102,1,9,2,7
1703,45,13,97,4,3,7,9
2009,45,16,136,3,5,5,7
2164,45,42,207,5,8,8,9
2168,45,17,123,5,3,10,8
2202,45,30,115,3,9,10,1
2252,45,29,158,1,10,9,3
2330,45,31,111,2,8,4,2
2358,45,16,112,2,4,9,8
2410,45,11,119,5,8,6,2
2500,45,11,236,4,5,1,7
2683,45,20,114,1,4,10,4
2914,45,35,162,3,10,7,8
2992,45,27,175,4,8,10,10
3257,45,49,180,2,6,10,2
3271,45,47,149,5,6,1,1
3424,45,12,239,3,7,1,3
3436,45,6,140,4,4,8,4
3748,45,29,103,4,5,8,10
3809,45,50,204,1,3,8,9
4150,45,32,241,2,5,9,4
4240,45,11,167,4,7,3,8
4377,45,47,165,1,2,8,1
4454,45,17,75,1,6,5,6
4586,45,36,183,2,8,2,1
4668,45,12,160,5,9,7,7
4671,45,40,185,4,4,3,6
4744,45,44,230,3,7,1,8
4832,45,11,129,4,2,7,1
4872,45,7,86,4,10,6,5
4932,45,29,157,3,2,9,5
4969,45,48,128,2,2,7,10
4991,45,17,165,5,3,1,5
5033,45,28,184,5,6,1,2
5070,45,30,128,1,4,6,8
5303,45,24,146,2,1,7,9
5414,45,12,82,4,10,6,8
5423,45,19,220,4,4,10,10
5445,45,21,89,3,10,9,6
5509,45,44,200,4,4,4,4
5588,45,31,124,3,6,1,5
5590,45,10,139,5,1,6,2
5646,45,49,181,4,10,5,2
5669,45,27,173,3,4,2,7
5718,45,21,164,3,10,2,6
5736,45,36,219,4,4,8,5
5921,45,9,236,2,1,10,3
5957,45,14,179,5,6,7,10
6021,45,17,83,3,1,2,2
6155,45,35,181,2,2,10,2
6233,45,20,88,2,6,7,2
6286,45,34,139,5,10,6,2
6365,45,49,225,2,5,10,1
6382,45,14,183,3,9,5,9
6738,45,38,98,5,5,1,7
6787,45,44,192,3,5,8,8
6835,45,32,136,3,5,5,2
6870,45,9,138,1,10,2,7
7051,45,25,205,4,3,6,10
7261,45,20,163,4,8,7,2
7374,45,47,116,5,4,10,5
7423,45,45,227,1,2,4,10
7444,45,43,144,1,1,6,4
7460,45,42,176,1,6,2,6
7536,45,44,218,1,9,8,2
7777,45,7,188,5,4,4,2
7852,45,6,105,2,7,10,3
7919,45,25,161,2,8,1,10
8039,45,20,214,4,5,7,1
8065,45,9,176,4,5,6,3
8082,45,15,80,3,5,3,2
8089,45,15,158,1,3,3,7
8244,45,7,231,1,10,5,9
8251,45,47,183,5,5,2,4
8253,45,26,225,4,2,3,4
8382,45,38,201,4,2,2,2
8527,45,46,154,4,1,3,10
8609,45,49,160,1,6,7,9
8632,45,31,210,4,8,7,2
8648,45,49,166,2,4,10,5
8661,45,37,124,2,5,4,7
8827,45,38,118,4,7,5,7
8835,45,43,111,1,1,6,1
8836,45,9,104,5,3,7,8
8860,45,31,215,1,8,4,9
8957,45,15,97,3,2,1,3
9027,45,34,140,2,10,8,7
9127,45,35,166,4,7,9,1
9341,45,31,179,1,2,10,4
9371,45,47,134,2,5,6,7
9524,45,38,108,5,8,1,1
9607,45,30,116,4,10,7,1
9749,45,27,192,5,7,3,7
9750,45,5,232,4,8,2,2
9764,45,22,181,3,6,1,2
9769,45,50,127,4,8,10,10
69,46,15,94,3,1,10,5
71,46,31,153,4,1,4,8
75,46,38,179,5,1,10,8
124,46,46,113,5,5,7,1
173,46,8,103,2,1,9,3
183,46,16,235,3,4,3,8
525,46,17,210,1,3,3,6
609,46,46,227,3,9,2,8
681,46,33,170,4,10,6,6
719,46,25,89,2,10,8,3
737,46,7,179,5,4,10,8
837,46,42,151,1,4,7,9
1014,46,11,237,3,5,6,9
1075,46,28,126,2,10,3,3
1183,46,33,191,1,7,4,4
1197,46,32,168,1,4,9,7
1379,46,19,143,5,7,10,7
1410,46,25,98,1,6,3,4
1439,46,48,109,2,1,10,3
1489,46,24,156,1,2,7,4
1630,46,33,232,5,7,4,8
1648,46,30,207,1,9,1,2
1893,46,12,166,2,5,2,8
1992,46,5,218,4,4,9,1
2064,46,28,184,3,4,7,8
2087,46,38,220,4,8,6,1
2140,46,21,182,3,7,6,5
2203,46,30,131,2,4,6,7
2265,46,20,100,5,3,9,10
2418,46,29,136,4,6,5,10
2576,46,25,191,5,8,2,2
2578,46,26,162,1,4,9,4
2650,46,44,108,1,10,8,2
2932,46,32,234,4,1,1,4
3171,46,12,137,5,6,1,9
3301,46,20,210,2,7,7,4
3337,46,27,145,4,8,9,8
3648,46,6,68,3,3,10,10
3672,46,50,226,2,3,1,8
3794,46,40,193,4,3,3,9
4168,46,30,186,3,5,3,10
4239,46,28,238,3,6,4,10
4265,46,13,174,2,5,5,5
4413,46,15,162,2,2,1,9
4455,46,34,234,1,5,3,9
4538,46,18,188,1,8,10,3
4709,46,34,143,3,1,1,9
4790,46,42,102,2,7,5,5
5048,46,33,160,1,7,6,8
5084,46,15,97,2,6,8,6
5290,46,19,76,5,7,4,3
5345,46,24,232,2,2,4,7
5542,46,43,221,1,4,9,5
5644,46,42,224,2,3,9,4
5749,46,29,232,3,6,4,5
5846,46,38,191,3,9,5,5
5994,46,37,242,4,2,9,2
6170,46,44,103,5,5,1,5
6378,46,33,229,2,5,3,9
6417,46,46,239,5,7,9,3
6555,46,5,192,2,4,6,5
6604,46,30,202,3,3,5,5
6611,46,37,225,3,9,5,3
6874,46,19,121,2,1,9,3
6969,46,15,103,1,9,1,5
6975,46,19,116,4,4,1,7
6984,46,48,128,5,5,7,2
7037,46,25,167,3,6,6,4
7131,46,38,127,1,10,10,6
7575,46,11,191,3,10,1,1
7600,46,8,236,3,5,10,2
7624,46,7,232,4,3,8,5
7656,46,47,174,2,2,4,3
7705,46,6,207,1,6,5,5
7721,46,45,214,2,1,4,9
7771,46,34,231,4,7,4,8
7786,46,15,122,1,6,9,6
7890,46,46,200,3,4,3,9
7899,46,29,192,5,5,1,1
7940,46,9,91,1,4,3,6
7942,46,8,201,3,8,5,2
8154,46,45,194,5,10,3,7
8178,46,22,209,4,8,1,10
8330,46,21,182,3,1,2,1
8466,46,27,118,2,5,2,9
8499,46,33,115,3,7,6,8
8559,46,24,175,1,10,3,6
8612,46,48,219,5,3,9,10
8627,46,47,191,3,5,7,10
8684,46,33,246,4,2,10,1
8761,46,45,214,4,4,10,6
8875,46,38,175,5,3,1,6
8935,46,34,201,1,6,6,9
9055,46,41,121,4,8,4,6
9333,46,28,229,5,3,2,2
9538,46,21,162,1,2,1,2
9574,46,45,143,5,2,3,9
9620,46,50,205,5,6,3,3
9634,46,14,242,3,5,6,5
9712,46,45,113,2,9,1,10
9751,46,19,142,3,7,2,8
9840,46,35,233,2,9,6,3
375,47,45,219,5,4,3,1
562,47,5,243,1,4,10,5
610,47,12,103,5,9,5,9
680,47,9,172,2,1,3,3
708,47,29,126,4,3,6,10
795,47,43,156,5,4,1,2
839,47,37,154,2,2,5,3
935,47,13,177,1,6,6,3
936,47,15,75,3,2,6,8
971,47,34,132,5,6,6,10
993,47,18,132,1,1,9,1
1136,47,49,137,3,5,7,6
1169,47,33,177,2,9,2,1
1184,47,13,219,4,6,10,3
1224,47,37,125,4,1,1,8
1304,47,35,188,2,8,7,8
1471,47,46,233,2,9,6,2
1590,47,24,85,5,2,9,8
1981,47,8,238,1,9,7,9
2098,47,47,134,2,6,7,1
2148,47,10,196,5,8,4,7
2268,47,17,158,5,9,5,7
2407,47,38,103,4,2,1,2
2415,47,45,112,4,8,3,3
2451,47,16,161,1,7,10,7
2476,47,21,218,1,1,2,9
2523,47,14,105,5,5,2,9
2566,47,22,140,1,3,8,4
2600,47,35,206,1,1,1,7
2622,47,15,118,4,4,1,5
2703,47,35,183,3,10,9,3
2822,47,28,235,5,1,4,4
2882,47,46,193,4,7,1,5
3008,47,34,222,3,7,10,2
3136,47,20,174,3,2,1,8
3348,47,8,93,2,2,3,1
3549,47,21,110,3,5,7,10
3802,47,26,181,1,7,2,9
3881,47,7,74,4,8,8,8
3900,47,45,199,1,3,3,8
3919,47,32,188,4,7,9,8
3973,47,25,189,4,7,10,1
4091,47,39,96,4,7,6,10
4156,47,20,180,3,3,9,8
4216,47,41,153,5,10,8,3
4282,47,29,135,1,1,6,7
4332,47,33,188,5,9,10,3
4436,47,15,178,3,4,8,3
4710,47,31,93,2,9,7,4
4713,47,24,159,3,6,1,4
4834,47,18,110,5,10,7,5
4840,47,5,82,4,4,10,2
4856,47,44,211,2,3,7,5
4906,47,15,107,4,4,6,1
4907,47,32,202,2,6,5,6
4941,47,8,75,1,1,5,10
5062,47,9,97,4,2,10,3
5079,47,40,124,4,9,9,10
5124,47,8,208,2,6,10,3
5273,47,15,208,5,8,7,6
5333,47,38,173,2,1,10,4
5444,47,40,240,3,5,3,5
5460,47,40,132,1,3,3,6
5492,47,45,208,5,10,4,7
6026,47,20,91,3,4,1,7
6071,47,33,241,2,3,10,1
6403,47,15,83,5,3,8,5
6462,47,8,164,2,10,2,4
6551,47,20,100,2,1,2,3
6557,47,41,223,1,7,6,8
6688,47,28,98,3,10,6,10
6867,47,45,162,1,7,9,2
7015,47,5,213,5,7,4,8
7021,47,37,149,4,2,4,9
7096,47,20,107,4,10,9,8
7207,47,33,236,3,9,5,1
7212,47,22,79,4,9,6,7
7220,47,28,120,3,10,5,4
7386,47,18,100,4,5,3,1
7496,47,8,162,3,1,10,3
7644,47,20,107,5,9,6,4
7886,47,9,91,2,3,9,1
8018,47,17,91,4,1,3,6
8524,47,19,113,1,9,3,8
8572,47,50,175,4,7,9,2
8682,47,23,165,5,4,7,6
8748,47,36,170,4,10,2,9
8796,47,23,138,5,3,9,1
8862,47,14,75,2,9,5,7
8954,47,25,108,2,5,9,5
9106,47,34,95,2,1,1,2
9232,47,44,157,2,8,8,8
9379,47,6,106,4,1,5,7
9550,47,17,242,3,10,7,8
9551,47,35,222,5,8,7,5
9601,47,27,170,3,9,1,7
9625,47,42,173,5,1,3,10
9819,47,47,182,3,2,6,6
9824,47,10,164,3,9,5,2
9839,47,33,138,2,6,6,2
9908,47,10,214,5,5,1,1
48,48,29,142,2,1,1,10
64,48,28,140,5,5,10,5
103,48,28,105,5,8,2,8
127,48,29,139,2,6,7,9
130,48,35,225,1,6,4,3
309,48,5,161,4,5,8,8
468,48,18,86,5,3,6,1
597,48,48,142,4,9,6,2
682,48,40,136,5,9,3,10
766,48,28,244,4,10,6,2
941,48,34,155,1,1,9,3
1208,48,22,130,2,10,7,6
1229,48,18,158,5,2,1,3
1402,48,15,119,5,10,9,5
1504,48,45,188,4,5,2,4
1530,48,49,166,1,4,7,8
1751,48,38,229,4,8,4,9
1985,48,12,91,5,2,3,10
1996,48,19,243,4,10,10,10
2079,48,49,201,3,4,9,2
2093,48,45,211,4,9,8,4
2225,48,50,243,4,9,9,1
2239,48,11,118,1,5,4,1
2350,48,20,86,5,6,5,8
2580,48,26,154,2,7,10,3
2593,48,29,133,4,4,6,8
2645,48,30,215,4,5,9,10
2652,48,45,206,3,6,8,1
2770,48,45,212,1,8,6,7
2889,48,10,243,4,5,8,2
2902,48,5,126,2,2,10,3
2916,48,23,215,5,9,10,4
2978,48,50,200,5,4,4,8
2989,48,47,110,3,9,3,2
3359,48,25,97,4,6,1,7
3477,48,14,219,2,9,1,10
3598,48,11,197,3,4,5,5
3995,48,42,192,3,6,1,7
4051,48,42,191,4,7,6,5
4054,48,12,162,5,1,4,5
4109,48,12,159,5,8,7,4
4135,48,47,143,3,3,7,10
4245,48,34,181,2,10,4,3
4337,48,47,168,2,2,7,9
4549,48,27,160,1,9,4,1
4890,48,27,200,5,8,2,1
4967,48,48,108,4,7,8,6
5067,48,10,133,3,5,10,6
5081,48,11,243,4,9,8,5
5328,48,18,170,3,7,10,8
5452,48,7,172,4,10,3,8
5474,48,27,201,4,9,2,4
5550,48,33,130,5,8,10,5
5611,48,43,169,1,9,6,1
5660,48,21,185,4,3,3,1
5662,48,23,103,1,4,7,2
5731,48,24,99,1,2,1,2
5975,48,34,124,2,4,4,3
6038,48,11,123,4,8,2,10
6059,48,38,123,1,9,10,3
6123,48,23,174,5,5,9,5
6152,48,37,166,4,5,3,2
6159,48,10,95,4,5,2,2
6192,48,19,221,2,10,6,3
6264,48,9,236,4,10,4,1
6389,48,47,158,3,10,4,2
6541,48,40,191,1,1,10,3
6662,48,11,77,3,1,8,2
7165,48,31,243,2,5,9,10
7171,48,30,206,3,8,1,10
7182,48,50,115,3,8,9,6
7190,48,19,130,3,3,5,9
7259,48,31,138,4,3,2,8
7262,48,44,209,1,1,1,8
7289,48,41,206,2,6,4,7
7359,48,17,157,3,10,3,7
7381,48,12,188,2,5,4,9
7383,48,19,154,2,1,8,10
7527,48,8,118,4,4,2,3
7625,48,8,234,4,1,6,9
7700,48,27,129,3,6,2,8
7712,48,16,162,1,7,7,1
7738,48,8,69,3,5,3,3
8383,48,33,221,3,9,5,1
8392,48,19,144,3,4,7,2
8575,48,9,221,2,9,7,9
8672,48,5,246,5,8,4,1
8685,48,38,248,5,5,2,3
8859,48,36,122,3,3,10,4
9062,48,50,206,5,3,9,9
9210,48,27,110,1,10,6,9
9501,48,47,235,3,7,8,10
9518,48,48,226,4,8,8,5
9832,48,22,244,4,9,6,4
9957,48,13,235,4,10,8,3
9982,48,44,122,5,5,4,10
200,49,23,206,3,8,2,6
203,49,39,224,5,4,5,7
241,49,35,164,5,10,7,5
250,49,28,89,4,4,4,1
323,49,27,96,3,5,5,1
397,49,31,177,1,9,1,4
463,49,33,233,2,8,7,4
488,49,10,82,2,9,7,3
762,49,14,198,3,6,1,5
794,49,41,182,4,5,9,9
826,49,29,89,2,5,9,2
898,49,38,181,5,4,2,5
1004,49,24,198,5,1,5,9
1139,49,29,238,5,2,3,10
1346,49,11,75,5,4,6,8
1656,49,13,84,5,5,8,5
1686,49,45,194,5,1,10,3
1708,49,40,113,4,8,7,4
1725,49,50,155,5,6,8,6
1726,49,22,221,5,6,7,2
1853,49,15,119,3,3,9,1
1948,49,7,147,3,5,4,9
2043,49,22,227,4,8,4,9
2085,49,33,147,5,1,6,7
2238,49,43,199,2,9,6,4
2269,49,10,115,3,6,1,4
2377,49,39,165,1,7,7,3
2484,49,19,219,3,9,7,2
2556,49,38,109,3,10,7,3
2612,49,23,141,3,6,8,9
2640,49,33,93,3,10,3,2
2990,49,26,235,2,7,8,9
3054,49,24,137,3,9,10,8
3065,49,31,123,5,5,2,7
3130,49,13,202,2,8,4,1
3293,49,45,138,3,7,9,9
3441,49,16,81,4,3,9,10
3586,49,16,191,5,3,6,8
3710,49,30,136,2,5,9,3
3877,49,30,121,4,7,9,2
3929,49,49,172,4,7,1,8
4047,49,46,117,1,9,6,1
4090,49,41,159,3,6,1,7
4243,49,16,143,5,2,3,10
4637,49,16,121,4,9,8,1
4888,49,27,123,2,3,2,4
5046,49,26,202,2,2,6,8
5221,49,20,236,1,8,10,6
5344,49,41,197,1,8,7,6
5402,49,7,226,4,2,2,6
5455,49,30,133,5,7,2,9
5485,49,16,221,2,7,1,5
5589,49,18,125,3,7,2,7
5778,49,29,215,3,8,2,3
5950,49,20,140,4,1,10,4
5962,49,19,138,1,6,6,4
5963,49,49,205,2,6,1,5
6308,49,19,249,5,8,6,9
6377,49,25,215,2,9,2,8
6577,49,5,150,5,2,2,3
6591,49,7,220,5,1,6,5
6847,49,9,114,1,8,4,3
7030,49,33,184,4,4,8,2
7048,49,34,166,4,1,8,5
7716,49,46,133,1,4,6,6
7801,49,11,237,1,8,1,4
7896,49,36,133,1,4,1,7
7968,49,16,228,3,1,4,2
8009,49,8,205,2,1,3,9
8019,49,20,98,1,1,2,6
8050,49,25,107,2,3,3,3
8256,49,23,183,2,6,2,9
8270,49,39,167,2,2,6,9
8327,49,45,236,1,2,4,9
8371,49,8,80,5,9,6,6
8396,49,40,165,2,7,9,6
8465,49,36,194,1,10,8,5
8504,49,39,141,2,6,3,8
8551,49,16,140,4,1,6,8
8585,49,48,120,5,6,4,2
8926,49,49,240,1,7,2,3
9070,49,45,167,5,3,6,1
9375,49,40,168,1,9,2,8
9412,49,37,216,2,8,4,2
9415,49,5,198,2,6,1,10
9462,49,22,87,3,7,5,3
9660,49,34,151,5,3,5,5
9720,49,38,200,1,6,6,5
9813,49,32,94,5,9,3,2
9817,49,39,174,2,9,8,5
9921,49,17,142,4,8,8,2
9951,49,40,180,5,3,3,4
117,50,15,141,2,6,7,8
166,50,44,225,3,6,10,3
167,50,27,110,3,4,2,8
270,50,16,204,3,8,3,2
607,50,40,194,3,6,8,4
790,50,6,215,4,2,1,1
1192,50,43,177,3,7,6,1
1217,50,40,195,2,1,5,6
1240,50,12,227,1,3,3,7
1325,50,49,120,2,2,9,1
1339,50,28,172,4,6,4,4
1352,50,37,154,2,7,3,1
1427,50,37,228,4,8,2,9
1443,50,29,212,5,4,10,7
1465,50,47,194,5,7,4,1
1495,50,14,243,4,8,7,8
1558,50,27,191,2,10,10,8
1581,50,42,179,1,4,10,4
1631,50,17,174,2,8,3,5
1828,50,46,160,1,7,6,8
1872,50,5,136,4,2,4,3
2092,50,50,196,2,8,3,9
2162,50,32,206,1,9,6,8
2195,50,28,141,2,1,3,9
2230,50,46,217,4,5,5,3
2236,50,13,170,2,3,7,6
2243,50,28,163,3,4,6,1
2271,50,26,143,2,10,4,10
2308,50,12,249,1,8,10,2
2603,50,49,244,1,10,6,6
2644,50,14,190,3,10,8,8
2825,50,20,241,3,3,7,8
2924,50,20,236,2,9,4,3
2929,50,44,128,1,3,4,9
3059,50,37,157,1,5,1,10
3113,50,41,203,5,3,7,3
3262,50,23,245,5,6,3,8
3266,50,34,107,3,7,10,7
3333,50,30,245,5,6,2,7
3481,50,19,97,1,2,9,3
3577,50,47,215,1,4,1,6
3866,50,38,132,1,7,7,10
3889,50,16,210,4,2,5,1
3903,50,44,130,5,2,1,5
3983,50,38,135,2,9,4,6
3993,50,16,211,4,5,6,5
4188,50,12,79,1,2,2,8
4237,50,17,119,3,4,2,1
4256,50,36,192,3,5,5,2
4610,50,32,102,2,5,8,4
4617,50,47,117,5,5,7,8
4859,50,15,162,3,10,9,3
4987,50,15,124,5,1,9,7
5131,50,21,226,5,2,2,5
5293,50,19,88,4,1,4,5
5481,50,11,124,3,10,9,1
5513,50,48,202,4,4,1,1
5537,50,12,226,4,8,1,9
5689,50,38,197,1,5,4,2
5777,50,24,190,1,3,5,10
5801,50,7,214,5,6,3,6
5839,50,20,143,2,5,7,9
5926,50,13,173,3,5,3,8
6018,50,38,236,2,9,6,4
6050,50,44,124,4,2,7,1
6272,50,10,75,2,8,6,6
6535,50,45,157,2,1,2,1
6598,50,6,190,2,5,7,10
6660,50,8,98,4,7,10,4
6679,50,45,211,1,2,9,4
6892,50,27,108,3,10,8,2
6898,50,36,240,4,2,3,9
7064,50,40,138,4,7,8,7
7282,50,14,77,5,3,3,5
7297,50,36,164,1,8,9,6
7387,50,42,150,1,6,9,3
7439,50,22,104,5,1,7,3
7441,50,22,185,4,3,9,9
7478,50,48,152,4,6,3,9
7519,50,16,187,4,9,1,2
7532,50,9,217,5,2,5,2
7706,50,50,160,2,10,3,9
7776,50,39,185,4,9,7,8
7808,50,48,185,5,2,7,1
7888,50,10,221,4,5,3,4
8069,50,37,203,3,3,9,6
8138,50,40,165,1,5,3,1
8172,50,27,127,4,7,10,2
8310,50,45,178,2,5,6,4
8784,50,43,237,3,8,2,4
8823,50,38,238,2,6,2,4
9137,50,35,150,1,9,1,6
9247,50,10,211,1,6,7,8
9253,50,19,228,4,3,8,5
9261,50,49,212,4,1,9,10
9299,50,32,196,3,6,4,5
9330,50,50,199,2,10,10,1
9377,50,20,175,1,5,10,5
9400,50,21,218,5,5,1,5
9530,50,43,233,1,6,9,5
9564,50,36,207,2,2,7,2
9588,50,30,203,1,1,2,6
9640,50,46,176,3,8,2,9
9662,50,39,139,5,4,10,1
9701,50,24,143,1,10,4,8
9702,50,13,205,2,4,4,4
9860,50,23,201,5,10,9,5
9981,50,46,246,4,2,7,1
32,51,40,136,3,10,5,1
139,51,11,134,2,3,10,5
157,51,46,149,5,4,1,8
195,51,44,166,2,7,10,4
225,51,35,166,2,3,6,1
240,51,43,244,1,9,9,9
340,51,21,211,3,2,1,7
381,51,30,123,5,8,9,9
486,51,44,105,4,9,3,10
501,51,49,194,4,2,4,5
530,51,5,97,1,1,4,9
695,51,21,219,2,7,7,9
747,51,15,241,2,2,10,8
850,51,49,193,3,3,9,4
968,51,23,163,1,9,9,8
1038,51,36,246,4,7,10,6
1046,51,45,247,2,2,3,8
1153,51,11,195,4,4,4,5
1233,51,11,155,5,6,3,10
1251,51,11,193,3,7,2,10
1564,51,34,210,1,3,2,3
1620,51,31,155,2,2,10,6
1767,51,25,144,2,7,4,2
1793,51,18,215,5,6,5,9
1810,51,16,157,1,10,6,6
1842,51,7,95,5,8,2,1
1844,51,44,182,3,1,10,8
2242,51,49,147,2,9,9,6
2341,51,5,92,2,10,10,6
2408,51,46,198,1,8,10,1
2469,51,23,178,4,2,8,7
2499,51,9,216,2,5,8,1
2501,51,33,218,1,9,10,10
2855,51,23,113,5,10,3,4
3020,51,21,238,2,4,4,5
3074,51,48,155,2,2,1,9
3086,51,41,172,1,6,10,5
3106,51,49,194,4,10,3,6
3239,51,42,107,3,8,3,6
3273,51,36,233,2,3,8,7
3276,51,40,233,5,10,6,4
3534,51,21,130,4,6,4,6
3638,51,23,227,1,1,3,2
3701,51,29,104,3,9,1,10
3783,51,16,208,5,8,1,2
3822,51,9,139,5,4,10,8
3968,51,44,118,4,4,10,8
4103,51,38,177,4,3,6,6
4223,51,49,211,1,6,3,2
4250,51,46,113,4,8,10,5
4378,51,40,129,5,9,3,9
4444,51,18,186,4,6,2,5
4487,51,14,87,1,4,7,10
4519,51,23,213,1,6,4,8
4529,51,39,110,1,10,2,9
4597,51,10,76,3,2,3,3
4662,51,15,191,5,5,3,7
4858,51,20,250,5,5,2,6
4913,51,11,103,2,10,9,2
5047,51,30,250,1,3,7,10
5160,51,11,99,1,8,1,1
5592,51,50,219,4,1,4,2
5673,51,38,243,4,4,1,1
5679,51,45,217,4,6,1,5
5697,51,34,147,4,10,1,3
5844,51,13,220,1,10,4,1
5853,51,44,222,1,3,4,7
5858,51,14,170,3,5,9,7
5986,51,26,164,1,6,5,8
6073,51,41,212,2,8,9,10
6088,51,6,234,1,9,5,1
6116,51,18,93,3,2,3,7
6422,51,42,191,1,4,1,9
6588,51,27,218,2,9,4,10
6597,51,35,134,5,4,4,10
6627,51,16,190,2,2,3,6
6629,51,9,206,4,9,5,3
6635,51,31,129,5,5,6,1
6664,51,45,130,3,8,10,7
6789,51,45,239,3,6,5,6
6912,51,29,143,2,2,3,8
6958,51,45,244,5,7,3,2
7070,51,48,139,2,6,7,2
7119,51,14,113,2,8,9,4
7144,51,16,172,1,3,2,8
7159,51,29,196,5,7,2,10
7175,51,27,246,4,7,9,7
7247,51,46,240,2,9,10,10
7353,51,43,241,4,1,1,4
7403,51,17,214,4,4,5,4
7416,51,20,157,1,9,7,3
7467,51,15,129,3,10,9,4
7571,51,26,209,3,8,10,4
7572,51,21,124,3,4,10,7
7643,51,5,108,5,1,1,2
7647,51,33,146,5,9,2,6
7823,51,34,146,4,2,2,9
7857,51,10,244,2,6,9,5
7939,51,7,198,3,7,5,2
7944,51,34,138,3,6,8,6
7959,51,36,98,1,9,5,1
8206,51,48,189,3,1,8,9
8224,51,45,247,2,5,5,6
8573,51,49,246,3,6,1,1
8647,51,9,224,2,10,9,5
8929,51,7,158,5,4,3,10
8968,51,35,134,2,8,1,3
8975,51,26,191,5,4,10,7
9079,51,19,220,5,10,10,1
9109,51,10,81,1,4,10,3
9116,51,50,218,2,1,5,8
9142,51,11,108,2,1,5,1
9231,51,34,194,1,6,8,5
9297,51,10,208,1,6,6,10
9449,51,23,209,1,3,4,5
9482,51,29,234,5,9,5,1
9495,51,46,177,3,7,6,4
9627,51,22,243,4,10,9,1
9800,51,18,239,3,10,2,4
9999,51,30,128,5,2,1,8
228,52,27,105,3,1,3,6
331,52,38,148,2,1,3,2
425,52,12,84,3,6,2,2
743,52,10,85,3,6,8,3
783,52,49,116,1,10,4,1
836,52,13,81,4,10,9,1
909,52,12,235,5,7,2,3
930,52,22,92,3,2,5,7
997,52,38,228,1,10,7,10
1179,52,15,92,3,9,6,3
1195,52,26,203,2,1,8,5
1316,52,25,227,2,9,2,6
1451,52,30,169,2,7,5,5
1476,52,25,171,1,10,4,9
1687,52,47,226,2,10,10,4
1718,52,45,151,2,2,8,4
1754,52,5,75,4,5,9,3
1904,52,10,192,5,3,8,6
1912,52,38,193,3,6,3,9
2026,52,44,229,5,7,6,10
2033,52,38,174,3,8,4,2
2067,52,13,190,5,2,4,2
2086,52,25,234,5,10,10,5
2167,52,15,143,4,9,10,1
2212,52,38,206,5,1,10,8
2229,52,28,177,4,5,2,4
2245,52,32,220,3,8,7,10
2247,52,50,215,1,2,10,7
2373,52,12,93,4,9,1,6
2481,52,28,130,2,2,5,2
2521,52,28,96,4,6,7,7
2728,52,17,203,5,9,3,9
2763,52,49,241,4,2,5,1
2928,52,41,207,1,3,3,9
2983,52,46,222,2,8,8,5
3151,52,24,150,5,1,1,9
3508,52,47,225,5,10,8,1
3523,52,28,93,1,3,3,6
3574,52,28,147,5,1,4,4
3734,52,10,209,2,9,4,4
3781,52,36,189,3,5,8,9
3987,52,41,200,5,5,8,2
3991,52,24,219,1,7,4,4
4045,52,26,116,3,5,5,1
4087,52,22,213,2,5,1,2
4225,52,38,235,5,9,10,1
4295,52,18,222,5,3,1,6
4315,52,9,142,5,8,9,5
4477,52,43,148,2,1,8,8
4524,52,48,158,5,4,2,2
4624,52,22,172,5,1,5,2
4704,52,20,149,3,3,10,10
4786,52,20,232,1,6,1,3
4886,52,35,209,4,7,6,8
4938,52,29,251,1,3,3,9
5008,52,27,225,5,4,7,4
5075,52,36,229,3,5,6,8
5104,52,38,180,1,5,9,10
5128,52,33,168,5,6,1,7
5252,52,5,86,5,1,2,4
5439,52,34,224,3,6,8,1
5472,52,38,243,4,1,10,2
5503,52,11,232,1,7,3,10
5835,52,19,94,3,2,2,2
5845,52,21,90,2,8,6,5
5869,52,10,232,1,9,9,4
5901,52,8,159,2,7,8,4
6278,52,26,110,1,3,3,2
6363,52,49,198,5,8,10,8
6704,52,32,184,4,7,8,6
6707,52,14,141,1,1,5,6
6780,52,13,248,4,8,1,8
6964,52,49,142,4,5,10,3
7023,52,30,97,2,1,2,7
7138,52,22,246,5,6,3,1
7512,52,14,203,1,1,9,2
7660,52,21,173,1,3,10,10
7755,52,47,175,4,8,4,4
7822,52,40,234,2,8,4,3
7881,52,26,119,5,9,7,6
8237,52,6,148,1,10,7,9
8320,52,28,101,3,8,8,1
8464,52,45,126,3,4,6,7
8478,52,22,186,3,8,1,2
8649,52,23,194,3,8,9,4
8692,52,21,112,4,3,9,3
8870,52,10,198,5,8,4,7
8895,52,47,162,1,9,9,2
8940,52,29,179,1,10,5,1
8974,52,15,211,3,8,8,7
9038,52,23,93,4,8,7,10
9100,52,8,170,5,7,8,9
9179,52,27,206,1,10,9,1
9320,52,22,134,4,10,3,4
9344,52,44,122,2,2,4,2
9363,52,14,157,4,9,2,8
9526,52,35,195,5,8,7,5
9534,52,50,166,4,4,10,7
9708,52,15,186,3,10,7,6
9776,52,8,82,2,9,1,2
9969,52,49,239,2,5,10,1
9976,52,23,131,5,5,2,3
9994,52,49,235,2,4,5,4
149,53,24,136,4,1,5,8
185,53,14,174,3,4,7,4
277,53,20,145,3,5,1,3
398,53,39,197,4,10,1,6
420,53,7,124,5,2,5,5
451,53,50,137,1,6,1,2
505,53,24,173,3,3,5,10
599,53,27,100,3,6,7,3
671,53,27,212,1,7,3,4
710,53,13,231,4,6,8,6
767,53,50,157,5,5,10,7
811,53,16,229,4,6,3,2
998,53,25,159,1,3,2,5
1015,53,8,178,2,10,9,4
1084,53,37,178,3,8,8,5
1116,53,28,212,3,10,4,1
1226,53,24,194,4,5,3,1
1301,53,5,137,1,3,7,3
1467,53,29,223,3,3,7,6
1583,53,29,108,4,5,1,9
1628,53,26,89,4,6,10,6
1655,53,45,115,3,9,1,4
1747,53,40,236,1,2,1,10
1811,53,49,174,4,9,9,4
1869,53,47,183,1,10,9,8
1938,53,35,241,4,6,3,9
1982,53,36,183,4,10,6,4
2000,53,11,112,1,8,8,7
2142,53,46,179,4,9,1,3
2221,53,7,163,1,2,1,3
2263,53,36,206,1,7,10,6
2439,53,26,244,5,3,4,1
2455,53,42,115,2,9,10,10
2538,53,28,221,5,10,5,2
2585,53,22,170,3,8,1,8
2629,53,46,188,2,9,10,1
2667,53,34,135,2,3,6,9
2937,53,35,191,1,10,9,4
3034,53,20,228,3,4,5,9
3035,53,20,111,2,10,7,2
3121,53,8,210,1,5,6,4
3131,53,22,137,3,9,4,2
3849,53,24,169,2,9,1,9
3888,53,32,180,3,3,6,1
4005,53,38,102,5,3,1,5
4061,53,50,238,1,4,5,9
4210,53,26,189,3,2,8,2
4259,53,36,162,3,3,10,5
4262,53,7,133,5,10,6,6
4305,53,14,130,3,5,2,5
4465,53,35,198,2,6,10,2
4543,53,17,148,2,7,7,1
4653,53,30,225,3,6,4,6
4676,53,14,146,4,4,1,8
4808,53,7,252,5,2,7,6
4838,53,21,196,5,3,2,6
5000,53,12,99,1,4,3,6
5028,53,10,223,4,9,3,4
5051,53,47,197,3,4,10,3
5101,53,50,137,3,9,8,3
5154,53,47,205,1,4,6,10
5179,53,7,217,2,4,2,3
5247,53,10,214,4,8,3,4
5269,53,11,125,3,3,6,10
5332,53,44,249,3,4,3,8
5409,53,30,195,2,10,9,5
5682,53,13,150,2,1,9,5
5927,53,42,247,1,4,5,8
6006,53,12,92,5,6,8,9
6056,53,50,126,1,10,8,10
6207,53,42,228,3,4,5,1
6262,53,15,135,4,5,3,3
6568,53,19,233,1,10,4,10
6610,53,12,235,5,8,9,6
6631,53,10,125,4,3,7,4
6643,53,20,185,1,8,6,3
6702,53,41,180,5,3,7,3
6722,53,38,192,1,7,6,9
6735,53,14,146,3,2,4,8
6751,53,49,215,1,10,7,5
6913,53,49,219,5,3,7,10
6962,53,20,224,4,3,3,7
6968,53,27,115,1,8,10,1
6980,53,12,137,1,3,10,10
7035,53,16,177,2,6,7,7
7201,53,32,221,3,1,5,10
7232,53,5,149,1,4,1,9
7331,53,30,223,4,5,6,4
7504,53,23,188,3,4,7,1
7511,53,19,191,4,1,8,9
7590,53,34,233,5,4,1,10
7835,53,16,193,2,5,8,7
7870,53,27,100,4,3,2,10
8043,53,21,201,1,2,7,7
8101,53,49,140,1,5,10,2
8402,53,21,177,2,2,5,6
8667,53,28,218,1,9,4,10
8786,53,19,250,2,2,2,1
8832,53,33,229,2,7,6,8
8844,53,7,74,5,2,9,9
8866,53,9,204,2,1,7,3
9016,53,33,211,3,3,10,5
9085,53,26,122,3,6,2,7
9174,53,42,173,3,6,9,10
9250,53,20,250,2,6,5,2
9254,53,20,154,3,10,6,9
9391,53,34,187,3,9,5,10
9557,53,11,74,4,3,6,2
9567,53,10,210,1,9,1,6
9600,53,21,210,1,4,10,5
9710,53,9,163,4,10,3,10
9753,53,18,185,1,4,5,3
9929,53,40,192,4,3,10,9
9933,53,27,211,5,8,10,8
12,54,16,148,3,9,6,10
483,54,27,177,4,7,4,10
545,54,5,154,5,3,4,2
596,54,26,185,2,7,4,7
807,54,23,118,1,7,1,8
835,54,50,222,4,1,2,9
863,54,24,172,3,10,9,1
893,54,21,245,2,1,7,7
1023,54,43,233,2,4,8,2
1269,54,50,183,3,2,4,4
1287,54,47,192,1,5,8,6
1525,54,32,151,4,8,3,10
1596,54,38,106,4,3,5,8
1617,54,46,125,1,4,2,2
1649,54,23,107,1,8,6,8
1835,54,28,94,3,1,7,9
1870,54,37,218,3,9,9,6
1889,54,50,216,5,2,7,4
1918,54,42,177,1,8,3,8
1929,54,45,117,3,10,2,8
2105,54,43,184,1,10,9,3
2207,54,11,138,5,8,3,8
2359,54,16,156,3,2,9,7
2471,54,49,245,5,10,9,1
2659,54,22,113,1,6,5,8
2706,54,34,117,1,10,1,8
2773,54,40,230,4,3,1,9
2891,54,49,165,4,5,9,2
2938,54,18,120,1,8,6,2
3083,54,49,246,5,2,2,2
3217,54,41,139,1,2,2,5
3235,54,23,99,5,3,9,10
3267,54,45,228,5,1,1,5
3432,54,25,169,2,10,3,6
3609,54,18,89,4,6,3,2
3761,54,36,135,1,7,6,1
3817,54,45,193,1,6,6,4
3947,54,43,222,3,6,7,9
3948,54,21,105,2,9,8,6
4062,54,13,191,2,9,2,10
4213,54,9,223,5,4,5,5
4226,54,15,210,1,5,2,6
4308,54,49,151,2,3,4,3
4321,54,15,109,2,9,1,5
4351,54,21,213,4,4,3,2
4488,54,11,238,5,6,5,7
4680,54,28,235,3,1,4,6
4694,54,5,207,3,3,2,4
4823,54,14,218,3,9,5,4
4903,54,18,221,4,5,9,1
4928,54,20,201,1,8,10,7
4945,54,28,236,5,5,1,9
5223,54,50,160,4,10,7,2
5279,54,9,153,4,4,6,3
5386,54,22,253,1,6,2,3
6133,54,9,241,5,4,8,3
6221,54,23,93,4,4,5,4
6279,54,35,132,1,7,8,6
6293,54,48,166,4,9,3,9
6390,54,40,218,3,1,8,1
6469,54,41,107,1,8,6,9
6764,54,11,101,5,5,2,5
6765,54,20,102,5,9,8,1
6891,54,48,219,3,7,3,5
6983,54,40,249,1,9,3,5
7041,54,15,214,5,10,3,6
7077,54,7,163,5,3,1,9
7239,54,20,103,3,2,8,6
7399,54,13,90,2,2,9,4
7515,54,36,142,4,8,8,2
7639,54,39,104,1,8,5,7
7661,54,27,239,4,7,6,9
7756,54,8,236,3,5,5,4
8042,54,42,151,4,7,8,9
8061,54,28,171,5,5,10,4
8116,54,48,234,1,3,8,8
8135,54,14,188,3,2,9,8
8278,54,5,74,4,6,5,9
8344,54,27,151,5,2,5,4
8348,54,11,200,3,8,2,3
8360,54,25,110,4,10,7,8
8372,54,50,190,3,4,2,3
8378,54,48,226,3,4,4,1
8406,54,37,133,1,10,10,1
8869,54,11,127,2,4,7,5
8933,54,40,174,2,6,4,9
8993,54,10,86,5,9,9,9
9020,54,13,114,1,2,9,3
9048,54,18,137,3,7,1,5
9145,54,14,105,5,5,6,3
9202,54,23,113,5,6,3,8
9256,54,12,239,2,6,10,3
9407,54,21,187,3,8,2,7
9408,54,35,196,5,10,4,10
9420,54,28,232,2,9,10,8
9435,54,41,141,5,3,4,7
9508,54,9,227,4,9,6,8
9688,54,47,115,2,5,3,5
9961,54,21,172,5,8,9,6
62,55,26,248,3,1,10,8
236,55,8,214,3,5,6,7
303,55,18,135,2,5,8,8
364,55,13,198,4,7,8,4
390,55,16,196,5,6,3,7
450,55,29,184,5,7,3,5
489,55,14,80,5,1,7,4
552,55,36,212,1,3,5,5
572,55,40,191,4,10,6,10
606,55,26,187,5,10,7,9
685,55,48,133,3,4,5,4
928,55,48,178,1,2,4,2
985,55,36,206,4,3,1,8
1017,55,27,109,4,7,9,8
1021,55,30,159,2,1,2,10
1074,55,30,233,1,10,3,10
1279,55,31,180,4,7,3,2
1362,55,10,177,1,4,4,1
1369,55,20,251,3,10,6,4
1377,55,18,191,5,4,3,3
1400,55,16,85,4,5,8,3
1429,55,36,187,3,1,3,8
1441,55,8,121,1,5,6,5
1522,55,15,231,3,8,8,3
1568,55,26,100,3,5,6,6
1642,55,18,130,2,3,2,7
1683,55,46,148,5,9,1,7
1694,55,10,158,4,2,2,1
1719,55,28,252,1,9,5,7
1819,55,47,205,3,10,8,2
1921,55,28,213,3,10,8,8
1940,55,20,177,1,2,3,6
2101,55,43,168,2,10,2,6
2185,55,7,147,2,3,9,1
2196,55,30,199,3,10,5,5
2448,55,11,218,2,6,7,4
2485,55,43,145,4,6,9,9
2503,55,44,128,1,10,8,5
2789,55,9,216,2,2,9,10
2988,55,24,182,5,4,5,2
3064,55,47,209,4,10,3,1
3238,55,33,229,4,8,5,1
3251,55,16,243,3,2,8,2
3321,55,50,116,1,7,10,7
3360,55,17,102,4,9,6,6
3421,55,6,205,5,3,3,3
3584,55,19,172,2,7,1,6
3618,55,49,152,4,9,4,10
3778,55,26,246,2,1,9,2
3863,55,43,205,5,4,8,8
3910,55,40,179,4,10,3,5
3940,55,35,179,5,4,6,4
4031,55,21,132,1,6,4,8
4246,55,43,122,3,7,10,1
4277,55,44,179,2,1,6,9
4346,55,13,253,2,4,1,6
4520,55,33,159,4,2,10,4
4531,55,19,244,2,9,3,5
4563,55,12,101,5,8,10,5
4841,55,8,134,3,10,3,4
4944,55,48,136,5,3,8,7
5261,55,20,158,4,10,3,1
5304,55,38,186,5,2,4,10
5416,55,13,242,2,4,8,3
5552,55,25,218,5,6,6,1
5586,55,8,124,1,7,6,2
5627,55,15,156,5,4,4,7
5686,55,26,230,4,7,1,7
5692,55,27,148,4,10,3,5
5776,55,19,108,5,1,10,1
6039,55,25,136,2,1,4,2
6128,55,10,243,4,6,5,7
6199,55,24,123,4,3,10,1
6254,55,47,235,3,7,1,9
6280,55,33,137,4,10,7,8
6429,55,8,84,2,7,6,5
6647,55,48,120,5,4,3,4
7000,55,12,113,2,8,8,8
7082,55,12,124,3,1,5,2
7241,55,39,129,2,5,5,6
7492,55,19,184,1,10,6,6
7554,55,47,163,3,2,5,9
7654,55,35,184,5,1,6,6
7667,55,16,199,1,8,5,7
7724,55,23,141,1,2,3,4
7753,55,32,158,5,1,3,2
7837,55,28,174,5,8,7,5
7956,55,8,255,5,4,8,10
8021,55,37,186,5,3,1,8
8159,55,25,149,1,8,6,7
8336,55,10,129,4,2,6,9
8420,55,48,113,1,9,2,9
8435,55,8,241,1,3,3,6
8489,55,6,226,3,10,1,2
8502,55,42,109,4,9,9,5
8543,55,41,113,2,8,7,3
8751,55,29,187,2,5,1,9
8907,55,22,197,5,1,7,7
9039,55,22,149,3,8,3,1
9188,55,36,231,4,4,5,3
9225,55,32,220,4,2,6,10
9328,55,18,86,4,4,7,7
9337,55,34,144,3,8,7,10
9381,55,37,197,5,9,3,2
9383,55,18,89,3,3,6,6
9572,55,14,253,4,10,2,7
9934,55,39,144,5,7,8,8
9985,55,38,153,4,3,4,1
7,56,12,220,3,1,4,10
63,56,40,107,1,6,3,8
81,56,46,181,2,3,6,5
658,56,9,103,2,2,3,6
801,56,37,221,4,3,10,6
805,56,23,202,5,5,5,10
1080,56,24,216,1,2,2,6
1087,56,5,155,1,9,4,1
1163,56,40,206,3,6,8,2
1249,56,6,108,1,2,8,8
1294,56,48,202,1,5,3,10
1338,56,43,217,1,5,6,10
1390,56,6,90,5,9,4,1
1538,56,28,162,3,3,4,2
1555,56,8,98,4,7,10,2
1591,56,33,199,5,9,9,9
1883,56,30,157,5,8,6,9
2081,56,19,124,5,7,4,4
2113,56,49,227,2,8,10,1
2139,56,5,169,1,6,1,6
2233,56,7,242,2,4,1,6
2241,56,29,196,5,1,2,2
2347,56,23,162,2,7,2,5
2534,56,6,80,1,2,4,4
2619,56,50,244,4,8,2,2
2748,56,23,209,3,1,8,4
2948,56,30,141,3,8,2,9
3042,56,42,213,4,9,2,6
3043,56,45,201,2,9,8,2
3125,56,19,185,1,7,3,5
3308,56,24,145,3,9,9,2
3545,56,28,146,5,8,6,6
3629,56,31,104,1,8,6,7
3632,56,29,168,4,3,6,1
3647,56,6,171,2,7,4,6
3728,56,22,133,5,3,1,9
3770,56,21,242,4,8,4,9
4018,56,9,220,4,1,2,1
4050,56,33,171,1,10,6,8
4066,56,31,223,5,2,6,5
4203,56,12,251,4,9,6,8
4235,56,24,120,3,6,3,2
4289,56,41,176,3,8,2,1
4323,56,46,151,2,7,2,5
4360,56,28,212,3,5,3,9
4453,56,37,178,2,7,8,8
4570,56,15,91,3,1,8,9
4678,56,48,208,4,7,3,7
4684,56,48,170,3,2,10,4
4687,56,5,244,5,10,2,4
4984,56,10,176,1,8,10,9
5011,56,6,111,1,5,5,5
5018,56,36,206,4,3,7,2
5057,56,30,98,3,2,2,2
5108,56,25,151,2,10,1,10
5177,56,18,117,5,6,3,4
5268,56,43,160,3,3,4,8
5295,56,41,118,1,10,2,3
5353,56,15,106,1,3,9,10
5357,56,39,110,4,1,8,8
5489,56,37,180,1,9,3,10
5623,56,23,186,3,8,4,4
5745,56,7,98,3,9,2,10
5787,56,44,149,1,4,7,8
5915,56,9,97,4,9,10,4
6137,56,23,248,4,1,2,2
6252,56,38,132,3,9,4,6
6325,56,39,250,1,9,4,5
6405,56,41,245,1,3,9,5
6463,56,44,226,4,4,2,2
6512,56,8,256,5,10,10,7
6622,56,48,197,3,5,3,8
6673,56,27,180,1,8,6,7
6939,56,44,149,1,3,6,5
6952,56,11,223,5,10,8,7
7026,56,22,145,1,9,2,3
7272,56,28,253,5,9,6,2
7299,56,20,99,1,4,7,9
7347,56,29,159,5,8,8,5
7456,56,27,230,5,6,9,9
7522,56,37,252,3,6,1,9
7769,56,43,110,4,5,8,3
7830,56,32,194,5,1,3,8
7894,56,5,184,3,8,8,10
7917,56,38,223,4,10,5,7
7966,56,11,112,3,5,3,3
8129,56,40,240,4,8,2,7
8182,56,44,196,5,7,5,2
8245,56,22,174,3,1,10,3
8343,56,46,152,1,1,3,1
8426,56,20,222,4,5,4,8
8614,56,15,197,5,10,9,3
8622,56,50,201,2,7,9,6
8727,56,45,211,1,7,4,8
8820,56,48,218,1,10,3,9
9014,56,30,182,1,2,8,5
9017,56,32,119,3,7,7,7
9073,56,19,196,5,6,10,8
9111,56,34,147,1,10,5,3
9262,56,34,118,3,5,2,10
9671,56,28,228,2,6,9,8
9675,56,7,207,3,10,5,10
9782,56,18,122,4,3,3,1
9792,56,29,243,3,8,4,9
9827,56,26,175,1,4,10,8
9850,56,30,122,2,9,4,2
9962,56,45,218,5,4,6,3
9965,56,34,241,2,8,10,9
13,57,47,229,3,6,8,7
40,57,12,105,2,9,7,8
54,57,6,161,3,3,2,6
199,57,44,240,3,1,3,9
490,57,35,195,5,1,1,2
541,57,50,208,3,6,1,5
625,57,12,142,1,2,2,3
654,57,35,183,5,2,1,3
908,57,42,209,4,1,9,6
1173,57,46,190,2,7,7,5
1191,57,23,180,1,6,4,8
1225,57,22,135,1,6,7,5
1342,57,10,172,5,7,7,1
1461,57,43,149,5,5,1,9
1478,57,6,146,1,4,6,8
1519,57,30,142,2,6,9,2
1556,57,50,198,4,2,1,3
1651,57,26,161,1,5,5,10
1661,57,44,139,1,1,7,9
1742,57,38,210,5,9,8,8
1768,57,28,124,2,2,8,10
1862,57,21,126,1,6,8,8
1885,57,39,158,4,9,2,3
2035,57,45,201,2,2,3,6
2069,57,32,227,4,9,10,1
2307,57,18,147,2,6,8,8
2344,57,37,181,2,9,9,3
2505,57,41,109,5,7,6,6
2610,57,9,212,3,5,4,10
2919,57,14,83,4,10,8,10
2920,57,47,207,4,1,2,3
3091,57,14,177,3,5,6,3
3338,57,33,240,3,4,8,7
3339,57,44,192,1,5,2,4
3377,57,9,208,5,6,5,8
3698,57,33,220,4,3,7,6
3705,57,40,179,1,5,2,8
3869,57,14,154,4,6,1,2
3911,57,11,157,2,7,10,6
4081,57,17,184,1,4,9,10
4253,57,46,137,3,8,9,5
4286,57,10,220,1,8,7,1
4376,57,18,187,1,6,7,3
4665,57,48,206,5,2,6,1
4789,57,37,148,5,10,5,3
4820,57,17,142,3,2,4,3
4835,57,42,203,4,10,1,8
4880,57,8,110,4,5,10,6
4968,57,28,133,1,8,2,4
4978,57,48,158,1,2,6,9
5202,57,48,256,3,9,10,2
5557,57,6,133,2,6,4,7
5665,57,49,243,2,9,7,1
5732,57,30,192,4,8,9,1
5888,57,15,181,5,7,1,6
5982,57,13,168,2,8,8,3
6043,57,13,210,1,10,3,2
6142,57,37,235,4,2,3,8
6255,57,10,183,5,8,6,3
6294,57,20,195,3,8,3,3
6368,57,40,175,4,7,9,10
6476,57,5,152,2,3,9,8
6569,57,26,193,5,3,3,1
6694,57,18,144,2,1,8,9
7006,57,42,153,3,8,5,1
7098,57,30,187,2,9,2,4
7111,57,27,222,2,9,4,5
7278,57,23,103,3,6,3,1
7531,57,12,237,4,8,2,9
8017,57,37,198,5,3,7,9
8148,57,8,181,4,9,10,3
8271,57,38,188,1,9,9,10
8352,57,24,256,1,10,4,4
8381,57,44,119,3,9,3,6
8468,57,49,242,4,1,3,3
8498,57,36,248,3,5,4,3
8625,57,46,142,4,10,8,4
8837,57,42,144,5,2,6,3
8863,57,5,139,2,8,8,9
8958,57,37,235,2,2,4,1
9229,57,32,148,5,3,7,4
9304,57,39,231,5,8,10,3
9421,57,16,142,3,10,2,9
9438,57,32,116,4,1,2,6
9488,57,16,189,5,10,4,7
9536,57,13,112,3,3,8,1
9555,57,47,221,5,6,8,7
9745,57,45,210,5,10,5,4
9858,57,31,172,3,2,5,2
24,58,34,206,3,3,1,3
97,58,37,199,2,3,7,4
109,58,30,251,1,3,5,8
114,58,37,224,3,2,7,3
116,58,19,151,5,4,10,6
147,58,11,183,1,8,4,5
247,58,22,222,5,5,5,9
321,58,49,159,1,8,6,10
343,58,7,172,3,10,2,8
478,58,34,146,5,2,2,8
687,58,8,85,1,5,8,4
752,58,35,163,3,10,1,10
848,58,21,238,3,10,10,9
913,58,36,119,5,10,4,10
1174,58,19,240,1,6,10,8
1350,58,47,135,2,8,5,7
1373,58,10,188,1,7,3,6
1385,58,13,238,2,1,8,7
1425,58,41,229,5,7,6,6
1542,58,30,159,3,5,10,7
1593,58,5,231,3,1,5,7
1764,58,16,126,5,9,8,2
1805,58,22,258,2,9,6,4
1873,58,13,135,2,3,7,1
1911,58,48,252,1,4,7,9
1958,58,17,237,5,2,1,9
1959,58,11,243,3,9,1,5
2154,58,21,155,4,6,2,1
2166,58,7,90,2,9,1,2
2172,58,19,155,4,6,1,3
2336,58,36,146,4,1,7,1
2432,58,21,124,1,8,1,5
2513,58,19,147,5,7,3,1
2551,58,34,234,4,9,4,8
2625,58,24,107,5,10,9,2
2690,58,18,159,3,8,7,5
2824,58,48,164,1,3,7,8
2967,58,19,223,2,5,8,1
2984,58,21,168,1,2,2,7
3037,58,10,187,1,5,1,6
3181,58,9,218,5,7,8,7
3191,58,7,256,2,6,8,2
3207,58,5,145,4,3,3,3
3281,58,15,136,3,1,3,9
3310,58,39,136,3,5,10,8
3406,58,8,207,2,7,8,3
3420,58,38,209,2,5,2,9
3614,58,21,242,2,5,2,8
3684,58,29,172,4,8,3,1
3730,58,16,251,1,4,5,6
3922,58,45,204,3,6,10,3
3978,58,21,104,5,1,4,8
4012,58,24,151,2,3,3,2
4036,58,32,138,5,6,2,10
4042,58,10,163,2,4,3,4
4113,58,23,170,2,8,1,5
4142,58,8,133,5,8,5,9
4255,58,19,174,1,10,2,4
4392,58,10,151,2,2,2,9
4402,58,6,234,3,3,7,5
4411,58,48,193,2,4,7,2
4442,58,16,100,3,1,2,9
4473,58,27,149,3,1,9,2
4539,58,13,212,5,5,9,7
4643,58,23,91,3,5,6,9
4663,58,35,178,4,4,5,10
4736,58,31,190,3,1,4,9
4893,58,34,189,3,1,6,5
5094,58,18,226,1,4,5,5
5278,58,36,182,5,3,9,4
5326,58,34,248,2,2,6,1
5467,58,31,122,3,9,7,7
5680,58,21,148,1,2,2,6
5918,58,18,175,3,10,5,4
6037,58,19,121,4,1,1,10
6055,58,47,155,1,1,9,3
6158,58,23,129,2,8,3,5
6227,58,19,97,2,6,10,3
6267,58,45,173,5,2,8,8
6291,58,26,172,5,7,10,3
6400,58,37,149,4,1,3,7
6427,58,6,204,3,1,1,8
6540,58,16,179,1,5,10,10
6554,58,40,245,2,2,3,3
6667,58,21,141,4,9,1,6
6729,58,47,184,2,5,9,9
6798,58,40,200,1,1,4,4
7198,58,25,253,3,8,9,5
7249,58,42,115,1,3,2,10
7583,58,37,150,4,4,5,3
7633,58,49,169,1,8,7,8
7751,58,15,160,1,7,4,3
7814,58,50,203,4,8,2,4
7839,58,9,116,3,1,9,6
7935,58,36,222,5,5,6,10
8044,58,16,108,2,2,6,2
8045,58,39,188,2,5,2,2
8057,58,33,238,3,10,10,1
8142,58,43,175,4,5,4,9
8198,58,40,252,4,10,5,9
8229,58,31,125,2,10,2,3
8419,58,8,98,2,3,2,6
8509,58,43,157,2,8,3,4
8517,58,34,148,4,7,2,3
8525,58,39,232,4,2,7,8
8652,58,38,209,4,9,10,3
8687,58,49,156,3,3,5,3
8737,58,43,159,2,8,7,1
8752,58,20,157,1,7,10,1
9190,58,40,159,3,5,5,2
9472,58,25,97,4,2,2,6
9554,58,49,183,5,5,9,8
9686,58,9,199,5,6,1,5
9689,58,50,208,2,5,1,7
9869,58,29,230,1,9,7,6
121,59,41,227,4,2,4,4
181,59,18,246,3,7,2,2
218,59,26,247,3,2,1,10
280,59,20,154,3,1,1,3
434,59,34,214,4,1,4,7
642,59,9,102,2,4,8,6
849,59,38,137,3,8,4,3
892,59,23,173,1,9,5,10
1030,59,48,143,5,4,10,7
1035,59,48,148,3,1,8,1
1182,59,44,153,5,9,1,2
1219,59,24,235,5,2,6,10
1239,59,11,181,5,7,1,8
1376,59,38,215,1,6,3,9
1511,59,48,117,2,7,7,9
1650,59,31,201,2,10,9,3
1666,59,19,237,4,4,2,9
1717,59,9,153,4,6,3,2
1773,59,46,157,5,9,3,9
1975,59,32,169,1,9,3,5
2318,59,16,163,5,5,7,7
2518,59,33,252,3,2,10,9
2555,59,22,231,2,7,1,10
2672,59,19,207,5,9,4,4
2678,59,20,242,2,5,4,7
2800,59,43,123,1,2,2,1
2884,59,37,225,1,6,6,8
3058,59,36,157,1,3,5,4
3068,59,8,101,4,2,9,7
3160,59,24,244,1,4,2,10
3166,59,28,132,4,1,2,10
3193,59,32,244,1,9,10,1
3412,59,49,252,5,9,6,9
3480,59,36,217,4,5,1,8
3552,59,27,214,1,9,6,7
3942,59,24,246,1,4,5,7
4124,59,21,179,2,9,1,1
4335,59,15,152,4,5,4,8
4375,59,6,93,3,8,2,6
4619,59,47,237,4,3,1,2
4645,59,6,184,4,1,9,6
4827,59,47,216,3,8,5,5
4896,59,6,200,1,5,7,3
4931,59,22,151,2,3,10,4
5141,59,11,231,4,3,4,5
5172,59,12,177,4,7,4,7
5231,59,14,100,2,8,4,10
5240,59,14,239,5,6,4,3
5305,59,27,167,1,8,8,5
5379,59,50,220,5,8,1,2
5400,59,37,197,1,2,6,9
5498,59,40,122,3,4,3,3
5571,59,43,220,5,7,9,10
5573,59,20,106,5,10,2,3
5603,59,44,203,1,9,4,6
5755,59,13,211,5,8,1,1
5799,59,11,139,5,4,7,4
6044,59,20,164,4,4,1,6
6060,59,9,202,3,5,1,10
6147,59,11,99,1,6,2,6
6202,59,39,241,4,2,1,4
6266,59,26,182,4,10,4,6
6348,59,7,255,1,2,5,8
6370,59,20,129,2,5,1,3
6372,59,10,110,2,8,1,7
6493,59,31,142,4,6,8,4
6716,59,28,107,4,2,4,2
6809,59,16,107,4,7,7,6
6812,59,43,152,4,8,2,7
6840,59,6,130,1,7,9,4
6897,59,45,204,2,8,10,9
6999,59,9,123,4,4,2,2
7083,59,18,160,5,3,1,8
7379,59,30,174,4,7,3,5
7473,59,48,238,2,7,5,9
7560,59,20,233,5,8,1,6
7749,59,11,172,5,6,2,7
7774,59,10,115,3,9,5,10
7792,59,40,243,1,1,9,5
7874,59,33,107,2,9,7,1
7928,59,50,211,5,3,8,9
7950,59,36,223,5,3,3,1
7955,59,39,210,1,3,7,4
7998,59,6,136,3,3,5,2
8028,59,5,151,1,8,3,2
8291,59,20,188,1,3,3,6
8307,59,49,133,3,7,10,8
8457,59,44,158,2,3,2,8
8501,59,12,248,5,10,4,7
8521,59,40,127,2,6,7,8
8561,59,19,126,2,8,9,9
8594,59,16,250,3,1,7,6
8812,59,6,119,4,9,10,6
8956,59,48,243,4,7,8,10
8982,59,21,99,1,8,8,3
9001,59,7,220,3,2,2,3
9037,59,22,218,3,3,7,10
9144,59,10,192,4,7,7,3
9152,59,26,234,5,10,3,10
9153,59,7,167,5,4,9,8
9194,59,6,101,5,5,4,1
9230,59,15,141,3,1,10,5
9329,59,12,112,2,4,9,5
9335,59,22,254,2,7,8,7
9410,59,12,135,2,4,4,9
9529,59,9,100,1,7,8,9
9781,59,35,184,2,10,2,3
9798,59,5,114,1,3,10,5
9802,59,48,219,2,7,7,7
16,60,7,99,3,7,4,8
95,60,15,87,5,5,2,3
142,60,37,189,5,3,7,9
357,60,29,104,4,8,9,4
427,60,20,119,3,1,2,7
514,60,50,256,3,3,2,3
523,60,47,120,3,10,9,9
670,60,19,154,1,9,3,4
694,60,21,209,5,7,8,7
779,60,7,173,5,6,4,1
786,60,49,227,4,10,9,1
793,60,5,196,4,4,8,7
847,60,17,150,3,2,4,9
969,60,15,88,1,7,6,7
1011,60,42,116,2,6,6,9
1107,60,50,170,4,3,4,9
1143,60,24,248,1,1,3,4
1196,60,46,162,5,4,9,9
1270,60,9,199,5,7,2,6
1739,60,24,142,1,5,4,1
1777,60,50,193,3,10,10,6
1954,60,21,96,3,5,4,1
1961,60,47,160,2,5,1,4
2090,60,12,171,1,5,3,1
2438,60,50,180,5,10,5,2
2460,60,43,239,1,7,8,10
2479,60,16,91,3,8,8,5
2494,60,40,127,3,2,9,3
2519,60,39,150,4,5,9,1
2806,60,17,244,4,4,3,10
2837,60,41,166,2,5,2,6
3088,60,43,167,2,4,3,8
3254,60,34,120,5,4,9,6
3449,60,35,226,4,4,2,2
3617,60,10,103,1,3,5,4
3669,60,50,209,1,10,7,1
3715,60,10,99,4,1,9,3
3750,60,31,228,5,3,6,6
3751,60,25,177,4,9,4,2
3759,60,42,234,2,2,9,8
3951,60,43,152,5,6,8,2
4039,60,44,127,4,10,6,8
4098,60,39,192,5,5,5,7
4183,60,34,167,1,10,5,7
4311,60,29,241,2,6,5,9
4409,60,31,140,3,3,6,2
4584,60,9,255,3,2,3,4
4748,60,39,194,2,10,5,8
4750,60,32,230,3,8,3,8
5029,60,7,86,4,3,5,7
5158,60,40,144,4,8,10,6
5229,60,41,243,5,8,4,7
5461,60,16,237,3,8,8,1
5526,60,50,146,4,3,10,2
5535,60,16,104,5,7,10,2
5546,60,9,222,5,5,2,3
5723,60,6,85,4,1,5,1
5796,60,35,218,2,8,5,9
5902,60,47,165,4,3,10,1
5916,60,43,255,3,4,9,8
5971,60,23,184,4,8,4,9
6070,60,10,254,5,4,7,7
6210,60,16,165,1,9,8,7
6214,60,41,226,4,10,9,2
6461,60,46,161,3,9,3,6
6466,60,48,220,5,8,8,8
6479,60,11,96,2,5,3,3
6567,60,16,96,2,8,6,7
6668,60,5,99,1,9,1,8
6730,60,40,114,5,10,1,6
6775,60,25,228,1,9,7,5
6974,60,23,125,5,7,3,9
6987,60,30,164,4,1,4,3
7186,60,33,203,3,3,5,1
7236,60,50,187,1,3,5,2
7568,60,8,214,3,1,3,5
7884,60,42,163,2,3,7,3
7962,60,45,256,1,8,8,4
8016,60,28,117,3,3,5,2
8083,60,19,186,2,6,2,3
8110,60,40,193,5,6,10,1
8152,60,29,180,3,5,10,7
8264,60,11,171,3,3,2,9
8422,60,11,124,2,7,5,10
8588,60,10,171,2,10,9,5
8624,60,50,221,5,4,4,5
8633,60,46,157,3,10,5,6
8740,60,16,231,1,3,2,1
8829,60,18,115,4,8,10,5
8849,60,16,157,2,2,3,9
8973,60,42,228,1,6,9,1
8995,60,23,223,3,1,7,1
9090,60,47,164,2,3,1,3
9314,60,17,240,5,9,2,3
9571,60,26,258,1,9,3,3
9615,60,13,217,4,2,5,3
9687,60,5,124,2,6,3,10
9714,60,18,125,5,6,6,4
9727,60,12,154,5,6,6,7
9818,60,41,118,1,7,1,4
52,61,18,109,4,1,2,8
107,61,7,80,4,8,6,10
191,61,24,165,1,5,3,3
498,61,8,198,1,6,10,8
636,61,28,106,1,5,8,7
965,61,33,112,4,7,10,6
1193,61,22,164,5,5,3,9
1285,61,11,192,2,5,8,4
1424,61,9,99,2,9,8,8
1434,61,21,202,1,2,3,9
1479,61,30,244,4,10,8,4
1484,61,46,232,1,8,4,2
1513,61,14,120,4,8,7,6
1570,61,43,236,2,6,1,3
1627,61,47,181,4,5,7,3
1645,61,12,120,2,8,10,2
1715,61,14,203,1,1,7,3
1750,61,50,225,1,3,6,2
1890,61,44,126,2,8,3,10
1928,61,44,218,4,8,2,8
1932,61,47,124,3,8,2,6
1974,61,50,222,3,1,3,3
2031,61,38,122,5,6,3,4
2349,61,42,130,4,5,3,1
2579,61,36,200,3,9,8,7
2623,61,21,248,4,2,6,2
2723,61,14,98,5,4,6,3
2942,61,37,151,5,7,8,6
2946,61,49,137,1,1,6,10
2987,61,47,183,5,7,4,2
2994,61,20,188,5,8,2,4
3105,61,29,188,1,6,7,5
3172,61,19,167,5,4,7,2
3495,61,32,129,5,3,3,6
3980,61,15,243,2,3,3,9
4078,61,13,107,2,9,9,3
4127,61,37,236,4,1,3,2
4307,61,7,241,1,8,7,2
4365,61,29,234,5,7,6,6
4474,61,40,207,5,9,6,7
4475,61,32,244,5,8,3,6
4525,61,35,179,3,1,9,6
4581,61,32,170,1,8,10,4
4646,61,46,221,2,9,8,10
4659,61,45,126,2,5,1,3
4792,61,28,132,5,6,9,1
4844,61,8,185,3,3,10,1
4934,61,47,214,1,3,1,1
4999,61,34,161,1,3,6,1
5068,61,32,180,4,10,10,10
5161,61,45,122,4,10,10,7
5257,61,24,178,5,7,1,4
5419,61,48,247,3,3,6,6
5953,61,14,204,3,6,3,1
6046,61,39,165,2,1,10,1
6064,61,6,227,4,10,3,8
6351,61,5,259,2,4,7,10
6497,61,12,252,5,2,1,9
6687,61,35,119,5,8,10,8
6715,61,35,107,4,6,6,8
6725,61,24,198,1,1,7,2
6786,61,46,123,1,4,3,5
6896,61,21,175,5,6,1,8
6899,61,49,194,5,9,8,3
6993,61,48,257,5,1,5,8
7042,61,9,128,3,6,3,6
7093,61,20,110,3,9,7,6
7332,61,23,237,2,1,5,8
7338,61,43,210,3,6,4,2
7382,61,42,220,5,9,7,9
7623,61,21,198,2,1,3,9
7673,61,44,239,2,8,10,3
7680,61,16,221,4,1,4,5
7702,61,49,150,1,2,4,10
7737,61,47,213,5,3,2,2
7766,61,24,101,2,1,8,9
7828,61,49,241,5,5,3,9
7996,61,45,193,5,9,8,3
8011,61,45,119,3,5,7,5
8081,61,32,188,5,6,10,6
8181,61,49,182,4,4,1,1
8655,61,18,237,2,9,10,1
8694,61,44,155,1,8,6,6
8730,61,43,166,1,2,7,3
8864,61,20,190,2,9,5,9
8909,61,5,248,3,10,2,6
8922,61,38,243,5,9,8,5
9065,61,26,155,2,3,6,7
9182,61,49,148,2,4,6,10
9227,61,31,201,1,10,10,4
9433,61,22,177,2,3,1,5
9496,61,17,135,1,1,7,9
9659,61,27,135,3,10,8,5
9736,61,5,116,4,6,1,5
9901,61,36,222,5,4,8,6
36,62,46,154,3,5,7,9
50,62,32,259,5,1,8,2
207,62,22,193,1,2,8,9
235,62,43,158,3,10,6,2
243,62,17,260,1,4,4,2
244,62,12,160,4,1,7,8
292,62,19,217,5,4,9,6
444,62,40,258,3,5,5,9
549,62,30,173,5,10,5,8
556,62,35,235,3,4,6,5
648,62,12,194,1,4,6,3
652,62,22,132,1,2,2,8
748,62,27,261,5,2,2,1
754,62,30,194,4,9,3,6
844,62,39,130,1,5,6,1
860,62,34,133,5,8,7,1
953,62,45,177,1,10,5,8
1071,62,49,172,5,4,4,4
1148,62,18,120,1,9,9,7
1411,62,30,218,1,8,6,4
1437,62,7,256,5,6,2,8
1547,62,45,240,5,2,5,6
1562,62,13,204,5,4,10,8
1616,62,42,169,3,3,8,9
1621,62,36,132,2,8,7,4
1637,62,9,207,1,7,7,6
1698,62,41,243,3,2,8,3
1752,62,38,115,2,2,6,3
1765,62,33,198,5,1,8,7
1847,62,18,161,1,6,7,8
1851,62,7,222,3,2,9,3
1881,62,12,229,5,5,2,9
1903,62,10,87,5,1,6,3
2116,62,49,214,4,5,7,4
2517,62,9,201,3,10,9,8
2557,62,43,180,3,4,4,4
2634,62,10,255,3,8,9,1
2681,62,43,210,4,2,6,9
2689,62,29,212,4,7,3,5
2767,62,29,149,2,5,7,9
2845,62,17,190,2,4,2,4
2900,62,34,217,5,2,7,9
3047,62,7,206,1,9,6,6
3179,62,30,110,5,7,3,4
3274,62,39,174,4,1,4,2
3317,62,21,145,2,10,9,10
3373,62,40,162,5,4,5,7
3628,62,36,168,5,10,7,8
3631,62,27,250,3,5,1,2
3694,62,49,228,5,9,3,2
3738,62,27,156,4,9,9,6
3821,62,44,161,2,4,9,1
4084,62,15,106,3,5,6,8
4373,62,9,134,3,9,3,6
4405,62,35,108,2,8,8,10
4587,62,49,242,5,4,7,1
4633,62,22,133,4,8,9,10
4670,62,49,227,2,9,9,8
4754,62,41,128,1,2,5,7
4775,62,6,99,5,1,8,1
4868,62,29,221,5,3,2,1
4915,62,8,214,3,10,9,8
4918,62,49,219,5,9,10,2
4937,62,20,224,3,2,4,3
4957,62,29,213,1,2,6,9
5259,62,12,166,1,4,7,1
5351,62,10,115,1,10,10,6
5354,62,49,143,2,5,1,7
5412,62,48,132,5,2,4,4
5579,62,15,93,5,3,8,4
5621,62,27,201,3,1,1,4
5827,62,38,200,5,5,1,7
5859,62,7,98,2,4,10,10
5874,62,46,160,5,6,1,8
5942,62,49,173,2,7,1,6
5973,62,13,261,5,1,7,9
6034,62,23,130,4,1,3,4
6068,62,35,154,2,4,4,6
6130,62,22,182,1,10,5,3
6223,62,17,144,5,10,4,10
6282,62,24,258,4,7,5,5
6334,62,16,169,3,9,10,7
6341,62,20,109,2,9,1,1
6440,62,19,223,5,8,4,2
6854,62,10,238,1,5,1,10
6863,62,46,142,2,5,9,9
7007,62,48,159,5,4,8,1
7109,62,32,149,1,8,9,8
7323,62,44,249,4,9,5,10
7419,62,10,240,4,4,9,3
7479,62,14,209,3,1,7,9
7538,62,37,258,2,2,8,10
7657,62,43,145,4,8,5,4
7827,62,14,175,2,9,10,5
8004,62,9,153,3,9,7,6
8055,62,47,191,2,10,9,9
8187,62,25,193,5,4,5,10
8247,62,42,198,3,8,5,5
8574,62,41,114,1,3,6,6
8725,62,12,257,5,6,10,9
8809,62,15,247,2,8,7,9
8876,62,20,157,2,7,4,6
8959,62,45,148,2,7,9,7
9086,62,25,173,1,10,9,9
9257,62,30,228,1,7,9,3
9384,62,28,123,2,6,4,7
9621,62,6,102,2,9,1,4
9691,62,47,166,4,1,1,5
215,63,9,185,5,7,10,1
645,63,5,100,2,9,7,6
667,63,11,248,3,9,5,8
995,63,9,84,1,3,4,7
1129,63,30,171,1,1,7,1
1150,63,45,132,3,8,2,1
1152,63,38,246,4,4,10,6
1162,63,50,250,2,10,9,10
1168,63,44,222,5,3,1,10
1242,63,48,189,5,10,7,9
1259,63,27,222,2,4,4,4
1374,63,47,172,4,5,9,1
1633,63,28,224,1,7,5,7
1675,63,40,225,4,1,10,6
2044,63,28,247,1,3,4,9
2169,63,26,116,2,4,1,9
2258,63,50,212,3,2,4,10
2281,63,24,168,3,3,9,7
2376,63,15,140,5,3,4,10
2454,63,41,260,4,2,6,9
2495,63,22,178,2,5,5,5
2670,63,47,198,2,9,1,7
2701,63,48,191,5,9,4,3
2977,63,26,171,5,4,3,2
3119,63,9,126,1,9,3,9
3346,63,37,198,4,3,7,6
3368,63,8,134,1,9,6,3
3372,63,10,254,4,9,4,9
3442,63,26,248,4,4,5,1
3469,63,16,200,2,5,10,2
3525,63,25,140,1,7,7,6
3570,63,14,88,3,2,9,10
3572,63,49,157,2,7,7,4
3682,63,35,165,5,10,8,7
3834,63,5,99,4,6,10,5
3870,63,23,142,5,7,6,9
4070,63,45,144,5,5,9,1
4151,63,19,98,4,10,7,1
4195,63,24,202,3,9,7,3
4500,63,40,160,3,2,6,5
4733,63,37,130,2,4,3,3
4972,63,14,88,1,8,3,9
5044,63,43,237,5,10,10,4
5318,63,11,89,2,10,7,9
5398,63,31,197,4,2,9,10
5572,63,34,108,2,9,1,2
5768,63,43,172,1,1,6,3
5941,63,30,233,4,1,7,6
6191,63,23,221,3,6,4,7
6355,63,26,225,5,6,3,7
6379,63,28,105,4,4,7,7
6772,63,21,141,3,9,9,2
6894,63,7,89,4,10,3,7
6936,63,26,178,4,7,1,2
7028,63,31,220,5,7,8,8
7055,63,41,131,5,1,8,7
7134,63,11,238,1,10,1,9
7139,63,38,190,2,2,9,8
7191,63,13,183,1,4,7,3
7312,63,31,136,1,7,7,6
7410,63,24,234,5,2,7,3
7429,63,24,254,4,10,6,7
7452,63,6,199,2,4,9,4
7506,63,41,158,5,7,1,2
7692,63,19,113,3,2,7,7
7746,63,33,120,4,1,7,5
8277,63,35,234,5,3,9,4
8495,63,27,175,4,6,3,8
8507,63,11,161,5,2,2,3
8542,63,33,140,5,7,6,2
8698,63,11,239,1,5,8,7
8704,63,31,154,3,4,4,8
8774,63,47,155,1,9,4,8
8927,63,33,180,4,7,2,2
8979,63,32,190,2,10,10,7
8992,63,30,197,5,4,5,6
9011,63,31,237,4,8,1,2
9107,63,10,118,2,4,2,8
9264,63,15,262,2,4,10,10
9416,63,17,229,3,3,8,1
9451,63,14,191,5,1,7,4
9735,63,28,193,5,1,7,8
9783,63,5,233,1,9,10,3
9787,63,28,247,3,2,8,4
9795,63,50,143,1,10,2,5
113,64,12,207,1,9,3,10
170,64,30,123,3,9,8,9
259,64,43,183,3,5,6,1
330,64,26,188,1,7,8,3
345,64,28,253,2,2,6,2
349,64,7,102,4,8,5,3
354,64,18,124,3,3,6,9
728,64,35,188,5,10,2,6
884,64,39,231,4,5,2,3
897,64,25,264,2,5,2,5
922,64,5,159,2,2,2,4
939,64,14,132,4,10,5,4
948,64,18,145,1,10,7,2
1016,64,50,133,4,4,7,2
1022,64,10,153,2,10,6,6
1100,64,39,134,1,5,2,8
1684,64,6,171,3,5,7,9
1730,64,46,142,2,9,7,1
1756,64,9,178,2,6,8,4
1778,64,6,237,3,4,9,4
1947,64,50,131,1,4,9,9
1955,64,16,161,5,1,9,2
2019,64,33,128,2,5,1,7
2051,64,16,156,2,3,3,3
2134,64,47,134,5,9,6,6
2165,64,16,213,4,4,4,5
2416,64,38,113,5,6,10,5
2570,64,5,81,2,4,1,1
2905,64,34,147,4,8,8,8
3120,64,38,225,4,8,10,6
3158,64,42,156,5,8,9,2
3284,64,42,136,5,4,7,2
3488,64,50,126,1,8,10,10
3539,64,36,243,1,4,9,6
3718,64,40,132,5,5,10,5
3843,64,28,166,3,4,9,9
3972,64,29,143,2,9,9,2
4148,64,16,92,2,10,1,3
4325,64,35,218,2,4,3,8
4778,64,45,186,5,9,5,6
4802,64,12,209,1,10,2,8
4997,64,35,257,4,9,5,2
5265,64,48,160,3,5,7,7
5343,64,44,220,4,4,6,4
5350,64,8,226,2,5,3,1
5501,64,34,130,3,4,2,2
5786,64,40,198,3,8,9,10
5881,64,39,256,1,9,9,10
5979,64,21,133,4,9,3,4
5983,64,30,199,4,6,10,2
6220,64,23,107,2,10,4,7
6242,64,50,167,1,2,1,1
6243,64,10,151,5,2,8,1
6354,64,22,138,3,10,4,5
6559,64,42,152,1,2,4,9
6804,64,13,236,4,9,1,2
6842,64,7,102,5,9,10,5
6925,64,41,209,1,4,7,9
7018,64,8,181,3,9,3,6
7152,64,9,209,2,5,6,6
7320,64,5,102,4,3,9,7
7498,64,41,212,2,9,10,8
7691,64,21,200,2,10,7,9
7902,64,50,177,2,2,4,1
7938,64,15,174,1,1,5,5
8088,64,13,222,4,2,6,5
8183,64,23,151,5,1,4,3
8285,64,31,245,3,4,10,1
8577,64,46,138,3,8,5,8
8799,64,29,217,2,5,10,4
9023,64,40,221,3,7,2,3
9066,64,22,210,5,10,6,4
9082,64,16,233,3,9,9,4
9141,64,11,238,4,7,7,3
9222,64,49,211,4,2,3,7
9355,64,42,200,3,2,3,5
9374,64,7,241,3,6,7,7
9427,64,6,262,3,3,10,9
9505,64,44,222,4,6,5,4
9700,64,43,183,4,8,6,9
9810,64,50,175,2,1,10,4
9868,64,49,208,3,6,5,2
9896,64,48,213,4,6,2,6
47,65,41,133,4,9,2,2
78,65,34,218,2,1,9,5
206,65,44,127,1,3,5,4
341,65,44,212,5,5,3,3
789,65,27,165,3,6,1,7
1032,65,50,135,1,9,3,5
1040,65,35,158,2,7,7,4
1053,65,48,128,2,1,7,8
1205,65,40,265,5,9,10,9
1231,65,10,167,2,7,6,6
1262,65,26,230,5,9,6,6
1291,65,25,215,4,5,8,3
1408,65,25,113,5,7,1,10
1426,65,30,162,5,10,3,3
1480,65,6,93,1,7,3,6
1509,65,45,125,5,4,4,1
1523,65,45,183,4,9,3,8
1722,65,42,146,3,9,7,4
1860,65,9,101,1,2,1,6
1865,65,33,117,1,2,7,1
1933,65,27,188,1,1,1,10
2124,65,5,165,1,8,2,8
2419,65,43,262,3,2,1,6
2488,65,49,169,4,2,6,6
2525,65,40,188,4,6,2,2
2885,65,13,235,5,4,6,6
2954,65,16,129,1,1,1,6
2998,65,29,244,5,4,4,1
3084,65,48,207,3,7,8,10
3112,65,48,184,5,3,9,9
3206,65,42,170,2,8,7,3
3225,65,11,252,5,7,6,3
3335,65,44,239,4,4,6,3
3379,65,15,208,5,2,5,4
3434,65,37,141,4,3,2,3
3474,65,27,236,5,1,8,1
3517,65,14,149,3,6,7,8
3686,65,42,118,3,1,6,2
3873,65,41,211,3,1,2,5
4110,65,44,132,3,2,5,1
4197,65,15,265,4,7,6,2
4441,65,22,154,5,10,10,10
4450,65,36,163,2,8,8,7
4493,65,31,252,4,6,8,4
4521,65,12,179,4,2,8,8
4568,65,30,257,2,2,2,8
4699,65,44,246,4,4,5,7
4756,65,20,130,5,10,6,4
4783,65,13,187,5,9,4,6
4965,65,14,216,2,8,6,9
5003,65,45,172,2,8,9,3
5020,65,21,128,4,10,9,4
5078,65,27,157,3,5,6,6
5152,65,35,228,3,1,7,4
5153,65,5,247,4,9,8,4
5196,65,45,248,1,2,7,9
5285,65,23,180,4,10,2,1
5288,65,45,214,3,7,1,1
5529,65,25,163,2,3,5,1
5581,65,29,132,3,3,6,5
5626,65,6,111,2,2,7,4
5802,65,17,104,1,7,5,2
5987,65,38,212,2,8,3,8
5988,65,40,143,2,7,3,9
6040,65,47,196,5,5,7,10
6187,65,7,234,1,5,2,7
6442,65,18,224,1,7,2,7
6447,65,21,247,4,6,4,8
6500,65,26,152,1,10,4,4
6579,65,33,196,5,7,10,1
6728,65,49,166,2,1,10,8
6741,65,6,92,1,5,2,5
6802,65,27,175,5,3,2,8
6995,65,16,256,4,1,4,4
7192,65,30,265,2,3,5,9
7283,65,31,245,3,9,6,8
7301,65,32,148,3,3,9,7
7848,65,31,168,2,2,5,10
7859,65,24,109,5,8,9,9
8033,65,43,239,1,1,10,10
8084,65,8,140,4,5,5,10
8112,65,16,121,3,2,1,9
8115,65,15,182,2,7,4,1
8117,65,7,170,5,4,3,1
8168,65,7,258,3,3,5,3
8214,65,15,116,2,3,3,9
8681,65,15,208,1,8,8,10
8719,65,29,198,4,2,3,10
8780,65,31,209,2,2,2,2
8890,65,28,193,1,2,8,1
9187,65,13,112,2,3,10,10
9206,65,46,206,1,1,2,1
9265,65,6,129,4,9,4,1
9278,65,41,157,3,1,5,3
9469,65,42,153,4,6,10,2
9569,65,34,115,5,1,3,8
6,66,35,172,2,3,9,6
29,66,35,180,2,1,2,9
239,66,21,124,3,2,9,1
271,66,29,129,2,6,3,4
536,66,27,251,4,2,5,3
567,66,17,251,4,2,3,4
845,66,10,217,4,3,6,10
1028,66,5,226,2,1,3,3
1395,66,22,137,1,2,3,2
1486,66,46,139,3,6,10,6
1772,66,47,197,5,5,6,8
1784,66,32,160,1,10,7,8
1919,66,36,193,3,7,2,8
2136,66,21,161,3,4,7,2
2304,66,40,130,2,10,9,10
2514,66,43,234,3,1,3,2
2602,66,38,227,1,7,9,5
2620,66,16,159,2,1,2,4
2637,66,7,197,1,4,9,6
2804,66,33,186,3,7,4,3
2879,66,23,144,2,9,3,6
3082,66,28,243,2,4,6,5
3138,66,6,167,3,8,7,5
3150,66,24,121,5,4,10,7
3164,66,9,164,3,3,9,9
3230,66,32,179,2,10,8,3
3292,66,11,259,4,8,1,1
3299,66,38,181,1,10,4,10
3423,66,9,157,4,8,3,7
3518,66,38,149,5,1,2,2
3772,66,34,205,2,3,1,9
4086,66,33,242,5,8,7,5
4096,66,50,200,1,6,9,9
4106,66,36,240,4,7,9,2
4199,66,43,207,1,2,5,10
4200,66,45,229,5,9,3,1
4219,66,14,119,4,7,6,4
4228,66,45,132,4,2,3,6
4354,66,41,242,5,2,7,4
4559,66,31,135,1,4,8,4
4816,66,43,234,5,7,7,5
4857,66,41,262,1,9,9,8
4870,66,43,194,1,3,3,10
5006,66,14,135,4,8,5,4
5106,66,9,116,3,7,3,5
5165,66,5,121,5,3,5,7
5204,66,23,212,1,5,6,3
5275,66,7,249,4,7,3,1
5567,66,46,144,4,10,6,7
5912,66,30,209,3,1,10,7
5924,66,22,168,3,8,7,9
5993,66,22,202,4,2,1,1
6062,66,43,200,2,8,7,2
6151,66,27,241,1,5,10,7
6196,66,24,146,2,2,6,8
6230,66,25,206,3,10,3,7
6248,66,31,241,1,3,5,9
6309,66,11,137,1,10,2,5
6472,66,23,251,3,4,2,4
6485,66,31,152,1,5,1,9
6623,66,36,204,1,3,9,4
6670,66,14,122,2,5,3,9
6746,66,30,224,1,10,7,3
6758,66,5,131,1,3,6,1
6813,66,35,133,1,3,5,1
6900,66,16,194,2,6,4,5
6951,66,33,225,3,3,6,6
7016,66,45,167,1,10,4,4
7057,66,42,234,1,2,9,8
7063,66,22,263,5,7,5,3
7158,66,6,217,1,9,7,6
7234,66,49,129,1,7,8,7
7480,66,14,224,4,1,1,6
7556,66,25,214,5,6,9,8
7757,66,33,189,2,3,3,10
7813,66,46,177,2,3,9,3
7904,66,11,255,1,3,4,6
7985,66,14,176,5,9,3,5
8173,66,22,115,2,8,3,9
8210,66,30,176,1,4,10,4
8221,66,10,189,2,10,1,9
8232,66,11,126,2,4,3,9
8272,66,26,226,4,3,8,6
8437,66,17,187,1,1,9,7
8558,66,33,239,4,1,2,1
8621,66,49,157,4,10,1,2
8690,66,49,163,2,8,4,10
8712,66,12,184,5,8,3,7
8738,66,18,152,5,2,6,10
8757,66,25,265,1,1,2,2
9272,66,42,256,5,7,10,5
9302,66,11,201,3,1,6,1
9424,66,40,232,1,9,4,1
9517,66,32,218,4,4,9,4
9885,66,8,100,3,6,9,6
106,67,10,180,2,7,8,6
447,67,49,205,4,3,9,1
585,67,26,225,1,5,7,8
601,67,30,215,1,6,1,2
646,67,39,246,2,6,10,8
882,67,19,217,4,5,4,7
925,67,43,193,4,1,7,9
1097,67,34,248,1,1,9,9
1104,67,30,139,1,1,2,7
1284,67,8,147,5,7,3,10
1340,67,47,131,1,1,4,6
1567,67,10,226,3,9,8,4
1653,67,12,127,1,4,1,4
1732,67,18,220,3,2,5,2
1769,67,20,179,4,10,10,4
1817,67,28,242,1,2,3,9
1826,67,25,214,1,10,5,7
1850,67,44,247,5,4,5,7
1901,67,9,226,3,8,6,5
1922,67,20,115,3,1,10,8
2109,67,6,155,3,6,9,2
2153,67,48,179,5,4,5,10
2209,67,45,139,2,5,2,6
2310,67,13,157,1,6,10,9
2372,67,38,216,4,5,8,1
2604,67,16,247,5,3,3,9
2630,67,6,161,3,1,1,3
2786,67,22,123,5,2,9,3
2812,67,44,254,5,2,2,3
2836,67,35,137,3,10,2,6
2963,67,16,136,3,6,10,7
2975,67,36,137,5,4,1,8
3223,67,15,98,1,6,2,9
3528,67,7,135,4,9,3,6
3626,67,15,247,2,10,3,4
3690,67,10,129,4,6,2,7
3804,67,46,238,1,1,4,9
4270,67,48,187,1,6,5,2
4390,67,14,179,3,6,3,2
4418,67,43,219,4,6,1,5
4422,67,40,184,2,2,8,2
4462,67,50,199,4,1,1,2
4534,67,22,263,1,9,5,10
4616,67,50,248,2,3,9,10
4636,67,48,165,1,10,10,2
4686,67,18,108,4,1,1,9
4745,67,46,139,3,3,10,8
4861,67,35,214,1,9,8,6
4946,67,31,172,3,9,2,3
5195,67,26,249,2,9,1,10
5545,67,28,133,4,10,10,10
5740,67,28,267,2,1,3,8
5883,67,18,141,2,5,6,1
5913,67,10,122,5,8,2,7
5969,67,46,235,4,10,10,4
5989,67,31,196,3,4,2,9
6097,67,8,232,1,4,9,3
6117,67,28,156,1,6,2,1
6273,67,11,180,4,10,4,3
6398,67,31,222,2,9,4,6
6423,67,25,207,4,1,8,3
6454,67,26,124,3,3,2,7
6504,67,24,174,5,9,5,1
6638,67,14,257,1,2,6,10
6672,67,50,239,5,8,2,5
6696,67,31,138,5,7,8,5
6836,67,29,155,2,5,4,8
6856,67,6,190,1,8,6,7
6883,67,32,219,5,10,10,2
6910,67,38,247,3,7,5,1
6921,67,50,151,3,5,10,1
6989,67,7,180,5,7,2,8
6990,67,23,107,4,1,7,5
7129,67,10,235,3,3,6,8
7137,67,36,200,4,3,3,7
7202,67,29,217,3,5,9,8
7541,67,28,234,4,6,9,10
7609,67,43,265,4,2,10,9
7885,67,6,231,3,9,3,4
8314,67,26,109,2,10,3,8
8323,67,47,171,4,10,2,7
9124,67,33,179,1,6,6,9
9133,67,37,182,4,10,6,8
9365,67,33,258,3,9,6,8
9595,67,12,140,4,4,1,1
9987,67,24,261,3,3,1,3
67,68,45,164,2,6,9,4
108,68,26,136,3,10,8,6
249,68,13,103,2,6,9,4
374,68,41,152,1,9,2,2
604,68,34,252,1,7,7,2
617,68,28,148,1,2,10,8
659,68,12,256,1,4,5,6
686,68,25,154,4,2,9,8
734,68,33,235,1,5,2,3
1019,68,23,264,5,3,1,6
1047,68,23,176,5,3,6,8
1314,68,7,152,3,2,6,2
1415,68,25,182,3,8,7,8
1463,68,10,175,1,9,2,1
1797,68,27,115,2,5,9,9
1806,68,12,128,2,8,1,6
1829,68,22,238,2,10,6,5
2040,68,47,155,2,6,8,3
2046,68,7,132,1,5,5,6
2122,68,10,228,4,5,6,1
2388,68,20,199,3,2,2,6
2414,68,26,110,5,7,8,5
2459,68,23,194,5,8,1,10
2572,68,18,181,1,3,6,6
2808,68,10,251,5,10,1,7
2811,68,37,155,2,8,8,7
2957,68,42,164,5,1,1,2
3004,68,22,215,1,8,3,6
3014,68,24,163,1,5,5,8
3117,68,48,147,1,1,2,4
3295,68,32,149,5,6,1,1
3440,68,15,260,5,6,3,1
3620,68,50,238,3,2,9,3
3735,68,47,187,4,6,2,9
3861,68,26,119,4,10,4,5
4129,68,40,265,1,3,10,7
4176,68,36,246,3,6,10,5
4180,68,12,187,4,8,7,4
4182,68,50,160,4,7,6,1
4186,68,35,130,4,4,6,4
4372,68,19,116,3,9,1,7
4527,68,42,147,3,8,2,9
4690,68,44,181,3,4,8,3
4751,68,11,242,3,8,4,6
4768,68,42,230,1,4,7,4
4770,68,24,216,4,2,1,4
4942,68,46,241,2,9,4,5
5022,68,13,189,3,3,8,6
5036,68,45,245,2,4,7,9
5087,68,42,187,3,7,4,3
5148,68,43,222,4,5,9,8
5168,68,30,144,1,9,4,2
5197,68,47,260,5,3,2,6
5298,68,25,122,3,7,8,10
5341,68,40,212,5,3,3,2
5484,68,44,131,4,4,9,2
5605,68,38,220,1,8,6,7
5629,68,12,238,5,9,8,9
5980,68,24,239,1,5,7,7
6020,68,17,145,1,1,7,3
6041,68,24,136,4,4,4,3
6048,68,15,126,2,1,3,7
6067,68,21,223,5,4,8,7
6270,68,37,137,5,9,3,6
6323,68,15,135,5,10,8,1
6426,68,49,244,2,3,9,6
6511,68,11,167,2,3,6,9
6534,68,46,185,4,9,1,3
6793,68,9,146,2,10,4,1
6850,68,40,123,4,10,7,5
7062,68,42,133,1,7,10,1
7124,68,23,126,5,10,8,10
7349,68,19,193,2,8,4,5
7368,68,36,160,5,7,9,2
7455,68,22,163,1,2,7,3
7468,68,21,254,4,9,5,3
7686,68,47,230,5,9,7,7
7812,68,26,109,1,2,8,6
7855,68,28,225,4,10,10,6
7990,68,47,241,5,8,1,9
8008,68,32,228,5,1,6,6
8163,68,47,224,1,3,4,9
8400,68,28,197,5,7,9,7
8578,68,6,208,4,7,6,9
8723,68,25,162,2,5,1,6
8772,68,15,240,4,4,9,2
9285,68,15,260,5,6,5,3
9738,68,7,190,2,5,7,9
9739,68,32,223,3,4,1,8
9811,68,32,205,3,9,4,1
9897,68,30,249,1,10,7,3
9910,68,50,259,4,3,1,3
4,69,11,136,3,2,2,5
135,69,31,207,4,5,8,3
136,69,7,93,5,7,3,2
223,69,10,235,3,6,8,1
258,69,49,160,4,10,7,7
751,69,34,258,2,7,4,9
877,69,13,236,1,8,8,1
964,69,30,135,4,8,7,7
978,69,18,155,2,5,1,5
1029,69,14,136,3,10,10,5
1201,69,44,178,4,1,2,8
1414,69,24,156,4,8,6,5
1419,69,41,192,1,1,7,9
1469,69,22,242,3,5,1,1
1474,69,46,219,5,10,5,10
1576,69,49,206,5,10,2,4
1624,69,17,109,2,8,7,9
1711,69,38,181,1,3,10,5
1989,69,21,261,4,1,10,7
1998,69,19,220,2,3,1,4
2007,69,25,143,5,1,9,4
2218,69,25,108,3,9,1,1
2234,69,27,112,5,2,2,9
2283,69,31,163,4,10,9,10
2301,69,44,242,4,2,10,7
2462,69,43,172,5,8,9,7
2529,69,17,136,2,5,2,3
2532,69,21,219,4,4,9,8
2552,69,47,177,4,4,8,1
2658,69,29,202,2,4,3,9
2677,69,18,148,5,1,9,9
2721,69,32,225,4,9,3,8
2962,69,9,238,1,7,8,5
2970,69,11,231,2,1,6,10
3283,69,12,163,2,7,3,4
3318,69,19,258,5,6,1,6
3470,69,6,192,2,1,2,7
3537,69,7,145,4,3,10,10
3550,69,10,217,3,9,10,6
3635,69,43,129,4,8,2,6
3760,69,29,253,2,10,7,4
3907,69,27,191,4,3,2,4
4028,69,11,191,2,4,6,3
4284,69,19,113,5,2,3,9
4313,69,9,236,2,10,9,8
4342,69,42,179,4,4,7,9
4399,69,39,233,5,3,10,3
4412,69,20,104,4,3,7,1
4416,69,49,238,3,2,4,10
4697,69,6,203,1,2,1,8
5132,69,19,232,1,2,7,3
5145,69,29,208,2,9,7,1
5198,69,24,166,2,8,1,5
5277,69,41,220,2,2,8,10
5291,69,22,160,4,5,3,4
5292,69,40,186,5,10,10,5
5385,69,40,130,4,7,10,3
5410,69,11,246,2,1,9,3
5826,69,18,251,4,1,10,8
5992,69,6,210,5,1,1,7
6231,69,15,188,2,2,10,5
6297,69,24,197,4,2,1,8
6356,69,11,163,3,9,7,9
6450,69,23,142,4,1,10,7
6676,69,9,148,2,10,7,8
6748,69,43,222,1,1,2,1
6760,69,45,167,5,8,1,4
6784,69,12,148,3,2,6,2
6853,69,47,241,3,2,1,8
6955,69,18,216,5,1,7,9
7264,69,47,149,3,1,3,1
7266,69,43,185,3,5,4,6
7339,69,24,135,3,8,9,5
7346,69,32,191,5,2,5,3
7503,69,32,206,2,10,9,1
7562,69,23,239,3,1,9,7
7593,69,27,144,1,2,5,9
7607,69,40,167,4,6,9,3
7750,69,40,194,3,9,7,4
7795,69,39,249,3,6,2,6
7891,69,23,113,1,2,2,7
8284,69,39,180,4,1,5,10
8342,69,42,188,4,6,4,3
8595,69,41,243,3,6,9,3
8665,69,21,223,5,1,1,6
8679,69,33,205,1,4,2,9
8758,69,25,132,5,7,5,4
8773,69,14,244,5,4,4,7
8807,69,30,225,1,6,5,8
9136,69,19,222,4,2,6,10
9325,69,42,192,5,9,9,1
9452,69,26,231,5,4,8,3
9480,69,42,224,2,2,9,1
9492,69,31,130,2,8,9,1
9693,69,24,216,4,2,10,5
9770,69,42,201,3,6,4,7
9799,69,12,114,1,6,9,10
9833,69,30,126,4,2,1,8
87,70,37,149,3,6,7,2
252,70,40,124,3,2,7,1
372,70,37,154,3,8,8,3
387,70,26,207,1,6,2,3
408,70,46,210,3,10,3,9
532,70,10,267,3,3,2,3
546,70,36,196,4,2,6,10
753,70,24,170,3,3,6,9
1013,70,23,245,3,8,4,6
1068,70,14,99,4,8,1,3
1082,70,8,229,1,3,10,7
1083,70,6,184,2,5,9,10
1388,70,48,194,1,3,8,3
1592,70,10,116,1,3,4,7
1635,70,7,123,4,3,4,4
1636,70,19,204,5,1,10,10
1669,70,30,178,5,4,8,8
1700,70,7,233,5,3,3,5
2205,70,11,252,4,7,10,9
2206,70,9,251,5,3,7,5
2213,70,30,260,4,1,8,5
2328,70,38,172,5,7,3,7
2535,70,17,123,1,1,6,9
2606,70,38,223,1,3,10,6
2731,70,8,202,4,10,3,4
2858,70,12,186,3,8,8,8
2861,70,6,248,4,9,9,7
2877,70,50,161,5,1,2,10
2909,70,25,114,3,5,8,3
2931,70,38,132,5,4,9,5
2996,70,45,131,1,6,3,9
3027,70,44,236,2,9,3,9
3170,70,8,94,3,6,10,10
3294,70,8,146,2,3,3,5
3314,70,39,208,4,7,4,7
3502,70,33,256,1,7,2,10
3639,70,46,171,4,6,10,10
3659,70,40,151,1,3,7,3
3820,70,23,215,1,8,3,3
3990,70,20,245,5,5,3,8
4185,70,33,195,3,7,8,9
4205,70,41,205,3,4,9,2
4293,70,25,158,1,10,10,5
4415,70,31,205,1,10,7,3
4445,70,43,217,5,7,6,6
4553,70,12,119,4,8,2,9
4555,70,20,152,1,3,10,7
4585,70,18,189,3,2,6,7
4608,70,35,199,3,3,10,9
4649,70,20,159,5,3,9,2
4693,70,23,212,4,4,10,10
4963,70,7,225,2,2,2,6
5002,70,16,128,5,5,3,5
5171,70,21,147,5,1,9,5
5201,70,32,214,1,10,10,7
5324,70,22,269,3,8,10,5
5490,70,41,165,3,6,3,3
5594,70,7,116,5,2,8,3
5828,70,20,193,4,9,10,8
5877,70,40,237,2,2,2,5
6256,70,9,97,2,6,2,8
6257,70,41,130,2,7,6,10
6347,70,13,169,2,7,10,3
6353,70,24,183,1,1,6,8
6410,70,46,184,1,4,2,4
6516,70,21,210,3,4,4,2
6779,70,39,213,2,2,4,5
6937,70,29,154,3,3,1,2
7125,70,9,197,1,8,9,4
7167,70,23,261,4,10,8,8
7199,70,11,178,2,4,3,8
7327,70,20,141,4,2,5,3
7573,70,22,212,1,4,9,2
7760,70,49,145,2,4,10,8
7872,70,19,164,2,8,9,1
8123,70,23,161,5,6,6,2
8144,70,42,259,3,9,1,3
8197,70,20,265,2,8,5,6
8204,70,47,229,4,8,6,4
8208,70,35,238,4,3,1,10
8243,70,26,151,5,4,5,9
8553,70,19,170,1,8,10,2
8668,70,15,208,5,5,8,3
8766,70,14,130,2,2,7,9
8815,70,34,120,3,6,7,4
8943,70,47,203,3,2,1,10
8978,70,6,166,1,10,7,1
8980,70,41,122,2,2,7,6
9345,70,7,256,4,9,5,9
9456,70,30,251,1,10,1,7
9696,70,50,134,5,10,6,1
9984,70,41,147,1,2,2,7
14,71,48,228,4,4,10,10
43,71,34,196,4,4,10,10
365,71,23,250,1,1,7,3
416,71,41,148,1,8,5,2
674,71,28,229,3,9,10,1
851,71,46,137,2,10,1,8
878,71,26,222,2,3,9,3
988,71,14,261,2,8,3,6
990,71,32,162,4,1,10,6
1006,71,47,136,5,6,10,2
1034,71,6,227,5,1,4,8
1256,71,11,210,1,9,3,3
1274,71,39,212,2,6,6,7
1307,71,47,195,2,2,8,2
1348,71,12,192,2,5,3,5
1442,71,48,196,5,10,1,7
1599,71,32,184,4,8,2,10
1800,71,26,233,3,3,2,1
1830,71,42,153,1,10,7,9
1892,71,33,155,3,7,6,1
1914,71,20,178,1,2,10,9
1925,71,28,268,1,3,7,2
2184,71,46,202,3,9,8,1
2296,71,6,173,5,5,4,5
2927,71,38,246,2,1,10,4
3134,71,37,125,3,1,4,10
3176,71,18,170,2,8,1,5
3325,71,24,164,2,3,9,6
3342,71,31,208,3,8,7,8
3658,71,39,206,1,1,8,10
3675,71,19,177,3,6,10,9
4068,71,22,191,4,1,6,5
4161,71,15,258,3,2,5,9
4247,71,49,165,4,9,5,7
4290,71,24,127,3,6,10,4
4440,71,18,158,3,7,1,8
4476,71,35,198,4,3,8,6
4545,71,12,161,4,1,1,8
4618,71,36,134,1,5,6,8
4648,71,50,237,2,3,6,10
4760,71,14,118,5,5,1,5
4801,71,8,249,1,1,6,7
4815,71,37,271,5,3,2,4
4845,71,24,156,3,6,6,1
4851,71,30,147,5,3,10,4
4995,71,37,260,1,1,7,9
5064,71,21,241,2,6,4,1
5089,71,33,231,5,7,3,10
5102,71,42,222,1,4,5,6
5242,71,19,190,5,8,9,5
5340,71,5,179,1,9,7,7
5361,71,49,190,1,4,3,2
5446,71,9,194,1,3,8,3
5515,71,31,130,5,7,9,6
5766,71,36,125,3,6,2,5
5821,71,50,160,5,5,7,6
5886,71,23,254,4,7,2,3
6163,71,18,168,2,7,4,7
6182,71,9,203,4,1,8,1
6217,71,16,137,5,6,4,1
6284,71,33,230,2,4,10,7
6409,71,36,193,3,5,5,6
6415,71,19,220,2,2,9,1
6416,71,29,200,2,10,9,9
6732,71,23,176,3,10,1,9
6782,71,21,236,3,7,9,8
7322,71,18,237,1,5,3,8
7407,71,5,234,2,5,4,9
7424,71,15,228,3,1,10,3
7464,71,42,187,4,10,6,6
7481,71,42,221,1,4,7,1
7508,71,48,242,3,9,10,7
7539,71,22,117,3,7,8,7
7790,71,42,125,5,5,10,9
7826,71,40,165,2,8,5,6
7900,71,50,261,5,10,6,7
8046,71,33,179,4,5,2,8
8080,71,43,126,2,4,6,8
8118,71,46,194,2,6,9,10
8202,71,11,100,1,3,2,10
8220,71,27,193,4,2,9,1
8411,71,7,142,5,4,7,2
8471,71,23,235,5,2,8,2
8473,71,43,210,1,1,10,9
8615,71,32,129,4,9,8,1
8889,71,47,229,1,8,3,6
8915,71,29,186,1,5,6,9
8986,71,50,200,4,7,8,10
9093,71,15,115,2,2,10,9
9117,71,25,214,1,4,3,7
9418,71,17,110,2,5,2,2
9672,71,38,145,2,5,7,3
9785,71,45,252,4,9,5,8
9960,71,22,128,1,7,9,6
148,72,22,198,4,6,4,8
172,72,45,226,2,6,3,8
201,72,20,210,1,10,2,5
378,72,40,210,2,1,8,2
745,72,7,136,4,3,1,7
772,72,5,125,3,3,6,7
799,72,37,193,1,3,6,7
873,72,27,177,3,7,9,5
887,72,45,262,5,6,8,9
903,72,18,242,3,6,6,8
959,72,6,254,5,1,6,10
1003,72,19,133,3,1,10,4
1025,72,33,175,2,10,2,10
1078,72,27,166,1,9,8,2
1133,72,14,169,4,10,10,7
1171,72,9,265,3,10,1,1
1281,72,7,194,4,4,1,1
1288,72,30,178,1,8,6,7
1396,72,44,183,2,9,5,10
1438,72,26,116,4,7,9,10
1447,72,31,161,5,2,10,8
1459,72,18,114,4,2,1,10
1498,72,20,137,2,1,5,2
1598,72,37,165,5,5,7,10
1623,72,22,109,2,4,6,2
1723,72,23,267,3,3,1,2
1877,72,22,268,4,1,2,4
1953,72,15,223,3,9,7,7
2156,72,17,127,4,10,3,8
2339,72,40,269,2,4,10,6
2691,72,21,176,1,5,6,3
3067,72,48,202,1,8,3,10
3202,72,22,147,2,4,8,9
3319,72,29,145,5,1,8,5
3331,72,25,179,2,7,3,8
3510,72,21,197,4,4,9,5
3636,72,36,186,3,4,1,1
3818,72,27,153,1,5,4,9
4276,72,7,108,4,9,9,4
4294,72,38,164,4,6,4,7
4310,72,47,131,3,8,10,8
4626,72,19,131,2,9,10,10
4766,72,45,262,3,1,3,7
4873,72,21,163,3,9,2,8
4883,72,25,250,1,6,8,3
4892,72,44,232,5,9,8,7
5037,72,7,203,4,5,8,10
5099,72,37,207,5,8,5,7
5118,72,13,141,1,8,10,9
5176,72,13,168,4,5,8,5
5264,72,5,249,3,6,3,3
5289,72,38,256,3,7,9,4
5370,72,33,188,5,4,10,10
5411,72,45,229,5,4,2,2
5653,72,36,162,5,8,9,6
5742,72,6,247,3,7,3,4
5757,72,12,247,1,10,10,4
5854,72,20,134,4,5,10,8
5855,72,50,271,4,7,10,6
5863,72,31,153,4,1,6,5
5879,72,28,147,2,9,10,5
5928,72,15,249,4,8,7,3
5991,72,33,208,5,6,9,10
6008,72,26,267,2,7,5,9
6066,72,39,178,4,6,10,1
6232,72,31,241,4,9,4,10
6488,72,31,247,1,5,9,7
6536,72,32,253,2,8,1,10
6770,72,46,178,2,2,2,2
7011,72,16,146,2,4,1,4
7014,72,50,142,5,6,3,1
7493,72,29,138,2,7,6,9
7684,72,21,173,1,1,2,3
7807,72,48,146,5,2,5,9
7844,72,29,156,2,4,7,2
7972,72,22,214,5,8,6,1
7986,72,48,145,4,6,6,6
8038,72,36,223,3,8,5,1
8157,72,42,157,4,2,3,9
8290,72,13,192,5,3,4,10
8298,72,38,225,1,10,6,2
8599,72,49,217,4,7,10,7
8602,72,32,229,5,6,7,7
8607,72,35,197,2,1,6,1
8714,72,24,271,4,3,3,1
8759,72,21,185,3,8,4,4
8810,72,43,149,5,7,1,6
8900,72,44,161,4,1,1,8
9110,72,11,199,1,6,2,3
9346,72,12,96,5,4,2,10
9484,72,15,108,3,3,1,10
9535,72,16,269,5,3,4,4
9677,72,23,108,4,10,7,9
21,73,35,262,1,10,7,3
232,73,22,116,4,6,9,2
279,73,42,263,5,5,9,5
296,73,41,190,2,10,1,1
329,73,28,184,5,6,4,4
404,73,26,267,2,2,10,3
584,73,40,209,2,5,2,8
623,73,29,113,5,1,10,8
706,73,15,239,3,6,2,10
722,73,20,240,3,8,9,6
1005,73,18,256,1,1,1,7
1024,73,38,134,4,8,9,3
1091,73,28,118,4,5,5,7
1681,73,48,256,5,4,5,2
1832,73,34,267,1,9,8,4
1852,73,22,258,3,10,1,9
1913,73,22,187,4,4,3,2
1941,73,30,150,2,6,10,5
1963,73,49,240,4,6,1,4
2016,73,48,252,3,7,6,10
2068,73,19,153,5,10,4,3
2259,73,5,89,4,2,6,6
2306,73,35,122,3,2,6,8
2338,73,10,165,2,7,1,1
2482,73,18,135,4,2,8,10
2574,73,26,197,5,8,5,4
2613,73,28,143,3,5,1,3
2712,73,9,223,1,7,6,7
2860,73,21,184,2,10,8,6
2897,73,13,203,1,7,10,7
2964,73,19,103,4,8,5,10
3039,73,37,268,2,2,10,9
3055,73,19,114,2,7,5,2
3389,73,30,158,2,2,7,7
3411,73,32,121,5,8,8,10
3438,73,46,217,5,4,6,4
3554,73,30,217,3,2,7,7
3557,73,39,166,1,7,2,5
3582,73,16,152,5,2,3,10
3597,73,37,131,5,6,8,3
3640,73,33,217,1,1,5,1
3723,73,16,169,2,3,3,2
3779,73,19,210,1,8,6,2
3840,73,15,235,4,1,8,2
3879,73,17,150,1,2,5,9
3954,73,42,270,4,10,9,1
3996,73,16,109,5,3,10,4
4016,73,20,258,2,1,4,2
4099,73,45,259,5,7,1,8
4215,73,18,267,3,9,1,1
4333,73,45,244,2,10,8,6
4379,73,33,189,4,8,5,3
4383,73,14,235,2,3,1,6
4427,73,6,260,2,5,7,8
4512,73,44,244,3,9,2,6
4516,73,13,100,3,1,3,7
4592,73,11,101,1,9,10,3
4677,73,10,255,2,10,1,6
4689,73,27,265,2,1,10,6
4714,73,13,105,1,3,7,1
4747,73,17,113,1,4,6,8
4807,73,31,263,1,2,5,5
4909,73,46,131,2,9,5,1
4952,73,25,166,2,8,2,6
4986,73,32,216,5,5,5,5
5080,73,13,259,3,5,4,10
5129,73,34,164,2,9,8,2
5170,73,50,191,4,8,7,3
5239,73,48,150,4,3,10,7
5415,73,32,222,2,2,8,8
5532,73,17,167,3,5,4,4
5539,73,14,214,2,8,5,9
5836,73,5,93,5,9,3,1
5984,73,25,187,3,5,5,5
6149,73,38,223,5,6,1,4
6206,73,24,191,5,4,6,1
6229,73,39,262,1,2,10,1
6276,73,23,260,3,5,4,2
6396,73,22,172,4,1,7,1
6517,73,36,148,1,10,3,6
6817,73,47,152,2,3,3,9
7115,73,29,171,4,1,10,3
7153,73,23,250,5,6,7,8
7216,73,12,113,2,3,4,1
7237,73,34,255,5,9,2,4
7251,73,46,234,1,7,1,8
7254,73,44,208,5,8,5,3
7422,73,35,154,4,5,1,4
7428,73,16,212,4,8,1,2
7547,73,24,229,1,4,4,4
7592,73,31,146,5,7,6,10
7682,73,8,184,2,4,1,6
7768,73,8,192,2,6,1,6
7810,73,18,221,5,1,7,1
7824,73,23,207,3,4,8,3
7923,73,34,243,1,1,8,1
8100,73,15,193,5,6,6,4
8239,73,7,208,5,10,4,3
8488,73,26,235,3,6,4,8
8603,73,21,215,2,9,1,6
8606,73,17,172,5,4,6,3
8710,73,33,161,1,7,1,2
8718,73,47,158,2,3,9,9
8722,73,28,125,3,6,2,9
8750,73,36,174,1,6,8,5
8805,73,20,228,5,9,6,8
8928,73,29,213,3,1,4,6
8938,73,15,191,2,1,3,10
9077,73,16,183,1,9,8,8
9161,73,7,158,3,4,2,5
9197,73,33,222,1,3,10,1
9289,73,14,253,1,3,8,8
9351,73,45,168,5,10,10,10
9437,73,25,109,4,9,2,6
9531,73,31,158,1,10,4,7
9553,73,12,132,1,7,7,4
9575,73,8,253,2,7,3,7
9658,73,45,263,3,5,3,9
9666,73,22,221,2,2,4,2
9747,73,31,182,4,2,7,1
9943,73,12,176,1,1,4,10
190,74,24,138,4,3,4,1
192,74,37,195,5,9,7,5
327,74,25,119,4,10,8,8
531,74,8,190,5,9,4,2
822,74,7,109,2,9,7,1
888,74,12,214,4,8,6,6
972,74,46,253,3,9,10,7
1098,74,27,115,5,8,5,9
1138,74,16,213,4,8,5,6
1145,74,38,128,4,10,3,3
1204,74,49,151,5,8,3,4
1246,74,24,126,5,10,6,3
1306,74,44,264,2,1,9,3
1315,74,5,96,1,4,1,2
1483,74,44,166,1,4,6,5
1837,74,24,201,3,2,5,2
1891,74,6,180,4,9,1,3
1934,74,5,226,2,9,7,9
1942,74,24,138,1,8,4,7
2005,74,46,166,1,3,1,8
2018,74,28,202,2,10,3,4
2135,74,26,122,3,4,1,3
2211,74,22,238,1,10,2,5
2520,74,14,162,4,1,7,7
2624,74,43,207,3,7,10,1
2633,74,6,91,1,8,1,6
2716,74,21,158,2,4,6,7
2887,74,42,211,5,10,3,5
2947,74,33,158,5,2,2,3
3057,74,41,176,4,10,1,4
3538,74,24,256,2,2,9,7
3542,74,22,155,3,10,4,9
3874,74,47,189,1,2,2,9
3952,74,7,137,3,1,9,3
4010,74,27,115,4,3,10,6
4154,74,36,238,1,8,8,5
4196,74,49,178,2,7,3,9
4356,74,38,124,4,6,10,4
4523,74,34,228,3,9,3,7
4535,74,30,147,2,1,7,2
4725,74,10,195,2,5,1,1
4943,74,7,91,4,8,10,3
4976,74,35,236,3,1,2,5
5316,74,7,191,1,6,10,4
5352,74,8,141,4,3,9,10
5364,74,42,191,5,1,5,5
5617,74,37,170,5,7,4,8
5811,74,12,221,2,3,1,7
5959,74,40,148,1,9,7,3
5968,74,12,270,2,3,7,1
6106,74,8,176,1,2,10,10
6119,74,8,145,1,1,6,9
6148,74,19,120,4,3,4,10
6236,74,12,244,5,6,4,10
6350,74,16,246,1,7,4,5
6375,74,38,258,3,8,5,9
6766,74,39,129,4,4,6,9
6875,74,41,217,2,10,1,3
7036,74,46,216,4,8,3,3
7370,74,42,262,4,10,6,4
7397,74,44,135,5,8,3,4
7443,74,39,235,1,6,6,6
7466,74,43,138,4,9,5,8
7652,74,15,253,4,9,3,2
7678,74,45,182,3,6,5,3
7697,74,11,184,3,10,4,5
7761,74,14,163,2,10,10,2
7793,74,30,227,2,9,9,8
7829,74,31,120,4,10,5,9
7922,74,49,197,4,9,2,9
7961,74,14,134,1,2,6,6
8070,74,22,123,4,9,10,10
8162,74,27,202,4,4,4,9
8205,74,25,211,1,5,9,8
8390,74,26,188,1,5,1,2
8397,74,35,171,4,3,4,10
8440,74,30,138,5,1,6,1
8505,74,12,184,1,2,3,1
8819,74,9,221,4,5,8,5
8899,74,41,239,1,3,10,6
8916,74,49,248,3,6,1,4
9029,74,43,139,2,10,4,6
9186,74,19,201,2,2,6,10
9426,74,27,232,1,8,5,1
9464,74,34,228,4,10,4,5
9614,74,25,145,5,8,2,4
9618,74,10,193,5,7,9,5
9829,74,29,142,2,3,5,6
9891,74,17,204,1,2,8,3
9949,74,37,242,2,9,9,3
132,75,33,218,5,10,9,7
179,75,18,127,3,4,5,7
186,75,45,176,4,3,8,1
435,75,27,256,1,3,7,9
475,75,46,239,2,2,2,7
559,75,29,232,3,3,7,9
608,75,14,209,1,10,9,7
712,75,22,253,1,2,2,7
785,75,18,129,4,7,8,6
905,75,28,186,5,3,7,7
1041,75,42,203,2,7,9,3
1203,75,49,193,1,9,1,5
1310,75,12,155,5,4,3,8
1421,75,11,128,1,8,6,9
1771,75,20,133,2,8,9,2
1876,75,43,234,2,7,7,3
2121,75,17,140,1,8,7,7
2364,75,8,160,2,6,1,7
2374,75,45,168,2,4,4,1
2456,75,16,158,5,7,9,6
2618,75,6,154,5,9,8,2
2651,75,14,208,4,5,9,3
2839,75,35,173,2,2,3,5
2923,75,15,220,2,8,5,6
3165,75,32,203,3,7,8,9
3252,75,20,124,4,9,6,4
3490,75,49,238,2,10,3,4
3646,75,50,188,5,1,6,2
3906,75,28,213,5,3,6,5
3966,75,50,164,1,1,2,6
4046,75,12,200,2,7,4,7
4463,75,15,227,1,4,10,3
4466,75,36,179,3,4,9,7
4522,75,50,273,1,6,5,7
4542,75,26,252,1,3,6,7
4640,75,39,225,5,3,4,5
5200,75,42,250,3,5,4,7
5362,75,44,184,2,9,9,6
5406,75,20,236,3,4,2,7
5510,75,20,170,5,1,3,6
5591,75,38,226,3,3,9,6
5726,75,49,172,3,3,4,10
5772,75,8,157,2,5,5,3
5923,75,14,237,5,1,3,8
5970,75,18,207,5,6,2,8
6022,75,21,229,4,1,10,6
6036,75,22,194,1,5,2,1
6078,75,15,144,5,8,8,1
6165,75,25,228,5,10,5,6
6225,75,36,137,5,10,3,7
6481,75,35,209,1,2,7,3
6503,75,43,135,4,4,1,2
6592,75,45,268,4,4,4,6
6674,75,7,125,1,9,7,7
6682,75,34,149,1,3,10,7
6815,75,27,113,3,8,6,7
7145,75,15,238,5,8,8,3
7230,75,18,174,1,4,4,6
7256,75,40,196,2,8,1,2
7293,75,10,142,3,7,2,4
7298,75,13,169,2,3,10,7
7392,75,16,144,3,5,4,7
7415,75,45,219,1,10,2,9
7518,75,41,135,2,3,8,6
7723,75,8,243,2,5,10,3
7924,75,6,98,2,7,2,7
7960,75,44,269,2,5,4,3
8020,75,12,141,3,4,8,1
8119,75,10,189,1,1,7,1
8410,75,9,239,4,7,10,6
8490,75,27,175,5,5,1,3
8726,75,28,248,1,5,4,6
8770,75,33,202,1,6,3,3
9189,75,45,249,2,2,2,7
9342,75,13,152,4,8,9,2
9411,75,29,155,1,6,5,8
9528,75,36,241,5,3,6,5
9652,75,41,204,3,3,6,6
9680,75,48,224,3,9,1,10
9698,75,18,192,4,1,8,1
9766,75,8,167,3,9,3,2
9825,75,45,224,3,7,9,9
9834,75,44,163,2,5,5,8
120,76,20,186,4,9,1,6
137,76,23,133,3,9,7,5
429,76,44,170,2,7,9,10
441,76,9,109,5,10,4,10
746,76,27,274,2,2,5,9
796,76,12,249,4,9,8,9
907,76,14,117,4,1,6,8
926,76,29,219,1,9,7,9
1044,76,49,255,3,7,6,2
1093,76,41,177,3,5,10,1
1290,76,14,225,2,2,7,1
1298,76,37,234,1,6,4,6
1580,76,32,237,2,1,5,8
1610,76,35,196,2,4,4,9
1798,76,44,142,2,4,2,9
1833,76,5,107,4,3,8,9
1951,76,23,245,1,10,7,5
1956,76,50,239,2,3,7,4
1999,76,36,196,2,7,1,9
2021,76,43,158,2,5,8,9
2077,76,23,216,2,4,3,1
2088,76,14,190,2,8,2,2
2159,76,28,115,2,10,7,10
2447,76,24,133,5,10,7,1
2473,76,25,255,1,3,9,6
2591,76,22,260,3,2,1,9
2598,76,17,264,1,3,1,1
2656,76,34,206,2,5,1,7
2657,76,12,143,5,4,8,10
2693,76,5,127,5,3,5,2
3063,76,11,98,5,3,7,9
3127,76,18,160,4,10,4,3
3209,76,38,209,5,6,1,7
3290,76,34,261,1,3,3,4
3482,76,24,240,5,6,8,10
3494,76,18,195,1,6,8,1
3605,76,15,181,5,8,3,10
3692,76,25,135,3,1,3,4
3706,76,32,212,4,2,8,10
3904,76,23,172,4,5,10,7
3921,76,9,259,1,3,6,9
3938,76,36,257,1,4,9,1
3941,76,50,245,4,3,10,3
3986,76,7,94,1,1,1,4
4033,76,14,258,1,7,1,8
4178,76,18,184,2,3,1,5
4209,76,6,178,2,7,10,6
4319,76,42,148,3,4,1,5
4362,76,14,132,5,9,5,1
4657,76,17,154,2,1,2,5
4703,76,6,165,2,3,9,6
4712,76,44,250,1,8,4,8
4727,76,47,187,3,4,4,9
4737,76,31,240,4,3,8,9
4798,76,23,111,1,7,6,7
4874,76,12,185,5,2,3,3
4885,76,21,167,4,9,9,10
4912,76,48,165,5,4,2,7
4980,76,18,159,2,1,10,7
5004,76,49,158,5,10,5,4
5052,76,7,265,4,2,9,2
5061,76,39,276,5,5,2,4
5174,76,6,251,2,3,4,8
5244,76,44,231,3,10,8,1
5254,76,24,180,1,10,9,6
5365,76,24,266,1,5,5,10
5504,76,8,117,1,3,9,2
5711,76,46,253,1,6,6,1
5719,76,11,203,2,5,7,4
6003,76,9,133,1,7,4,3
6140,76,10,144,2,1,8,7
6603,76,44,140,5,2,2,6
6884,76,48,166,2,6,2,2
7101,76,34,156,3,8,9,5
7166,76,47,166,2,3,9,9
7306,76,42,260,2,7,3,9
7388,76,9,186,4,10,8,2
7420,76,39,167,4,1,10,2
7435,76,41,165,5,3,8,1
7877,76,43,219,1,6,1,6
7895,76,25,114,2,1,6,7
7995,76,24,144,3,1,10,8
8128,76,29,218,4,4,2,3
8201,76,9,227,2,3,5,10
8324,76,34,272,5,2,5,9
8550,76,5,154,3,2,1,8
8563,76,13,252,4,4,7,9
8776,76,11,171,5,1,9,9
8914,76,6,276,1,1,9,9
9166,76,27,274,3,2,2,5
9854,76,38,213,1,7,6,3
59,77,21,222,5,7,1,10
169,77,6,203,5,1,8,9
176,77,5,200,5,3,9,3
310,77,7,261,5,4,8,10
414,77,19,170,5,6,1,3
459,77,8,165,2,10,7,2
482,77,26,137,3,3,9,10
563,77,18,220,2,7,2,1
696,77,35,201,5,2,3,3
800,77,11,265,3,8,6,8
854,77,16,237,4,4,5,10
904,77,31,255,5,6,9,10
1054,77,18,127,3,5,6,10
1170,77,24,124,1,6,6,9
1235,77,15,274,5,2,2,10
1475,77,25,147,5,1,10,1
1657,77,43,239,1,2,2,3
1706,77,13,237,2,5,4,6
1740,77,48,194,3,5,9,5
1741,77,41,216,1,10,3,9
1787,77,48,243,5,6,7,6
1839,77,19,216,1,5,10,8
1946,77,18,152,3,8,4,2
2057,77,30,162,3,1,7,4
2066,77,34,247,1,10,4,2
2100,77,31,149,5,9,2,2
2158,77,24,219,5,6,3,10
2176,77,39,146,5,8,2,2
2180,77,22,155,5,2,7,7
2217,77,24,181,4,6,8,10
2228,77,29,167,3,5,3,5
2261,77,36,163,5,5,2,2
2294,77,38,148,3,3,5,8
2334,77,19,127,5,10,10,1
2343,77,35,247,4,5,10,2
2368,77,15,233,1,2,1,8
2370,77,21,225,4,2,4,1
2398,77,25,158,2,9,4,1
2461,77,40,175,2,6,2,3
2571,77,17,116,1,5,9,3
2655,77,7,202,5,7,2,4
2790,77,39,246,4,2,7,4
2898,77,18,258,2,10,7,3
2899,77,44,207,3,6,5,5
3143,77,28,216,1,9,2,3
3196,77,35,209,4,2,7,8
3228,77,16,271,5,4,3,3
3329,77,39,150,2,8,1,3
3402,77,31,213,3,4,9,10
3649,77,6,158,2,7,6,5
3688,77,10,228,4,9,9,7
3786,77,42,192,1,10,7,2
3934,77,48,239,3,1,6,9
3936,77,9,152,1,10,4,2
4165,77,11,111,4,3,1,1
4272,77,23,262,3,10,8,6
4312,77,14,275,4,8,1,1
4401,77,19,236,1,1,6,8
4650,77,19,228,4,10,4,9
4672,77,24,227,5,8,4,10
4740,77,15,142,3,9,10,6
4962,77,28,146,5,8,9,1
5418,77,40,216,5,10,9,9
5426,77,44,273,3,7,10,8
5451,77,36,265,4,2,9,2
5709,77,15,177,5,10,8,4
5744,77,7,153,4,6,3,10
5866,77,32,124,1,6,10,2
5884,77,20,212,4,7,3,8
6110,77,18,131,1,9,8,4
6178,77,24,184,5,6,10,4
6795,77,10,212,1,4,4,4
6865,77,38,216,4,7,6,8
6923,77,46,218,5,8,2,6
6945,77,42,268,4,3,1,10
7157,77,18,272,2,7,9,7
7163,77,41,250,1,3,10,5
7326,77,27,116,5,4,5,2
7421,77,30,181,4,10,7,9
7523,77,40,170,2,5,8,4
7683,77,34,198,2,4,3,7
7694,77,48,171,1,7,10,5
7708,77,49,187,5,2,9,4
7987,77,39,243,5,5,2,5
8263,77,17,193,4,1,4,3
8317,77,14,104,5,10,9,4
8334,77,27,252,4,2,2,1
8408,77,35,161,4,9,2,2
8493,77,7,194,5,7,7,2
8613,77,17,121,3,9,9,9
8617,77,19,275,1,2,10,6
8804,77,40,168,2,2,7,10
9004,77,36,253,1,1,6,9
9024,77,34,214,4,9,4,10
9026,77,33,220,1,5,7,9
9045,77,41,202,5,9,5,8
9098,77,44,182,1,2,1,6
9143,77,19,139,5,9,6,3
9147,77,17,243,1,10,5,5
9249,77,32,216,1,5,8,6
9290,77,46,233,1,3,3,1
9368,77,6,140,1,2,6,5
9429,77,22,166,1,10,10,8
9459,77,46,266,4,2,5,3
9461,77,10,251,3,9,7,1
9603,77,22,223,5,5,9,3
9668,77,18,238,5,5,9,3
9723,77,42,185,2,1,7,1
9758,77,27,200,2,4,8,2
9950,77,23,193,4,9,7,4
23,78,41,132,1,1,8,3
98,78,14,138,3,8,4,2
163,78,23,124,5,2,6,7
307,78,35,197,1,2,7,8
336,78,15,259,2,9,9,2
412,78,46,169,5,3,3,5
521,78,25,171,3,4,8,1
533,78,22,254,2,7,6,6
727,78,35,190,3,3,10,1
841,78,16,115,3,6,8,2
1018,78,36,126,2,3,10,5
1101,78,33,159,3,3,7,2
1119,78,50,215,5,8,6,9
1123,78,45,200,2,4,8,9
1267,78,28,147,4,3,7,7
1393,78,17,167,2,4,3,6
1667,78,23,221,2,7,6,1
1736,78,35,269,5,5,2,8
2020,78,13,126,1,5,6,1
2076,78,36,259,1,9,4,5
2182,78,12,109,5,10,8,3
2244,78,8,110,2,1,4,3
2480,78,34,242,5,3,5,9
2639,78,26,174,4,5,8,3
2819,78,8,230,1,3,7,4
3012,78,20,119,2,9,10,1
3016,78,7,276,4,7,3,5
3051,78,28,233,3,6,6,8
3070,78,16,170,2,4,3,2
3100,78,11,208,5,6,10,9
3103,78,29,119,5,4,6,9
3126,78,35,223,3,5,10,9
3146,78,16,210,1,9,2,1
3174,78,39,255,5,2,6,1
3885,78,33,274,4,10,7,2
4112,78,16,141,2,5,4,4
4126,78,5,256,1,10,5,8
4309,78,47,213,3,1,1,7
4316,78,48,155,2,7,10,3
4364,78,42,150,3,9,7,7
4540,78,36,129,4,10,6,8
4651,78,39,244,4,4,8,5
4911,78,35,209,3,2,7,4
4960,78,30,198,3,4,10,10
5336,78,19,180,5,5,1,5
5442,78,26,174,1,8,1,5
5543,78,17,112,5,1,10,7
5547,78,32,122,3,3,10,7
5678,78,17,241,5,7,9,2
5946,78,28,208,2,2,2,2
6063,78,38,248,5,1,2,6
6081,78,22,187,4,5,6,1
6114,78,7,183,1,3,1,9
6299,78,31,210,3,3,5,5
6460,78,48,206,5,6,6,1
6474,78,34,192,1,10,9,5
6494,78,30,199,2,2,8,2
6498,78,46,150,1,4,10,8
6505,78,32,232,3,7,5,2
6678,78,31,132,2,2,9,5
6703,78,10,182,1,7,7,9
6750,78,7,275,2,8,7,1
6924,78,14,198,1,8,5,8
6965,78,12,184,4,5,7,2
7065,78,7,261,1,10,8,5
7104,78,47,275,5,3,6,4
7117,78,30,123,1,1,8,2
7133,78,43,273,5,3,2,10
7258,78,34,163,5,5,1,6
7445,78,37,134,4,3,8,7
7630,78,39,160,5,5,3,2
7637,78,22,267,3,5,1,10
8347,78,20,248,2,3,3,7
8697,78,27,196,4,1,10,1
8732,78,22,136,5,7,3,10
8811,78,41,225,5,6,3,10
8896,78,33,204,5,5,4,8
8988,78,26,205,4,9,9,1
9034,78,34,235,1,4,5,10
9316,78,28,193,3,3,1,9
9393,78,38,163,1,7,10,10
9598,78,37,239,4,8,9,3
9730,78,32,186,3,1,4,6
9900,78,14,152,1,4,7,9
9912,78,28,180,4,1,10,3
9925,78,44,205,2,8,3,3
17,79,30,131,4,9,7,8
41,79,36,144,5,5,9,2
188,79,43,258,2,9,4,5
204,79,24,273,5,10,4,8
385,79,32,279,3,5,3,5
386,79,43,208,4,3,7,10
417,79,40,132,5,6,9,2
457,79,27,131,3,6,3,7
462,79,8,127,5,10,2,6
485,79,17,228,5,2,2,3
883,79,26,235,5,8,6,5
917,79,24,238,3,5,5,5
1052,79,19,174,3,7,8,8
1058,79,23,230,5,7,3,8
1120,79,17,214,3,2,8,7
1311,79,12,212,2,8,10,7
1365,79,37,225,2,6,10,1
1382,79,34,198,1,9,3,5
1496,79,40,238,3,4,2,2
1510,79,20,142,5,10,7,3
1729,79,37,262,1,3,2,7
1746,79,20,268,5,3,3,3
1761,79,24,231,4,7,4,1
1908,79,6,204,2,8,9,2
1920,79,8,208,2,4,4,2
1968,79,49,142,5,3,9,4
2183,79,19,225,4,4,1,1
2216,79,33,164,4,8,8,7
2274,79,41,231,5,1,1,6
2379,79,21,135,3,10,3,9
2458,79,47,166,4,4,7,2
2915,79,45,275,2,1,10,1
3198,79,49,158,4,8,7,5
3324,79,12,225,2,4,3,2
3462,79,48,196,4,2,3,7
3662,79,37,126,3,7,6,8
3801,79,6,100,3,2,1,5
3925,79,8,170,1,7,2,7
4138,79,31,139,2,6,6,3
4275,79,36,278,4,4,6,10
4419,79,6,127,3,10,1,7
4432,79,5,273,3,6,7,1
4472,79,9,175,4,6,5,7
4491,79,39,211,1,3,6,3
4613,79,30,174,2,10,8,10
4623,79,46,170,3,6,10,3
4983,79,23,220,2,1,5,9
4996,79,33,158,3,2,2,9
5026,79,50,267,1,1,7,3
5109,79,13,188,5,3,8,2
5408,79,19,173,3,4,5,5
5607,79,34,248,5,10,1,7
5898,79,23,121,4,6,9,10
5960,79,9,187,5,6,1,9
6408,79,11,245,5,2,3,8
6701,79,20,238,2,9,8,4
6806,79,30,242,3,6,10,9
6807,79,37,192,3,1,2,4
7001,79,24,269,3,3,1,9
7022,79,25,230,1,1,8,2
7180,79,7,215,4,3,9,8
7227,79,35,267,2,9,2,3
7471,79,8,220,1,10,3,8
7685,79,35,206,4,6,1,1
7784,79,46,147,4,4,1,1
7798,79,37,189,4,7,6,8
7851,79,26,252,3,8,5,8
7913,79,12,139,5,1,3,7
7980,79,50,231,1,10,2,4
8108,79,32,270,2,3,2,7
8219,79,26,267,4,9,10,7
8369,79,13,167,3,9,8,3
8433,79,13,105,2,8,8,9
8494,79,9,98,1,2,6,3
8858,79,30,194,4,6,7,9
8930,79,34,141,4,6,5,7
9009,79,23,118,1,6,8,10
9295,79,32,219,5,1,9,4
9444,79,45,188,5,10,5,1
9513,79,34,203,2,5,2,7
9584,79,22,261,1,3,10,10
9694,79,7,169,4,1,3,10
9706,79,43,258,2,2,3,3
9722,79,15,232,2,10,5,1
9744,79,49,221,2,2,2,4
9796,79,38,200,1,5,5,6
3,80,45,136,2,1,2,1
49,80,17,220,2,8,5,2
104,80,13,117,5,10,9,7
182,80,24,271,3,6,3,1
198,80,15,198,1,1,10,1
265,80,36,221,5,7,2,1
306,80,18,279,4,9,3,10
407,80,50,220,5,7,7,9
452,80,8,280,3,4,9,4
1295,80,28,210,1,2,3,7
1328,80,26,241,1,6,1,4
1445,80,20,117,5,4,6,3
1577,80,33,226,2,7,10,6
1680,80,41,203,1,5,4,1
1763,80,43,214,2,4,9,1
2024,80,11,205,1,4,9,10
2161,80,12,115,3,10,10,7
2270,80,28,229,1,4,7,7
2299,80,45,163,3,4,2,1
2302,80,9,204,3,6,4,8
2489,80,43,137,2,1,1,8
2642,80,9,123,4,7,5,10
2682,80,13,167,2,5,10,10
2781,80,34,135,1,9,10,1
2881,80,30,171,3,1,6,6
3390,80,5,162,3,5,6,8
3454,80,23,245,2,2,6,1
3471,80,36,152,4,7,10,3
3478,80,11,241,1,2,2,3
3799,80,40,260,4,10,2,9
3829,80,11,133,3,10,6,10
3915,80,42,225,5,10,4,4
3937,80,27,275,4,10,6,5
4350,80,15,231,2,10,4,1
4589,80,49,268,4,8,9,10
4654,80,20,175,5,4,4,3
4730,80,28,123,2,10,10,1
4732,80,40,217,2,1,10,1
5013,80,25,154,5,8,9,9
5143,80,38,206,3,2,6,8
5245,80,9,260,4,6,1,5
5272,80,5,217,5,9,8,3
5363,80,7,181,4,10,7,1
5375,80,21,192,5,9,6,2
5465,80,30,224,4,8,8,6
5657,80,50,271,3,4,2,10
5701,80,36,212,3,1,6,6
5808,80,49,161,5,1,6,1
6080,80,48,233,5,8,2,3
6190,80,27,192,4,9,6,3
6333,80,16,207,5,5,8,4
6346,80,37,205,1,9,3,1
6419,80,28,167,3,6,5,7
6444,80,10,179,3,8,10,5
6465,80,10,148,2,8,6,8
7047,80,16,195,3,2,1,6
7169,80,6,161,3,7,7,9
7269,80,15,250,1,8,7,2
7601,80,7,173,1,10,10,4
7638,80,38,131,2,7,4,10
7696,80,21,198,1,2,9,9
7740,80,31,219,5,5,1,8
7840,80,40,225,2,8,2,9
7871,80,28,127,2,9,10,1
8096,80,32,172,5,6,5,6
8185,80,49,192,5,2,3,2
8190,80,46,220,5,3,1,4
8241,80,14,179,3,7,4,9
8297,80,45,234,5,6,10,3
8353,80,15,120,1,5,10,5
8441,80,50,263,2,4,9,9
8645,80,33,276,1,9,9,5
8871,80,17,139,3,6,1,5
9052,80,47,198,2,8,5,2
9217,80,49,269,3,6,5,5
9267,80,35,233,2,10,9,4
9303,80,39,199,2,8,6,3
9493,80,44,231,4,1,5,1
9566,80,35,225,1,2,1,7
9609,80,47,187,2,9,9,9
9626,80,22,258,1,1,8,2
9771,80,32,224,3,10,5,6
9942,80,37,201,5,5,9,3
161,81,49,143,1,1,5,3
165,81,16,152,1,2,8,9
366,81,14,214,5,5,3,7
560,81,28,237,3,3,3,9
630,81,30,162,1,2,4,8
672,81,26,129,3,4,5,8
759,81,16,129,4,1,6,10
895,81,32,223,5,3,3,4
910,81,46,176,1,5,7,3
1077,81,21,226,4,6,2,8
1176,81,23,219,5,3,4,7
1494,81,34,231,1,6,2,1
1526,81,41,210,4,8,8,4
1589,81,37,190,4,10,5,6
1759,81,9,133,4,8,1,5
1783,81,34,221,2,5,10,9
1858,81,29,140,1,5,2,9
2029,81,42,198,5,4,10,1
2189,81,45,229,4,9,5,4
2284,81,26,237,3,7,9,7
2395,81,44,186,3,8,7,6
2502,81,42,146,3,4,7,5
2641,81,21,144,3,9,6,7
2708,81,47,138,1,8,9,3
2733,81,9,174,5,3,2,7
3263,81,42,160,2,4,10,7
3349,81,25,264,5,2,2,1
3370,81,22,118,3,6,1,2
3382,81,21,168,5,3,9,5
3571,81,8,179,1,2,3,6
3583,81,36,180,2,8,10,6
3589,81,25,181,5,10,3,2
3633,81,6,113,3,5,4,7
3650,81,25,125,5,10,5,7
3752,81,10,137,1,7,8,6
3835,81,38,269,4,3,6,4
3953,81,35,250,5,6,6,6
4248,81,8,234,5,10,10,3
4492,81,37,212,2,10,8,8
4498,81,35,155,3,10,6,2
4533,81,38,277,1,8,9,9
4580,81,16,267,2,7,3,3
4609,81,30,177,4,8,1,6
4701,81,49,198,3,6,10,5
4788,81,40,209,3,9,9,7
4813,81,25,213,4,4,6,1
5077,81,45,141,2,6,2,4
5178,81,39,195,5,4,2,5
5314,81,5,169,3,9,7,7
5441,81,31,181,2,8,7,10
5625,81,43,212,4,4,8,8
5822,81,17,140,3,6,8,1
5894,81,24,123,2,1,4,2
5966,81,29,198,2,1,5,9
6019,81,13,242,2,9,7,5
6098,81,49,257,4,5,4,9
6201,81,15,196,4,10,8,2
6310,81,7,254,2,1,2,5
6581,81,44,273,5,8,8,7
6869,81,29,269,1,1,9,7
6916,81,44,167,1,3,9,1
7053,81,18,171,5,1,10,6
7067,81,14,233,5,5,2,4
7304,81,33,247,2,9,5,6
7340,81,12,233,2,7,10,1
7366,81,47,173,2,1,5,10
7401,81,47,193,4,1,6,4
7564,81,37,199,4,6,6,6
7632,81,19,180,2,7,10,5
7866,81,39,138,1,2,2,8
7879,81,6,252,5,9,1,7
8121,81,6,98,2,8,5,4
8174,81,35,222,2,8,1,7
8302,81,26,232,3,1,6,7
8339,81,44,256,5,6,3,4
8547,81,32,189,3,5,6,7
8618,81,50,273,5,9,4,8
8669,81,12,184,2,6,3,7
8747,81,50,258,1,9,7,6
8794,81,39,135,5,3,6,8
8798,81,28,143,4,10,3,5
8981,81,27,135,3,5,8,6
9050,81,16,174,3,2,9,6
9102,81,13,256,1,7,4,10
9168,81,21,222,4,5,2,4
9242,81,47,237,3,7,8,5
9326,81,33,155,1,6,4,7
9683,81,47,166,5,6,4,2
9757,81,11,270,5,9,8,9
9890,81,39,276,3,2,10,9
9988,81,33,143,1,7,2,8
65,82,44,237,1,1,3,8
145,82,49,179,2,8,1,2
153,82,47,203,5,1,7,8
184,82,49,253,5,7,4,8
224,82,17,164,3,3,3,8
253,82,39,227,4,7,6,3
396,82,11,165,2,6,10,9
402,82,36,187,1,1,8,2
406,82,46,205,1,5,6,7
422,82,26,171,3,1,5,6
499,82,20,137,3,8,5,3
629,82,26,258,3,4,5,2
665,82,16,170,1,9,7,7
810,82,45,248,4,10,3,6
814,82,12,107,3,4,4,9
833,82,20,128,5,3,10,2
855,82,25,232,4,7,4,5
885,82,5,221,4,7,6,7
1055,82,47,172,1,10,2,9
1272,82,18,174,2,1,10,10
1349,82,48,228,4,2,6,2
1454,82,7,145,2,8,9,10
1554,82,45,159,2,3,7,2
1632,82,44,201,5,2,6,6
1766,82,31,233,3,2,4,2
1935,82,35,127,1,3,9,3
1936,82,15,184,1,4,6,6
2104,82,41,234,4,7,4,10
2118,82,44,158,3,10,4,6
2125,82,20,280,5,2,4,5
2128,82,43,135,5,1,4,6
2285,82,7,117,4,10,9,2
2286,82,14,179,1,7,2,9
2768,82,30,241,1,3,5,2
2847,82,44,144,4,2,2,3
2876,82,17,269,4,2,3,9
2908,82,22,141,2,9,1,10
2966,82,6,213,2,6,1,9
3010,82,46,225,5,3,10,10
3025,82,19,275,2,4,6,2
3029,82,30,238,2,1,10,7
3072,82,42,234,5,4,3,5
3077,82,34,211,4,9,3,2
3101,82,17,143,3,1,10,9
3122,82,45,184,4,3,3,3
3240,82,21,120,1,6,4,8
3244,82,40,210,3,3,5,10
3302,82,27,262,3,9,10,7
3315,82,22,269,2,6,10,2
3343,82,44,209,3,7,10,6
3425,82,48,184,5,10,9,6
3467,82,9,130,2,3,10,7
3670,82,18,180,5,10,4,7
3707,82,21,260,2,9,2,2
3736,82,37,183,1,1,9,5
3832,82,46,257,5,3,7,10
3917,82,19,262,3,3,2,8
3975,82,23,206,3,8,8,7
4029,82,32,195,1,8,10,8
4380,82,16,192,3,4,3,2
4385,82,5,153,4,10,3,10
4449,82,25,118,3,10,6,5
4837,82,46,210,2,3,1,8
4882,82,21,218,2,2,10,7
5009,82,25,162,1,5,2,1
5181,82,47,149,3,2,1,7
5185,82,35,156,4,5,7,5
5327,82,21,221,2,1,4,1
5399,82,36,160,2,9,3,5
5599,82,20,217,5,7,1,3
5619,82,33,182,5,7,9,6
5648,82,18,129,5,10,1,9
5661,82,30,160,4,3,1,7
5695,82,18,181,4,5,8,4
5728,82,50,237,2,3,9,1
5779,82,14,138,5,5,1,1
5919,82,33,176,1,8,7,4
5931,82,45,240,3,10,9,1
5990,82,47,181,5,8,10,4
6121,82,24,155,4,4,3,2
6171,82,46,282,1,1,3,3
6237,82,8,152,1,10,7,3
6543,82,16,227,3,1,2,9
6624,82,17,209,1,8,5,7
6669,82,31,234,1,4,2,3
6783,82,50,223,5,10,2,9
6791,82,29,132,5,9,3,7
6943,82,12,212,2,1,10,4
7277,82,20,160,3,1,1,5
7279,82,10,208,2,7,3,4
7300,82,36,145,1,2,2,1
7341,82,17,230,3,10,10,7
7352,82,28,148,5,5,9,1
7425,82,31,258,2,4,1,1
7669,82,40,218,1,5,6,6
7701,82,15,112,4,9,9,5
7906,82,35,226,5,5,9,10
7964,82,22,120,2,10,4,7
8078,82,50,259,4,4,8,8
8233,82,5,273,2,5,4,1
8359,82,22,197,3,5,1,2
8380,82,27,136,3,4,7,3
8401,82,22,121,2,5,10,5
8523,82,35,232,1,7,5,7
8600,82,50,257,3,6,9,5
8611,82,17,263,2,10,4,5
8657,82,25,205,2,7,7,8
9185,82,34,199,3,8,2,4
9283,82,48,158,5,1,4,5
9641,82,16,115,2,8,1,3
9650,82,24,159,1,5,4,8
9846,82,6,263,2,1,9,5
9917,82,22,225,1,2,2,8
8,83,50,182,5,6,1,10
70,83,47,220,4,8,9,2
208,83,45,154,5,8,8,7
547,83,12,265,1,4,7,10
711,83,7,229,2,4,9,7
784,83,41,146,1,6,9,8
824,83,46,169,2,8,4,5
1199,83,15,184,1,10,5,9
1308,83,11,145,2,10,8,1
1324,83,9,281,3,9,1,8
1412,83,24,137,5,1,10,1
1731,83,6,149,1,2,8,3
1840,83,15,112,1,9,7,9
1944,83,42,212,1,4,6,5
2071,83,18,143,3,1,4,4
2120,83,30,268,2,3,2,4
2291,83,13,267,1,9,2,8
2384,83,18,139,4,4,9,3
2394,83,22,238,2,7,8,10
2464,83,37,138,2,6,1,4
2467,83,13,199,4,6,9,7
2615,83,38,255,1,4,3,3
2662,83,20,201,5,6,3,8
2697,83,16,258,5,5,9,6
2707,83,18,252,5,3,4,1
2873,83,40,280,1,3,1,6
2896,83,26,193,1,1,6,10
2911,83,33,224,5,3,1,7
3069,83,48,265,4,2,6,7
3149,83,45,175,3,9,3,6
3256,83,32,141,2,3,10,9
3279,83,15,146,2,6,2,7
3340,83,17,220,5,1,8,7
3384,83,50,143,5,3,8,5
3656,83,31,173,5,7,1,9
3676,83,8,150,1,10,8,6
3807,83,13,204,5,1,1,9
4025,83,11,104,3,9,2,6
4027,83,8,133,4,9,8,4
4079,83,40,174,5,5,7,10
4167,83,24,264,1,5,4,2
4173,83,38,254,4,9,7,2
4264,83,32,260,4,9,6,4
4280,83,21,199,5,6,2,7
4546,83,13,115,1,8,6,5
4660,83,28,184,4,6,6,6
4674,83,48,166,4,9,6,5
4869,83,48,267,4,2,2,10
4919,83,45,273,4,7,6,9
4958,83,19,194,2,4,6,6
5031,83,46,279,3,5,8,10
5123,83,5,240,3,9,1,4
5234,83,41,154,3,4,4,3
5483,83,25,135,2,4,4,3
5674,83,43,255,3,1,2,3
5730,83,31,179,1,3,8,7
5775,83,44,166,1,9,2,8
6053,83,19,144,4,10,2,7
6184,83,13,250,3,2,7,10
6218,83,43,246,4,9,5,6
6259,83,17,266,3,5,10,8
6330,83,43,139,2,1,6,1
6366,83,41,183,2,1,2,7
6374,83,13,251,3,3,9,6
6665,83,33,128,4,6,9,9
6739,83,7,267,4,8,2,8
6785,83,13,163,2,4,4,4
6903,83,50,222,1,9,1,5
7049,83,29,248,1,10,9,6
7188,83,13,215,3,6,6,10
7204,83,29,265,5,3,10,8
7402,83,36,197,2,10,6,1
7437,83,25,252,2,7,2,7
7550,83,18,190,2,6,4,1
7646,83,44,186,2,4,9,10
7650,83,39,254,3,7,2,7
7882,83,15,197,4,9,4,6
8031,83,50,243,5,4,4,9
8051,83,22,121,3,5,4,9
8149,83,21,198,4,5,3,2
8211,83,6,112,5,5,4,2
8255,83,29,224,4,6,2,9
8404,83,22,276,5,3,8,3
8533,83,44,168,4,2,4,1
8700,83,9,215,5,7,1,1
8948,83,21,206,5,4,5,5
9108,83,37,180,3,1,10,7
9233,83,47,179,1,3,4,5
9399,83,16,156,3,6,5,7
9661,83,29,183,2,5,9,5
9663,83,32,189,2,4,4,8
9768,83,35,149,4,1,2,7
9793,83,35,271,3,1,4,8
9916,83,43,145,4,9,10,8
9945,83,25,126,1,10,2,7
9977,83,18,166,4,6,3,7
2,84,13,219,4,6,5,6
229,84,32,170,4,5,10,2
566,84,39,153,2,1,8,3
675,84,8,143,5,3,8,2
791,84,21,227,1,10,9,5
831,84,5,209,1,3,2,10
867,84,21,211,5,1,7,10
869,84,20,156,3,7,8,5
933,84,43,221,5,4,6,10
1033,84,21,160,3,3,5,3
1060,84,44,177,1,10,8,10
1344,84,36,222,1,5,7,10
1413,84,14,268,2,8,10,6
1544,84,10,127,5,2,3,8
1737,84,32,148,3,8,7,2
1977,84,29,281,3,7,3,9
2091,84,26,258,2,10,10,8
2099,84,44,156,5,1,9,3
2321,84,20,249,4,6,8,5
2322,84,38,266,3,5,3,8
2430,84,18,146,1,9,4,8
2588,84,27,278,3,6,5,6
2692,84,41,218,1,2,4,3
2709,84,47,255,2,3,6,8
2761,84,11,265,4,1,7,2
2791,84,20,164,3,2,7,10
2851,84,29,160,5,9,3,6
2871,84,36,192,1,9,5,6
3089,84,32,181,3,4,7,1
3241,84,23,170,4,5,8,8
3253,84,9,226,3,1,2,3
3332,84,8,154,1,6,6,9
3414,84,5,183,5,2,9,2
3504,84,25,208,2,8,5,10
3575,84,14,230,5,8,10,5
3599,84,47,187,3,7,9,3
3776,84,13,160,3,9,8,6
3913,84,37,284,5,1,2,8
4122,84,32,277,5,2,3,5
4241,84,30,262,5,10,7,7
4414,84,42,261,1,5,1,3
4959,84,6,265,1,1,7,3
5150,84,25,122,2,7,5,7
5167,84,43,205,2,4,3,2
5431,84,22,131,2,6,9,3
5606,84,43,267,5,2,6,4
5724,84,24,270,2,5,2,8
5917,84,9,277,5,3,8,6
5930,84,6,205,5,8,5,7
6014,84,9,226,5,10,7,4
6031,84,48,179,2,9,4,9
6145,84,41,238,2,8,2,5
6168,84,34,180,1,8,2,2
6546,84,18,118,4,10,1,2
6587,84,45,259,3,3,3,4
6659,84,7,222,1,5,9,1
6800,84,36,187,2,8,1,1
6947,84,37,191,1,4,10,6
7128,84,50,257,5,6,5,4
7223,84,21,127,5,1,6,1
7281,84,12,279,2,10,5,4
7472,84,47,145,1,4,6,8
7577,84,34,168,3,3,6,10
7816,84,18,229,3,9,1,2
7842,84,46,235,2,7,2,9
7897,84,30,134,2,4,4,6
7948,84,30,263,5,10,10,3
8155,84,50,190,3,10,4,1
8215,84,6,177,4,9,8,1
8351,84,20,155,5,6,5,4
8530,84,39,161,1,10,9,10
8630,84,26,156,2,2,8,2
8749,84,34,274,4,5,1,9
8913,84,47,208,1,6,4,10
8972,84,28,181,3,2,2,5
9075,84,13,118,2,2,1,7
9084,84,5,278,4,6,5,4
9089,84,50,181,3,1,3,1
9219,84,32,260,3,6,3,4
9276,84,12,202,1,7,1,4
9376,84,5,226,2,7,4,4
9454,84,41,205,1,7,5,5
9477,84,22,145,3,8,9,1
9506,84,34,153,4,5,10,8
9845,84,7,223,2,9,1,3
9986,84,40,276,2,5,8,8
91,85,6,285,1,10,4,3
129,85,38,229,3,3,10,1
392,85,8,218,4,5,2,3
431,85,14,261,1,4,10,6
481,85,32,282,2,8,3,4
544,85,9,212,3,8,5,7
595,85,17,112,2,5,9,10
738,85,31,137,5,10,5,6
757,85,10,201,5,7,10,4
1356,85,13,268,1,7,6,8
1428,85,44,194,2,10,8,4
1499,85,39,152,2,5,9,6
1539,85,35,134,1,5,4,10
1566,85,50,192,1,8,5,3
1585,85,39,172,5,8,2,9
1611,85,6,238,3,1,1,7
1696,85,29,213,2,5,3,3
1758,85,9,238,3,3,8,7
1952,85,24,277,1,8,3,2
1970,85,49,207,1,8,3,8
2187,85,38,231,3,3,9,1
2223,85,34,260,5,10,1,6
2226,85,35,206,2,8,9,7
2292,85,12,273,4,3,5,3
2326,85,29,271,2,6,1,1
2385,85,14,175,1,6,2,5
2486,85,33,226,3,4,2,3
2669,85,10,120,1,2,7,2
2756,85,38,174,3,9,7,7
2799,85,45,227,1,10,4,6
2934,85,26,269,4,5,1,1
3357,85,18,221,5,8,8,5
3381,85,32,190,2,10,7,10
3573,85,14,278,4,1,1,10
3691,85,42,206,3,2,3,2
3716,85,7,120,3,5,9,6
3726,85,28,206,5,6,10,8
3946,85,12,261,3,8,8,1
4007,85,22,119,1,10,5,4
4190,85,46,196,2,5,3,4
4230,85,38,140,4,2,4,3
4279,85,19,261,2,10,7,9
4303,85,29,271,1,5,6,4
4344,85,5,230,5,3,8,5
4370,85,8,163,4,3,4,10
4421,85,26,246,4,2,7,7
4458,85,29,243,4,9,1,9
4471,85,16,284,3,7,8,7
4922,85,9,178,3,10,7,4
5053,85,37,240,3,2,5,7
5076,85,45,240,5,6,7,4
5260,85,34,217,4,5,10,3
5319,85,18,224,2,10,6,9
5473,85,30,165,5,4,10,1
5536,85,8,246,4,2,2,1
5541,85,31,208,3,2,7,2
5553,85,12,233,2,8,2,7
5583,85,37,177,3,1,9,9
5716,85,22,156,1,9,6,7
5760,85,31,246,4,2,4,3
5891,85,22,266,2,2,1,3
5904,85,22,170,3,10,6,8
5955,85,26,191,4,6,3,8
6306,85,20,221,4,8,3,1
6432,85,14,206,2,5,9,1
6595,85,27,223,2,2,10,10
6617,85,50,148,4,5,2,10
6710,85,24,253,3,7,8,9
6731,85,40,253,2,5,7,8
6769,85,34,277,2,6,2,10
7031,85,30,182,3,4,3,4
7114,85,34,192,5,5,3,2
7253,85,8,126,1,4,3,1
7494,85,47,179,1,9,1,7
7626,85,20,237,2,8,7,6
7649,85,34,142,4,9,5,4
7677,85,48,245,5,3,6,8
7772,85,23,225,5,10,4,6
8076,85,48,168,1,8,1,5
8266,85,29,129,4,4,4,2
8299,85,43,138,3,4,6,9
8492,85,18,133,4,9,4,8
8708,85,50,262,3,5,2,4
8735,85,31,275,2,9,6,3
8782,85,26,191,4,1,6,8
8910,85,21,279,4,4,1,2
9060,85,6,278,1,9,3,6
9277,85,38,252,3,10,7,4
9287,85,26,282,2,4,7,9
9504,85,42,154,3,8,10,3
9873,85,44,165,4,6,3,3
9887,85,44,247,5,1,3,5
9902,85,15,159,4,2,2,9
9909,85,19,239,1,5,8,8
9939,85,21,195,1,7,6,10
9973,85,21,204,4,2,3,9
9990,85,25,264,2,3,2,4
115,86,20,119,4,4,10,7
288,86,22,200,1,1,10,2
373,86,34,164,2,5,7,2
515,86,11,231,5,7,7,5
540,86,37,145,3,3,8,6
812,86,26,156,5,8,1,9
886,86,44,154,4,9,6,5
1140,86,5,108,1,4,6,3
1188,86,22,162,1,9,7,2
1255,86,50,222,2,9,1,3
1273,86,28,246,2,5,9,2
1275,86,24,157,5,9,6,4
1343,86,9,281,2,9,5,8
1422,86,18,168,1,5,10,2
1677,86,34,257,4,8,5,9
1713,86,25,232,1,8,6,7
1894,86,31,197,2,7,7,6
2254,86,49,215,1,9,3,9
2515,86,28,172,3,5,5,5
2558,86,31,258,5,10,7,9
2698,86,39,234,2,10,4,9
2743,86,45,154,2,7,7,7
2844,86,45,209,4,9,5,6
2969,86,7,220,2,8,4,6
3022,86,34,268,1,3,1,7
3123,86,7,172,2,4,5,1
3141,86,35,138,5,8,8,6
3189,86,9,285,1,5,9,9
3265,86,8,174,2,5,1,4
3354,86,37,261,5,5,5,9
3380,86,9,191,1,8,6,3
3392,86,27,161,5,5,9,10
3487,86,27,237,2,4,4,1
3513,86,10,129,1,1,3,7
3519,86,12,226,3,5,3,9
3652,86,13,191,1,2,3,4
3742,86,43,243,5,8,3,6
3764,86,39,193,4,7,10,9
3823,86,7,235,3,8,4,9
3851,86,8,112,4,7,10,4
3893,86,47,172,3,9,6,7
4139,86,21,143,1,4,7,8
4278,86,11,248,5,10,5,3
4631,86,38,227,3,4,4,8
4765,86,18,193,4,8,4,7
4793,86,35,155,1,9,8,3
5032,86,13,115,4,1,1,7
5368,86,44,206,5,4,1,1
5643,86,44,170,1,1,10,2
5708,86,11,142,1,5,6,9
5739,86,13,166,4,6,1,9
5750,86,25,172,1,6,10,9
6103,86,18,209,2,5,9,6
6219,86,49,264,3,5,4,3
6384,86,12,261,2,5,7,2
6402,86,14,176,1,7,5,2
6458,86,48,268,5,6,5,8
6491,86,25,190,4,5,10,6
6596,86,49,236,2,3,6,6
6654,86,45,273,1,4,10,6
6697,86,43,216,5,4,1,6
6757,86,42,210,5,4,5,1
6778,86,26,153,4,4,7,3
7122,86,8,156,1,8,8,5
7286,86,37,228,5,1,10,10
7295,86,40,195,4,5,8,5
7316,86,30,208,1,6,5,3
7414,86,40,155,3,7,1,3
7450,86,41,284,3,9,7,2
7465,86,12,262,3,10,10,10
7534,86,7,254,2,2,10,8
7605,86,43,233,1,6,3,7
7728,86,39,190,5,4,4,1
7741,86,26,247,1,5,4,7
7818,86,37,286,2,6,8,10
7929,86,42,254,2,10,7,4
7974,86,40,246,3,3,1,8
8000,86,43,236,5,3,7,8
8195,86,37,169,3,4,6,1
8230,86,45,198,5,5,9,4
8325,86,13,173,5,1,5,10
8346,86,19,133,2,3,1,6
8686,86,30,140,3,2,3,2
8701,86,40,255,2,6,10,8
8977,86,48,210,2,1,8,7
9091,86,50,230,3,4,9,5
9092,86,16,128,1,6,10,9
9234,86,18,138,1,4,9,5
9448,86,14,175,1,1,1,1
9537,86,20,266,4,6,9,8
9568,86,45,190,1,1,4,7
9667,86,24,192,4,1,10,7
9729,86,19,286,4,4,8,9
9762,86,27,142,2,8,10,2
9822,86,14,259,1,8,9,6
74,87,23,242,2,4,7,4
219,87,22,227,5,7,9,2
291,87,36,136,5,1,6,3
320,87,50,246,3,1,5,5
384,87,17,154,5,1,1,10
502,87,25,170,4,9,7,6
569,87,7,152,1,2,2,7
661,87,20,152,4,9,6,9
662,87,39,250,2,1,8,3
684,87,42,183,1,4,8,8
717,87,10,219,3,9,8,4
723,87,24,216,4,1,9,9
842,87,45,256,2,6,3,9
899,87,32,229,2,6,5,1
923,87,39,198,4,1,9,9
931,87,39,212,4,10,10,9
1099,87,17,194,1,6,6,6
1165,87,36,143,2,6,7,9
1236,87,33,218,3,3,2,8
1271,87,34,285,1,4,5,2
1515,87,33,153,5,9,4,8
1531,87,43,222,1,5,7,8
1537,87,18,159,1,8,3,5
1664,87,25,169,2,3,1,7
1665,87,47,261,5,9,10,7
1727,87,26,155,3,10,2,8
1820,87,7,110,3,5,4,4
2131,87,12,276,4,9,3,3
2141,87,33,260,3,8,9,8
2190,87,21,263,1,1,4,7
2201,87,40,248,1,3,2,3
2282,87,38,252,1,8,5,5
2367,87,32,286,1,3,3,9
2470,87,46,181,3,8,3,6
2498,87,22,163,1,2,2,1
3002,87,12,250,1,7,10,9
3007,87,46,188,3,2,9,6
3155,87,46,204,4,5,1,8
3400,87,5,152,4,7,6,1
3408,87,46,186,5,10,9,6
3429,87,5,214,2,4,4,3
3500,87,11,194,2,9,3,2
3565,87,13,284,5,8,3,4
3587,87,42,214,3,7,8,2
3612,87,26,230,2,1,7,7
3932,87,5,208,2,10,8,6
4021,87,41,205,4,2,6,7
4107,87,24,180,3,2,2,4
4217,87,47,148,2,6,3,5
4299,87,28,156,2,2,10,2
4359,87,43,181,2,4,8,8
4647,87,45,264,4,5,4,5
4777,87,9,195,1,6,8,6
4878,87,9,230,2,9,8,4
5016,87,34,176,5,4,10,2
5184,87,9,185,5,2,6,3
5246,87,8,153,2,4,1,7
5248,87,38,206,1,8,3,6
5309,87,12,253,3,8,6,10
5346,87,49,214,3,2,8,1
5517,87,10,205,3,9,4,7
5549,87,22,243,1,6,2,6
5670,87,37,150,3,4,10,10
5700,87,13,283,3,7,8,7
6285,87,38,213,5,5,5,7
6385,87,50,180,5,2,9,6
6445,87,16,257,2,10,2,10
6470,87,7,225,5,3,5,4
6548,87,37,189,3,1,3,10
6605,87,33,267,4,1,5,10
7231,87,5,210,1,9,3,2
7250,87,31,197,4,3,2,4
7308,87,22,256,1,9,10,3
7655,87,44,271,1,10,3,5
7720,87,17,169,4,3,9,7
7936,87,50,167,2,1,2,4
8238,87,50,168,2,3,4,7
8262,87,9,247,3,8,4,9
8449,87,10,107,1,8,4,8
8528,87,29,128,1,6,7,1
8568,87,18,208,5,10,3,8
8592,87,47,147,4,1,2,2
8596,87,10,173,4,9,4,9
8739,87,27,252,3,2,10,8
8882,87,18,260,2,5,7,1
8918,87,6,211,3,6,7,1
8921,87,16,151,4,3,8,8
9139,87,44,141,2,2,10,7
9294,87,28,205,2,7,2,2
9324,87,28,205,3,2,6,1
9414,87,23,181,3,3,10,2
9576,87,16,272,1,3,6,10
9692,87,18,180,5,8,8,1
9920,87,17,254,1,2,8,9
9937,87,49,285,1,6,2,7
312,88,32,241,1,3,8,1
507,88,42,202,4,2,9,3
516,88,43,160,4,5,2,9
663,88,5,269,4,1,6,7
720,88,35,222,5,1,2,5
742,88,38,234,1,1,2,6
865,88,34,199,1,6,2,6
879,88,13,276,5,2,3,8
889,88,28,195,3,5,5,10
938,88,34,250,2,9,6,3
1137,88,29,243,2,6,5,1
1299,88,35,220,5,3,9,6
1391,88,25,222,4,2,7,3
1500,88,16,249,3,10,10,6
1557,88,42,196,1,9,2,4
1602,88,20,253,2,6,9,8
1626,88,15,179,2,3,7,10
1644,88,7,209,1,1,9,5
1716,88,30,203,3,6,8,4
1724,88,37,224,5,4,6,4
1776,88,25,265,4,6,6,1
1799,88,37,226,2,9,5,3
1831,88,19,249,4,2,9,7
2030,88,24,163,5,3,6,8
2080,88,44,195,1,3,10,5
2163,88,29,221,1,4,1,8
2240,88,36,264,3,3,9,3
2442,88,40,151,5,7,7,2
2550,88,38,245,2,10,7,1
2583,88,47,177,5,3,1,5
3168,88,44,163,3,10,10,5
3197,88,18,200,3,1,5,2
3214,88,15,180,4,3,6,1
3468,88,18,202,4,9,7,1
3493,88,37,285,5,7,4,10
3543,88,15,116,3,1,1,5
3729,88,15,150,3,3,5,3
3753,88,35,229,1,8,4,4
3798,88,33,176,2,4,7,7
3838,88,17,134,3,4,6,6
3850,88,7,269,3,7,6,6
4006,88,36,148,5,1,9,5
4170,88,6,259,2,7,4,5
4191,88,9,206,5,10,5,7
4192,88,30,217,1,2,5,1
4218,88,28,220,1,3,9,8
4490,88,36,235,3,4,8,5
4511,88,15,159,2,1,6,10
4638,88,43,158,2,10,1,6
4794,88,28,182,5,1,6,7
5059,88,5,140,1,1,5,10
5119,88,11,204,3,6,5,1
5302,88,38,183,1,4,8,2
5306,88,16,231,4,8,9,6
5359,88,38,142,4,9,7,9
5395,88,32,195,2,4,8,3
5435,88,28,256,3,2,2,7
5511,88,48,220,4,5,6,10
5551,88,6,159,5,10,2,6
5582,88,41,273,3,9,7,5
5609,88,28,136,1,9,8,3
5920,88,42,161,4,5,2,3
5985,88,48,273,1,5,6,3
6314,88,26,232,1,6,1,4
6457,88,14,228,1,6,6,3
6480,88,21,263,2,10,5,9
6507,88,22,143,2,6,6,5
6886,88,45,199,5,8,2,10
6905,88,30,190,5,7,10,3
7039,88,49,261,4,9,3,10
7079,88,36,268,5,2,7,2
7240,88,35,165,4,1,3,1
7273,88,13,164,5,9,6,4
7350,88,37,149,3,6,7,7
7394,88,18,158,1,5,8,6
7431,88,28,172,3,9,4,2
7529,88,39,263,4,9,7,7
7775,88,42,254,5,2,2,5
8141,88,15,153,3,2,4,5
8287,88,16,138,2,4,9,7
8678,88,14,217,5,6,9,4
8715,88,10,136,5,6,5,1
8767,88,49,150,1,10,6,6
8785,88,34,276,5,6,7,4
8803,88,41,246,3,9,10,2
8808,88,37,192,5,8,3,10
8920,88,28,225,3,3,1,9
8987,88,23,201,4,1,8,9
9132,88,5,187,4,3,9,8
9135,88,16,128,1,1,5,2
9275,88,16,174,4,7,2,9
9298,88,36,186,5,9,9,1
9307,88,26,250,5,3,9,1
9481,88,6,219,5,10,2,8
9923,88,38,192,2,8,10,2
31,89,29,214,4,8,3,4
44,89,45,210,1,3,8,4
123,89,35,161,4,3,8,9
155,89,35,251,3,1,9,4
217,89,17,125,5,7,5,2
220,89,7,108,4,6,2,2
242,89,41,221,2,10,10,8
251,89,45,214,5,2,1,3
344,89,26,170,2,9,4,1
369,89,7,117,3,2,9,8
415,89,39,182,3,4,10,6
419,89,30,252,4,2,8,7
643,89,44,275,5,2,7,7
942,89,11,116,1,5,7,6
1254,89,11,236,4,6,6,4
1318,89,47,210,4,9,10,3
1332,89,42,277,2,1,1,7
1370,89,43,144,1,8,3,7
1431,89,40,218,3,2,10,1
1472,89,18,233,3,7,9,9
1520,89,30,152,5,10,2,5
1532,89,41,286,4,7,7,6
1692,89,45,215,2,8,6,6
1785,89,19,208,4,8,6,7
1898,89,11,221,4,2,1,4
2174,89,8,149,5,3,7,7
2231,89,15,262,5,1,10,1
2237,89,7,153,1,5,6,7
2260,89,44,285,4,5,5,9
2437,89,32,208,2,6,1,2
2599,89,29,281,2,8,8,2
2609,89,19,283,4,9,9,9
2626,89,45,227,2,5,7,9
2705,89,50,282,4,4,4,7
2736,89,20,223,5,2,5,4
2769,89,48,243,2,2,8,1
2776,89,21,153,4,3,7,9
2842,89,16,231,5,10,1,2
2883,89,43,276,2,10,8,6
2904,89,37,226,5,6,7,6
2955,89,29,286,1,7,4,7
2980,89,16,205,2,8,1,2
3066,89,22,151,3,10,2,4
3156,89,34,241,3,1,8,10
3219,89,36,167,1,8,7,6
3403,89,22,269,4,4,2,5
3695,89,8,132,4,4,7,10
3774,89,20,197,5,7,7,4
3795,89,21,162,1,2,3,8
3828,89,22,141,4,9,10,6
4095,89,7,120,4,6,6,4
4097,89,14,140,2,7,5,2
4116,89,36,274,1,7,10,2
4394,89,22,201,5,1,5,1
4396,89,11,162,5,7,6,10
4479,89,30,254,3,5,9,9
4582,89,12,266,5,2,8,5
4635,89,7,125,1,10,5,5
4721,89,47,259,1,2,4,10
4726,89,46,240,3,7,4,4
4785,89,16,214,4,8,7,8
4843,89,35,246,4,2,10,8
4917,89,21,155,1,2,2,2
5045,89,14,253,3,10,5,2
5437,89,35,242,4,1,9,7
5712,89,41,186,2,1,2,4
5842,89,38,247,1,3,3,10
5882,89,6,282,3,2,2,10
5995,89,28,129,1,3,7,6
6157,89,37,140,4,4,10,6
6176,89,36,234,2,8,2,8
6215,89,37,178,5,3,10,9
6265,89,47,191,2,2,5,1
6296,89,43,195,2,8,1,9
6344,89,28,276,5,4,3,6
6411,89,46,146,4,1,2,9
6436,89,41,160,5,2,5,9
6483,89,16,274,5,1,7,4
6522,89,25,251,2,7,9,5
6628,89,6,227,5,10,9,9
6761,89,31,191,1,7,9,2
6915,89,39,139,3,6,9,6
7033,89,39,143,3,6,6,10
7099,89,15,139,2,6,4,9
7112,89,7,204,2,8,6,7
7226,89,35,140,5,8,10,5
7328,89,36,216,1,4,1,3
7335,89,29,289,2,5,7,4
7372,89,31,188,4,4,1,5
7380,89,37,262,4,3,3,7
7485,89,12,182,4,10,3,5
7521,89,42,287,1,1,6,2
7545,89,28,132,4,6,7,1
7549,89,40,225,4,6,7,7
7588,89,43,205,4,6,5,2
7599,89,41,259,4,7,5,4
7860,89,42,174,5,3,7,3
8056,89,32,154,5,9,7,2
8315,89,5,239,5,4,6,8
8394,89,8,172,5,10,4,2
8508,89,23,152,3,10,8,10
8532,89,43,252,5,6,3,6
8640,89,37,285,1,10,2,1
8724,89,30,211,3,10,10,5
8912,89,26,230,4,6,5,4
9159,89,25,286,2,9,2,7
9162,89,41,197,2,4,2,3
9213,89,18,167,5,7,4,8
9238,89,46,174,2,2,8,9
9388,89,24,233,4,8,10,10
9510,89,12,268,5,5,1,1
9597,89,27,136,4,9,7,7
9656,89,29,256,1,7,5,10
9664,89,10,260,3,5,1,10
9670,89,43,250,2,10,8,4
9741,89,42,175,4,10,1,7
9755,89,34,204,1,7,3,6
9831,89,39,281,3,3,6,10
9870,89,10,151,2,3,3,8
222,90,19,148,2,8,2,3
278,90,41,145,4,7,5,10
399,90,6,284,3,1,10,1
603,90,40,197,3,9,9,2
874,90,8,132,1,3,10,6
961,90,40,157,3,9,7,10
1059,90,49,221,3,4,6,3
1066,90,10,203,3,1,10,6
1127,90,5,184,2,5,3,3
1134,90,5,278,3,7,1,3
1305,90,35,207,1,10,9,6
1322,90,23,150,4,7,5,7
1384,90,7,187,5,5,6,8
1573,90,20,288,4,2,3,6
1701,90,7,111,4,10,8,4
1807,90,11,231,2,10,6,4
1871,90,16,137,2,7,5,8
1882,90,31,163,2,3,10,10
1886,90,24,132,4,5,5,10
1965,90,42,172,2,8,3,1
1986,90,46,237,3,2,9,2
2047,90,47,290,2,4,10,4
2058,90,50,275,1,1,1,7
2463,90,17,152,1,1,7,1
2543,90,20,289,1,3,10,7
2584,90,6,142,2,8,4,7
2944,90,12,139,1,8,8,4
2974,90,33,155,1,10,5,10
3078,90,41,185,5,7,9,9
3085,90,12,233,2,8,3,1
3087,90,39,289,1,10,8,3
3322,90,21,167,5,5,8,6
3431,90,19,130,2,3,5,2
3796,90,9,274,1,9,3,1
3965,90,25,250,1,8,6,9
4121,90,18,238,2,8,6,5
4155,90,35,246,3,7,3,2
4159,90,40,268,1,10,1,3
4177,90,48,173,1,8,1,10
4263,90,37,194,5,3,2,2
4434,90,41,158,3,2,6,5
4782,90,7,232,4,10,8,5
4988,90,20,121,4,9,4,6
5127,90,50,208,2,10,4,2
5147,90,6,279,3,6,2,3
5188,90,48,254,3,1,3,3
5256,90,48,198,1,3,2,4
5421,90,48,230,1,2,10,2
5453,90,46,155,3,7,6,10
5568,90,5,113,3,3,1,1
5635,90,22,135,1,9,9,8
5860,90,32,180,5,4,4,8
6127,90,20,258,2,10,10,2
6131,90,31,238,3,6,2,10
6185,90,14,251,5,7,2,3
6186,90,44,256,4,7,7,10
6327,90,29,231,3,8,5,1
6452,90,25,233,4,6,7,5
6464,90,40,253,2,6,2,8
6487,90,14,128,2,7,5,5
6509,90,38,171,3,4,2,2
6645,90,28,221,3,5,6,2
6763,90,9,250,1,2,10,10
6959,90,32,147,1,6,7,8
7136,90,37,222,5,3,10,4
7161,90,29,158,1,6,6,5
7215,90,24,240,1,7,2,10
7288,90,34,178,5,8,8,7
7361,90,8,285,1,6,4,7
7674,90,50,165,2,10,2,4
7734,90,23,274,1,6,8,10
7747,90,6,180,1,8,4,3
7765,90,35,192,4,3,8,7
7850,90,37,194,3,9,5,3
7911,90,14,172,3,1,6,3
8074,90,49,151,3,7,6,8
8097,90,39,193,3,9,5,4
8242,90,49,279,4,2,6,9
8301,90,30,232,3,8,2,4
8485,90,32,217,5,4,6,1
8591,90,10,176,1,9,1,6
8795,90,43,200,4,2,6,5
8881,90,30,148,5,10,9,1
8903,90,37,164,5,7,7,6
9309,90,30,268,1,1,7,3
9362,90,8,117,3,5,7,5
9499,90,43,198,3,3,10,5
9512,90,14,185,2,7,5,2
9733,90,9,278,5,4,1,5
9801,90,23,235,1,9,1,3
9838,90,28,215,4,9,1,10
9843,90,46,287,1,5,6,1
134,91,12,277,3,6,5,3
212,91,24,146,2,1,2,10
305,91,27,235,4,2,2,1
401,91,37,244,5,9,6,1
510,91,19,280,2,2,1,4
701,91,25,163,5,1,8,7
735,91,30,152,4,7,4,10
782,91,28,173,5,1,8,4
902,91,13,233,1,3,3,7
1036,91,20,144,4,2,6,10
1211,91,29,171,1,6,1,9
1266,91,30,286,3,10,6,10
1319,91,11,223,2,2,8,8
1337,91,10,146,4,7,6,7
1354,91,48,171,4,7,2,4
1468,91,7,197,1,1,8,8
1609,91,42,228,1,8,10,4
1848,91,29,138,5,8,6,6
1897,91,20,166,2,4,6,7
1960,91,7,173,2,6,6,8
2112,91,10,222,3,4,2,2
2227,91,25,214,2,9,10,9
2297,91,42,153,5,3,2,5
2653,91,38,170,4,10,7,6
2742,91,25,286,4,2,3,9
2745,91,50,196,5,7,9,4
2754,91,6,269,3,1,1,5
2810,91,39,159,2,9,9,9
2835,91,7,248,3,6,4,10
2950,91,37,289,2,8,6,4
2960,91,41,291,4,6,10,7
2997,91,37,173,2,8,9,4
3021,91,31,216,1,2,7,5
3040,91,12,279,4,2,10,2
3129,91,30,137,1,1,4,7
3148,91,12,284,1,6,1,2
3162,91,39,150,4,6,2,6
3169,91,43,221,4,6,3,3
3187,91,17,161,4,10,3,2
3201,91,5,214,5,9,8,6
3233,91,41,188,1,1,10,9
3358,91,50,241,2,6,9,4
3473,91,18,225,5,7,4,7
3611,91,6,141,4,6,6,9
3685,91,48,285,3,9,3,5
3769,91,17,253,3,10,4,8
3800,91,19,217,3,7,10,5
3803,91,42,282,2,3,10,3
3819,91,28,282,2,4,7,6
3927,91,23,218,5,6,5,3
3944,91,32,239,5,1,7,9
3957,91,27,146,4,2,5,6
3984,91,41,194,5,9,10,7
4008,91,17,227,1,2,4,4
4041,91,5,240,5,10,5,9
4382,91,14,290,1,5,3,10
4518,91,5,169,1,6,3,8
4552,91,25,254,2,9,7,8
4720,91,33,257,4,6,5,4
4889,91,34,149,4,2,1,3
4899,91,24,227,2,9,10,3
4916,91,30,225,4,10,2,7
5090,91,27,174,2,8,10,8
5301,91,27,210,4,6,1,1
5308,91,23,209,5,4,6,6
5449,91,17,184,5,3,4,8
5597,91,11,232,4,2,4,4
5600,91,35,278,1,6,1,1
5608,91,21,270,2,10,10,7
5620,91,49,270,1,3,3,2
5647,91,9,154,4,5,3,8
5764,91,5,190,3,1,10,2
5937,91,12,113,1,4,6,5
6001,91,5,254,2,6,8,7
6051,91,44,265,4,3,3,2
6085,91,25,190,5,10,5,3
6194,91,21,208,5,9,4,2
6277,91,13,270,3,10,10,5
6524,91,6,218,5,9,10,6
6818,91,7,264,4,8,3,7
6821,91,6,251,5,10,5,1
6822,91,33,198,2,7,9,6
7225,91,40,153,2,6,2,5
7260,91,13,242,3,4,5,6
7781,91,22,265,5,10,1,9
7861,91,8,264,5,8,3,2
7965,91,28,286,2,8,5,2
8199,91,40,282,5,6,4,4
8295,91,25,159,1,2,2,2
8308,91,48,152,4,1,10,10
8365,91,35,200,4,9,9,9
8412,91,50,283,3,7,5,4
8445,91,40,288,4,9,5,2
8562,91,5,113,1,5,7,8
8706,91,26,279,1,8,3,10
8753,91,35,158,3,8,7,5
8964,91,33,200,3,4,4,1
9019,91,8,291,4,8,9,10
9080,91,49,261,2,1,3,1
9120,91,47,263,3,6,6,4
9148,91,12,272,2,8,3,6
9286,91,22,178,4,6,4,9
9487,91,5,152,5,1,6,7
9523,91,6,160,2,3,2,3
9629,91,38,218,2,7,2,7
9633,91,38,237,1,6,7,6
9639,91,45,158,5,3,3,1
9647,91,38,236,1,6,8,9
9649,91,23,261,2,9,2,5
26,92,23,281,1,10,5,4
53,92,46,160,3,8,2,1
302,92,49,182,2,8,7,6
470,92,8,225,1,6,4,7
862,92,16,128,3,5,3,3
1045,92,35,187,2,2,2,1
1067,92,41,213,5,1,5,8
1095,92,17,123,4,1,8,2
1280,92,11,211,5,3,9,2
1548,92,34,266,3,10,1,2
1660,92,11,174,1,10,3,7
1702,92,36,147,1,8,1,4
1707,92,16,207,2,10,7,2
1825,92,41,155,4,6,4,9
1888,92,41,281,5,2,5,6
1895,92,41,278,4,5,6,3
1930,92,21,142,1,4,7,8
2002,92,16,255,1,8,8,8
2155,92,16,265,3,3,1,5
2160,92,32,275,5,10,9,4
2694,92,12,210,5,8,7,2
2714,92,33,204,3,1,1,6
2785,92,34,252,3,3,6,8
2886,92,9,150,1,3,9,8
2895,92,46,215,1,4,7,3
2972,92,37,206,5,10,7,6
3009,92,12,289,4,8,9,9
3041,92,36,144,4,10,9,8
3118,92,49,279,3,5,1,6
3243,92,32,178,3,2,8,2
3417,92,49,222,4,3,8,10
3484,92,16,280,5,1,1,6
3709,92,16,207,2,2,3,2
3997,92,11,256,4,7,4,1
4009,92,28,275,1,5,7,7
4035,92,28,151,4,7,3,6
4064,92,27,184,2,7,7,6
4410,92,29,210,4,9,9,8
4461,92,25,172,3,2,1,9
4464,92,9,253,2,8,10,3
4605,92,33,209,1,4,4,9
4630,92,33,230,5,10,10,7
4634,92,39,230,4,6,6,5
4771,92,21,279,2,1,2,8
4970,92,47,151,5,5,7,9
5039,92,32,180,1,5,4,2
5091,92,21,142,1,9,7,1
5144,92,44,180,5,8,2,1
5151,92,35,250,2,9,5,6
5190,92,16,179,1,9,8,6
5283,92,7,229,3,4,7,6
5335,92,30,165,2,10,2,4
5429,92,15,165,5,3,9,2
5443,92,19,185,4,5,2,2
5783,92,26,254,1,6,5,10
5809,92,41,267,5,4,2,10
5823,92,16,216,5,2,7,7
5830,92,33,223,2,3,6,1
5944,92,6,253,2,1,2,3
5954,92,7,242,3,5,9,2
6002,92,17,166,1,1,6,7
6023,92,39,246,2,5,1,1
6173,92,6,169,4,8,10,4
6174,92,29,186,2,8,9,7
6193,92,6,142,3,4,7,3
6373,92,27,219,2,10,5,6
6490,92,17,201,2,9,7,8
6600,92,45,267,5,6,9,9
6634,92,13,181,1,10,7,8
6700,92,6,123,5,9,3,1
6714,92,7,271,3,10,8,2
6808,92,48,283,1,8,10,8
6904,92,49,254,2,2,10,10
6909,92,49,156,3,8,6,1
6981,92,48,206,5,1,1,10
7034,92,21,161,3,3,10,3
7194,92,33,138,2,2,8,4
7333,92,19,180,5,1,8,10
7371,92,44,277,4,6,9,8
7398,92,23,193,2,10,7,1
7495,92,12,116,2,9,5,9
7640,92,19,225,4,5,1,8
7767,92,7,204,3,2,6,10
8073,92,23,183,1,8,6,8
8354,92,49,261,1,9,7,6
8385,92,44,247,5,9,9,3
8424,92,7,158,4,1,5,9
8620,92,25,127,2,2,2,5
8830,92,32,264,4,1,6,3
8865,92,8,148,1,4,7,5
8883,92,37,277,4,8,5,8
9018,92,27,265,3,1,9,4
9113,92,30,132,2,1,4,7
9266,92,21,131,4,4,7,6
9392,92,18,176,2,9,7,7
9509,92,46,225,4,6,2,2
9522,92,36,201,2,1,7,8
9525,92,29,291,4,5,8,8
9540,92,12,244,1,2,10,4
9763,92,37,242,3,3,9,3
9861,92,18,215,2,10,5,6
9880,92,39,184,5,5,7,2
9918,92,16,242,5,7,8,1
84,93,33,273,5,3,2,6
245,93,18,289,1,7,7,2
426,93,22,139,2,6,5,8
428,93,10,202,1,7,7,3
443,93,38,255,1,4,9,6
520,93,14,281,4,10,6,4
548,93,28,245,2,1,9,10
586,93,10,275,5,7,5,1
914,93,49,170,4,4,7,8
974,93,37,145,1,7,7,5
1079,93,29,174,3,2,4,10
1144,93,42,269,4,1,2,8
1147,93,34,196,5,7,1,2
1230,93,25,244,1,6,2,9
1595,93,6,209,2,9,1,4
1638,93,38,238,1,8,8,10
1813,93,6,155,3,6,8,9
2331,93,43,172,5,9,5,6
2401,93,23,153,2,7,1,4
2411,93,24,262,5,8,2,3
2425,93,45,221,2,8,2,2
2497,93,20,147,5,6,3,8
2510,93,25,217,1,9,6,9
2559,93,26,191,1,7,8,10
2589,93,43,263,3,10,1,8
2729,93,12,221,1,8,3,1
2805,93,38,292,5,8,1,9
3033,93,19,188,5,10,2,5
3071,93,20,182,5,5,8,10
3090,93,32,271,4,10,3,7
3234,93,49,180,3,10,3,1
3398,93,46,157,4,6,5,9
3613,93,10,192,1,2,6,1
4075,93,7,269,1,4,1,1
4101,93,23,139,1,10,4,10
4448,93,43,290,4,2,1,8
4560,93,42,169,4,9,2,3
4569,93,49,282,2,9,3,3
4809,93,38,286,2,7,3,2
4842,93,13,190,3,6,1,7
4908,93,37,163,1,5,10,2
4948,93,18,168,2,2,7,9
5042,93,20,160,1,2,8,10
5255,93,48,206,2,7,9,2
5297,93,15,193,1,3,1,8
5339,93,6,282,4,8,6,8
5367,93,29,213,2,1,9,1
5403,93,20,205,2,4,7,2
5477,93,33,241,2,10,9,9
5495,93,16,176,4,6,3,8
5524,93,26,237,5,2,7,4
5645,93,45,214,4,9,5,8
5698,93,16,284,1,5,3,8
5720,93,48,260,4,1,1,4
6028,93,45,233,2,10,9,6
6030,93,38,142,5,3,4,4
6099,93,44,187,4,2,1,7
6166,93,50,175,4,2,5,10
6340,93,15,250,4,5,3,8
6395,93,48,191,5,2,8,10
6754,93,36,292,2,5,6,4
6799,93,32,251,2,2,1,10
6906,93,25,182,4,4,4,7
7045,93,29,269,5,10,2,8
7092,93,50,220,3,4,4,9
7284,93,49,275,4,3,8,1
7499,93,29,140,4,5,6,2
7530,93,44,261,1,5,9,7
7587,93,11,119,3,3,1,2
7620,93,7,132,1,7,8,5
7783,93,45,203,1,2,3,8
7809,93,35,203,2,3,5,6
7821,93,15,275,2,1,2,6
7918,93,5,153,3,5,9,6
7945,93,45,172,1,3,10,10
8035,93,32,263,4,9,8,9
8062,93,33,192,5,3,9,5
8414,93,9,266,5,6,3,1
8416,93,38,221,1,4,8,1
8447,93,16,212,5,8,1,2
8601,93,40,289,2,8,6,7
8787,93,12,124,2,4,5,8
8884,93,48,227,5,8,4,1
8887,93,14,249,3,2,5,6
9049,93,50,266,2,3,2,10
9131,93,48,208,5,10,8,8
9218,93,6,276,4,5,3,10
9319,93,7,257,1,10,8,7
9353,93,40,285,4,8,8,9
9398,93,48,290,2,9,9,2
9431,93,45,291,5,6,5,7
9445,93,30,281,1,5,1,5
9583,93,23,210,4,1,8,7
9638,93,21,161,1,2,4,1
9648,93,50,268,4,3,5,5
9814,93,37,248,1,10,8,9
9830,93,25,158,5,7,8,2
9930,93,19,207,4,10,6,1
92,94,29,161,4,9,7,8
125,94,15,280,2,6,7,6
268,94,32,168,4,9,4,7
342,94,35,168,3,6,10,9
346,94,35,145,4,4,7,5
467,94,32,195,2,3,10,3
517,94,28,290,3,1,9,3
529,94,39,151,5,5,5,10
821,94,33,193,4,5,8,4
1072,94,29,237,3,1,3,3
1180,94,27,160,1,5,4,2
1200,94,16,201,4,8,5,8
1253,94,8,216,4,10,8,8
2011,94,31,181,1,6,10,4
2288,94,36,196,2,8,6,8
2314,94,39,235,5,3,8,6
2332,94,17,277,4,2,4,4
2508,94,22,258,1,3,5,2
2526,94,12,149,4,9,7,3
2554,94,24,211,1,4,2,5
2725,94,37,179,2,10,5,5
2772,94,28,238,4,7,7,6
2788,94,24,250,3,8,7,4
3369,94,44,292,2,6,6,10
3476,94,32,214,2,9,8,8
3479,94,50,187,3,8,9,8
3645,94,10,286,2,10,3,7
3664,94,43,228,4,2,4,4
3886,94,40,278,2,1,5,8
3960,94,21,186,4,5,10,10
4004,94,17,224,1,1,1,2
4242,94,36,239,3,4,6,1
4314,94,23,151,3,10,10,4
4374,94,33,238,4,3,9,9
4469,94,16,274,2,7,6,2
4530,94,13,249,1,3,6,2
4536,94,25,171,5,9,7,10
4571,94,34,289,2,5,8,2
4667,94,31,223,3,6,6,10
4805,94,40,247,4,8,2,6
4881,94,21,278,4,8,2,8
5114,94,49,247,2,5,6,7
5173,94,15,199,5,9,3,4
5183,94,14,151,1,1,2,2
5299,94,50,262,5,4,3,8
5417,94,42,187,1,9,8,2
5595,94,9,165,2,4,8,7
5630,94,29,173,1,8,2,6
5672,94,38,258,1,1,7,8
5805,94,41,267,1,1,5,9
6074,94,25,225,1,9,9,6
6092,94,43,276,3,7,6,9
6316,94,19,146,2,7,6,1
6361,94,50,163,1,5,10,4
6527,94,41,249,1,6,10,4
6699,94,32,292,1,4,5,5
6733,94,32,192,1,8,5,2
6972,94,11,229,2,5,9,5
7085,94,37,207,3,6,10,10
7160,94,7,265,1,10,10,8
7177,94,44,158,5,2,6,9
7217,94,40,252,1,6,6,6
7275,94,18,283,3,1,10,1
7342,94,16,276,4,6,7,7
7500,94,36,258,4,10,10,4
7695,94,13,204,3,9,3,3
7892,94,37,279,2,9,2,7
7933,94,24,207,4,10,2,2
7947,94,47,268,4,6,9,6
8059,94,44,155,3,7,4,10
8131,94,11,185,4,8,9,6
8176,94,27,287,4,7,1,9
8261,94,50,290,3,6,3,10
8276,94,37,150,5,7,10,8
8293,94,27,205,2,8,6,8
8405,94,40,196,3,2,6,3
8491,94,28,173,1,7,1,6
8629,94,13,208,1,2,1,4
8693,94,23,248,4,10,9,2
8771,94,14,214,2,5,5,4
8919,94,24,180,4,2,6,10
8984,94,34,172,4,3,2,3
9112,94,45,250,1,1,1,3
9171,94,31,223,4,6,1,4
9310,94,35,139,4,3,9,2
9323,94,33,173,2,7,7,9
9385,94,17,191,2,6,6,4
9401,94,18,141,5,1,3,4
9447,94,31,241,1,8,10,2
9521,94,49,195,1,10,7,7
9543,94,28,190,3,7,2,7
9760,94,40,213,1,7,4,3
9828,94,31,244,1,2,3,2
9872,94,26,164,5,5,9,8
9928,94,9,223,2,7,8,8
160,95,10,292,3,7,7,10
274,95,26,150,3,7,4,10
324,95,42,233,3,2,2,6
473,95,27,229,3,1,3,2
555,95,17,209,2,4,4,7
557,95,9,188,3,5,8,3
565,95,40,295,2,4,3,3
804,95,5,165,4,4,6,3
949,95,33,287,3,1,4,7
1026,95,35,223,1,6,4,2
1232,95,48,285,3,3,5,1
1313,95,29,189,5,1,10,4
1383,95,36,163,5,5,5,6
1550,95,14,235,1,5,1,8
1584,95,13,227,3,2,6,5
1757,95,13,295,2,6,5,7
1879,95,21,218,1,9,5,10
1909,95,43,292,1,7,5,8
1966,95,13,161,1,9,7,8
2108,95,22,282,5,2,2,10
2143,95,7,288,5,8,2,5
2399,95,43,217,5,9,2,6
2564,95,18,260,5,8,5,1
2648,95,23,163,1,8,3,4
2664,95,40,270,3,1,8,4
2695,95,6,150,5,5,5,3
2744,95,15,181,1,10,10,3
2823,95,21,194,3,9,2,8
2865,95,11,241,1,8,5,3
3137,95,25,239,4,9,4,3
3144,95,19,195,5,9,1,9
3259,95,28,137,1,8,8,4
3394,95,35,272,3,9,5,6
3415,95,48,165,1,9,3,9
3418,95,38,264,3,1,1,3
3455,95,47,280,5,1,6,7
3507,95,19,291,2,3,2,2
3621,95,16,236,5,2,1,2
3740,95,23,254,2,9,10,10
3816,95,50,292,1,2,2,2
3831,95,41,232,2,1,5,5
3841,95,22,178,2,8,4,2
3958,95,47,281,5,9,6,10
3969,95,37,238,5,9,7,2
4001,95,35,261,2,2,8,7
4077,95,22,218,2,6,6,3
4214,95,8,268,4,2,4,3
4254,95,46,266,3,4,7,5
4317,95,29,284,3,6,3,6
4326,95,13,164,5,3,5,4
4576,95,39,205,2,9,7,2
4761,95,20,292,1,5,5,5
4898,95,10,218,3,8,4,2
4910,95,10,213,1,8,2,9
4920,95,28,289,4,3,4,2
4998,95,47,194,3,4,6,2
5073,95,15,241,3,6,6,10
5169,95,20,188,5,10,3,5
5322,95,48,261,1,8,6,1
5371,95,40,215,2,10,7,5
5632,95,22,236,1,2,4,10
5634,95,38,173,1,4,3,6
5676,95,50,290,3,10,5,8
5684,95,41,255,5,10,3,3
5733,95,26,141,5,9,7,5
5738,95,34,243,3,8,1,2
5763,95,24,260,3,10,1,9
5818,95,50,205,3,3,5,5
5909,95,19,158,3,1,6,3
6167,95,7,147,1,7,3,5
6245,95,24,193,2,8,1,6
6392,95,18,257,5,6,9,9
6578,95,12,291,2,7,4,1
6708,95,23,130,3,10,4,7
6860,95,44,260,3,5,8,7
6878,95,36,166,1,7,4,9
6935,95,39,196,5,10,3,10
7073,95,39,201,3,9,10,7
7091,95,13,240,1,10,6,6
7176,95,11,147,5,4,9,6
7345,95,21,180,2,10,10,2
7417,95,6,282,3,10,3,9
7679,95,29,235,3,5,4,4
7887,95,20,212,2,10,7,7
7957,95,38,230,1,6,3,6
8005,95,32,165,4,8,3,7
8071,95,26,245,2,2,8,1
8091,95,11,122,3,6,3,3
8153,95,10,167,1,10,9,4
8158,95,40,159,5,5,5,4
8259,95,24,289,1,10,2,2
8355,95,8,253,2,8,2,7
8407,95,35,210,3,2,4,10
8467,95,22,245,1,5,4,6
8474,95,16,133,2,2,2,6
8635,95,10,270,5,7,6,8
8709,95,31,138,1,4,2,3
8731,95,5,249,2,2,10,4
8821,95,36,216,1,9,4,8
8850,95,14,141,2,6,10,2
8885,95,14,134,3,6,1,9
9121,95,23,274,2,9,4,3
9214,95,6,117,1,6,4,10
9300,95,10,165,5,1,1,10
9752,95,10,193,2,7,3,2
9844,95,5,177,2,5,6,5
9848,95,25,262,2,8,7,1
9931,95,34,210,5,8,7,4
144,96,46,167,1,6,6,4
262,96,17,259,2,1,1,6
338,96,38,262,4,4,5,5
410,96,15,149,3,4,9,9
535,96,9,194,2,1,10,10
570,96,49,243,4,1,7,5
615,96,11,265,2,1,8,6
704,96,6,170,1,2,2,1
777,96,15,153,2,4,10,5
880,96,21,177,4,2,9,6
981,96,21,296,2,1,6,10
1050,96,17,126,5,7,2,10
1178,96,32,146,2,1,7,2
1223,96,35,290,5,5,7,9
1286,96,9,239,5,9,2,9
1317,96,18,189,5,9,5,4
1345,96,28,190,1,7,3,6
1401,96,35,190,1,8,5,3
1418,96,26,145,1,1,2,9
1455,96,19,197,3,10,10,9
1477,96,21,145,3,8,1,10
1552,96,17,155,3,4,2,10
1634,96,24,167,3,10,2,8
2036,96,26,236,1,9,8,7
2078,96,9,154,4,1,9,6
2110,96,13,160,4,8,4,3
2249,96,17,145,5,8,10,6
2277,96,10,268,1,1,5,4
2530,96,9,216,5,5,2,3
2702,96,9,261,5,4,6,8
2775,96,46,168,2,8,8,10
2846,96,46,187,1,3,10,7
2933,96,39,290,5,7,10,10
3044,96,36,146,4,6,9,1
3142,96,21,224,1,5,10,8
3161,96,50,237,4,1,5,10
3178,96,21,138,1,2,10,5
3190,96,21,279,3,9,6,6
3224,96,30,167,4,1,9,7
3282,96,25,239,3,7,1,8
3485,96,49,208,3,8,9,9
3530,96,43,250,3,10,9,9
3581,96,42,236,5,2,7,2
3683,96,9,262,4,1,9,5
3699,96,47,228,1,1,2,9
4067,96,25,196,2,4,4,9
4258,96,15,183,1,5,5,7
4260,96,13,293,4,2,8,7
4274,96,20,262,1,3,3,10
4366,96,8,191,4,3,6,9
4666,96,7,221,3,7,7,2
4804,96,31,219,4,5,9,9
4879,96,37,236,4,3,5,2
4914,96,18,138,1,9,1,7
5050,96,19,262,5,5,3,6
5069,96,15,210,5,5,10,2
5107,96,28,206,4,4,1,7
5166,96,35,218,4,5,6,2
5266,96,24,289,2,4,5,9
5280,96,16,290,1,6,4,2
5284,96,12,219,1,1,6,2
5358,96,18,243,1,8,3,9
5471,96,37,204,3,6,10,10
5508,96,7,210,4,2,4,2
5565,96,22,207,1,6,5,6
5706,96,22,147,1,1,3,4
5713,96,46,227,4,10,1,2
5748,96,30,283,3,8,4,9
5857,96,47,163,3,7,8,4
5862,96,6,160,1,5,7,6
6112,96,21,152,5,8,10,10
6477,96,33,219,2,4,1,2
6630,96,23,182,3,5,1,5
6893,96,16,272,1,8,8,7
7052,96,29,193,2,8,5,7
7056,96,9,174,4,9,10,5
7103,96,6,280,5,1,8,8
7143,96,47,271,3,8,5,5
7193,96,19,127,1,9,1,5
7233,96,22,292,1,10,7,1
7294,96,42,182,3,10,2,3
7363,96,35,198,1,1,10,6
7606,96,16,219,5,6,2,9
7617,96,20,181,2,10,1,10
7636,96,49,239,3,2,9,9
7785,96,44,228,2,5,2,4
7854,96,16,254,4,2,9,4
7889,96,32,215,5,8,3,1
7954,96,36,294,1,3,7,10
8041,96,44,168,1,1,3,4
8160,96,40,201,4,5,10,1
8180,96,6,165,3,5,8,8
8338,96,26,261,5,1,1,6
8450,96,11,225,2,5,9,1
8452,96,38,200,3,1,2,10
8544,96,43,235,1,6,4,4
8877,96,42,290,4,8,8,5
9044,96,50,250,4,8,2,10
9074,96,12,277,2,9,9,2
9175,96,28,190,4,4,9,1
9176,96,32,188,5,3,4,6
9244,96,38,208,2,7,10,8
9581,96,21,269,1,8,6,1
9592,96,26,230,2,4,10,4
9643,96,20,159,5,5,8,6
9742,96,23,173,4,5,3,6
9907,96,45,272,4,9,9,3
9968,96,21,147,1,5,3,3
34,97,47,226,5,4,1,8
162,97,48,218,4,5,1,3
317,97,21,260,5,2,6,8
363,97,20,146,4,5,9,8
437,97,26,247,4,1,1,4
442,97,31,140,5,10,2,3
494,97,11,166,2,9,7,6
1088,97,11,140,3,8,6,9
1157,97,31,234,2,1,9,3
1276,97,48,224,3,3,8,9
1320,97,40,259,2,5,4,8
1506,97,27,250,2,10,2,1
1792,97,19,133,4,3,8,6
1818,97,34,294,5,5,1,2
1855,97,25,264,1,7,4,10
1984,97,46,289,3,8,1,8
2014,97,33,269,4,2,7,1
2095,97,38,295,5,4,5,5
2351,97,44,197,4,5,2,9
2424,97,38,280,5,3,8,8
2444,97,50,220,1,8,9,7
2680,97,26,193,3,8,3,6
2704,97,40,286,2,9,4,2
2869,97,39,194,4,4,6,7
3280,97,44,297,4,2,8,5
3365,97,10,192,1,5,1,6
3405,97,49,204,2,7,1,1
3509,97,36,206,2,5,7,1
3553,97,8,138,2,3,10,4
3562,97,7,264,5,2,4,10
3601,97,34,194,3,7,10,6
3642,97,31,148,3,8,2,2
3713,97,41,270,3,10,6,6
3745,97,31,212,2,1,9,10
3976,97,6,211,5,4,10,2
4019,97,24,141,2,6,9,1
4059,97,45,209,1,2,4,6
4143,97,25,218,2,4,1,6
4224,97,7,232,3,3,5,8
4339,97,36,268,4,7,5,1
4341,97,42,268,3,8,2,6
4417,97,8,269,4,7,4,9
4593,97,35,222,1,1,1,6
4774,97,50,170,3,6,8,9
4791,97,31,148,2,9,3,2
4811,97,36,193,5,3,1,1
4929,97,41,190,1,3,6,8
5005,97,50,181,4,3,3,3
5121,97,50,189,2,9,2,7
5134,97,7,280,2,5,8,8
5233,97,37,163,2,7,10,2
5312,97,50,183,2,5,9,7
5320,97,9,205,5,3,5,1
5436,97,18,198,4,10,8,7
5463,97,24,158,5,7,7,6
5558,97,29,258,3,3,6,4
5831,97,35,277,1,3,6,3
5872,97,46,211,4,10,6,5
5903,97,22,294,2,6,1,4
5922,97,44,214,2,10,10,8
5958,97,7,192,2,8,2,3
6079,97,38,166,4,1,10,6
6086,97,32,165,1,6,2,8
6096,97,17,295,3,2,3,3
6105,97,33,264,2,8,10,5
6172,97,38,205,3,8,2,8
6197,97,10,284,4,1,5,10
6209,97,45,186,3,3,2,6
6394,97,23,283,5,6,6,3
7081,97,10,229,1,7,1,10
7555,97,37,209,5,9,8,1
7557,97,23,297,2,5,3,4
7566,97,35,149,2,2,3,2
7567,97,6,253,2,8,5,5
7574,97,37,216,3,4,3,5
7581,97,14,258,5,4,1,5
7730,97,13,199,3,1,5,5
7744,97,47,181,2,10,8,5
7794,97,42,249,2,2,9,3
8147,97,12,249,5,1,6,10
8227,97,12,218,2,6,3,2
8356,97,14,297,4,3,6,4
8479,97,21,266,3,5,8,1
8515,97,13,275,3,6,5,2
8526,97,43,253,4,5,7,3
8570,97,25,152,4,7,9,8
8764,97,33,242,5,4,2,5
8824,97,29,174,1,7,5,8
9078,97,43,279,5,6,9,8
9228,97,8,201,3,6,8,8
9490,97,9,147,4,4,8,3
9645,97,15,237,1,9,3,1
9685,97,43,158,2,7,2,3
9721,97,18,142,4,3,4,3
9941,97,9,191,3,5,8,2
267,98,20,163,2,9,4,10
269,98,17,252,5,10,9,10
290,98,29,258,2,1,2,9
500,98,30,178,4,5,9,1
577,98,33,227,3,4,3,5
583,98,43,209,3,8,9,10
741,98,7,244,2,1,1,4
1042,98,32,172,4,8,8,4
1160,98,42,238,4,8,3,10
1241,98,40,268,1,8,3,6
1292,98,30,235,3,9,1,4
1309,98,48,191,2,7,8,1
1518,98,50,215,3,2,1,8
1663,98,32,173,3,6,5,8
1685,98,43,193,1,4,3,3
1744,98,44,168,3,1,1,3
1804,98,36,287,5,4,5,2
1979,98,6,120,1,7,1,4
2048,98,49,279,3,6,9,5
2065,98,40,176,2,5,9,4
2084,98,16,283,1,4,7,8
2103,98,24,297,5,8,3,7
2222,98,9,214,5,10,9,7
2251,98,36,273,2,2,5,2
2303,98,23,160,3,5,1,4
2342,98,35,243,4,1,4,8
2360,98,9,176,5,10,9,6
2366,98,49,270,4,9,7,1
2431,98,34,163,5,4,10,1
2465,98,31,245,2,8,1,10
2596,98,8,155,4,5,5,4
2661,98,29,174,1,6,1,7
2663,98,46,288,1,6,2,2
2710,98,23,222,5,3,10,9
2741,98,22,239,4,1,6,8
2764,98,10,207,4,4,4,6
2809,98,20,133,3,2,2,8
2829,98,42,239,2,6,2,1
2840,98,22,183,1,5,3,9
2959,98,7,131,2,2,9,9
3107,98,16,131,3,5,2,2
3114,98,11,185,4,10,10,5
3177,98,41,251,3,1,10,6
3194,98,14,178,4,9,2,10
3367,98,27,181,4,4,1,3
3522,98,5,236,1,8,4,6
3782,98,12,181,1,4,1,5
3839,98,25,281,5,9,2,5
3956,98,7,264,1,1,9,2
3961,98,37,285,2,7,1,10
4043,98,50,288,2,3,2,1
4273,98,31,241,1,1,4,8
4331,98,49,162,5,3,1,3
4431,98,26,212,1,1,5,2
4433,98,39,201,2,5,5,8
4705,98,21,196,4,8,3,5
4717,98,38,150,3,3,9,8
4764,98,18,225,2,6,5,1
4800,98,33,152,3,2,8,9
4904,98,17,147,1,5,2,5
5130,98,14,217,2,6,7,5
5133,98,38,242,3,2,4,6
5140,98,20,256,4,9,4,6
5618,98,13,235,5,1,1,2
5840,98,32,168,1,6,2,4
6065,98,9,269,4,9,10,1
6075,98,46,194,2,2,2,6
6189,98,10,267,4,5,10,4
6228,98,31,279,1,10,7,6
6393,98,34,218,5,10,5,9
6425,98,32,165,2,6,3,5
6510,98,29,152,3,10,6,7
6560,98,33,178,4,4,10,6
6599,98,22,253,2,8,10,7
6663,98,11,152,2,4,6,10
6820,98,33,288,2,10,9,8
7173,98,40,293,3,3,10,1
7195,98,26,190,4,4,6,9
7430,98,35,253,3,3,1,3
7463,98,42,253,1,3,3,7
7608,98,40,152,2,9,5,1
7745,98,15,267,2,3,2,1
7788,98,46,155,4,6,2,1
7951,98,41,173,2,10,1,10
7988,98,40,221,1,8,2,8
8027,98,27,238,2,8,5,7
8105,98,48,193,2,3,6,9
8177,98,16,163,4,10,2,10
8192,98,49,232,4,6,8,3
8326,98,11,173,4,6,6,7
8475,98,50,264,2,2,5,9
8516,98,17,188,2,10,9,4
8768,98,9,198,1,9,9,4
8878,98,49,210,4,9,3,1
9008,98,34,207,2,10,8,5
9184,98,16,263,1,3,2,2
9332,98,19,221,1,9,9,10
9466,98,15,272,1,9,7,3
9500,98,27,233,3,6,9,9
9511,98,15,155,1,10,2,8
9549,98,22,178,4,1,4,8
9679,98,17,230,5,8,6,3
9703,98,47,252,5,6,1,7
9808,98,37,262,2,1,3,1
9841,98,27,268,5,6,10,6
18,99,25,176,2,5,8,9
100,99,18,170,4,3,5,1
187,99,45,154,4,10,2,7
337,99,36,247,5,10,9,1
382,99,29,159,2,4,3,1
453,99,24,187,1,9,8,2
524,99,5,279,2,4,7,2
589,99,17,161,4,9,6,7
633,99,21,226,2,9,1,9
700,99,10,119,1,7,10,6
1065,99,20,201,5,9,10,3
1190,99,33,291,1,6,1,10
1258,99,14,125,4,8,4,10
1302,99,31,247,4,5,1,10
1361,99,27,157,4,8,4,1
1565,99,14,171,2,9,9,2
1788,99,17,281,1,8,8,3
2049,99,24,149,5,6,4,9
2129,99,12,265,2,3,9,3
2173,99,12,243,3,7,4,4
2381,99,32,153,1,8,1,3
2436,99,20,267,2,5,8,3
2590,99,14,262,4,5,7,9
2668,99,16,231,1,9,6,10
2679,99,8,181,1,6,10,7
2739,99,14,278,1,9,6,8
3024,99,15,136,1,9,8,9
3026,99,43,263,1,10,3,2
3050,99,33,253,2,4,10,8
3220,99,12,275,2,6,3,1
3287,99,9,218,2,8,4,8
3458,99,18,171,4,9,2,2
3515,99,22,224,2,7,2,6
3516,99,10,166,5,10,6,2
3606,99,50,217,2,10,4,4
3711,99,11,190,2,6,3,4
3771,99,25,179,4,2,4,9
3912,99,40,173,1,9,2,8
4080,99,30,204,5,9,10,10
4236,99,32,175,2,4,9,4
4423,99,50,199,1,3,5,1
4508,99,49,173,4,4,10,3
4550,99,48,176,3,8,8,8
4578,99,38,153,4,5,3,4
4772,99,33,162,3,2,7,9
4787,99,44,195,4,5,6,8
4826,99,33,290,3,2,7,7
4863,99,41,171,1,5,8,6
4866,99,13,240,1,7,2,6
5189,99,17,201,3,3,1,3
5211,99,39,172,4,3,1,4
5507,99,18,200,4,2,3,3
5865,99,28,234,1,4,6,3
6013,99,18,234,3,7,5,3
6143,99,27,292,2,5,1,4
6326,99,19,139,1,3,5,3
6364,99,17,134,2,3,4,1
6528,99,9,184,1,1,1,2
6616,99,20,292,5,9,3,7
6653,99,44,239,4,1,9,5
7147,99,7,206,3,3,8,9
7364,99,24,299,3,8,6,9
7462,99,11,183,4,9,4,10
7542,99,28,186,3,9,4,1
7551,99,22,207,4,5,3,2
7628,99,19,261,5,9,8,9
7631,99,42,297,1,8,9,3
7690,99,43,190,5,4,4,1
7709,99,28,197,2,2,1,1
7946,99,18,217,2,10,5,7
7976,99,10,230,5,7,4,6
8030,99,26,236,4,6,3,4
8193,99,12,173,3,7,10,7
8216,99,17,287,1,2,10,5
8248,99,36,274,1,4,3,7
8461,99,44,226,4,7,3,7
8513,99,43,167,3,9,8,1
8721,99,19,129,2,2,9,8
8934,99,33,234,3,10,5,6
8999,99,5,247,1,6,7,1
9003,99,14,223,4,3,9,8
9010,99,42,290,4,5,6,5
9134,99,50,297,5,6,10,3
9158,99,31,246,5,4,8,4
9196,99,46,215,1,7,1,4
9198,99,30,179,5,4,8,1
9224,99,24,147,1,9,1,1
9291,99,41,222,1,1,4,8
9498,99,38,257,3,5,7,6
9570,99,32,178,5,4,9,10
9590,99,49,244,1,4,1,3
9682,99,7,254,1,8,3,7
9726,99,19,204,5,2,8,8
9820,99,20,129,2,1,6,4
9882,99,35,227,5,6,2,6
9884,99,40,264,4,3,3,10
9903,99,38,298,2,4,7,9
143,100,42,275,4,7,10,7
221,100,7,297,1,7,9,9
254,100,43,187,1,7,2,10
299,100,38,212,2,8,1,1
446,100,17,230,4,3,7,6
471,100,42,152,5,9,6,3
568,100,16,249,5,8,6,4
626,100,47,213,3,4,10,6
724,100,43,274,3,7,3,3
732,100,25,271,2,1,9,9
843,100,21,168,5,7,10,8
861,100,18,235,1,3,6,2
1037,100,28,231,3,4,3,1
1341,100,49,166,2,1,3,7
1397,100,47,264,1,9,9,8
1420,100,34,249,3,5,10,10
1470,100,39,194,5,1,3,6
1749,100,41,238,2,4,2,10
2003,100,50,189,4,3,1,9
2023,100,26,300,4,3,10,1
2371,100,41,281,1,2,4,2
2393,100,18,166,3,8,6,5
2483,100,43,156,2,7,6,8
2492,100,42,211,4,9,5,7
2548,100,16,216,5,3,8,3
2567,100,19,279,3,6,7,2
2719,100,22,208,5,2,5,10
2752,100,20,276,1,2,5,7
2827,100,12,146,2,10,4,9
2838,100,31,295,3,2,2,10
2918,100,36,244,1,5,7,10
3076,100,36,158,5,8,8,2
3199,100,16,252,4,5,4,1
3399,100,39,170,2,8,10,1
3401,100,23,218,1,6,2,3
3533,100,27,261,2,1,6,8
3541,100,40,183,4,7,3,6
3871,100,27,290,1,7,2,2
3974,100,47,244,4,10,9,9
4076,100,47,274,1,3,4,10
4134,100,8,145,3,1,1,5
4171,100,48,253,4,3,8,5
4324,100,18,176,5,4,6,4
4363,100,32,251,1,4,7,9
4388,100,31,188,4,10,4,5
4501,100,31,234,5,5,8,3
4506,100,46,235,1,6,2,6
4544,100,20,270,1,10,7,9
4567,100,26,273,5,5,1,6
4606,100,47,227,3,1,3,3
4607,100,42,284,5,6,2,3
4625,100,8,273,3,7,9,1
4669,100,16,239,4,2,5,9
4688,100,48,196,5,6,7,7
4767,100,7,279,2,1,8,3
4926,100,16,128,4,2,1,7
5040,100,41,290,4,2,5,3
5163,100,43,253,3,6,3,10
5274,100,33,198,1,10,10,10
5287,100,31,198,2,8,10,3
5330,100,5,217,4,5,2,3
5521,100,26,179,5,6,4,10
5563,100,19,148,4,2,5,3
5642,100,10,202,3,6,9,5
5814,100,16,285,5,7,10,6
5890,100,20,182,5,5,1,1
6089,100,41,217,2,4,3,6
6177,100,50,172,3,10,2,4
6443,100,9,238,1,9,5,10
6449,100,40,285,3,3,10,2
6753,100,37,163,5,8,3,7
6797,100,45,251,1,7,3,4
6826,100,47,295,5,3,2,1
7071,100,45,160,2,8,3,2
7187,100,14,192,2,4,1,8
7196,100,32,235,4,7,5,8
7476,100,24,148,4,7,7,8
7489,100,13,156,2,4,6,3
8023,100,42,231,1,2,3,10
8111,100,26,160,3,10,2,1
8462,100,28,279,5,7,4,8
8662,100,24,244,3,9,10,3
8702,100,11,244,3,10,5,2
8789,100,20,167,2,1,1,4
8801,100,29,203,1,2,1,4
8845,100,27,297,5,5,3,4
8941,100,28,205,4,7,5,3
9025,100,34,149,4,4,8,4
9028,100,14,287,4,8,8,6
9201,100,35,291,2,5,1,9
9280,100,42,237,4,2,3,6
9394,100,40,245,4,6,5,3
9468,100,32,153,4,8,9,5
9479,100,15,217,4,3,9,4
9756,100,10,245,5,6,6,7
9815,100,7,208,2,9,4,9
9975,100,32,257,3,5,10,7
