task_id,resource_id,start_time,finish_time
94,0,0,45
255,1,0,24
313,2,0,23
322,3,0,33
389,4,0,41
460,2,23,36
600,1,24,30
641,1,30,49
664,3,33,60
697,2,36,69
940,4,41,50
989,0,45,83
1008,1,49,74
1094,4,50,61
1146,3,60,94
1551,4,61,108
1679,2,69,94
1760,1,74,92
1845,0,83,93
1846,1,92,110
1875,0,93,108
2097,2,94,102
2179,3,94,120
2276,2,102,109
2317,0,108,157
2537,4,108,142
2544,2,109,146
2755,1,110,128
3053,3,120,153
3124,1,128,162
3435,4,142,185
3444,2,146,180
3489,3,153,168
3492,0,157,182
3608,1,162,182
3623,3,168,177
3677,3,177,204
3739,2,180,216
3762,0,182,208
3848,1,182,228
3884,4,185,223
3998,3,204,223
4204,0,208,228
4393,2,216,229
4456,3,223,252
4513,4,223,248
4601,0,228,278
4641,1,228,240
4658,2,229,254
4781,1,240,287
4846,4,248,260
4849,3,252,273
4900,2,254,289
4930,4,260,298
5193,3,273,315
5210,0,278,305
5258,1,287,309
5506,2,289,332
5554,4,298,316
6045,0,305,333
6077,1,309,336
6160,3,315,359
6331,4,316,340
6332,2,332,345
6342,0,333,368
6404,1,336,370
6482,4,340,372
6580,2,345,354
6719,2,354,375
6810,3,359,401
6931,0,368,398
6940,1,370,379
7010,4,372,378
7050,2,375,388
7094,4,378,423
7105,1,379,391
7292,2,388,418
7334,1,391,437
7404,0,398,435
7457,3,401,427
7484,2,418,425
7687,4,423,443
7736,2,425,467
7742,3,427,441
7863,0,435,446
7983,1,437,474
7991,3,441,465
8015,4,443,484
8212,0,446,455
8316,0,455,500
8321,3,465,496
8398,2,467,509
8477,1,474,488
8500,4,484,527
8593,1,488,506
8734,3,496,535
8788,0,500,528
8828,1,506,514
8846,2,509,550
8873,1,514,529
8898,4,527,573
8963,0,528,538
9053,1,529,540
9146,3,535,542
9296,0,538,588
9476,1,540,569
9478,3,542,580
9494,2,550,558
9545,2,558,572
9657,1,569,578
9674,2,572,589
9731,4,573,578
9886,1,578,584
9926,4,578,600
77,3,580,627
308,1,584,616
506,0,588,636
668,2,589,621
669,4,600,637
677,1,616,636
688,2,621,656
832,3,627,664
896,0,636,654
947,1,636,672
1156,4,637,670
1514,0,654,680
1517,2,656,701
1613,3,664,699
1654,4,670,704
1672,1,672,693
1678,0,680,721
1743,1,693,737
1980,3,699,722
2061,2,701,726
2130,4,704,730
2391,0,721,740
2445,3,722,728
2724,2,726,741
2833,3,728,733
2943,4,730,765
3015,3,733,781
3153,1,737,746
3270,0,740,789
3298,2,741,764
3352,1,746,757
3536,1,757,777
3625,2,764,772
3959,4,765,777
4140,2,772,795
4175,1,777,787
4233,4,777,810
4355,3,781,818
4502,1,787,811
4562,0,789,816
4575,2,795,808
4611,2,808,813
4615,4,810,854
4741,1,811,831
4927,2,813,836
4985,0,816,826
5065,3,818,828
5186,0,826,841
5440,3,828,859
5649,1,831,852
5681,2,836,854
5705,0,841,891
5722,1,852,873
5812,2,854,875
5815,4,854,887
5824,3,859,884
6004,1,873,889
6253,2,875,917
6290,3,884,894
6456,4,887,925
6518,1,889,921
6641,0,891,921
6759,3,894,932
6792,2,917,951
6888,0,921,933
6919,1,921,956
6944,4,925,951
6963,3,932,965
6992,0,933,977
7044,2,951,973
7076,4,951,961
7116,1,956,966
7276,4,961,1002
7369,3,965,986
7405,1,966,1001
7641,2,973,1020
7729,0,977,1014
7739,3,986,1028
7778,1,1001,1047
7856,4,1002,1015
7937,0,1014,1019
7970,4,1015,1056
8014,0,1019,1036
8136,2,1020,1060
8246,3,1028,1068
8367,0,1036,1075
8376,1,1047,1078
8454,4,1056,1094
8459,2,1060,1065
8514,2,1065,1111
8608,3,1068,1073
8713,3,1073,1096
9103,0,1075,1102
9637,1,1078,1111
9676,4,1094,1099
9773,3,1096,1106
9983,4,1099,1119
68,0,1102,1111
93,3,1106,1139
111,0,1111,1118
131,1,1111,1132
273,2,1111,1121
409,0,1118,1168
512,4,1119,1126
650,2,1121,1156
829,4,1126,1141
852,1,1132,1159
944,3,1139,1181
1048,4,1141,1177
1198,2,1156,1201
1215,1,1159,1165
1326,1,1165,1174
1505,0,1168,1201
1640,1,1174,1186
1779,4,1177,1222
1789,3,1181,1187
1896,1,1186,1208
1906,3,1187,1232
2354,0,1201,1240
2435,2,1201,1232
2638,1,1208,1219
2778,1,1219,1257
2782,4,1222,1249
2857,2,1232,1270
2917,3,1232,1268
3311,0,1240,1264
3341,4,1249,1282
3350,1,1257,1291
3371,0,1264,1272
3378,3,1268,1291
3445,2,1270,1295
3511,0,1272,1284
3532,4,1282,1287
3712,0,1284,1300
3749,4,1287,1326
3950,1,1291,1334
3963,3,1291,1297
3992,2,1295,1306
4022,3,1297,1342
4057,0,1300,1320
4486,2,1306,1352
4683,0,1320,1346
4685,4,1326,1348
4812,1,1334,1341
4821,1,1341,1378
4852,3,1342,1382
4902,0,1346,1376
4951,4,1348,1373
4973,2,1352,1367
4982,2,1367,1400
5115,4,1373,1380
5215,0,1376,1390
5323,1,1378,1402
5404,4,1380,1415
5425,3,1382,1429
5593,0,1390,1410
5727,2,1400,1437
5771,1,1402,1443
6109,0,1410,1431
6122,4,1415,1451
6153,3,1429,1444
6459,0,1431,1477
6552,2,1437,1461
6593,1,1443,1477
6612,3,1444,1474
6621,4,1451,1500
6648,2,1461,1466
6686,2,1466,1481
6712,3,1474,1520
6811,0,1477,1498
6902,1,1477,1514
7003,2,1481,1513
7097,0,1498,1530
7274,4,1500,1549
7358,2,1513,1562
7433,1,1514,1522
7486,3,1520,1538
7533,1,1522,1537
7559,0,1530,1555
7570,1,1537,1568
7618,3,1538,1563
7645,4,1549,1557
7799,0,1555,1564
7868,4,1557,1580
7869,2,1562,1575
7907,3,1563,1594
7912,0,1564,1599
7934,1,1568,1615
7973,2,1575,1586
7992,4,1580,1615
8169,2,1586,1607
8265,3,1594,1632
8294,0,1599,1630
8415,2,1607,1653
8428,1,1615,1662
8460,4,1615,1650
8549,0,1630,1663
8565,3,1632,1660
8743,4,1650,1691
8906,2,1653,1658
8917,2,1658,1683
8969,3,1660,1667
9032,1,1662,1704
9046,0,1663,1707
9138,3,1667,1701
9154,2,1683,1708
9212,4,1691,1725
9260,3,1701,1717
9405,1,1704,1736
9460,0,1707,1753
9527,2,1708,1748
9577,3,1717,1741
9591,4,1725,1752
9728,1,1736,1776
9809,3,1741,1790
9913,2,1748,1781
9992,4,1752,1763
19,0,1753,1796
56,4,1763,1773
573,4,1773,1817
616,1,1776,1786
649,2,1781,1822
731,1,1786,1836
1300,3,1790,1797
1399,0,1796,1821
1709,3,1797,1811
1949,3,1811,1846
1962,4,1817,1866
1973,0,1821,1865
1978,2,1822,1868
2015,1,1836,1855
2039,3,1846,1874
2219,1,1855,1887
2224,0,1865,1877
2666,4,1866,1910
2699,2,1868,1889
2750,3,1874,1897
2818,0,1877,1885
2820,0,1885,1909
2870,1,1887,1926
3147,2,1889,1916
3242,3,1897,1941
3409,0,1909,1935
3428,4,1910,1925
3443,2,1916,1923
3506,2,1923,1932
3830,4,1925,1952
3880,1,1926,1945
4119,2,1932,1980
4149,0,1935,1960
4220,3,1941,1989
4397,1,1945,1979
4554,4,1952,1970
4574,0,1960,1970
4763,0,1970,1985
4831,4,1970,1997
4850,1,1979,2020
5010,2,1980,2022
5139,0,1985,2030
5212,3,1989,1995
5250,3,1995,2003
5267,4,1997,2019
5286,3,2003,2045
5337,4,2019,2061
5427,1,2020,2069
5707,2,2022,2046
5737,0,2030,2079
5810,3,2045,2059
5876,2,2046,2058
5935,2,2058,2076
6005,3,2059,2067
6012,4,2061,2076
6136,3,2067,2107
6204,1,2069,2083
6251,2,2076,2103
6307,4,2076,2082
6380,0,2079,2098
6437,4,2082,2090
6439,1,2083,2107
6455,4,2090,2108
6589,0,2098,2122
6642,2,2103,2130
6740,1,2107,2144
6819,3,2107,2117
6966,4,2108,2138
7108,3,2117,2162
7255,0,2122,2141
7270,2,2130,2140
7548,4,2138,2171
7585,2,2140,2157
7748,0,2141,2168
8395,1,2144,2179
8470,2,2157,2200
8867,3,2162,2181
8886,0,2168,2206
8923,4,2171,2184
9114,1,2179,2195
9173,3,2181,2186
9195,4,2184,2214
9235,3,2186,2216
9348,1,2195,2225
9350,2,2200,2238
9352,0,2206,2214
9520,0,2214,2220
9617,4,2214,2258
9743,3,2216,2259
9748,0,2220,2242
9879,1,2225,2275
9905,2,2238,2276
9,0,2242,2291
318,4,2258,2299
418,3,2259,2305
581,1,2275,2305
634,2,2276,2306
689,0,2291,2312
729,4,2299,2306
768,1,2305,2316
819,3,2305,2355
864,2,2306,2315
1039,4,2306,2348
1081,0,2312,2328
1151,2,2315,2324
1216,1,2316,2358
1228,2,2324,2334
1245,0,2328,2369
1487,2,2334,2372
1549,4,2348,2394
1604,3,2355,2391
1646,1,2358,2375
1662,0,2369,2394
1712,2,2372,2408
1917,1,2375,2407
1997,3,2391,2410
2037,0,2394,2399
2144,4,2394,2432
2215,0,2399,2417
2246,1,2407,2441
2335,2,2408,2414
2635,3,2410,2422
2720,2,2414,2441
2783,0,2417,2436
3111,3,2422,2469
3128,4,2432,2480
3135,0,2436,2450
3255,1,2441,2459
3275,2,2441,2467
3288,0,2450,2481
3604,1,2459,2475
3637,2,2467,2491
3733,3,2469,2509
3744,1,2475,2495
3790,4,2480,2489
3844,0,2481,2490
3892,4,2489,2512
3896,0,2490,2528
3905,2,2491,2504
3970,1,2495,2504
4011,1,2504,2546
4089,2,2504,2513
4104,3,2509,2544
4120,4,2512,2520
4133,2,2513,2534
4398,4,2520,2535
4467,0,2528,2570
4489,2,2534,2545
4504,4,2535,2567
4588,3,2544,2582
4620,2,2545,2587
4629,1,2546,2565
4718,1,2565,2591
4828,4,2567,2614
4877,0,2570,2596
4895,3,2582,2610
5001,2,2587,2605
5055,1,2591,2608
5072,0,2596,2612
5209,2,2605,2653
5249,1,2608,2625
5360,3,2610,2654
5401,0,2612,2652
5468,4,2614,2633
5469,1,2625,2651
5487,4,2633,2653
5690,1,2651,2680
5758,0,2652,2678
5820,2,2653,2659
5873,4,2653,2686
6000,3,2654,2672
6083,2,2659,2675
6271,3,2672,2695
6430,2,2675,2716
6489,0,2678,2718
6563,1,2680,2709
6646,4,2686,2694
7135,4,2694,2709
7200,3,2695,2719
7612,1,2709,2725
7670,4,2709,2757
7727,2,2716,2725
7762,0,2718,2730
7819,3,2719,2757
7831,1,2725,2731
7832,2,2725,2758
7953,0,2730,2761
8029,1,2731,2764
8040,3,2757,2773
8151,4,2757,2807
8429,2,2758,2798
8496,0,2761,2791
8555,1,2764,2805
8806,3,2773,2813
8833,0,2791,2829
8854,2,2798,2841
8905,1,2805,2838
9157,4,2807,2850
9164,3,2813,2859
9192,0,2829,2867
9246,1,2838,2845
9423,2,2841,2870
9579,1,2845,2886
9587,4,2850,2888
9599,3,2859,2889
9612,0,2867,2883
9630,2,2870,2909
9759,0,2883,2914
9889,1,2886,2930
9899,4,2888,2920
9932,3,2889,2919
9954,2,2909,2950
112,0,2914,2937
193,3,2919,2925
205,4,2920,2934
413,3,2925,2934
448,1,2930,2978
466,3,2934,2948
497,4,2934,2979
542,0,2937,2945
622,0,2945,2971
726,3,2948,2964
975,2,2950,2957
1220,2,2957,3000
1594,3,2964,2996
1629,0,2971,3012
1695,1,2978,3022
1728,4,2979,2997
1916,3,2996,3026
2506,4,2997,3010
2628,2,3000,3041
2854,4,3010,3035
2856,0,3012,3040
2890,1,3022,3071
2993,3,3026,3073
3139,4,3035,3075
3236,0,3040,3083
3264,2,3041,3082
3285,1,3071,3097
3300,3,3073,3096
3388,4,3075,3094
3416,2,3082,3098
3457,0,3083,3099
3561,4,3094,3107
3704,3,3096,3117
3719,1,3097,3121
3793,2,3098,3148
4044,0,3099,3147
4222,4,3107,3149
4238,3,3117,3140
4507,1,3121,3137
4572,1,3137,3164
4577,3,3140,3166
4594,0,3147,3170
5056,2,3148,3190
5066,4,3149,3164
5085,1,3164,3203
5276,4,3164,3170
5369,3,3166,3186
5677,0,3170,3210
5746,4,3170,3179
5785,4,3179,3205
5905,3,3186,3200
5967,2,3190,3213
6090,3,3200,3243
6234,1,3203,3252
6292,4,3205,3236
6335,0,3210,3233
6357,2,3213,3238
6360,0,3233,3242
6383,4,3236,3251
6397,2,3238,3243
6407,0,3242,3276
6428,2,3243,3291
6721,3,3243,3262
6737,4,3251,3281
6838,1,3252,3281
6868,3,3262,3284
6948,0,3276,3309
7248,1,3281,3289
7330,4,3281,3323
7526,3,3284,3328
7535,1,3289,3334
7658,2,3291,3327
7672,0,3309,3335
7802,4,3323,3347
7865,2,3327,3370
8048,3,3328,3349
8104,1,3334,3339
8434,0,3335,3347
8486,1,3339,3364
8511,0,3347,3390
8534,4,3347,3384
8683,3,3349,3378
8781,1,3364,3393
9021,2,3370,3396
9128,3,3378,3415
9204,4,3384,3408
9434,0,3390,3401
9467,1,3393,3425
9507,2,3396,3413
9582,0,3401,3408
9596,0,3408,3434
9602,4,3408,3436
9765,2,3413,3418
9806,3,3415,3447
9940,2,3418,3435
101,1,3425,3434
234,0,3434,3450
238,1,3434,3460
246,2,3435,3475
537,4,3436,3479
587,3,3447,3457
749,0,3450,3464
806,3,3457,3501
856,1,3460,3485
950,0,3464,3510
967,2,3475,3509
1102,4,3479,3503
1237,1,3485,3521
1392,3,3501,3519
1563,4,3503,3542
1641,2,3509,3529
1738,0,3510,3540
1887,3,3519,3557
2102,1,3521,3565
2119,2,3529,3561
2151,0,3540,3545
2316,4,3542,3560
2327,0,3545,3563
2787,3,3557,3575
2793,4,3560,3573
2945,2,3561,3610
2952,0,3563,3610
2968,1,3565,3581
2981,4,3573,3623
3017,3,3575,3594
3548,1,3581,3622
3856,3,3594,3609
3857,3,3609,3633
3930,0,3610,3635
3999,2,3610,3642
4003,1,3622,3654
4088,4,3623,3663
4166,3,3633,3672
4206,0,3635,3668
4320,2,3642,3675
4330,1,3654,3697
4451,4,3663,3713
4780,0,3668,3690
4814,3,3672,3699
4817,2,3675,3693
4921,0,3690,3712
5230,2,3693,3705
5251,1,3697,3738
5434,3,3699,3711
5486,2,3705,3722
5569,3,3711,3746
5734,0,3712,3749
5743,4,3713,3727
5780,2,3722,3762
5806,4,3727,3773
5819,1,3738,3766
6146,3,3746,3773
6239,0,3749,3795
6298,2,3762,3805
6303,1,3766,3806
6312,3,3773,3790
6349,4,3773,3807
6376,3,3790,3812
6424,0,3795,3820
6434,2,3805,3847
6803,1,3806,3816
6827,4,3807,3832
6855,3,3812,3853
6876,1,3816,3858
6895,0,3820,3862
6930,4,3832,3858
7120,2,3847,3868
7203,3,3853,3875
7263,1,3858,3908
7302,4,3858,3865
7309,0,3862,3887
7413,4,3865,3873
7442,2,3868,3909
7546,4,3873,3885
7563,3,3875,3896
7594,4,3885,3918
7811,0,3887,3934
8132,3,3896,3931
8134,1,3908,3939
8137,2,3909,3953
8184,4,3918,3957
8189,3,3931,3974
8269,0,3934,3965
8300,1,3939,3952
8331,1,3952,3997
8442,2,3953,3989
8444,4,3957,3969
8458,0,3965,4011
8469,4,3969,3995
8546,3,3974,3979
8660,3,3979,4007
8754,2,3989,4019
8894,4,3995,4016
8976,1,3997,4014
8990,3,4007,4036
9071,0,4011,4018
9432,1,4014,4062
9541,4,4016,4056
9542,0,4018,4060
9804,2,4019,4050
9823,3,4036,4081
9993,2,4050,4071
60,4,4056,4104
122,0,4060,4079
164,1,4062,4073
264,2,4071,4087
394,1,4073,4094
504,0,4079,4090
519,3,4081,4100
550,2,4087,4101
621,0,4090,4132
676,1,4094,4135
707,3,4100,4114
797,2,4101,4137
803,4,4104,4117
906,3,4114,4119
994,4,4117,4164
1110,3,4119,4125
1161,3,4125,4167
1177,0,4132,4168
1252,1,4135,4152
1334,2,4137,4186
1448,1,4152,4187
1493,4,4164,4199
1603,3,4167,4178
1795,0,4168,4218
1816,3,4178,4194
1868,2,4186,4212
2034,1,4187,4216
2290,3,4194,4238
2325,4,4199,4212
2386,2,4212,4259
2392,4,4212,4223
2545,1,4216,4253
2594,0,4218,4245
2621,4,4223,4240
2797,3,4238,4268
3188,4,4240,4250
3237,0,4245,4287
3330,4,4250,4278
3334,1,4253,4278
3472,2,4259,4277
3564,3,4268,4308
3797,2,4277,4305
3971,1,4278,4303
4100,4,4278,4291
4146,0,4287,4325
4231,4,4291,4328
4251,1,4303,4327
4252,2,4305,4311
4266,3,4308,4357
4424,2,4311,4324
4598,2,4324,4356
4753,0,4325,4353
4796,1,4327,4375
4939,4,4328,4365
5098,0,4353,4381
5157,2,4356,4374
5175,3,4357,4407
5389,4,4365,4377
5448,2,4374,4399
5566,1,4375,4396
5714,4,4377,4413
5906,0,4381,4413
6032,1,4396,4439
6198,2,4399,4428
6371,3,4407,4451
6453,0,4413,4458
6475,4,4413,4448
6545,2,4428,4458
6586,1,4439,4487
6709,4,4448,4489
6749,3,4451,4464
6831,0,4458,4472
6885,2,4458,4494
7005,3,4464,4490
7100,0,4472,4504
7110,1,4487,4510
7391,4,4489,4530
7427,3,4490,4521
7483,2,4494,4523
7714,0,4504,4542
7941,1,4510,4541
8304,3,4521,4536
8463,2,4523,4562
8510,4,4530,4572
8623,3,4536,4577
8745,1,4541,4552
8791,0,4542,4577
8950,1,4552,4582
9064,2,4562,4570
9205,2,4570,4580
9209,4,4572,4606
9301,0,4577,4594
9369,3,4577,4622
9556,2,4580,4605
9719,1,4582,4587
9737,1,4587,4629
9924,0,4594,4615
9995,2,4605,4617
37,4,4606,4614
152,4,4614,4644
333,0,4615,4641
554,2,4617,4659
635,3,4622,4647
693,1,4629,4658
739,0,4641,4648
776,4,4644,4676
1063,3,4647,4692
1130,0,4648,4667
1135,1,4658,4663
1164,2,4659,4682
1212,1,4663,4681
1490,0,4667,4697
1501,4,4676,4724
1600,1,4681,4701
1693,2,4682,4701
1745,3,4692,4742
1815,0,4697,4710
2062,1,4701,4749
2170,2,4701,4745
2232,0,4710,4740
2250,4,4724,4755
2300,0,4740,4760
2390,3,4742,4767
2675,2,4745,4775
2777,1,4749,4789
2906,4,4755,4791
2979,0,4760,4792
3132,3,4767,4791
3351,2,4775,4806
3486,1,4789,4809
3703,3,4791,4839
3882,4,4791,4834
4117,0,4792,4842
4212,2,4806,4814
4389,1,4809,4820
4447,2,4814,4859
4566,1,4820,4846
4599,4,4834,4860
4600,3,4839,4870
4784,0,4842,4889
4806,1,4846,4888
4829,2,4859,4903
4891,4,4860,4865
5035,4,4865,4906
5138,3,4870,4910
5325,1,4888,4904
5380,0,4889,4901
5782,0,4901,4934
5837,2,4903,4953
5861,1,4904,4952
5914,4,4906,4914
5936,3,4910,4958
6120,4,4914,4944
6283,0,4934,4943
6406,0,4943,4975
6502,4,4944,4974
6515,1,4952,4993
6537,2,4953,4964
6602,3,4958,5006
6613,2,4964,4993
6718,4,4974,5021
6727,0,4975,5021
6857,1,4993,5000
7080,2,4993,5039
7106,1,5000,5006
7174,1,5006,5054
7183,3,5006,5012
7470,3,5012,5052
7540,0,5021,5047
7662,4,5021,5068
8120,2,5039,5046
8122,2,5046,5054
8171,0,5047,5087
8250,3,5052,5077
8286,1,5054,5067
8332,2,5054,5066
8368,2,5066,5116
8377,1,5067,5095
8481,4,5068,5108
8535,3,5077,5119
8571,0,5087,5122
8638,1,5095,5110
8825,4,5108,5145
8847,1,5110,5152
8848,2,5116,5136
8931,3,5119,5148
9031,0,5122,5143
9069,2,5136,5162
9288,0,5143,5155
9425,4,5145,5157
9483,3,5148,5163
9605,1,5152,5172
9715,0,5155,5170
9857,4,5157,5171
9867,2,5162,5192
5,3,5163,5193
126,0,5170,5197
263,4,5171,5186
411,1,5172,5189
424,4,5186,5192
461,1,5189,5202
484,2,5192,5200
698,4,5192,5237
770,3,5193,5241
986,0,5197,5202
999,2,5200,5230
1096,0,5202,5225
1264,1,5202,5222
1296,1,5222,5265
1378,0,5225,5252
1387,2,5230,5245
1409,4,5237,5249
1607,3,5241,5282
1697,2,5245,5259
1994,4,5249,5293
2145,0,5252,5292
2147,2,5259,5266
2357,1,5265,5308
2405,2,5266,5272
2553,2,5272,5295
2711,3,5282,5312
2726,0,5292,5315
2780,4,5293,5324
2784,2,5295,5333
2828,1,5308,5336
2830,3,5312,5317
2935,0,5315,5327
3005,3,5317,5340
3115,4,5324,5358
3152,0,5327,5372
3439,2,5333,5358
3567,1,5336,5344
3651,3,5340,5351
3773,1,5344,5393
3792,3,5351,5384
3914,2,5358,5399
3935,4,5358,5407
4073,0,5372,5415
4244,3,5384,5396
4357,1,5393,5415
4367,3,5396,5401
4426,2,5399,5423
4468,3,5401,5418
4470,4,5407,5451
4595,0,5415,5458
4695,1,5415,5451
5021,3,5418,5460
5043,2,5423,5439
5100,2,5439,5458
5191,1,5451,5495
5228,4,5451,5490
5329,0,5458,5507
5338,2,5458,5478
5355,3,5460,5486
5530,2,5478,5490
5574,3,5486,5494
5576,2,5490,5500
5666,4,5490,5528
5791,3,5494,5544
5849,1,5495,5527
5933,2,5500,5516
5972,0,5507,5533
5999,2,5516,5522
6058,2,5522,5545
6156,1,5527,5559
6250,4,5528,5560
6287,0,5533,5570
6328,3,5544,5552
6547,2,5545,5586
6571,3,5552,5580
6794,1,5559,5606
6844,4,5560,5603
6859,0,5570,5576
6864,0,5576,5585
6970,3,5580,5595
7020,0,5585,5604
7078,2,5586,5608
7184,3,5595,5619
7206,4,5603,5632
7221,0,5604,5620
7469,1,5606,5628
7491,2,5608,5634
7642,3,5619,5653
7796,0,5620,5635
7820,1,5628,5642
8064,4,5632,5663
8066,2,5634,5657
8068,0,5635,5673
8145,1,5642,5647
8175,1,5647,5693
8200,3,5653,5689
8292,2,5657,5662
8349,2,5662,5686
8512,4,5663,5712
8589,0,5673,5690
8720,2,5686,5726
8826,3,5689,5697
8840,0,5690,5740
8851,1,5693,5726
8985,3,5697,5715
9051,4,5712,5721
9167,3,5715,5735
9215,4,5721,5727
9245,1,5726,5745
9389,2,5726,5758
9547,4,5727,5776
9653,3,5735,5785
9746,0,5740,5755
9851,1,5745,5771
9927,0,5755,5794
9966,2,5758,5775
99,1,5771,5800
177,2,5775,5814
230,4,5776,5790
339,3,5785,5792
359,4,5790,5829
395,3,5792,5810
479,0,5794,5805
590,1,5800,5811
614,0,5805,5810
690,0,5810,5848
699,3,5810,5815
721,1,5811,5852
760,2,5814,5833
771,3,5815,5857
787,4,5829,5854
894,2,5833,5843
979,2,5843,5857
1002,0,5848,5898
1118,1,5852,5866
1125,4,5854,5903
1214,2,5857,5875
1462,3,5857,5872
1541,1,5866,5899
1553,3,5872,5909
1574,2,5875,5885
1608,2,5885,5915
1907,0,5898,5927
2056,1,5899,5934
2096,4,5903,5953
2149,3,5909,5928
2278,2,5915,5924
2426,2,5924,5943
2592,0,5927,5955
2617,3,5928,5946
2636,1,5934,5939
2821,1,5939,5951
2852,2,5943,5948
2866,3,5946,5965
2907,2,5948,5982
2976,1,5951,5967
2999,4,5953,6000
3049,0,5955,5999
3328,3,5965,6004
3366,1,5967,5986
3465,2,5982,5987
3595,1,5986,6004
3600,2,5987,5992
3653,2,5992,6030
3667,0,5999,6023
3679,4,6000,6045
3697,1,6004,6038
3775,3,6004,6010
3805,3,6010,6021
3872,3,6021,6036
3949,0,6023,6043
3967,2,6030,6041
4053,3,6036,6042
4232,1,6038,6084
4430,2,6041,6067
4495,3,6042,6076
4565,0,6043,6077
4628,4,6045,6066
4656,4,6066,6088
4675,2,6067,6113
4728,3,6076,6092
4935,0,6077,6107
4981,1,6084,6125
5007,4,6088,6128
5470,3,6092,6098
5561,3,6098,6130
5683,0,6107,6117
5847,2,6113,6122
5974,0,6117,6146
6132,2,6122,6132
6181,1,6125,6165
6205,4,6128,6141
6549,3,6130,6150
6594,2,6132,6168
6828,4,6141,6188
6848,0,6146,6187
6920,3,6150,6164
6967,3,6164,6207
6982,1,6165,6205
7027,2,6168,6178
7086,2,6178,6215
7267,0,6187,6224
7351,4,6188,6234
7461,1,6205,6221
7629,3,6207,6242
7735,2,6215,6239
7836,1,6221,6228
7846,0,6224,6272
7864,1,6228,6264
7967,4,6234,6261
8095,2,6239,6250
8165,3,6242,6254
8275,2,6250,6273
8313,3,6254,6267
8417,4,6261,6268
8604,1,6264,6310
8970,3,6267,6284
9096,4,6268,6279
9279,0,6272,6309
9339,2,6273,6316
9347,4,6279,6320
9470,3,6284,6297
9690,3,6297,6343
9697,0,6309,6326
9711,1,6310,6346
9740,2,6316,6336
9856,4,6320,6330
88,0,6326,6331
304,4,6330,6371
405,0,6331,6354
553,2,6336,6374
561,3,6343,6383
647,1,6346,6387
666,0,6354,6360
808,0,6360,6390
1111,4,6371,6407
1312,2,6374,6389
1690,3,6383,6429
1775,1,6387,6429
1915,2,6389,6405
2042,0,6390,6433
2072,2,6405,6438
2117,4,6407,6445
2137,1,6429,6447
2197,3,6429,6443
2266,0,6433,6441
2333,2,6438,6459
2396,0,6441,6457
2563,3,6443,6487
2575,4,6445,6455
2605,1,6447,6476
2715,4,6455,6479
2803,0,6457,6488
3003,2,6459,6492
3006,1,6476,6514
3185,4,6479,6526
3195,3,6487,6516
3222,0,6488,6509
3386,2,6492,6502
3496,2,6502,6527
3588,0,6509,6544
3737,1,6514,6534
3789,3,6516,6553
3859,4,6526,6570
4020,2,6527,6541
4271,1,6534,6557
4435,2,6541,6554
4901,0,6544,6587
4989,3,6553,6603
5027,2,6554,6568
5086,1,6557,6594
5243,2,6568,6582
5378,4,6570,6616
5655,2,6582,6617
5675,0,6587,6608
5703,1,6594,6608
5807,3,6603,6624
5851,0,6608,6648
5871,1,6608,6629
5878,4,6616,6651
5949,2,6617,6656
6104,3,6624,6651
6241,1,6629,6679
6305,0,6648,6697
6520,3,6651,6661
6526,4,6651,6691
6633,2,6656,6694
6816,3,6661,6677
7061,3,6677,6700
7087,1,6679,6703
7162,4,6691,6734
7238,2,6694,6719
7252,0,6697,6732
7315,3,6700,6742
7337,1,6703,6753
7355,2,6719,6736
7543,0,6732,6738
7544,4,6734,6750
7622,2,6736,6762
7805,0,6738,6766
7978,3,6742,6772
8034,4,6750,6775
8072,1,6753,6762
8249,1,6762,6769
8268,2,6762,6807
8409,0,6766,6771
8448,1,6769,6814
8670,0,6771,6785
8741,3,6772,6787
8853,4,6775,6820
8861,0,6785,6832
8983,3,6787,6810
9002,2,6807,6842
9013,3,6810,6860
9101,1,6814,6839
9259,4,6820,6845
9349,0,6832,6874
9436,1,6839,6881
9489,2,6842,6883
9502,4,6845,6855
9552,4,6855,6877
9562,3,6860,6904
9573,0,6874,6886
9580,4,6877,6914
9586,1,6881,6888
9881,2,6883,6904
9952,0,6886,6911
9979,1,6888,6906
11,2,6904,6940
80,3,6904,6927
85,1,6906,6923
89,0,6911,6928
326,4,6914,6936
472,1,6923,6959
639,3,6927,6934
840,0,6928,6937
853,3,6934,6963
916,4,6936,6959
958,0,6937,6968
976,2,6940,6953
1000,2,6953,6961
1001,1,6959,6977
1057,4,6959,6979
1128,2,6961,6980
1293,3,6963,7013
1335,0,6968,6984
1507,1,6977,6991
1543,4,6979,7029
1863,2,6980,6986
2032,0,6984,6990
2050,2,6986,7034
2053,0,6990,7016
2181,1,6991,7021
2198,3,7013,7063
2313,0,7016,7031
2337,1,7021,7062
2412,4,7029,7077
2516,0,7031,7075
2560,2,7034,7065
2587,1,7062,7100
2738,3,7063,7102
2807,2,7065,7086
2853,0,7075,7109
2888,4,7077,7102
2956,2,7086,7122
3081,1,7100,7114
3184,3,7102,7150
3520,4,7102,7119
3558,0,7109,7144
3720,1,7114,7149
3754,4,7119,7142
3852,2,7122,7167
3926,4,7142,7156
4093,0,7144,7160
4172,1,7149,7191
4221,3,7150,7170
4297,4,7156,7175
4322,0,7160,7207
4328,2,7167,7211
4338,3,7170,7196
4381,4,7175,7208
4484,1,7191,7229
4603,3,7196,7224
4759,0,7207,7240
4803,4,7208,7243
4947,2,7211,7224
4992,2,7224,7264
5015,3,7224,7229
5024,1,7229,7273
5110,3,7229,7242
5125,0,7240,7252
5156,3,7242,7275
5206,4,7243,7270
5235,0,7252,7269
5296,2,7264,7288
5349,0,7269,7292
5387,4,7270,7313
5390,1,7273,7317
5432,3,7275,7285
5497,3,7285,7301
5500,2,7288,7337
5870,0,7292,7320
5897,3,7301,7317
6024,4,7313,7319
6069,1,7317,7362
6091,3,7317,7341
6107,4,7319,7334
6521,0,7320,7362
6525,4,7334,7378
6532,2,7337,7368
6576,3,7341,7361
6711,3,7361,7391
6745,0,7362,7410
6858,1,7362,7372
6928,2,7368,7384
6977,1,7372,7385
7123,4,7378,7384
7172,2,7384,7404
7246,4,7384,7425
7482,1,7385,7435
7591,3,7391,7409
7596,2,7404,7451
7711,3,7409,7432
7725,0,7410,7418
7903,0,7418,7427
7909,4,7425,7442
7914,0,7427,7469
8213,3,7432,7445
8258,1,7435,7484
8318,4,7442,7447
8379,3,7445,7480
8451,4,7447,7454
8484,2,7451,7476
8536,4,7454,7467
8605,4,7467,7478
8674,0,7469,7505
8901,2,7476,7502
9125,4,7478,7523
9223,3,7480,7513
9243,1,7484,7533
9306,2,7502,7527
9440,0,7505,7542
9475,3,7513,7543
9622,4,7523,7572
9624,2,7527,7542
9894,1,7533,7566
9996,0,7542,7581
146,2,7542,7573
319,3,7543,7566
388,1,7566,7585
714,3,7566,7604
945,4,7572,7610
1105,2,7573,7617
1166,0,7581,7627
1263,1,7585,7622
1278,3,7604,7628
1360,4,7610,7641
1512,2,7617,7660
1582,1,7622,7660
1689,0,7627,7672
1849,3,7628,7677
2052,4,7641,7687
2257,1,7660,7695
2279,2,7660,7692
2353,0,7672,7678
2421,3,7677,7703
2441,0,7678,7697
2540,4,7687,7709
2646,2,7692,7715
2674,1,7695,7704
2686,0,7697,7712
2713,3,7703,7724
2730,1,7704,7721
2753,4,7709,7720
2859,0,7712,7756
2894,2,7715,7735
2930,4,7720,7745
3183,1,7721,7731
3250,3,7724,7765
3566,1,7731,7744
3615,2,7735,7756
3702,1,7744,7766
3806,4,7745,7791
3813,0,7756,7776
3864,2,7756,7769
3867,3,7765,7780
4114,1,7766,7791
4144,2,7769,7783
4153,0,7776,7819
4281,3,7780,7799
4296,2,7783,7810
4532,1,7791,7831
4691,4,7791,7798
4746,4,7798,7811
4854,3,7799,7848
4924,2,7810,7844
4977,4,7811,7828
5479,0,7819,7842
5527,4,7828,7849
5640,1,7831,7853
5668,0,7842,7855
6052,2,7844,7861
6269,3,7848,7880
6413,4,7849,7886
6637,1,7853,7859
6650,0,7855,7896
6879,1,7859,7894
6901,2,7861,7911
6911,3,7880,7901
6998,4,7886,7922
7058,1,7894,7934
7113,0,7896,7918
7127,3,7901,7911
7311,2,7911,7935
7447,3,7911,7937
7910,0,7918,7955
8087,4,7922,7957
8179,1,7934,7943
8196,2,7935,7967
8236,3,7937,7944
8403,1,7943,7963
8432,3,7944,7981
8642,0,7955,7973
8711,4,7957,7993
8763,1,7963,7986
8765,2,7967,7990
8790,0,7973,7984
8817,3,7981,7987
8874,0,7984,8029
8946,1,7986,7997
8961,3,7987,7996
9150,2,7990,8002
9236,4,7993,8013
9446,3,7996,8035
9516,1,7997,8039
9616,2,8002,8015
9724,4,8013,8059
9946,2,8015,8021
96,2,8021,8033
213,0,8029,8041
216,2,8033,8067
285,3,8035,8059
286,1,8039,8056
474,0,8041,8081
487,1,8056,8069
508,3,8059,8070
725,4,8059,8105
881,2,8067,8080
963,1,8069,8084
1009,3,8070,8105
1010,2,8080,8112
1115,0,8081,8127
1207,1,8084,8118
1394,3,8105,8126
1453,4,8105,8146
1822,2,8112,8130
2150,1,8118,8127
2280,3,8126,8158
2340,0,8127,8177
2474,1,8127,8174
2536,2,8130,8136
2649,2,8136,8157
2740,4,8146,8172
2746,2,8157,8170
2817,3,8158,8171
3019,2,8170,8206
3028,3,8171,8215
3097,4,8172,8196
3167,1,8174,8205
3289,0,8177,8194
3307,0,8194,8219
3353,4,8196,8207
3546,1,8205,8244
3556,2,8206,8217
3641,4,8207,8228
3687,3,8215,8256
3741,2,8217,8236
3767,0,8219,8225
3768,0,8225,8230
3845,4,8228,8270
3855,0,8230,8235
3985,0,8235,8248
4013,2,8236,8275
4024,1,8244,8271
4071,0,8248,8279
4141,3,8256,8287
4181,4,8270,8278
4211,1,8271,8298
4304,2,8275,8294
4353,4,8278,8288
4510,0,8279,8287
4573,0,8287,8303
4698,3,8287,8306
4897,4,8288,8294
4955,2,8294,8315
5384,4,8294,8305
5428,1,8298,8347
5457,0,8303,8308
5459,4,8305,8332
5482,3,8306,8344
5496,0,8308,8338
5525,2,8315,8323
5615,2,8323,8360
5663,4,8332,8361
5685,0,8338,8356
5784,3,8344,8356
6222,1,8347,8364
6358,0,8356,8387
6386,3,8356,8383
6495,2,8360,8377
6615,4,8361,8375
6768,1,8364,8376
7074,4,8375,8383
7130,1,8376,8418
7156,2,8377,8395
7209,3,8383,8416
7385,4,8383,8424
7488,0,8387,8416
7666,2,8395,8427
7715,0,8416,8459
8085,3,8416,8430
8311,1,8418,8449
8423,4,8424,8436
8436,2,8427,8462
8676,3,8430,8473
8769,4,8436,8442
8783,4,8442,8478
8856,1,8449,8471
9083,0,8459,8488
9118,2,8462,8489
9282,1,8471,8495
9317,3,8473,8518
9327,4,8478,8506
9439,0,8488,8510
9471,2,8489,8511
9515,1,8495,8523
9544,4,8506,8551
9646,0,8510,8535
9790,2,8511,8545
9898,3,8518,8528
9904,1,8523,8560
61,3,8528,8571
174,0,8535,8545
197,0,8545,8554
202,2,8545,8557
283,4,8551,8587
353,0,8554,8595
371,2,8557,8587
379,1,8560,8594
465,3,8571,8613
538,2,8587,8597
593,4,8587,8627
613,1,8594,8615
802,0,8595,8627
846,2,8597,8634
920,3,8613,8643
973,1,8615,8632
996,0,8627,8664
1092,4,8627,8669
1109,1,8632,8637
1126,2,8634,8676
1131,1,8637,8650
1185,3,8643,8673
1206,1,8650,8694
1440,0,8664,8687
1643,4,8669,8677
1843,3,8673,8705
1969,2,8676,8681
2010,4,8677,8698
2106,2,8681,8705
2319,0,8687,8718
2345,1,8694,8703
2355,4,8698,8708
2389,1,8703,8709
2524,2,8705,8716
2765,3,8705,8714
2771,4,8708,8741
2794,1,8709,8723
3212,3,8714,8733
3221,2,8716,8763
3291,0,8718,8745
3345,1,8723,8771
3393,3,8733,8742
3426,4,8741,8749
3497,3,8742,8772
3700,0,8745,8758
3780,4,8749,8778
3928,0,8758,8787
3933,2,8763,8775
3994,1,8771,8818
4207,3,8772,8808
4318,2,8775,8815
4395,4,8778,8802
4407,0,8787,8804
4499,4,8802,8821
4541,0,8804,8833
4602,3,8808,8836
4975,2,8815,8833
5023,1,8818,8843
5025,4,8821,8829
5142,4,8829,8846
5164,0,8833,8866
5237,2,8833,8868
5391,3,8836,8845
5438,1,8843,8874
5458,3,8845,8875
5516,4,8846,8857
5578,4,8857,8892
5637,0,8866,8881
5767,2,8868,8893
5798,1,8874,8901
5852,3,8875,8896
5892,0,8881,8908
6102,4,8892,8926
6175,2,8893,8920
6212,3,8896,8902
6736,1,8901,8919
6774,3,8902,8930
6777,0,8908,8920
6954,1,8919,8932
7189,0,8920,8961
7477,2,8920,8930
7584,4,8926,8942
7610,2,8930,8937
7703,3,8930,8946
7779,1,8932,8949
7883,2,8937,8986
7932,4,8942,8960
8012,3,8946,8992
8032,1,8949,8971
8060,4,8960,8986
8090,0,8961,9009
8164,1,8971,9002
8194,2,8986,8999
8431,4,8986,9025
8664,3,8992,9028
8816,2,8999,9034
8891,1,9002,9043
8904,0,9009,9019
8965,0,9019,9038
9458,4,9025,9059
9539,3,9028,9049
9883,2,9034,9065
9936,0,9038,9078
260,1,9043,9051
362,3,9049,9091
439,1,9051,9084
464,4,9059,9091
551,2,9065,9095
660,0,9078,9100
736,1,9084,9108
911,3,9091,9120
1051,4,9091,9119
1244,2,9095,9122
1265,0,9100,9124
1268,1,9108,9149
1303,4,9119,9147
1449,3,9120,9130
1492,2,9122,9149
1861,0,9124,9151
2013,3,9130,9140
2082,3,9140,9148
2235,4,9147,9181
2267,3,9148,9168
2311,1,9149,9170
2362,2,9149,9161
2468,0,9151,9200
2561,2,9161,9204
2595,3,9168,9216
2676,1,9170,9183
2766,4,9181,9228
2813,1,9183,9189
2910,1,9189,9199
3038,1,9199,9234
3045,0,9200,9219
3079,2,9204,9239
3249,3,9216,9227
3397,0,9219,9242
3619,3,9227,9273
3643,4,9228,9270
3663,1,9234,9250
3671,2,9239,9271
3876,0,9242,9269
3989,1,9250,9264
4038,1,9264,9292
4040,0,9269,9291
4169,4,9270,9291
4302,2,9271,9284
4425,3,9273,9282
4642,3,9282,9317
4716,2,9284,9294
4743,0,9291,9338
4848,4,9291,9319
4867,1,9292,9324
5049,2,9294,9336
5096,3,9317,9322
5388,4,9319,9337
5756,3,9322,9337
5792,1,9324,9339
5887,2,9336,9341
6049,3,9337,9353
6183,4,9337,9385
6226,0,9338,9388
6258,1,9339,9346
6281,2,9341,9365
6289,1,9346,9385
6418,3,9353,9366
6433,2,9365,9377
6467,3,9366,9396
6496,2,9377,9397
6698,1,9385,9400
6946,4,9385,9431
7440,0,9388,9407
7671,3,9396,9441
7834,2,9397,9446
8006,1,9400,9435
8234,0,9407,9418
8522,0,9418,9454
8541,4,9431,9446
8717,1,9435,9469
8797,3,9441,9477
9041,2,9446,9483
9395,4,9446,9476
9428,0,9454,9460
9455,0,9460,9469
9713,0,9469,9477
9853,1,9469,9485
9871,4,9476,9488
76,0,9477,9488
293,3,9477,9519
403,2,9483,9517
423,1,9485,9500
477,0,9488,9530
571,4,9488,9534
575,1,9500,9540
651,2,9517,9566
653,3,9519,9541
656,0,9530,9577
730,4,9534,9558
857,1,9540,9570
1404,3,9541,9557
1435,3,9557,9582
1488,4,9558,9569
1528,2,9566,9595
1540,4,9569,9578
1867,1,9570,9586
1884,0,9577,9623
2188,4,9578,9617
2253,3,9582,9612
2582,1,9586,9611
2601,2,9595,9617
2862,1,9611,9634
3312,3,9612,9625
3320,2,9617,9654
3503,4,9617,9641
3580,0,9623,9661
3696,3,9625,9663
3988,1,9634,9647
4094,4,9641,9656
4147,1,9647,9661
4187,2,9654,9691
4261,4,9656,9693
4267,0,9661,9666
4285,1,9661,9682
4505,3,9663,9670
4515,0,9666,9692
4702,3,9670,9719
4734,1,9682,9705
4735,2,9691,9724
4905,0,9692,9702
5083,4,9693,9740
5113,0,9702,9722
5216,1,9705,9710
5282,1,9710,9731
5366,3,9719,9757
5462,0,9722,9754
5478,2,9724,9747
5577,1,9731,9740
5584,1,9740,9768
5587,4,9740,9766
5613,2,9747,9753
5651,2,9753,9797
5667,0,9754,9785
5795,3,9757,9766
5817,3,9766,9775
5899,4,9766,9794
5977,1,9768,9817
6011,3,9775,9815
6029,0,9785,9833
6124,4,9794,9826
6144,2,9797,9835
6499,3,9815,9852
6519,1,9817,9859
6685,4,9826,9871
6713,0,9833,9847
6961,2,9835,9881
7060,0,9847,9876
7154,3,9852,9857
7344,3,9857,9878
7348,1,9859,9881
7432,4,9871,9896
7474,0,9876,9885
7475,3,9878,9926
7675,1,9881,9887
7847,2,9881,9925
7920,0,9885,9898
7958,1,9887,9902
8052,4,9896,9939
8143,0,9898,9931
8223,1,9902,9919
8306,1,9919,9960
8357,2,9925,9953
8362,3,9926,9959
8538,0,9931,9952
8540,4,9939,9972
8587,0,9952,9990
8616,2,9953,9992
8634,3,9959,9989
8680,1,9960,9999
8733,4,9972,9998
9030,3,9989,10014
9095,0,9990,9996
9271,2,9992,10015
9322,0,9996,10003
9343,4,9998,10017
9360,1,9999,10045
9387,0,10003,10037
9413,3,10014,10039
9491,2,10015,10065
9560,4,10017,10043
9635,0,10037,10059
25,3,10039,10048
27,4,10043,10049
72,1,10045,10063
105,3,10048,10091
476,4,10049,10074
539,0,10059,10070
765,1,10063,10092
773,2,10065,10104
817,0,10070,10114
876,4,10074,10088
901,4,10088,10115
919,3,10091,10113
932,1,10092,10118
955,2,10104,10113
1049,2,10113,10154
1124,3,10113,10138
1149,0,10114,10129
1194,4,10115,10132
1227,1,10118,10161
1433,0,10129,10170
1444,4,10132,10140
1619,3,10138,10147
1691,4,10140,10186
1827,3,10147,10188
1866,2,10154,10200
1926,1,10161,10189
2178,0,10170,10190
2597,4,10186,10194
2608,3,10188,10226
2700,1,10189,10206
2867,0,10190,10229
2925,4,10194,10213
2951,2,10200,10241
3245,1,10206,10252
3446,4,10213,10234
3499,3,10226,10234
3756,0,10229,10270
3763,3,10234,10272
3811,4,10234,10260
4108,2,10241,10276
4157,1,10252,10298
4160,4,10260,10276
4408,0,10270,10320
4428,3,10272,10290
4547,2,10276,10315
4557,4,10276,10293
4564,3,10290,10317
4621,4,10293,10305
4715,1,10298,10313
4887,4,10305,10329
5270,1,10313,10324
5342,2,10315,10325
5641,3,10317,10356
5751,0,10320,10367
5875,1,10324,10365
5895,2,10325,10350
5911,4,10329,10376
6015,2,10350,10356
6087,2,10356,10399
6095,3,10356,10392
6216,1,10365,10399
6261,0,10367,10404
6329,4,10376,10415
6388,3,10392,10442
6412,1,10399,10449
6441,2,10399,10443
6649,0,10404,10418
6656,4,10415,10427
6706,0,10418,10439
6996,4,10427,10452
7181,0,10439,10466
7197,3,10442,10456
7367,2,10443,10462
7418,1,10449,10496
7436,4,10452,10500
7438,3,10456,10475
7453,2,10462,10489
7699,0,10466,10471
7971,0,10471,10513
8047,3,10475,10504
8053,2,10489,10528
8093,1,10496,10521
8106,4,10500,10514
8107,3,10504,10522
8124,0,10513,10519
8167,4,10514,10540
8207,0,10519,10540
8235,1,10521,10565
8361,3,10522,10529
8453,2,10528,10549
8483,3,10529,10546
8590,0,10540,10548
8651,4,10540,10548
8762,3,10546,10589
9007,0,10548,10566
9015,4,10548,10598
9453,2,10549,10558
9705,2,10558,10579
9875,1,10565,10575
51,0,10566,10615
55,1,10575,10593
102,2,10579,10584
226,2,10584,10600
370,3,10589,10623
432,1,10593,10614
480,4,10598,10604
628,2,10600,10606
740,4,10604,10638
750,2,10606,10651
818,1,10614,10644
956,0,10615,10664
957,3,10623,10634
982,3,10634,10684
984,4,10638,10653
992,1,10644,10671
1061,2,10651,10689
1114,4,10653,10669
1159,0,10664,10694
1485,4,10669,10680
1561,1,10671,10701
1770,4,10680,10706
1781,3,10684,10695
1791,2,10689,10728
1924,0,10694,10711
2094,3,10695,10735
2126,1,10701,10716
2146,4,10706,10722
2356,0,10711,10742
2562,1,10716,10731
2826,4,10722,10741
2903,2,10728,10745
2995,1,10731,10747
3023,3,10735,10762
3098,4,10741,10755
3204,0,10742,10782
3268,2,10745,10785
3356,1,10747,10779
3362,4,10755,10799
3385,3,10762,10790
3419,1,10779,10788
3498,0,10782,10830
3559,2,10785,10793
3846,1,10788,10813
3898,3,10790,10823
4032,2,10793,10811
4249,4,10799,10835
4403,2,10811,10820
4446,1,10813,10851
5019,2,10820,10866
5126,3,10823,10872
5236,0,10830,10846
5476,4,10835,10843
5505,4,10843,10891
5518,0,10846,10893
5560,1,10851,10861
5633,1,10861,10872
5687,2,10866,10902
5735,1,10872,10906
5765,3,10872,10887
5770,3,10887,10934
5794,4,10891,10936
6010,0,10893,10935
6324,2,10902,10938
6338,1,10906,10911
6561,1,10911,10926
6652,1,10926,10964
6756,3,10934,10949
6824,0,10935,10952
6880,4,10936,10980
6887,2,10938,10963
6971,3,10949,10978
6986,0,10952,10992
7185,2,10963,10973
7222,1,10964,11013
7502,2,10973,11005
7553,3,10978,10988
7664,4,10980,11023
7722,3,10988,11013
7763,0,10992,11038
7764,2,11005,11028
7931,1,11013,11048
8058,3,11013,11037
8113,4,11023,11054
8191,2,11028,11041
8273,3,11037,11078
8519,0,11038,11074
8520,2,11041,11087
8644,1,11048,11072
8653,4,11054,11104
8673,1,11072,11122
8841,0,11074,11123
8857,3,11078,11105
8892,2,11087,11093
8998,2,11093,11125
9063,4,11104,11146
9163,3,11105,11151
9263,1,11122,11132
9269,0,11123,11152
9404,2,11125,11166
9947,1,11132,11164
9972,4,11146,11156
73,3,11151,11170
248,0,11152,11166
261,4,11156,11178
298,1,11164,11183
368,0,11166,11187
952,2,11166,11198
1167,3,11170,11189
1336,4,11178,11201
1366,1,11183,11202
1586,0,11187,11235
1674,3,11189,11210
1705,2,11198,11218
1864,4,11201,11227
2208,1,11202,11224
2214,3,11210,11217
2453,3,11217,11255
2528,2,11218,11246
2577,1,11224,11231
2607,4,11227,11250
2611,1,11231,11278
2732,0,11235,11264
3060,2,11246,11288
3102,4,11250,11271
3203,3,11255,11295
3232,0,11264,11303
3374,4,11271,11308
3422,1,11278,11295
3551,2,11288,11300
3569,1,11295,11333
3576,3,11295,11345
3592,2,11300,11329
3714,0,11303,11322
3721,4,11308,11337
3722,0,11322,11330
3784,2,11329,11370
3827,0,11330,11355
3878,1,11333,11352
3943,4,11337,11376
4023,3,11345,11363
4063,1,11352,11367
4137,0,11355,11385
4420,3,11363,11408
4457,1,11367,11394
4596,2,11370,11387
4795,4,11376,11396
5117,0,11385,11410
5187,2,11387,11400
5238,1,11394,11443
5430,4,11396,11419
5601,2,11400,11428
5704,3,11408,11417
5825,0,11410,11432
5829,3,11417,11450
6027,4,11419,11445
6047,2,11428,11467
6135,0,11432,11467
6141,1,11443,11458
6311,4,11445,11461
6468,3,11450,11498
6573,1,11458,11501
6606,4,11461,11468
6692,0,11467,11491
6790,2,11467,11488
6907,4,11468,11499
6942,2,11488,11523
7208,0,11491,11513
7319,3,11498,11544
7325,4,11499,11523
7704,1,11501,11542
7759,0,11513,11530
7800,2,11523,11553
7815,4,11523,11572
8010,0,11530,11536
8133,0,11536,11556
8140,1,11542,11560
8813,3,11544,11572
8911,2,11553,11583
9033,0,11556,11596
9104,1,11560,11575
9165,3,11572,11581
9207,4,11572,11598
9318,1,11575,11606
9361,3,11581,11598
9565,2,11583,11618
9732,0,11596,11616
9774,3,11598,11640
9821,4,11598,11604
9859,4,11604,11611
28,1,11606,11654
30,4,11611,11646
79,0,11616,11633
119,2,11618,11625
171,2,11625,11642
178,0,11633,11676
257,3,11640,11672
284,2,11642,11648
350,4,11646,11679
361,2,11648,11683
518,1,11654,11678
637,3,11672,11681
657,0,11676,11700
815,1,11678,11700
900,4,11679,11691
1031,3,11681,11695
1089,2,11683,11693
1297,4,11691,11706
1357,2,11693,11722
1405,3,11695,11706
1569,0,11700,11715
1572,1,11700,11722
1578,3,11706,11755
1874,4,11706,11725
1927,0,11715,11762
2132,1,11722,11750
2171,2,11722,11746
2472,4,11725,11762
2493,2,11746,11780
2507,1,11750,11755
2643,1,11755,11803
2722,3,11755,11773
2880,0,11762,11776
2958,4,11762,11805
3052,3,11773,11784
3095,0,11776,11785
3108,2,11780,11800
3110,3,11784,11798
3163,0,11785,11797
3215,0,11797,11843
3218,3,11798,11839
3579,2,11800,11826
3732,1,11803,11851
3815,4,11805,11833
3865,2,11826,11846
3955,4,11833,11862
4082,3,11839,11887
4163,0,11843,11888
4329,2,11846,11886
4437,1,11851,11872
4558,4,11862,11900
4591,1,11872,11887
4692,2,11886,11912
4708,1,11887,11896
4723,3,11887,11933
5317,0,11888,11907
5376,1,11896,11903
5381,4,11900,11915
5564,1,11903,11944
5650,0,11907,11944
5658,2,11912,11917
5804,4,11915,11952
5956,2,11917,11943
5978,3,11933,11972
6094,2,11943,11969
6154,0,11944,11975
6313,1,11944,11977
6343,4,11952,11976
6767,2,11969,11987
6801,3,11972,12020
6938,0,11975,11996
6953,4,11976,11985
7017,1,11977,11998
7024,4,11985,12014
7146,2,11987,12029
7149,0,11996,12003
7454,1,11998,12048
7595,0,12003,12036
7614,4,12014,12049
7688,3,12020,12035
7789,2,12029,12039
8252,3,12035,12079
8260,0,12036,12075
8305,2,12039,12054
8366,1,12048,12076
8439,4,12049,12095
8626,2,12054,12083
8703,0,12075,12101
8814,1,12076,12119
9203,3,12079,12126
9364,2,12083,12103
9372,4,12095,12101
9422,0,12101,12127
9443,4,12101,12121
9450,2,12103,12113
9486,2,12113,12149
9546,1,12119,12133
9636,4,12121,12164
9651,3,12126,12149
9716,0,12127,12177
9784,1,12133,12148
9874,1,12148,12182
9980,2,12149,12166
150,3,12149,12188
592,4,12164,12204
618,2,12166,12174
631,2,12174,12217
744,0,12177,12187
983,1,12182,12204
1085,0,12187,12198
1234,3,12188,12206
1282,0,12198,12210
1329,1,12204,12220
1372,4,12204,12237
1452,3,12206,12250
1534,0,12210,12258
1647,2,12217,12244
1670,1,12220,12239
1699,4,12237,12260
1834,1,12239,12265
2073,2,12244,12279
2220,3,12250,12300
2352,0,12258,12285
2363,4,12260,12307
2378,1,12265,12272
2382,1,12272,12318
2403,2,12279,12307
2434,0,12285,12296
2511,0,12296,12342
2673,3,12300,12341
2757,2,12307,12348
3157,4,12307,12325
3216,1,12318,12330
3323,4,12325,12341
3448,1,12330,12378
3505,3,12341,12367
3529,4,12341,12370
3901,0,12342,12347
4194,0,12347,12363
4234,2,12348,12373
4482,0,12363,12369
4537,3,12367,12402
4661,0,12369,12413
4681,4,12370,12376
4833,2,12373,12403
5307,4,12376,12418
5356,1,12378,12404
5575,3,12402,12417
5659,2,12403,12428
5773,1,12404,12411
5843,1,12411,12435
5932,0,12413,12447
6134,3,12417,12452
6530,4,12418,12431
6556,2,12428,12453
6583,4,12431,12479
6833,1,12435,12446
6877,1,12446,12460
6927,0,12447,12470
7013,3,12452,12466
7271,2,12453,12481
7459,1,12460,12471
7517,3,12466,12502
7552,0,12470,12479
7604,1,12471,12485
7665,0,12479,12507
7710,4,12479,12489
7806,2,12481,12513
7843,1,12485,12508
7875,4,12489,12508
7926,3,12502,12523
7981,0,12507,12540
8002,1,12508,12555
8186,4,12508,12553
8312,2,12513,12545
8386,3,12523,12535
8438,3,12535,12545
8480,0,12540,12567
8576,2,12545,12584
8583,3,12545,12585
8586,4,12553,12564
8944,1,12555,12578
9058,4,12564,12582
9169,0,12567,12581
9441,1,12578,12594
9497,0,12581,12591
9514,4,12582,12603
9561,2,12584,12623
9589,3,12585,12603
9594,0,12591,12629
9678,1,12594,12634
9695,3,12603,12632
9893,4,12603,12636
9971,2,12623,12632
159,0,12629,12663
275,2,12632,12676
691,3,12632,12660
778,1,12634,12677
870,4,12636,12679
875,3,12660,12694
980,0,12663,12682
1086,2,12676,12725
1090,1,12677,12699
1175,4,12679,12724
1450,0,12682,12724
1466,3,12694,12729
1516,1,12699,12749
1748,0,12724,12734
1931,4,12724,12737
2175,2,12725,12736
2312,3,12729,12753
2450,0,12734,12747
2457,2,12736,12747
2527,4,12737,12783
2849,0,12747,12769
3013,2,12747,12784
3062,1,12749,12757
3133,3,12753,12793
3278,1,12757,12783
3347,0,12769,12780
3413,0,12780,12804
3607,1,12783,12823
3787,4,12783,12831
3812,2,12784,12790
3847,2,12790,12809
3883,3,12793,12798
3897,3,12798,12828
3979,0,12804,12821
4189,2,12809,12846
4202,0,12821,12851
4287,1,12823,12848
4384,3,12828,12834
4452,4,12831,12858
4483,3,12834,12873
4639,2,12846,12869
4679,1,12848,12874
4769,0,12851,12878
4822,4,12858,12897
4824,2,12869,12889
4994,3,12873,12915
5058,1,12874,12911
5111,0,12878,12886
5149,0,12886,12908
5192,2,12889,12910
5217,4,12897,12931
5315,0,12908,12925
5466,2,12910,12921
5534,1,12911,12940
5717,3,12915,12948
5797,2,12921,12962
5841,0,12925,12938
5850,4,12931,12955
5908,0,12938,12974
6007,1,12940,12956
6246,3,12948,12986
6743,4,12955,12983
6773,1,12956,12975
6866,2,12962,12971
7012,2,12971,12991
7313,0,12974,12994
7396,1,12975,13005
7707,4,12983,13017
7731,3,12986,12995
7797,2,12991,13029
7803,0,12994,13026
7927,3,12995,13027
8289,1,13005,13049
8677,4,13017,13048
8716,0,13026,13031
8842,3,13027,13063
8888,2,13029,13043
8952,0,13031,13060
8967,2,13043,13084
9035,4,13048,13067
9057,1,13049,13099
9172,0,13060,13101
9183,3,13063,13079
9366,4,13067,13074
9473,4,13074,13082
9532,3,13079,13120
9563,4,13082,13129
9915,2,13084,13127
9935,1,13099,13126
22,0,13101,13140
45,3,13120,13142
140,1,13126,13176
300,2,13127,13132
960,4,13129,13153
1213,2,13132,13151
1238,0,13140,13158
1257,3,13142,13156
1277,2,13151,13183
1353,4,13153,13164
1491,3,13156,13206
1587,0,13158,13198
1786,4,13164,13184
1812,1,13176,13202
1821,2,13183,13193
1988,4,13184,13210
2006,2,13193,13224
2114,0,13198,13234
2248,1,13202,13216
2273,3,13206,13249
2400,4,13210,13223
2616,1,13216,13231
2688,4,13223,13238
2965,2,13224,13250
3030,1,13231,13265
3200,0,13234,13272
3213,4,13238,13272
3326,3,13249,13261
3410,2,13250,13299
3437,3,13261,13275
3450,1,13265,13280
3512,0,13272,13290
3596,4,13272,13308
3854,3,13275,13309
3890,1,13280,13286
4102,1,13286,13333
4111,0,13290,13331
4201,2,13299,13334
4391,4,13308,13338
4494,3,13309,13330
4614,3,13330,13348
4875,0,13331,13339
5321,1,13333,13380
5347,2,13334,13382
5519,4,13338,13349
5523,0,13339,13361
5694,3,13348,13386
5907,4,13349,13357
5961,4,13357,13378
6115,0,13361,13394
6240,4,13378,13407
6268,1,13380,13408
6620,2,13382,13413
6644,3,13386,13424
6657,0,13394,13444
6723,4,13407,13434
6882,1,13408,13424
6997,2,13413,13453
7089,1,13424,13440
7164,3,13424,13460
7285,4,13434,13449
7377,1,13440,13475
7490,0,13444,13488
7611,4,13449,13479
7713,2,13453,13486
7825,3,13460,13483
7867,1,13475,13503
7949,4,13479,13494
8037,3,13483,13508
8127,2,13486,13502
8279,0,13488,13538
8322,4,13494,13508
8350,2,13502,13545
8373,1,13503,13520
8529,3,13508,13514
8643,4,13508,13529
8746,3,13514,13546
8942,1,13520,13530
8997,4,13529,13568
9022,1,13530,13576
9054,0,13538,13547
9180,2,13545,13566
9357,3,13546,13586
9390,0,13547,13572
9406,2,13566,13590
9417,4,13568,13581
9474,0,13572,13583
9503,1,13576,13604
9797,4,13581,13614
9826,0,13583,13594
9895,3,13586,13613
156,2,13590,13605
180,0,13594,13602
231,0,13602,13649
781,1,13604,13620
921,2,13605,13618
927,3,13613,13631
977,4,13614,13628
1027,2,13618,13667
1112,1,13620,13636
1142,4,13628,13656
1247,3,13631,13668
1248,1,13636,13666
1416,0,13649,13698
1423,4,13656,13681
1464,1,13666,13674
1529,2,13667,13706
1546,3,13668,13693
1639,1,13674,13718
1704,4,13681,13711
1823,3,13693,13707
1841,0,13698,13737
1899,2,13706,13728
1910,3,13707,13753
2045,4,13711,13729
2107,1,13718,13759
2323,2,13728,13762
2452,4,13729,13745
2512,0,13737,13767
2581,4,13745,13771
2586,3,13753,13799
2631,1,13759,13767
2684,2,13762,13790
2801,0,13767,13789
2843,1,13767,13786
3173,4,13771,13821
3407,1,13786,13823
3463,0,13789,13796
3540,2,13790,13838
3602,0,13796,13811
3603,3,13799,13842
3657,0,13811,13857
3668,4,13821,13835
4034,1,13823,13847
4184,4,13835,13856
4208,2,13838,13882
4227,3,13842,13853
4257,1,13847,13890
4358,3,13853,13898
4368,4,13856,13895
4400,0,13857,13893
4459,2,13882,13897
4497,1,13890,13904
4579,0,13893,13938
4722,4,13895,13909
4953,2,13897,13937
5063,3,13898,13943
5220,1,13904,13913
5313,4,13909,13952
5424,1,13913,13918
5548,1,13918,13938
5838,2,13937,13953
5964,0,13938,13975
6016,1,13938,13963
6061,3,13943,13980
6288,4,13952,13979
6391,2,13953,13999
6514,1,13963,13997
6671,0,13975,13986
6680,4,13979,14018
6720,3,13980,14008
6933,0,13986,14008
6949,1,13997,14010
6956,2,13999,14027
7004,0,14008,14050
7029,3,14008,14024
7211,1,14010,14034
7314,4,14018,14029
7395,3,14024,14053
7409,2,14027,14050
7698,4,14029,14079
7817,1,14034,14046
7893,1,14046,14052
8855,0,14050,14095
8962,2,14050,14092
9012,1,14052,14077
9042,3,14053,14090
9076,1,14077,14121
9115,4,14079,14091
9119,3,14090,14119
9130,4,14091,14106
9151,2,14092,14124
9216,0,14095,14109
9380,4,14106,14149
9548,0,14109,14116
9623,0,14116,14161
9805,3,14119,14167
9852,1,14121,14167
9989,2,14124,14129
301,2,14129,14175
311,4,14149,14182
347,0,14161,14168
358,1,14167,14186
449,3,14167,14180
456,0,14168,14207
543,2,14175,14210
733,3,14180,14230
828,4,14182,14191
1073,1,14186,14212
1076,4,14191,14201
1158,4,14201,14210
1187,0,14207,14237
1250,2,14210,14237
1943,4,14210,14233
1950,1,14212,14233
2027,3,14230,14268
2055,1,14233,14242
2157,4,14233,14254
2256,0,14237,14284
2315,2,14237,14270
2397,1,14242,14270
2478,4,14254,14265
2533,4,14265,14288
2747,3,14268,14293
2913,1,14270,14275
2971,2,14270,14277
3182,1,14275,14282
3208,2,14277,14282
3309,1,14282,14311
3376,2,14282,14325
3447,0,14284,14314
3535,4,14288,14308
3616,3,14293,14311
3858,4,14308,14316
3902,1,14311,14320
3918,3,14311,14327
4037,0,14314,14332
4049,4,14316,14348
4757,1,14320,14358
4894,2,14325,14364
4925,3,14327,14349
4933,0,14332,14365
5103,4,14348,14362
5116,3,14349,14372
5225,1,14358,14397
5512,4,14362,14382
5514,2,14364,14395
5556,0,14365,14402
5559,3,14372,14394
5664,4,14382,14412
5752,3,14394,14409
5848,2,14395,14417
5910,1,14397,14427
5940,0,14402,14437
6042,3,14409,14428
6093,4,14412,14450
6118,2,14417,14444
6150,1,14427,14444
6208,3,14428,14452
6661,0,14437,14464
6675,1,14444,14485
6689,2,14444,14468
6752,4,14450,14479
6788,3,14452,14496
6926,0,14464,14510
7032,2,14468,14473
7310,2,14473,14488
7357,4,14479,14506
7497,1,14485,14520
7507,2,14488,14514
7514,3,14496,14506
7627,3,14506,14516
7989,4,14506,14547
8025,0,14510,14558
8146,2,14514,14559
8217,3,14516,14528
8296,1,14520,14552
8335,3,14528,14578
8663,4,14547,14569
8666,1,14552,14559
8736,0,14558,14591
8742,1,14559,14588
8843,2,14559,14582
8932,4,14569,14611
9088,3,14578,14620
9193,2,14582,14622
9255,1,14588,14598
9284,0,14591,14622
9293,1,14598,14603
9442,1,14603,14648
9673,4,14611,14651
9812,3,14620,14664
9866,0,14622,14656
9997,2,14622,14636
9998,2,14636,14686
57,1,14648,14690
189,4,14651,14679
210,0,14656,14688
289,3,14664,14685
348,4,14679,14726
351,3,14685,14706
352,2,14686,14692
400,0,14688,14698
491,1,14690,14706
528,2,14692,14715
605,0,14698,14718
1221,1,14706,14735
1289,3,14706,14726
1375,2,14715,14743
1560,0,14718,14747
1571,3,14726,14760
1794,4,14726,14767
1801,1,14735,14752
1995,2,14743,14751
2017,0,14747,14788
2022,2,14751,14768
2200,1,14752,14783
2383,3,14760,14810
2409,4,14767,14788
2446,2,14768,14811
2647,1,14783,14807
2798,0,14788,14838
2815,4,14788,14836
3227,1,14807,14831
3665,3,14810,14850
3689,2,14811,14821
3717,2,14821,14848
3923,1,14831,14863
3964,4,14836,14858
4052,0,14838,14860
4115,2,14848,14890
4128,3,14850,14877
4673,4,14858,14866
5097,0,14860,14881
5194,1,14863,14891
5348,4,14866,14904
5373,3,14877,14891
5396,0,14881,14891
5533,2,14890,14907
5614,0,14891,14906
5816,1,14891,14913
5951,3,14891,14921
6025,4,14904,14922
6169,0,14906,14946
6238,2,14907,14943
6247,1,14913,14950
6263,3,14921,14940
6318,4,14922,14965
6322,3,14940,14976
6438,2,14943,14989
6473,0,14946,14953
6486,1,14950,14981
6550,0,14953,14983
6608,4,14965,15003
6618,3,14976,14998
6636,1,14981,14996
6640,0,14983,15025
6684,2,14989,15039
6744,1,14996,15024
6873,3,14998,15006
6914,4,15003,15044
7038,3,15006,15044
7121,1,15024,15070
7155,0,15025,15045
7213,2,15039,15046
7235,3,15044,15068
7390,4,15044,15090
7412,0,15045,15051
7448,2,15046,15090
7558,0,15051,15096
7681,3,15068,15090
7689,1,15070,15086
7878,1,15086,15121
7916,2,15090,15128
7977,3,15090,15107
8054,4,15090,15120
8079,0,15096,15130
8109,3,15107,15112
8156,3,15112,15130
8283,4,15120,15158
8333,1,15121,15133
8399,2,15128,15165
8430,0,15130,15159
8456,3,15130,15144
8556,1,15133,15172
8579,3,15144,15189
8584,4,15158,15192
8656,0,15159,15200
8671,2,15165,15176
8755,1,15172,15193
8989,2,15176,15209
9099,3,15189,15195
9160,4,15192,15216
9170,1,15193,15239
9292,3,15195,15208
9367,0,15200,15215
9644,3,15208,15252
9704,2,15209,15234
9725,0,15215,15249
9807,4,15216,15251
9888,2,15234,15250
9906,1,15239,15277
1,0,15249,15296
15,2,15250,15260
138,4,15251,15265
314,3,15252,15287
355,2,15260,15292
558,4,15265,15315
632,1,15277,15309
715,3,15287,15298
820,2,15292,15314
858,0,15296,15313
1132,3,15298,15309
1154,1,15309,15353
1838,3,15309,15333
1905,0,15313,15332
2127,2,15314,15330
2152,4,15315,15325
2375,4,15325,15363
2671,2,15330,15349
2779,0,15332,15370
2982,3,15333,15382
3031,2,15349,15392
3032,1,15353,15383
3375,4,15363,15376
3456,0,15370,15408
3909,4,15376,15421
4015,3,15382,15428
4065,1,15383,15417
4439,2,15392,15439
4739,0,15408,15444
5137,1,15417,15431
5241,4,15421,15470
5263,3,15428,15447
5310,1,15431,15436
5393,1,15436,15480
5464,2,15439,15456
5691,0,15444,15475
5702,3,15447,15480
5715,2,15456,15470
5793,2,15470,15494
5856,4,15470,15501
6035,0,15475,15492
6108,1,15480,15501
6139,3,15480,15511
6162,0,15492,15537
6249,2,15494,15509
6352,1,15501,15542
6369,4,15501,15520
6533,2,15509,15519
6609,3,15511,15538
6614,2,15519,15558
6666,4,15520,15540
6830,0,15537,15579
6832,3,15538,15544
6843,4,15540,15549
6852,1,15542,15582
6871,3,15544,15560
6934,4,15549,15572
7009,2,15558,15592
7084,3,15560,15594
7291,4,15572,15584
7343,0,15579,15586
7360,1,15582,15594
7365,4,15584,15613
7408,0,15586,15622
7505,2,15592,15621
7513,1,15594,15622
7525,3,15594,15644
7659,4,15613,15626
7668,2,15621,15642
7787,0,15622,15668
7804,1,15622,15636
7853,4,15626,15658
7979,1,15636,15674
8077,2,15642,15661
8094,3,15644,15660
8098,4,15658,15699
8309,3,15660,15665
8337,2,15661,15693
8455,3,15665,15690
8552,0,15668,15681
8557,1,15674,15706
8582,0,15681,15700
8628,3,15690,15716
8834,2,15693,15702
8838,4,15699,15724
8897,0,15700,15725
9105,2,15702,15738
9312,1,15706,15743
9340,3,15716,15751
9465,4,15724,15770
9558,0,15725,15744
233,2,15738,15771
297,1,15743,15761
1117,0,15744,15772
1181,3,15751,15762
1209,1,15761,15810
1533,3,15762,15788
1618,4,15770,15795
1720,2,15771,15784
1780,0,15772,15806
1902,2,15784,15817
1964,3,15788,15820
1990,4,15795,15817
2054,0,15806,15833
2111,1,15810,15833
2255,2,15817,15858
2293,4,15817,15830
2428,3,15820,15838
2475,4,15830,15864
2539,0,15833,15843
2718,1,15833,15877
3104,3,15838,15871
3109,0,15843,15879
3229,2,15858,15892
3246,4,15864,15886
3277,3,15871,15902
3427,1,15877,15906
3680,0,15879,15908
3693,4,15886,15916
3731,2,15892,15938
3836,3,15902,15912
4014,1,15906,15920
4069,0,15908,15941
4074,3,15912,15923
4083,4,15916,15966
4145,1,15920,15962
4298,3,15923,15946
4438,2,15938,15986
4443,0,15941,15963
4509,3,15946,15976
4604,1,15962,15972
4706,0,15963,16000
4776,4,15966,15996
4825,1,15972,15994
4940,3,15976,16005
5180,2,15986,16029
5199,1,15994,16044
5334,4,15996,16014
5377,0,16000,16025
5422,3,16005,16043
5450,4,16014,16052
5598,0,16025,16040
5602,2,16029,16074
5938,0,16040,16073
5952,3,16043,16049
6057,1,16044,16064
6188,3,16049,16074
6244,4,16052,16089
6260,1,16064,16079
6302,0,16073,16080
6336,2,16074,16110
6431,3,16074,16107
6544,1,16079,16116
6626,0,16080,16128
6776,4,16089,16111
6796,3,16107,16126
6825,2,16110,16116
6918,4,16111,16144
6960,1,16116,16146
7019,2,16116,16121
7132,2,16121,16153
7142,3,16126,16157
7210,0,16128,16155
7214,4,16144,16155
7228,1,16146,16184
7317,2,16153,16180
7373,0,16155,16198
7389,4,16155,16174
7589,3,16157,16163
7693,3,16163,16198
7975,4,16174,16200
8114,2,16180,16200
8161,1,16184,16205
8345,0,16198,16205
8375,3,16198,16208
8387,2,16200,16219
8443,4,16200,16249
8503,0,16205,16254
8581,1,16205,16241
8696,3,16208,16231
8852,2,16219,16245
9094,3,16231,16252
9123,1,16241,16264
9126,2,16245,16283
9140,4,16249,16299
9237,3,16252,16259
9281,0,16254,16287
9378,3,16259,16302
9382,1,16264,16312
9386,2,16283,16313
9699,0,16287,16325
9718,4,16299,16313
9780,3,16302,16307
9788,3,16307,16316
9836,1,16312,16359
9974,2,16313,16318
82,4,16313,16324
90,3,16316,16334
110,2,16318,16350
194,4,16324,16365
335,0,16325,16347
377,3,16334,16365
433,0,16347,16392
511,2,16350,16374
579,1,16359,16367
580,3,16365,16381
582,4,16365,16403
761,1,16367,16379
934,2,16374,16420
966,1,16379,16386
1155,3,16381,16420
1172,1,16386,16417
1368,0,16392,16417
1381,4,16403,16417
1430,0,16417,16452
1753,1,16417,16423
1972,4,16417,16426
2075,2,16420,16465
2295,3,16420,16433
2542,1,16423,16455
2546,4,16426,16432
2627,4,16432,16475
2685,3,16433,16459
2727,0,16452,16488
2926,1,16455,16472
3231,3,16459,16509
3453,2,16465,16480
3634,1,16472,16486
3655,4,16475,16490
3674,2,16480,16518
3747,1,16486,16511
3766,0,16488,16514
4105,4,16490,16540
4371,3,16509,16559
4404,1,16511,16527
4758,0,16514,16537
4799,2,16518,16541
4936,1,16527,16537
5060,0,16537,16553
5218,1,16537,16584
5331,4,16540,16578
5374,2,16541,16574
5405,0,16553,16568
5522,3,16559,16577
5800,0,16568,16613
5925,2,16574,16594
6129,3,16577,16590
6301,4,16578,16618
6538,1,16584,16616
6553,3,16590,16609
6565,2,16594,16640
6705,3,16609,16658
7054,0,16613,16630
7126,1,16616,16656
7179,4,16618,16656
7219,0,16630,16645
7257,2,16640,16654
7303,0,16645,16678
7305,2,16654,16701
7580,1,16656,16684
7602,4,16656,16684
7616,3,16658,16672
7862,3,16672,16718
7999,0,16678,16708
8075,1,16684,16700
8222,4,16684,16711
8240,1,16700,16721
8389,2,16701,16742
8839,0,16708,16738
8966,4,16711,16730
9149,3,16718,16750
9177,1,16721,16770
9220,4,16730,16736
9338,4,16736,16751
9402,0,16738,16766
9578,2,16742,16785
9608,3,16750,16793
9642,4,16751,16791
9681,0,16766,16804
9842,1,16770,16787
393,2,16785,16811
430,1,16787,16799
492,4,16791,16839
493,3,16793,16800
495,1,16799,16829
509,3,16800,16842
702,0,16804,16851
774,2,16811,16839
1113,1,16829,16853
1189,2,16839,16874
1351,4,16839,16854
1380,3,16842,16877
1535,0,16851,16871
1854,1,16853,16898
1900,4,16854,16859
2194,4,16859,16871
2210,0,16871,16886
2346,4,16871,16904
2348,2,16874,16909
2413,3,16877,16887
2443,0,16886,16906
2496,3,16887,16898
2504,1,16898,16920
2565,3,16898,16944
2921,4,16904,16945
3056,0,16906,16920
3296,2,16909,16924
3430,0,16920,16944
3560,1,16920,16929
3593,2,16924,16966
3916,1,16929,16944
4152,0,16944,16972
4179,1,16944,16952
4198,3,16944,16955
4291,4,16945,16967
4334,1,16952,16974
4336,3,16955,16999
4347,2,16966,16996
4361,4,16967,16979
4496,0,16972,17010
4503,1,16974,16994
4583,4,16979,17021
4818,1,16994,17017
4865,2,16996,17041
4871,3,16999,17007
5146,3,17007,17019
5203,0,17010,17028
5219,1,17017,17033
5281,3,17019,17035
5610,4,17021,17059
5699,0,17028,17053
5939,1,17033,17062
6054,3,17035,17045
6076,2,17041,17084
6113,3,17045,17095
6274,0,17053,17088
6451,4,17059,17102
6582,1,17062,17072
6693,1,17072,17100
6781,2,17084,17134
6950,0,17088,17135
7168,3,17095,17134
7229,1,17100,17120
7268,4,17102,17151
7384,1,17120,17164
7449,2,17134,17154
7520,3,17134,17178
7726,0,17135,17140
7921,0,17140,17152
8067,4,17151,17196
8102,0,17152,17174
8150,2,17154,17185
8226,1,17164,17189
8303,0,17174,17188
8328,3,17178,17221
8446,2,17185,17218
8689,0,17188,17232
8868,1,17189,17231
9067,4,17196,17243
9072,2,17218,17236
9336,3,17221,17260
9359,1,17231,17254
9430,0,17232,17263
9533,2,17236,17284
9665,4,17243,17279
9777,1,17254,17294
9855,3,17260,17276
9862,0,17263,17269
9864,0,17269,17282
9922,3,17276,17318
38,4,17279,17321
282,0,17282,17324
588,2,17284,17299
619,1,17294,17301
644,2,17299,17330
655,1,17301,17314
709,1,17314,17361
838,3,17318,17356
924,4,17321,17337
1070,0,17324,17344
1106,2,17330,17337
1222,2,17337,17369
1327,4,17337,17375
1333,0,17344,17369
1389,3,17356,17371
1456,1,17361,17380
1625,0,17369,17404
1673,2,17369,17374
1688,3,17371,17384
1971,2,17374,17392
2028,4,17375,17423
2041,1,17380,17405
2089,3,17384,17419
2289,2,17392,17422
2320,0,17404,17431
2402,1,17405,17410
2404,1,17410,17428
2406,3,17419,17454
2420,2,17422,17470
2466,4,17423,17460
2531,1,17428,17466
2541,0,17431,17436
2547,0,17436,17446
2660,0,17446,17473
2749,3,17454,17461
2774,4,17460,17477
2985,3,17461,17471
3036,1,17466,17502
3248,2,17470,17499
3260,3,17471,17508
3336,0,17473,17516
3355,4,17477,17509
3433,2,17499,17519
3452,1,17502,17513
3526,3,17508,17557
3622,4,17509,17539
3627,1,17513,17548
3808,0,17516,17524
3826,2,17519,17548
3853,0,17524,17539
3982,0,17539,17555
4060,4,17539,17566
4386,1,17548,17589
4622,2,17548,17569
4664,0,17555,17580
4749,3,17557,17607
4779,4,17566,17592
4839,2,17569,17599
4884,0,17580,17624
5294,1,17589,17606
5531,4,17592,17616
5570,2,17599,17628
5654,1,17606,17635
5781,3,17607,17628
5893,4,17616,17623
5934,4,17623,17649
6126,0,17624,17670
6161,2,17628,17659
6542,3,17628,17636
6632,1,17635,17654
6681,3,17636,17685
6829,4,17649,17657
6845,1,17654,17662
6929,4,17657,17676
7321,2,17659,17668
7393,1,17662,17703
7426,2,17668,17676
7528,0,17670,17697
7603,2,17676,17699
7621,4,17676,17718
7653,3,17685,17708
7770,0,17697,17710
7845,2,17699,17729
8024,1,17703,17750
8063,3,17708,17721
8231,0,17710,17737
8282,4,17718,17748
8340,3,17721,17762
8418,2,17729,17769
8554,0,17737,17779
8560,4,17748,17770
8822,1,17750,17762
8872,1,17762,17799
8879,3,17762,17786
8925,2,17769,17797
8936,4,17770,17780
8996,0,17779,17796
9000,4,17780,17829
9040,3,17786,17809
9122,0,17796,17838
9199,2,17797,17826
9274,1,17799,17833
9311,3,17809,17821
9373,3,17821,17864
9403,2,17826,17856
9604,4,17829,17856
9791,1,17833,17867
9794,0,17838,17861
9835,2,17856,17876
9849,4,17856,17879
9865,0,17861,17895
9911,3,17864,17900
9953,1,17867,17899
436,2,17876,17888
564,4,17879,17906
946,2,17888,17900
1007,0,17895,17934
1043,1,17899,17909
1056,2,17900,17931
1121,3,17900,17929
1371,4,17906,17929
1482,1,17909,17947
1536,3,17929,17955
1836,4,17929,17964
1939,2,17931,17942
2001,0,17934,17978
2115,2,17942,17988
2191,1,17947,17981
2369,3,17955,17962
2417,3,17962,17972
2423,4,17964,17990
2433,3,17972,18011
2831,0,17978,17989
3192,1,17981,18010
3286,2,17988,18029
3305,0,17989,18028
3316,4,17990,18034
3395,1,18010,18017
3461,3,18011,18037
3630,1,18017,18067
3661,0,18028,18048
3673,2,18029,18055
3708,4,18034,18066
3758,3,18037,18058
3765,0,18048,18056
3791,2,18055,18087
3842,0,18056,18072
3868,3,18058,18107
3939,4,18066,18083
3962,1,18067,18106
4026,0,18072,18089
4085,4,18083,18120
4131,2,18087,18130
4193,0,18089,18109
4283,1,18106,18138
4300,3,18107,18136
4349,0,18109,18123
4514,4,18120,18150
4548,0,18123,18134
4810,2,18130,18141
4847,0,18134,18157
4950,3,18136,18149
5014,1,18138,18175
5224,2,18141,18162
5833,3,18149,18191
5998,4,18150,18156
6471,4,18156,18175
6558,0,18157,18192
6601,2,18162,18207
6814,1,18175,18204
6849,4,18175,18215
6862,3,18191,18225
6988,0,18192,18237
7002,1,18204,18219
7205,2,18207,18241
7376,4,18215,18245
7501,1,18219,18233
7509,3,18225,18232
7516,3,18232,18247
7578,1,18233,18281
7648,0,18237,18257
7752,2,18241,18282
7838,4,18245,18295
7908,3,18247,18263
7997,0,18257,18269
8003,3,18263,18291
8007,0,18269,18314
8358,1,18281,18295
8548,2,18282,18287
8569,2,18287,18298
8800,3,18291,18302
8945,1,18295,18322
9155,4,18295,18302
9331,2,18298,18312
9409,3,18302,18329
9632,4,18302,18338
9684,2,18312,18320
9775,0,18314,18342
9847,2,18320,18341
9955,1,18322,18368
9967,3,18329,18377
10,4,18338,18354
20,2,18341,18385
151,0,18342,18376
421,4,18354,18369
455,1,18368,18379
503,4,18369,18397
513,0,18376,18382
612,3,18377,18399
755,1,18379,18424
823,0,18382,18399
937,2,18385,18416
970,4,18397,18418
1283,0,18399,18443
1364,3,18399,18427
1615,2,18416,18434
1622,4,18418,18433
1652,1,18424,18474
1659,3,18427,18445
1682,4,18433,18469
1762,2,18434,18466
1957,0,18443,18449
2123,3,18445,18467
2387,0,18449,18481
2487,2,18466,18492
2735,3,18467,18480
2872,4,18469,18516
2874,1,18474,18485
2901,3,18480,18517
3001,0,18481,18528
3046,1,18485,18529
3313,2,18492,18542
3327,4,18516,18529
3666,3,18517,18525
3777,3,18525,18530
3899,0,18528,18533
4229,1,18529,18555
4268,4,18529,18548
4343,3,18530,18554
4369,0,18533,18549
4406,2,18542,18569
4742,4,18548,18560
4860,0,18549,18554
4923,0,18554,18598
5082,3,18554,18572
5253,1,18555,18574
5413,4,18560,18571
5494,2,18569,18577
5741,4,18571,18579
5769,3,18572,18611
5868,1,18574,18616
5996,2,18577,18605
6009,4,18579,18587
6164,4,18587,18629
6300,0,18598,18637
6508,2,18605,18615
6566,3,18611,18638
6575,2,18615,18624
6584,1,18616,18660
6677,2,18624,18658
6691,4,18629,18634
6695,4,18634,18648
6771,0,18637,18680
6890,3,18638,18670
6922,4,18648,18687
6976,2,18658,18707
7141,1,18660,18681
7170,3,18670,18699
7356,0,18680,18688
7406,1,18681,18714
7451,4,18687,18726
7537,0,18688,18715
7780,3,18699,18745
7876,2,18707,18737
7930,1,18714,18753
8049,0,18715,18761
8092,4,18726,18734
8267,4,18734,18761
8421,2,18737,18747
8427,3,18745,18767
8537,2,18747,18766
8659,1,18753,18796
8777,0,18761,18794
8908,4,18761,18792
8947,2,18766,18781
9047,3,18767,18782
9081,2,18781,18819
9240,3,18782,18806
9252,4,18792,18831
9585,0,18794,18806
9606,1,18796,18812
9654,0,18806,18845
9803,3,18806,18815
9959,1,18812,18838
33,3,18815,18844
83,2,18819,18858
214,4,18831,18862
227,1,18838,18886
315,3,18844,18854
316,0,18845,18862
367,3,18854,18889
445,2,18858,18895
527,0,18862,18899
534,4,18862,18909
703,1,18886,18928
763,3,18889,18896
769,2,18895,18932
788,3,18896,18922
929,0,18899,18907
1218,0,18907,18950
1323,4,18909,18925
1355,3,18922,18971
1446,4,18925,18970
1524,1,18928,18978
1605,2,18932,18977
1668,0,18950,18979
1671,4,18970,18987
2025,3,18971,18994
2262,2,18977,19004
2272,1,18978,19011
2329,0,18979,19010
2477,4,18987,18999
2509,3,18994,19027
2549,4,18999,19028
2734,2,19004,19012
2973,0,19010,19043
3061,1,19011,19031
3092,2,19012,19018
3093,2,19018,19031
3304,3,19027,19062
3364,4,19028,19068
3563,1,19031,19059
3644,2,19031,19049
3757,0,19043,19070
3945,2,19049,19064
3977,1,19059,19070
4017,3,19062,19096
4048,2,19064,19097
4301,4,19068,19084
4485,0,19070,19114
4561,1,19070,19104
4627,4,19084,19121
4797,3,19096,19132
4949,2,19097,19133
5034,1,19104,19125
5122,0,19114,19150
5182,4,19121,19130
5205,1,19125,19130
5227,1,19130,19164
5300,4,19130,19136
5596,3,19132,19161
5631,2,19133,19181
5721,4,19136,19159
5747,0,19150,19169
5761,4,19159,19181
5788,3,19161,19192
5832,1,19164,19177
6017,0,19169,19199
6125,1,19177,19225
6304,2,19181,19223
6315,4,19181,19199
6319,3,19192,19198
6381,3,19198,19220
6492,0,19199,19214
6513,4,19199,19244
6574,0,19214,19264
6683,3,19220,19233
7150,2,19223,19244
7244,1,19225,19246
7354,3,19233,19272
7510,2,19244,19275
7743,4,19244,19274
7791,1,19246,19256
7880,1,19256,19306
7925,0,19264,19275
7993,3,19272,19317
8099,4,19274,19317
8103,0,19275,19313
8126,2,19275,19324
8166,1,19306,19319
8218,0,19313,19359
8257,3,19317,19333
8566,4,19317,19360
8636,1,19319,19348
8688,2,19324,19362
8818,3,19333,19381
9221,1,19348,19381
9248,0,19359,19388
9767,4,19360,19404
9944,2,19362,19398
9964,1,19381,19426
9978,3,19381,19402
35,0,19388,19422
46,2,19398,19405
58,3,19402,19428
118,4,19404,19427
332,2,19405,19427
391,0,19422,19452
458,1,19426,19465
640,2,19427,19443
679,4,19427,19453
713,3,19428,19451
891,2,19443,19489
1122,3,19451,19483
1330,0,19452,19492
1347,4,19453,19500
1457,1,19465,19492
1733,3,19483,19520
1734,2,19489,19529
1796,0,19492,19536
1814,1,19492,19501
1983,4,19500,19548
1991,1,19501,19547
2004,3,19520,19542
2365,2,19529,19557
2491,0,19536,19583
2687,3,19542,19590
2751,1,19547,19572
2832,4,19548,19568
2834,2,19557,19602
2864,4,19568,19596
2893,1,19572,19604
3080,0,19583,19622
3140,3,19590,19616
3159,4,19596,19603
3247,2,19602,19646
3306,4,19603,19625
3460,1,19604,19636
3521,3,19616,19660
3531,0,19622,19652
3544,4,19625,19647
3555,1,19636,19678
3578,2,19646,19680
3590,4,19647,19683
3727,0,19652,19701
3862,3,19660,19672
3981,3,19672,19710
4125,1,19678,19698
4644,2,19680,19730
4700,4,19683,19700
4719,1,19698,19724
4853,4,19700,19721
5017,0,19701,19713
5159,3,19710,19725
5397,0,19713,19760
5420,4,19721,19738
5433,1,19724,19761
5544,3,19725,19768
5612,2,19730,19779
5762,4,19738,19748
5896,4,19748,19797
6180,0,19760,19778
6203,1,19761,19780
6320,3,19768,19797
6321,0,19778,19792
6531,2,19779,19812
6564,1,19780,19785
6607,1,19785,19834
6755,0,19792,19836
6861,3,19797,19804
6973,4,19797,19809
7008,3,19804,19811
7059,4,19809,19826
7107,3,19811,19845
7613,2,19812,19862
7952,4,19826,19847
8022,1,19834,19884
8130,0,19836,19884
8319,3,19845,19881
8393,4,19847,19883
8476,2,19862,19901
8518,3,19881,19923
8619,4,19883,19927
8691,0,19884,19928
8695,1,19884,19908
8949,2,19901,19946
9006,1,19908,19943
9087,3,19923,19973
9226,4,19927,19977
9315,0,19928,19953
9610,1,19943,19983
9772,2,19946,19970
9877,0,19953,19965
9963,0,19965,19971
9970,2,19970,19995
86,0,19971,19976
128,3,19973,19996
266,0,19976,20024
294,4,19977,20016
295,1,19983,20007
334,2,19995,20006
438,3,19996,20010
526,2,20006,20049
578,1,20007,20033
638,3,20010,20057
716,4,20016,20065
825,0,20024,20070
871,1,20033,20052
915,2,20049,20086
943,1,20052,20102
1069,3,20057,20085
1358,4,20065,20094
1458,0,20070,20120
1508,3,20085,20110
1588,2,20086,20126
1606,4,20094,20133
1774,1,20102,20149
1790,3,20110,20160
1824,0,20120,20130
2059,2,20126,20161
2199,0,20130,20147
2298,4,20133,20141
2440,4,20141,20188
2522,0,20147,20160
2568,1,20149,20179
2614,0,20160,20204
2654,3,20160,20181
2665,2,20161,20188
2878,1,20179,20213
3000,3,20181,20227
3048,2,20188,20230
3094,4,20188,20235
3258,0,20204,20249
3261,1,20213,20224
3297,1,20224,20234
3387,3,20227,20244
3491,2,20230,20250
3524,1,20234,20240
3527,4,20235,20251
3624,1,20240,20269
3681,3,20244,20286
3743,0,20249,20290
3746,2,20250,20260
3785,4,20251,20291
3814,2,20260,20273
3825,1,20269,20287
4158,2,20273,20303
4652,3,20286,20331
4696,1,20287,20311
4738,0,20290,20312
4964,4,20291,20305
4966,2,20303,20327
5030,4,20305,20320
5454,1,20311,20352
5528,0,20312,20332
5604,4,20320,20326
5671,4,20326,20334
5753,2,20327,20342
5981,3,20331,20367
6082,0,20332,20371
6211,4,20334,20379
6295,2,20342,20369
6345,1,20352,20357
6448,1,20357,20375
6506,3,20367,20380
6529,2,20369,20394
6570,0,20371,20394
6726,1,20375,20397
6734,4,20379,20389
6908,3,20380,20394
7075,4,20389,20430
7095,0,20394,20410
7140,2,20394,20426
7151,3,20394,20402
7329,1,20397,20407
7411,3,20402,20428
7579,1,20407,20452
7635,0,20410,20433
7915,2,20426,20431
7943,3,20428,20471
7994,4,20430,20478
8026,2,20431,20478
8170,0,20433,20483
8280,1,20452,20473
8364,3,20471,20498
8413,1,20473,20493
8482,2,20478,20483
8487,4,20478,20505
8880,0,20483,20492
9036,2,20483,20499
9129,0,20492,20509
9178,1,20493,20503
9181,3,20498,20526
9370,2,20499,20507
9559,1,20503,20519
9837,4,20505,20555
9876,2,20507,20529
9919,0,20509,20542
9991,1,20519,20567
168,3,20526,20566
211,2,20529,20576
276,0,20542,20583
496,4,20555,20574
594,3,20566,20597
624,1,20567,20601
683,4,20574,20604
827,2,20576,20608
1363,0,20583,20613
1367,3,20597,20613
1601,1,20601,20633
1614,4,20604,20611
1658,2,20608,20639
1755,4,20611,20616
2083,0,20613,20663
2264,3,20613,20651
2324,4,20616,20636
2490,1,20633,20638
2863,4,20636,20685
2949,1,20638,20645
3011,2,20639,20644
3018,2,20644,20664
3116,1,20645,20686
3154,3,20651,20676
3226,0,20663,20675
3404,2,20664,20687
3459,0,20675,20696
3501,3,20676,20695
3755,4,20685,20690
3860,1,20686,20714
3891,2,20687,20712
3908,4,20690,20714
4092,3,20695,20745
4162,0,20696,20723
4551,2,20712,20737
4556,1,20714,20732
4731,4,20714,20758
5093,0,20723,20761
5155,1,20732,20773
5208,2,20737,20755
5213,3,20745,20760
5226,2,20755,20780
5480,4,20758,20806
5499,3,20760,20777
5580,0,20761,20770
5622,0,20770,20777
5638,1,20773,20817
5688,0,20777,20818
5725,3,20777,20822
5929,2,20780,20795
5947,2,20795,20829
6033,4,20806,20820
6111,1,20817,20842
6138,0,20818,20859
6339,4,20820,20841
6359,3,20822,20857
6414,2,20829,20844
6478,4,20841,20860
6572,1,20842,20855
6651,2,20844,20865
6655,1,20855,20869
6747,3,20857,20862
6834,0,20859,20895
6889,4,20860,20889
6994,3,20862,20907
7066,2,20865,20890
7090,1,20869,20882
7148,1,20882,20900
7265,4,20889,20936
7318,2,20890,20910
7597,0,20895,20911
7676,1,20900,20925
7732,3,20907,20940
7858,2,20910,20949
7905,0,20911,20917
8370,0,20917,20944
8391,1,20925,20933
8497,1,20933,20958
8545,4,20936,20963
8705,3,20940,20958
8707,0,20944,20993
8775,2,20949,20985
8778,1,20958,20984
8793,3,20958,20985
8902,4,20963,20969
8971,4,20969,21006
9239,1,20984,21023
9241,2,20985,20999
9268,3,20985,21008
9321,0,20993,21040
9419,2,20999,21027
9485,4,21006,21048
9519,3,21008,21046
9613,1,21023,21038
9707,2,21027,21051
9956,1,21038,21048
42,0,21040,21066
133,3,21046,21072
209,1,21048,21067
325,4,21048,21086
522,2,21051,21072
620,0,21066,21114
718,1,21067,21113
756,2,21072,21122
780,3,21072,21088
872,4,21086,21093
912,3,21088,21126
1062,4,21093,21140
1141,1,21113,21120
1321,0,21114,21136
1559,1,21120,21150
1575,2,21122,21155
1612,3,21126,21156
1676,0,21136,21164
1809,4,21140,21186
1945,1,21150,21182
1987,2,21155,21178
1993,3,21156,21162
2138,3,21162,21195
2192,0,21164,21187
2309,2,21178,21192
2737,1,21182,21220
2758,4,21186,21216
2868,0,21187,21195
2892,2,21192,21228
2936,0,21195,21244
2941,3,21195,21219
3096,4,21216,21258
3396,3,21219,21243
3475,1,21220,21243
3810,2,21228,21238
3875,2,21238,21263
4030,1,21243,21273
4072,3,21243,21256
4130,0,21244,21284
4306,3,21256,21276
4345,4,21258,21296
4387,2,21263,21295
4590,1,21273,21310
4655,3,21276,21323
4711,0,21284,21333
4752,2,21295,21339
4830,4,21296,21324
4954,1,21310,21344
4971,3,21323,21363
5088,4,21324,21347
5095,0,21333,21362
5120,2,21339,21371
5222,1,21344,21363
5383,4,21347,21396
5491,0,21362,21396
5555,1,21363,21396
5943,3,21363,21399
5965,2,21371,21396
6446,0,21396,21442
6978,1,21396,21421
7118,2,21396,21426
7242,4,21396,21442
7243,3,21399,21442
7296,1,21421,21433
7362,2,21426,21448
7565,1,21433,21459
7576,0,21442,21454
7615,3,21442,21480
7717,4,21442,21472
7718,2,21448,21483
7758,0,21454,21472
7773,1,21459,21506
7833,0,21472,21505
7873,4,21472,21509
8139,3,21480,21506
8209,2,21483,21505
8254,0,21505,21521
8363,2,21505,21511
8472,1,21506,21514
8567,3,21506,21513
8631,4,21509,21518
8637,2,21511,21516
8641,3,21513,21529
8654,1,21514,21529
8792,2,21516,21533
8893,4,21518,21536
9061,0,21521,21526
9068,0,21526,21565
9208,1,21529,21544
9211,3,21529,21543
9611,2,21533,21554
9709,4,21536,21545
356,3,21543,21572
376,1,21544,21577
440,4,21545,21553
576,4,21553,21586
611,2,21554,21563
678,2,21563,21602
866,0,21565,21573
954,3,21572,21581
962,0,21573,21597
987,1,21577,21626
1186,3,21581,21597
1202,4,21586,21624
1261,0,21597,21638
1386,3,21597,21632
1406,2,21602,21614
1497,2,21614,21638
1503,4,21624,21647
1527,1,21626,21652
1714,3,21632,21661
1923,0,21638,21672
1967,2,21638,21655
2008,4,21647,21667
2204,1,21652,21691
2429,2,21655,21694
2569,3,21661,21706
2573,4,21667,21676
2759,0,21672,21680
2986,4,21676,21692
3073,0,21680,21694
3303,1,21691,21715
3451,4,21692,21736
3483,0,21694,21727
3568,2,21694,21742
3678,3,21706,21737
3725,1,21715,21757
3837,0,21727,21745
3895,4,21736,21784
3924,3,21737,21762
4517,2,21742,21761
4528,0,21745,21765
4755,1,21757,21789
4836,2,21761,21769
4855,3,21762,21768
4864,0,21765,21801
4990,3,21768,21782
5041,2,21769,21788
5311,3,21782,21787
5456,4,21784,21830
5729,3,21787,21811
5813,2,21788,21804
5885,1,21789,21833
5948,0,21801,21840
6084,2,21804,21840
6100,3,21811,21823
6235,3,21823,21867
6275,4,21830,21872
6337,1,21833,21850
6387,0,21840,21887
6420,2,21840,21887
6435,1,21850,21876
6501,3,21867,21889
6619,4,21872,21893
6717,1,21876,21918
6805,0,21887,21929
6872,2,21887,21916
6881,3,21889,21900
6917,4,21893,21919
7068,3,21900,21905
7375,3,21905,21932
7446,2,21916,21964
7651,1,21918,21923
7719,4,21919,21927
7849,1,21923,21930
7898,4,21927,21973
7969,0,21929,21948
7982,1,21930,21959
8274,3,21932,21955
8506,0,21948,21991
8564,3,21955,21991
8658,1,21959,21989
8831,2,21964,22000
8939,4,21973,22012
8953,1,21989,21999
8960,0,21991,22006
9056,3,21991,22006
9251,1,21999,22016
9397,2,22000,22006
9463,0,22006,22042
9914,2,22006,22055
9938,3,22006,22030
175,4,22012,22034
692,1,22016,22024
868,1,22024,22037
1012,3,22030,22049
1331,4,22034,22044
1403,1,22037,22065
1473,0,22042,22055
1502,4,22044,22067
2038,3,22049,22094
2063,0,22055,22074
2186,2,22055,22095
2275,1,22065,22091
2802,4,22067,22086
2814,0,22074,22080
2850,0,22080,22096
2939,4,22086,22111
2953,1,22091,22134
2991,3,22094,22115
3269,2,22095,22141
3514,0,22096,22118
3654,4,22111,22142
3833,3,22115,22121
3887,0,22118,22125
3931,3,22121,22165
4055,0,22125,22131
4056,0,22131,22137
4174,1,22134,22181
4288,0,22137,22148
4327,2,22141,22166
4481,4,22142,22164
4632,0,22148,22181
4682,4,22164,22177
4724,3,22165,22190
4729,2,22166,22200
4956,4,22177,22214
4979,0,22181,22210
5054,1,22181,22186
5112,1,22186,22202
5207,3,22190,22207
5372,2,22200,22248
5447,1,22202,22250
5538,3,22207,22238
5562,0,22210,22240
5616,4,22214,22238
5624,3,22238,22264
5652,4,22238,22273
6101,0,22240,22273
6213,2,22248,22271
6362,1,22250,22275
6484,3,22264,22285
6585,2,22271,22282
6846,0,22273,22320
6851,4,22273,22295
6985,1,22275,22301
6991,2,22282,22317
7102,3,22285,22326
7218,4,22295,22335
7224,1,22301,22350
7324,2,22317,22326
7378,0,22320,22353
7524,2,22326,22333
7586,3,22326,22370
7598,2,22333,22347
8225,4,22335,22376
8281,2,22347,22369
8288,1,22350,22363
8329,0,22353,22384
8374,1,22363,22412
8610,2,22369,22376
8650,3,22370,22416
8779,2,22376,22397
8924,4,22376,22387
8951,0,22384,22411
8994,4,22387,22418
9059,2,22397,22404
9200,2,22404,22445
9258,0,22411,22459
9270,1,22412,22420
9273,3,22416,22463
9305,4,22418,22428
9334,1,22420,22448
9356,4,22428,22471
9457,2,22445,22471
9631,1,22448,22475
9717,0,22459,22491
9778,3,22463,22498
9789,2,22471,22487
66,4,22471,22520
154,1,22475,22516
158,2,22487,22514
287,0,22491,22508
383,3,22498,22532
469,0,22508,22548
627,2,22514,22555
705,1,22516,22543
775,4,22520,22548
792,3,22532,22539
859,3,22539,22588
1103,1,22543,22588
1108,0,22548,22570
1260,4,22548,22595
1521,2,22555,22572
1880,0,22570,22594
1937,2,22572,22584
2060,2,22584,22627
2177,1,22588,22602
2305,3,22588,22634
2361,0,22594,22624
2380,4,22595,22636
2427,1,22602,22629
2632,0,22624,22641
2760,2,22627,22662
2795,1,22629,22644
2875,3,22634,22661
2922,4,22636,22660
3180,0,22641,22668
3210,1,22644,22692
3272,4,22660,22673
3361,3,22661,22689
3464,2,22662,22675
3466,0,22668,22712
3591,4,22673,22687
3724,2,22675,22695
3788,4,22687,22702
4132,3,22689,22731
4348,1,22692,22737
4429,2,22695,22717
4478,4,22702,22715
4526,0,22712,22719
4773,4,22715,22740
5136,2,22717,22742
5162,0,22719,22744
5214,3,22731,22764
5262,1,22737,22747
5382,4,22740,22770
5488,2,22742,22772
5493,0,22744,22775
5502,1,22747,22792
5628,3,22764,22772
5656,4,22770,22807
5774,2,22772,22793
5976,3,22772,22791
6179,0,22775,22818
6200,3,22791,22841
6399,1,22792,22810
6523,2,22793,22821
6625,4,22807,22822
6639,1,22810,22840
6658,0,22818,22829
6724,2,22821,22860
6823,4,22822,22861
6941,0,22829,22872
6979,1,22840,22868
7025,3,22841,22878
7088,2,22860,22865
7280,4,22861,22875
7307,2,22865,22883
7336,1,22868,22904
7434,0,22872,22894
7569,4,22875,22894
7782,3,22878,22895
7984,2,22883,22919
8001,0,22894,22924
8188,4,22894,22905
8341,3,22895,22931
8646,1,22904,22910
8699,4,22905,22938
8728,1,22910,22916
8756,1,22916,22921
8937,2,22919,22967
8991,1,22921,22946
9043,0,22924,22966
9097,3,22931,22953
9308,4,22938,22984
9313,1,22946,22994
9354,3,22953,23001
9593,0,22966,22988
9655,2,22967,23017
9863,4,22984,23017
9878,0,22988,23001
9892,1,22994,23000
39,1,23000,23049
141,0,23001,23034
256,3,23001,23038
272,2,23017,23028
281,4,23017,23035
328,2,23028,23069
574,0,23034,23063
591,4,23035,23048
673,3,23038,23051
758,4,23048,23058
798,1,23049,23097
809,3,23051,23099
813,4,23058,23072
1243,0,23063,23068
1436,0,23068,23075
1481,2,23069,23088
1735,4,23072,23108
1803,0,23075,23108
1808,2,23088,23108
1857,1,23097,23118
2012,3,23099,23139
2070,0,23108,23154
2074,2,23108,23149
2287,4,23108,23122
2449,1,23118,23146
2717,4,23122,23132
2792,4,23132,23160
2848,3,23139,23144
2961,3,23144,23183
3145,1,23146,23193
3175,2,23149,23179
3186,0,23154,23176
3205,4,23160,23174
3211,4,23174,23212
3363,0,23176,23212
3383,2,23179,23221
3391,3,23183,23217
3547,1,23193,23201
3585,1,23201,23227
3824,0,23212,23252
3894,4,23212,23248
4000,3,23217,23224
4123,2,23221,23267
4136,3,23224,23231
4164,1,23227,23257
4340,3,23231,23247
4352,3,23247,23267
4460,4,23248,23280
4480,0,23252,23278
4612,1,23257,23303
4762,2,23267,23306
4862,3,23267,23273
4876,3,23273,23319
4961,0,23278,23314
5012,4,23280,23318
5038,1,23303,23349
5071,2,23306,23354
5232,0,23314,23344
5394,4,23318,23364
5407,3,23319,23352
5475,0,23344,23391
5639,1,23349,23367
5696,3,23352,23378
5789,2,23354,23394
5803,4,23364,23405
5834,1,23367,23394
5867,3,23378,23412
5889,0,23391,23421
5900,1,23394,23429
5945,2,23394,23424
6072,4,23405,23445
6195,3,23412,23459
6401,0,23421,23443
6539,2,23424,23435
6562,1,23429,23437
6590,2,23435,23446
6762,1,23437,23485
6841,0,23443,23448
6932,4,23445,23474
6957,2,23446,23491
7040,0,23448,23463
7043,3,23459,23504
7072,0,23463,23490
7245,4,23474,23507
7582,1,23485,23521
7619,0,23490,23539
7634,2,23491,23537
7963,3,23504,23532
8036,4,23507,23519
8125,4,23519,23564
8384,1,23521,23559
8388,3,23532,23573
8425,2,23537,23562
8531,0,23539,23589
8580,1,23559,23605
8598,2,23562,23573
8639,4,23564,23579
8675,2,23573,23584
8760,3,23573,23609
8802,4,23579,23607
9005,2,23584,23590
9156,0,23589,23624
9191,2,23590,23614
9619,1,23605,23639
9628,4,23607,23645
9669,3,23609,23637
9734,2,23614,23649
9754,0,23624,23630
9761,0,23630,23660
9779,3,23637,23664
9786,1,23639,23645
9958,1,23645,23678
10000,4,23645,23681
196,2,23649,23670
237,0,23660,23684
380,3,23664,23695
454,2,23670,23676
598,2,23676,23696
602,1,23678,23697
764,4,23681,23729
816,0,23684,23707
834,3,23695,23708
890,2,23696,23734
918,1,23697,23721
951,0,23707,23718
1064,3,23708,23717
1210,3,23717,23737
1359,0,23718,23743
1398,1,23721,23751
1407,4,23729,23772
1579,2,23734,23745
1710,3,23737,23784
1721,0,23743,23748
1782,2,23745,23763
1802,0,23748,23795
1856,1,23751,23767
1859,2,23763,23792
1878,1,23767,23813
1976,4,23772,23811
2133,3,23784,23817
2193,2,23792,23797
2422,0,23795,23804
2696,2,23797,23804
2762,0,23804,23852
2796,2,23804,23833
2816,4,23811,23836
2841,1,23813,23845
2912,3,23817,23842
2940,2,23833,23856
3075,4,23836,23868
3099,3,23842,23878
3344,1,23845,23854
3594,0,23852,23877
3610,1,23854,23897
3660,2,23856,23906
3920,4,23868,23878
4002,0,23877,23890
4058,3,23878,23886
4118,4,23878,23916
4269,3,23886,23898
4292,0,23890,23906
4707,1,23897,23939
4819,3,23898,23937
4974,0,23906,23955
4993,2,23906,23916
5074,2,23916,23934
5092,4,23916,23921
5105,4,23921,23955
5135,2,23934,23974
5271,3,23937,23947
5392,1,23939,23959
5520,3,23947,23978
5540,0,23955,24002
5585,4,23955,23987
5636,1,23959,23996
5693,2,23974,23997
5710,3,23978,24020
5754,4,23987,23992
5759,4,23992,24014
5790,1,23996,24031
5864,2,23997,24039
5880,0,24002,24021
5997,4,24014,24060
6224,3,24020,24033
6317,0,24021,24062
6367,1,24031,24042
6421,3,24033,24055
6690,2,24039,24063
6742,1,24042,24087
6837,3,24055,24102
6839,4,24060,24102
7046,0,24062,24072
7069,2,24063,24109
7178,0,24072,24116
7287,1,24087,24109
7290,3,24102,24131
7400,4,24102,24146
7458,1,24109,24120
7487,2,24109,24158
7561,0,24116,24125
7663,1,24120,24157
7733,0,24125,24134
7754,3,24131,24149
7841,0,24134,24144
7901,0,24144,24163
8013,4,24146,24163
8086,3,24149,24190
8203,1,24157,24191
8228,2,24158,24172
8539,0,24163,24172
8597,4,24163,24196
8729,0,24172,24193
8744,2,24172,24219
8955,3,24190,24216
9358,1,24191,24219
9396,0,24193,24199
9816,4,24196,24235
9948,0,24199,24211
360,0,24211,24218
830,3,24216,24232
991,0,24218,24246
1020,1,24219,24262
1417,2,24219,24243
1432,3,24232,24274
1460,4,24235,24284
1545,2,24243,24257
1597,0,24246,24252
1703,0,24252,24265
2009,2,24257,24273
2164,1,24262,24304
2168,0,24265,24282
2202,2,24273,24303
2252,3,24274,24303
2330,0,24282,24313
2358,4,24284,24300
2410,4,24300,24311
2500,2,24303,24314
2683,3,24303,24323
2914,1,24304,24339
2992,4,24311,24338
3257,0,24313,24362
3271,2,24314,24361
3424,3,24323,24335
3436,3,24335,24341
3748,4,24338,24367
3809,1,24339,24389
4150,3,24341,24373
4240,2,24361,24372
4377,0,24362,24409
4454,4,24367,24384
4586,2,24372,24408
4668,3,24373,24385
4671,4,24384,24424
4744,3,24385,24429
4832,1,24389,24400
4872,1,24400,24407
4932,1,24407,24436
4969,2,24408,24456
4991,0,24409,24426
5033,4,24424,24452
5070,0,24426,24456
5303,3,24429,24453
5414,1,24436,24448
5423,1,24448,24467
5445,4,24452,24473
5509,3,24453,24497
5588,0,24456,24487
5590,2,24456,24466
5646,2,24466,24515
5669,1,24467,24494
5718,4,24473,24494
5736,0,24487,24523
5921,1,24494,24503
5957,4,24494,24508
6021,3,24497,24514
6155,1,24503,24538
6233,4,24508,24528
6286,3,24514,24548
6365,2,24515,24564
6382,0,24523,24537
6738,4,24528,24566
6787,0,24537,24581
6835,1,24538,24570
6870,3,24548,24557
7051,3,24557,24582
7261,2,24564,24584
7374,4,24566,24613
7423,1,24570,24615
7444,0,24581,24624
7460,3,24582,24624
7536,2,24584,24628
7777,4,24613,24620
7852,1,24615,24621
7919,4,24620,24645
8039,1,24621,24641
8065,0,24624,24633
8082,3,24624,24639
8089,2,24628,24643
8244,0,24633,24640
8251,3,24639,24686
8253,0,24640,24666
8382,1,24641,24679
8527,2,24643,24689
8609,4,24645,24694
8632,0,24666,24697
8648,1,24679,24728
8661,3,24686,24723
8827,2,24689,24727
8835,4,24694,24737
8836,0,24697,24706
8860,0,24706,24737
8957,3,24723,24738
9027,2,24727,24761
9127,1,24728,24763
9341,0,24737,24768
9371,4,24737,24784
9524,3,24738,24776
9607,2,24761,24791
9749,1,24763,24790
9750,0,24768,24773
9764,0,24773,24795
9769,3,24776,24826
69,4,24784,24799
71,1,24790,24821
75,2,24791,24829
124,0,24795,24841
173,4,24799,24807
183,4,24807,24823
525,1,24821,24838
609,4,24823,24869
681,3,24826,24859
719,2,24829,24854
737,1,24838,24845
837,0,24841,24883
1014,1,24845,24856
1075,2,24854,24882
1183,1,24856,24889
1197,3,24859,24891
1379,4,24869,24888
1410,2,24882,24907
1439,0,24883,24931
1489,4,24888,24912
1630,1,24889,24922
1648,3,24891,24921
1893,2,24907,24919
1992,4,24912,24917
2064,4,24917,24945
2087,2,24919,24957
2140,3,24921,24942
2203,1,24922,24952
2265,0,24931,24951
2418,3,24942,24971
2576,4,24945,24970
2578,0,24951,24977
2650,1,24952,24996
2932,2,24957,24989
3171,4,24970,24982
3301,3,24971,24991
3337,0,24977,25004
3648,4,24982,24988
3672,4,24988,25038
3794,2,24989,25029
4168,3,24991,25021
4239,1,24996,25024
4265,0,25004,25017
4413,0,25017,25032
4455,3,25021,25055
4538,1,25024,25042
4709,2,25029,25063
4790,0,25032,25074
5048,4,25038,25071
5084,1,25042,25057
5290,3,25055,25074
5345,1,25057,25081
5542,2,25063,25106
5644,4,25071,25113
5749,0,25074,25103
5846,3,25074,25112
5994,1,25081,25118
6170,0,25103,25147
6378,2,25106,25139
6417,3,25112,25158
6555,4,25113,25118
6604,1,25118,25148
6611,4,25118,25155
6874,2,25139,25158
6969,0,25147,25162
6975,1,25148,25167
6984,4,25155,25203
7037,2,25158,25183
7131,3,25158,25196
7575,0,25162,25173
7600,1,25167,25175
7624,0,25173,25180
7656,1,25175,25222
7705,0,25180,25186
7721,2,25183,25228
7771,0,25186,25220
7786,3,25196,25211
7890,4,25203,25249
7899,3,25211,25240
7940,0,25220,25229
7942,1,25222,25230
8154,2,25228,25273
8178,0,25229,25251
8330,1,25230,25251
8466,3,25240,25267
8499,4,25249,25282
8559,0,25251,25275
8612,1,25251,25299
8627,3,25267,25314
8684,2,25273,25306
8761,0,25275,25320
8875,4,25282,25320
8935,1,25299,25333
9055,2,25306,25347
9333,3,25314,25342
9538,0,25320,25341
9574,4,25320,25365
9620,1,25333,25383
9634,0,25341,25355
9712,3,25342,25387
9751,2,25347,25366
9840,0,25355,25390
375,4,25365,25410
562,2,25366,25371
610,2,25371,25383
680,1,25383,25392
708,2,25383,25412
795,3,25387,25430
839,0,25390,25427
935,1,25392,25405
936,1,25405,25420
971,4,25410,25444
993,2,25412,25430
1136,1,25420,25469
1169,0,25427,25460
1184,2,25430,25443
1224,3,25430,25467
1304,2,25443,25478
1471,4,25444,25490
1590,0,25460,25484
1981,3,25467,25475
2098,1,25469,25516
2148,3,25475,25485
2268,2,25478,25495
2407,0,25484,25522
2415,3,25485,25530
2451,4,25490,25506
2476,2,25495,25516
2523,4,25506,25520
2566,1,25516,25538
2600,2,25516,25551
2622,4,25520,25535
2703,0,25522,25557
2822,3,25530,25558
2882,4,25535,25581
3008,1,25538,25572
3136,2,25551,25571
3348,0,25557,25565
3549,3,25558,25579
3802,0,25565,25591
3881,2,25571,25578
3900,1,25572,25617
3919,2,25578,25610
3973,3,25579,25604
4091,4,25581,25620
4156,0,25591,25611
4216,3,25604,25645
4282,2,25610,25639
4332,0,25611,25644
4436,1,25617,25632
4710,4,25620,25651
4713,1,25632,25656
4834,2,25639,25657
4840,0,25644,25649
4856,3,25645,25689
4906,0,25649,25664
4907,4,25651,25683
4941,1,25656,25664
5062,2,25657,25666
5079,0,25664,25704
5124,1,25664,25672
5273,2,25666,25681
5333,1,25672,25710
5444,2,25681,25721
5460,4,25683,25723
5492,3,25689,25734
6026,0,25704,25724
6071,1,25710,25743
6403,2,25721,25736
6462,4,25723,25731
6551,0,25724,25744
6557,4,25731,25772
6688,3,25734,25762
6867,2,25736,25781
7015,1,25743,25748
7021,0,25744,25781
7096,1,25748,25768
7207,3,25762,25795
7212,1,25768,25790
7220,4,25772,25800
7386,0,25781,25799
7496,2,25781,25789
7644,2,25789,25809
7886,1,25790,25799
8018,3,25795,25812
8524,0,25799,25818
8572,1,25799,25849
8682,4,25800,25823
8748,2,25809,25845
8796,3,25812,25835
8862,0,25818,25832
8954,4,25823,25848
9106,0,25832,25866
9232,3,25835,25879
9379,2,25845,25851
9550,4,25848,25865
9551,1,25849,25884
9601,2,25851,25878
9625,4,25865,25907
9819,0,25866,25913
9824,2,25878,25888
9839,3,25879,25912
9908,1,25884,25894
48,2,25888,25917
64,1,25894,25922
103,4,25907,25935
127,3,25912,25941
130,0,25913,25948
309,2,25917,25922
468,1,25922,25940
597,2,25922,25970
682,4,25935,25975
766,1,25940,25968
941,3,25941,25975
1208,0,25948,25970
1229,1,25968,25986
1402,0,25970,25985
1504,2,25970,26015
1530,3,25975,26024
1751,4,25975,26013
1985,0,25985,25997
1996,1,25986,26005
2079,0,25997,26046
2093,1,26005,26050
2225,4,26013,26063
2239,2,26015,26026
2350,3,26024,26044
2580,2,26026,26052
2593,3,26044,26073
2645,0,26046,26076
2652,1,26050,26095
2770,2,26052,26097
2889,4,26063,26073
2902,3,26073,26078
2916,4,26073,26096
2978,0,26076,26126
2989,3,26078,26125
3359,1,26095,26120
3477,4,26096,26110
3598,2,26097,26108
3995,2,26108,26150
4051,4,26110,26152
4054,1,26120,26132
4109,3,26125,26137
4135,0,26126,26173
4245,1,26132,26166
4337,3,26137,26184
4549,2,26150,26177
4890,4,26152,26179
4967,1,26166,26214
5067,0,26173,26183
5081,2,26177,26188
5328,4,26179,26197
5452,0,26183,26190
5474,3,26184,26211
5550,2,26188,26221
5611,0,26190,26233
5660,4,26197,26218
5662,3,26211,26234
5731,1,26214,26238
5975,4,26218,26252
6038,2,26221,26232
6059,2,26232,26270
6123,0,26233,26256
6152,3,26234,26271
6159,1,26238,26248
6192,1,26248,26267
6264,4,26252,26261
6389,0,26256,26303
6541,4,26261,26301
6662,1,26267,26278
7165,2,26270,26301
7171,3,26271,26301
7182,1,26278,26328
7190,2,26301,26320
7259,3,26301,26332
7262,4,26301,26345
7289,0,26303,26344
7359,2,26320,26337
7381,1,26328,26340
7383,3,26332,26351
7527,2,26337,26345
7625,1,26340,26348
7700,0,26344,26371
7712,2,26345,26361
7738,4,26345,26353
8383,1,26348,26381
8392,3,26351,26370
8575,4,26353,26362
8672,2,26361,26366
8685,4,26362,26400
8859,2,26366,26402
9062,3,26370,26420
9210,0,26371,26398
9501,1,26381,26428
9518,0,26398,26446
9832,4,26400,26422
9957,2,26402,26415
9982,2,26415,26459
200,3,26420,26443
203,4,26422,26461
241,1,26428,26463
250,3,26443,26471
323,0,26446,26473
397,2,26459,26490
463,4,26461,26494
488,1,26463,26473
762,3,26471,26485
794,0,26473,26514
826,1,26473,26502
898,3,26485,26523
1004,2,26490,26514
1139,4,26494,26523
1346,1,26502,26513
1656,1,26513,26526
1686,0,26514,26559
1708,2,26514,26554
1725,3,26523,26573
1726,4,26523,26545
1853,1,26526,26541
1948,1,26541,26548
2043,4,26545,26567
2085,1,26548,26581
2238,2,26554,26597
2269,0,26559,26569
2377,4,26567,26606
2484,0,26569,26588
2556,3,26573,26611
2612,1,26581,26604
2640,0,26588,26621
2990,2,26597,26623
3054,1,26604,26628
3065,4,26606,26637
3130,3,26611,26624
3293,0,26621,26666
3441,2,26623,26639
3586,3,26624,26640
3710,1,26628,26658
3877,4,26637,26667
3929,2,26639,26688
4047,3,26640,26686
4090,1,26658,26699
4243,0,26666,26682
4637,4,26667,26683
4888,0,26682,26709
5046,4,26683,26709
5221,3,26686,26706
5344,2,26688,26729
5402,1,26699,26706
5455,1,26706,26736
5485,3,26706,26722
5589,0,26709,26727
5778,4,26709,26738
5950,3,26722,26742
5962,0,26727,26746
5963,2,26729,26778
6308,1,26736,26755
6377,4,26738,26763
6577,3,26742,26747
6591,0,26746,26753
6847,3,26747,26756
7030,0,26753,26786
7048,1,26755,26789
7716,3,26756,26802
7801,4,26763,26774
7896,4,26774,26810
7968,2,26778,26794
8009,0,26786,26794
8019,1,26789,26809
8050,0,26794,26819
8256,2,26794,26817
8270,3,26802,26841
8327,1,26809,26854
8371,4,26810,26818
8396,2,26817,26857
8465,4,26818,26854
8504,0,26819,26858
8551,3,26841,26857
8585,1,26854,26902
8926,4,26854,26903
9070,2,26857,26902
9375,3,26857,26897
9412,0,26858,26895
9415,0,26895,26900
9462,3,26897,26919
9660,0,26900,26934
9720,1,26902,26940
9813,2,26902,26934
9817,4,26903,26942
9921,3,26919,26936
9951,0,26934,26974
117,2,26934,26949
166,3,26936,26980
167,1,26940,26967
270,4,26942,26958
607,2,26949,26989
790,4,26958,26964
1192,4,26964,27007
1217,1,26967,27007
1240,0,26974,26986
1325,3,26980,27029
1339,0,26986,27014
1352,2,26989,27026
1427,1,27007,27044
1443,4,27007,27036
1465,0,27014,27061
1495,2,27026,27040
1558,3,27029,27056
1581,4,27036,27078
1631,2,27040,27057
1828,1,27044,27090
1872,3,27056,27061
2092,2,27057,27107
2162,0,27061,27093
2195,3,27061,27089
2230,4,27078,27124
2236,3,27089,27102
2243,1,27090,27118
2271,0,27093,27119
2308,3,27102,27114
2603,2,27107,27156
2644,3,27114,27128
2825,1,27118,27138
2924,0,27119,27139
2929,4,27124,27168
3059,3,27128,27165
3113,1,27138,27179
3262,0,27139,27162
3266,2,27156,27190
3333,0,27162,27192
3481,3,27165,27184
3577,4,27168,27215
3866,1,27179,27217
3889,3,27184,27200
3903,2,27190,27234
3983,0,27192,27230
3993,3,27200,27216
4188,4,27215,27227
4237,3,27216,27233
4256,1,27217,27253
4610,4,27227,27259
4617,0,27230,27277
4859,3,27233,27248
4987,2,27234,27249
5131,3,27248,27269
5293,2,27249,27268
5481,1,27253,27264
5513,4,27259,27307
5537,1,27264,27276
5689,2,27268,27306
5777,3,27269,27293
5801,1,27276,27283
5839,0,27277,27297
5926,1,27283,27296
6018,3,27293,27331
6050,1,27296,27340
6272,0,27297,27307
6535,2,27306,27351
6598,0,27307,27313
6660,4,27307,27315
6679,0,27313,27358
6892,4,27315,27342
6898,3,27331,27367
7064,1,27340,27380
7282,4,27342,27356
7297,2,27351,27387
7387,4,27356,27398
7439,0,27358,27380
7441,3,27367,27389
7478,0,27380,27428
7519,1,27380,27396
7532,2,27387,27396
7706,3,27389,27439
7776,1,27396,27435
7808,2,27396,27444
7888,4,27398,27408
8069,4,27408,27445
8138,0,27428,27468
8172,1,27435,27462
8310,3,27439,27484
8784,2,27444,27487
8823,4,27445,27483
9137,1,27462,27497
9247,0,27468,27478
9253,0,27478,27497
9261,4,27483,27532
9299,3,27484,27516
9330,2,27487,27537
9377,0,27497,27517
9400,1,27497,27518
9530,3,27516,27559
9564,0,27517,27553
9588,1,27518,27548
9640,4,27532,27578
9662,2,27537,27576
9701,1,27548,27572
9702,0,27553,27566
9860,3,27559,27582
9981,0,27566,27612
32,1,27572,27612
139,2,27576,27587
157,4,27578,27624
195,3,27582,27626
225,2,27587,27622
240,0,27612,27655
340,1,27612,27633
381,2,27622,27652
486,4,27624,27668
501,3,27626,27675
530,1,27633,27638
695,1,27638,27659
747,2,27652,27667
850,0,27655,27704
968,1,27659,27682
1038,2,27667,27703
1046,4,27668,27713
1153,3,27675,27686
1233,1,27682,27693
1251,3,27686,27697
1564,1,27693,27727
1620,3,27697,27728
1767,2,27703,27728
1793,0,27704,27722
1810,4,27713,27729
1842,0,27722,27729
1844,1,27727,27771
2242,2,27728,27777
2341,3,27728,27733
2408,0,27729,27775
2469,4,27729,27752
2499,3,27733,27742
2501,3,27742,27775
2855,4,27752,27775
3020,1,27771,27792
3074,0,27775,27823
3086,3,27775,27816
3106,4,27775,27824
3239,2,27777,27819
3273,1,27792,27828
3276,3,27816,27856
3534,2,27819,27840
3638,0,27823,27846
3701,4,27824,27853
3783,1,27828,27844
3822,2,27840,27849
3968,1,27844,27888
4103,0,27846,27884
4223,2,27849,27898
4250,4,27853,27899
4378,3,27856,27896
4444,0,27884,27902
4487,1,27888,27902
4519,3,27896,27919
4529,2,27898,27937
4597,4,27899,27909
4662,0,27902,27917
4858,1,27902,27922
4913,4,27909,27920
5047,0,27917,27947
5160,3,27919,27930
5592,4,27920,27970
5673,1,27922,27960
5679,3,27930,27975
5697,2,27937,27971
5844,0,27947,27960
5853,0,27960,28004
5858,1,27960,27974
5986,4,27970,27996
6073,2,27971,28012
6088,1,27974,27980
6116,3,27975,27993
6422,1,27980,28022
6588,3,27993,28020
6597,4,27996,28031
6627,0,28004,28020
6629,2,28012,28021
6635,0,28020,28051
6664,3,28020,28065
6789,2,28021,28066
6912,1,28022,28051
6958,4,28031,28076
7070,0,28051,28099
7119,1,28051,28065
7144,1,28065,28081
7159,3,28065,28094
7175,2,28066,28093
7247,4,28076,28122
7353,1,28081,28124
7403,2,28093,28110
7416,3,28094,28114
7467,0,28099,28114
7571,2,28110,28136
7572,0,28114,28135
7643,3,28114,28119
7647,3,28119,28152
7823,4,28122,28156
7857,1,28124,28134
7939,1,28134,28141
7944,0,28135,28169
7959,2,28136,28172
8206,1,28141,28189
8224,3,28152,28197
8573,4,28156,28205
8647,0,28169,28178
8929,2,28172,28179
8968,0,28178,28213
8975,2,28179,28205
9079,1,28189,28208
9109,3,28197,28207
9116,2,28205,28255
9142,4,28205,28216
9231,3,28207,28241
9297,1,28208,28218
9449,0,28213,28236
9482,4,28216,28245
9495,1,28218,28264
9627,0,28236,28258
9800,3,28241,28259
9999,4,28245,28275
228,2,28255,28282
331,0,28258,28296
425,3,28259,28271
743,1,28264,28274
783,3,28271,28320
836,1,28274,28287
909,4,28275,28287
930,2,28282,28304
997,1,28287,28325
1179,4,28287,28302
1195,0,28296,28322
1316,4,28302,28327
1451,2,28304,28334
1476,3,28320,28345
1687,0,28322,28369
1718,1,28325,28370
1754,4,28327,28332
1904,4,28332,28342
1912,2,28334,28372
2026,4,28342,28386
2033,3,28345,28383
2067,0,28369,28382
2086,1,28370,28395
2167,2,28372,28387
2212,0,28382,28420
2229,3,28383,28411
2245,4,28386,28418
2247,2,28387,28437
2373,1,28395,28407
2481,1,28407,28435
2521,3,28411,28439
2728,4,28418,28435
2763,0,28420,28469
2928,1,28435,28476
2983,4,28435,28481
3151,2,28437,28461
3508,3,28439,28486
3523,2,28461,28489
3574,0,28469,28497
3734,1,28476,28486
3781,4,28481,28517
3987,1,28486,28527
3991,3,28486,28510
4045,2,28489,28515
4087,0,28497,28519
4225,3,28510,28548
4295,2,28515,28533
4315,4,28517,28526
4477,0,28519,28562
4524,4,28526,28574
4624,1,28527,28549
4704,2,28533,28553
4786,3,28548,28568
4886,1,28549,28584
4938,2,28553,28582
5008,0,28562,28589
5075,3,28568,28604
5104,4,28574,28612
5128,2,28582,28615
5252,1,28584,28589
5439,0,28589,28623
5472,1,28589,28627
5503,3,28604,28615
5835,4,28612,28631
5845,2,28615,28636
5869,3,28615,28625
5901,0,28623,28631
6278,3,28625,28651
6363,1,28627,28676
6704,0,28631,28663
6707,4,28631,28645
6780,2,28636,28649
6964,4,28645,28694
7023,2,28649,28679
7138,3,28651,28673
7512,0,28663,28677
7660,3,28673,28694
7755,1,28676,28723
7822,0,28677,28717
7881,2,28679,28705
8237,3,28694,28700
8320,4,28694,28722
8464,3,28700,28745
8478,2,28705,28727
8649,0,28717,28740
8692,4,28722,28743
8870,1,28723,28733
8895,2,28727,28774
8940,1,28733,28762
8974,0,28740,28755
9038,4,28743,28766
9100,3,28745,28753
9179,3,28753,28780
9320,0,28755,28777
9344,1,28762,28806
9363,4,28766,28780
9526,2,28774,28809
9534,0,28777,28827
9708,3,28780,28795
9776,4,28780,28788
9969,4,28788,28837
9976,3,28795,28818
9994,1,28806,28855
149,2,28809,28833
185,3,28818,28832
277,0,28827,28847
398,3,28832,28871
420,2,28833,28840
451,4,28837,28887
505,2,28840,28864
599,0,28847,28874
671,1,28855,28882
710,2,28864,28877
767,3,28871,28921
811,0,28874,28890
998,2,28877,28902
1015,1,28882,28890
1084,4,28887,28924
1116,0,28890,28918
1226,1,28890,28914
1301,2,28902,28907
1467,2,28907,28936
1583,1,28914,28943
1628,0,28918,28944
1655,3,28921,28966
1747,4,28924,28964
1811,2,28936,28985
1869,1,28943,28990
1938,0,28944,28979
1982,4,28964,29000
2000,3,28966,28977
2142,3,28977,29023
2221,0,28979,28986
2263,2,28985,29021
2439,0,28986,29012
2455,1,28990,29032
2538,4,29000,29028
2585,0,29012,29034
2629,2,29021,29067
2667,3,29023,29057
2937,4,29028,29063
3034,1,29032,29052
3035,0,29034,29054
3121,1,29052,29060
3131,0,29054,29076
3849,3,29057,29081
3888,1,29060,29092
4005,4,29063,29101
4061,2,29067,29117
4210,0,29076,29102
4259,3,29081,29117
4262,1,29092,29099
4305,1,29099,29113
4465,4,29101,29136
4543,0,29102,29119
4653,1,29113,29143
4676,2,29117,29131
4808,3,29117,29124
4838,0,29119,29140
5000,3,29124,29136
5028,2,29131,29141
5051,3,29136,29183
5101,4,29136,29186
5154,0,29140,29187
5179,2,29141,29148
5247,1,29143,29153
5269,2,29148,29159
5332,1,29153,29197
5409,2,29159,29189
5682,3,29183,29196
5927,4,29186,29228
6006,0,29187,29199
6056,2,29189,29239
6207,3,29196,29238
6262,1,29197,29212
6568,0,29199,29218
6610,1,29212,29224
6631,0,29218,29228
6643,1,29224,29244
6702,0,29228,29269
6722,4,29228,29266
6735,3,29238,29252
6751,2,29239,29288
6913,1,29244,29293
6962,3,29252,29272
6968,4,29266,29293
6980,0,29269,29281
7035,3,29272,29288
7201,0,29281,29313
7232,2,29288,29293
7331,3,29288,29318
7504,1,29293,29316
7511,2,29293,29312
7590,4,29293,29327
7835,2,29312,29328
7870,0,29313,29340
8043,1,29316,29337
8101,3,29318,29367
8402,4,29327,29348
8667,2,29328,29356
8786,1,29337,29356
8832,0,29340,29373
8844,4,29348,29355
8866,4,29355,29364
9016,1,29356,29389
9085,2,29356,29382
9174,4,29364,29406
9250,3,29367,29387
9254,0,29373,29393
9391,2,29382,29416
9557,3,29387,29398
9567,1,29389,29399
9600,0,29393,29414
9710,3,29398,29407
9753,1,29399,29417
9929,4,29406,29446
9933,3,29407,29434
12,0,29414,29430
483,2,29416,29443
545,1,29417,29422
596,1,29422,29448
807,0,29430,29453
835,3,29434,29484
863,2,29443,29467
893,4,29446,29467
1023,1,29448,29491
1269,0,29453,29503
1287,2,29467,29514
1525,4,29467,29499
1596,3,29484,29522
1617,1,29491,29537
1649,4,29499,29522
1835,0,29503,29531
1870,2,29514,29551
1889,3,29522,29572
1918,4,29522,29564
1929,0,29531,29576
2105,1,29537,29580
2207,2,29551,29562
2359,2,29562,29578
2471,4,29564,29613
2659,3,29572,29594
2706,0,29576,29610
2773,2,29578,29618
2891,1,29580,29629
2938,3,29594,29612
3083,0,29610,29659
3217,3,29612,29653
3235,4,29613,29636
3267,2,29618,29663
3432,1,29629,29654
3609,4,29636,29654
3761,3,29653,29689
3817,1,29654,29699
3947,4,29654,29697
3948,0,29659,29680
4062,2,29663,29676
4213,2,29676,29685
4226,0,29680,29695
4308,2,29685,29734
4321,3,29689,29704
4351,0,29695,29716
4488,4,29697,29708
4680,1,29699,29727
4694,3,29704,29709
4823,4,29708,29722
4903,3,29709,29727
4928,0,29716,29736
4945,4,29722,29750
5223,1,29727,29777
5279,3,29727,29736
5386,2,29734,29756
6133,0,29736,29745
6221,3,29736,29759
6279,0,29745,29780
6293,4,29750,29798
6390,2,29756,29796
6469,3,29759,29800
6764,1,29777,29788
6765,0,29780,29800
6891,1,29788,29836
6983,2,29796,29836
7041,4,29798,29813
7077,0,29800,29807
7239,3,29800,29820
7399,0,29807,29820
7515,4,29813,29849
7639,0,29820,29859
7661,3,29820,29847
7756,1,29836,29844
8042,2,29836,29878
8061,1,29844,29872
8116,3,29847,29895
8135,4,29849,29863
8278,0,29859,29864
8344,4,29863,29890
8348,0,29864,29875
8360,1,29872,29897
8372,0,29875,29925
8378,2,29878,29926
8406,4,29890,29927
8869,3,29895,29906
8933,1,29897,29937
8993,3,29906,29916
9020,3,29916,29929
9048,0,29925,29943
9145,2,29926,29940
9202,4,29927,29950
9256,3,29929,29941
9407,1,29937,29958
9408,2,29940,29975
9420,3,29941,29969
9435,0,29943,29984
9508,4,29950,29959
9688,1,29958,30005
9961,4,29959,29980
62,3,29969,29995
236,2,29975,29983
303,4,29980,29998
364,2,29983,29996
390,0,29984,30000
450,3,29995,30024
489,2,29996,30010
552,4,29998,30034
572,0,30000,30040
606,1,30005,30031
685,2,30010,30058
928,3,30024,30072
985,1,30031,30067
1017,4,30034,30061
1021,0,30040,30070
1074,2,30058,30088
1279,4,30061,30092
1362,1,30067,30077
1369,0,30070,30090
1377,3,30072,30090
1400,1,30077,30093
1429,2,30088,30124
1441,0,30090,30098
1522,3,30090,30105
1568,4,30092,30118
1642,1,30093,30111
1683,0,30098,30144
1694,3,30105,30115
1719,1,30111,30139
1819,3,30115,30162
1921,4,30118,30146
1940,2,30124,30144
2101,1,30139,30182
2185,0,30144,30151
2196,2,30144,30174
2448,4,30146,30157
2485,0,30151,30194
2503,4,30157,30201
2789,3,30162,30171
2988,3,30171,30195
3064,2,30174,30221
3238,1,30182,30215
3251,0,30194,30210
3321,3,30195,30245
3360,4,30201,30218
3421,0,30210,30216
3584,1,30215,30234
3618,0,30216,30265
3778,4,30218,30244
3863,2,30221,30264
3910,1,30234,30274
3940,4,30244,30279
4031,3,30245,30266
4246,2,30264,30307
4277,0,30265,30309
4346,3,30266,30279
4520,1,30274,30307
4531,3,30279,30298
4563,4,30279,30291
4841,4,30291,30299
4944,3,30298,30346
5261,4,30299,30319
5304,1,30307,30345
5416,2,30307,30320
5552,0,30309,30334
5586,4,30319,30327
5627,2,30320,30335
5686,4,30327,30353
5692,0,30334,30361
5776,2,30335,30354
6039,1,30345,30370
6128,3,30346,30356
6199,4,30353,30377
6254,2,30354,30401
6280,3,30356,30389
6429,0,30361,30369
6647,0,30369,30417
7000,1,30370,30382
7082,4,30377,30389
7241,1,30382,30421
7492,3,30389,30408
7554,4,30389,30436
7654,2,30401,30436
7667,3,30408,30424
7724,0,30417,30440
7753,1,30421,30453
7837,3,30424,30452
7956,2,30436,30444
8021,4,30436,30473
8159,0,30440,30465
8336,2,30444,30454
8420,3,30452,30500
8435,1,30453,30461
8489,2,30454,30460
8502,2,30460,30502
8543,1,30461,30502
8751,0,30465,30494
8907,4,30473,30495
9039,0,30494,30516
9188,4,30495,30531
9225,3,30500,30532
9328,1,30502,30520
9337,2,30502,30536
9381,0,30516,30553
9383,1,30520,30538
9572,4,30531,30545
9934,3,30532,30571
9985,2,30536,30574
7,1,30538,30550
63,4,30545,30585
81,1,30550,30596
658,0,30553,30562
801,0,30562,30599
805,3,30571,30594
1080,2,30574,30598
1087,4,30585,30590
1163,4,30590,30630
1249,3,30594,30600
1294,1,30596,30644
1338,2,30598,30641
1390,0,30599,30605
1538,3,30600,30628
1555,0,30605,30613
1591,0,30613,30646
1883,3,30628,30658
2081,4,30630,30649
2113,2,30641,30690
2139,1,30644,30649
2233,0,30646,30653
2241,1,30649,30678
2347,4,30649,30672
2534,0,30653,30659
2619,3,30658,30708
2748,0,30659,30682
2948,4,30672,30702
3042,1,30678,30720
3043,0,30682,30727
3125,2,30690,30709
3308,4,30702,30726
3545,3,30708,30736
3629,2,30709,30740
3632,1,30720,30749
3647,4,30726,30732
3728,0,30727,30749
3770,4,30732,30753
4018,3,30736,30745
4050,2,30740,30773
4066,3,30745,30776
4203,0,30749,30761
4235,1,30749,30773
4289,4,30753,30794
4323,0,30761,30807
4360,1,30773,30801
4453,2,30773,30810
4570,3,30776,30791
4678,3,30791,30839
4684,4,30794,30842
4687,1,30801,30806
4984,1,30806,30816
5011,0,30807,30813
5018,2,30810,30846
5057,0,30813,30843
5108,1,30816,30841
5177,3,30839,30857
5268,1,30841,30884
5295,4,30842,30883
5353,0,30843,30858
5357,2,30846,30885
5489,3,30857,30894
5623,0,30858,30881
5745,0,30881,30888
5787,4,30883,30927
5915,1,30884,30893
6137,2,30885,30908
6252,0,30888,30926
6325,1,30893,30932
6405,3,30894,30935
6463,2,30908,30952
6512,0,30926,30934
6622,4,30927,30975
6673,1,30932,30959
6939,0,30934,30978
6952,3,30935,30946
7026,3,30946,30968
7272,2,30952,30980
7299,1,30959,30979
7347,3,30968,30997
7456,4,30975,31002
7522,0,30978,31015
7769,1,30979,31022
7830,2,30980,31012
7894,3,30997,31002
7917,3,31002,31040
7966,4,31002,31013
8129,2,31012,31052
8182,4,31013,31057
8245,0,31015,31037
8343,1,31022,31068
8426,0,31037,31057
8614,3,31040,31055
8622,2,31052,31102
8727,3,31055,31100
8820,0,31057,31105
9014,4,31057,31087
9017,1,31068,31100
9073,4,31087,31106
9111,1,31100,31134
9262,3,31100,31134
9671,2,31102,31130
9675,0,31105,31112
9782,4,31106,31124
9792,0,31112,31141
9827,4,31124,31150
9850,2,31130,31160
9962,1,31134,31179
9965,3,31134,31168
13,0,31141,31188
40,4,31150,31162
54,2,31160,31166
199,4,31162,31206
490,2,31166,31201
541,3,31168,31218
625,1,31179,31191
654,0,31188,31223
908,1,31191,31233
1173,2,31201,31247
1191,4,31206,31229
1225,3,31218,31240
1342,0,31223,31233
1461,4,31229,31272
1478,0,31233,31239
1519,1,31233,31263
1556,0,31239,31289
1651,3,31240,31266
1661,2,31247,31291
1742,1,31263,31301
1768,3,31266,31294
1862,4,31272,31293
1885,0,31289,31328
2035,2,31291,31336
2069,4,31293,31325
2307,3,31294,31312
2344,1,31301,31338
2505,3,31312,31353
2610,4,31325,31334
2919,0,31328,31342
2920,4,31334,31381
3091,2,31336,31350
3338,1,31338,31371
3339,0,31342,31386
3377,2,31350,31359
3698,3,31353,31386
3705,2,31359,31399
3869,1,31371,31385
3911,4,31381,31392
4081,1,31385,31402
4253,0,31386,31432
4286,3,31386,31396
4376,4,31392,31410
4665,3,31396,31444
4789,2,31399,31436
4820,1,31402,31419
4835,4,31410,31452
4880,1,31419,31427
4968,1,31427,31455
4978,0,31432,31480
5202,2,31436,31484
5557,3,31444,31450
5665,3,31450,31499
5732,4,31452,31482
5888,1,31455,31470
5982,1,31470,31483
6043,0,31480,31493
6142,4,31482,31519
6255,1,31483,31493
6294,2,31484,31504
6368,0,31493,31533
6476,1,31493,31498
6569,1,31498,31524
6694,3,31499,31517
7006,2,31504,31546
7098,3,31517,31547
7111,4,31519,31546
7278,1,31524,31547
7531,0,31533,31545
8017,0,31545,31582
8148,2,31546,31554
8271,4,31546,31584
8352,1,31547,31571
8381,3,31547,31591
8468,2,31554,31603
8498,1,31571,31607
8625,0,31582,31628
8837,4,31584,31626
8863,3,31591,31596
8958,3,31596,31633
9229,2,31603,31635
9304,1,31607,31646
9421,4,31626,31642
9438,0,31628,31660
9488,3,31633,31649
9536,2,31635,31648
9555,4,31642,31689
9745,1,31646,31691
9858,2,31648,31679
24,3,31649,31683
97,0,31660,31697
109,2,31679,31709
114,3,31683,31720
116,4,31689,31708
147,1,31691,31702
247,0,31697,31719
321,1,31702,31751
343,4,31708,31715
478,2,31709,31743
687,4,31715,31723
752,0,31719,31754
848,3,31720,31741
913,4,31723,31759
1174,3,31741,31760
1350,2,31743,31790
1373,1,31751,31761
1385,0,31754,31767
1425,4,31759,31800
1542,3,31760,31790
1593,1,31761,31766
1764,1,31766,31782
1805,0,31767,31789
1873,1,31782,31795
1911,0,31789,31837
1958,2,31790,31807
1959,3,31790,31801
2154,1,31795,31816
2166,4,31800,31807
2172,3,31801,31820
2336,2,31807,31843
2432,4,31807,31828
2513,1,31816,31835
2551,3,31820,31854
2625,4,31828,31852
2690,1,31835,31853
2824,0,31837,31885
2967,2,31843,31862
2984,4,31852,31873
3037,1,31853,31863
3181,3,31854,31863
3191,2,31862,31869
3207,1,31863,31868
3281,3,31863,31878
3310,1,31868,31907
3406,2,31869,31877
3420,4,31873,31911
3614,2,31877,31898
3684,3,31878,31907
3730,0,31885,31901
3922,2,31898,31943
3978,0,31901,31922
4012,1,31907,31931
4036,3,31907,31939
4042,4,31911,31921
4113,4,31921,31944
4142,0,31922,31930
4255,0,31930,31949
4392,1,31931,31941
4402,3,31939,31945
4411,1,31941,31989
4442,2,31943,31959
4473,4,31944,31971
4539,3,31945,31958
4643,0,31949,31972
4663,3,31958,31993
4736,2,31959,31990
4893,4,31971,32005
5094,0,31972,31990
5278,1,31989,32025
5326,0,31990,32024
5467,2,31990,32021
5680,3,31993,32014
5918,4,32005,32023
6037,3,32014,32033
6055,2,32021,32068
6158,4,32023,32046
6227,0,32024,32043
6267,1,32025,32070
6291,3,32033,32059
6400,0,32043,32080
6427,4,32046,32052
6540,4,32052,32068
6554,3,32059,32099
6667,2,32068,32089
6729,4,32068,32115
6798,1,32070,32110
7198,0,32080,32105
7249,2,32089,32131
7583,3,32099,32136
7633,0,32105,32154
7751,1,32110,32125
7814,4,32115,32165
7839,1,32125,32134
7935,2,32131,32167
8044,1,32134,32150
8045,3,32136,32175
8057,1,32150,32183
8142,0,32154,32197
8198,4,32165,32205
8229,2,32167,32198
8419,3,32175,32183
8509,1,32183,32226
8517,3,32183,32217
8525,0,32197,32236
8652,2,32198,32236
8687,4,32205,32254
8737,3,32217,32260
8752,1,32226,32246
9190,0,32236,32276
9472,2,32236,32261
9554,1,32246,32295
9686,4,32254,32263
9689,3,32260,32310
9869,2,32261,32290
121,4,32263,32304
181,0,32276,32294
218,2,32290,32316
280,0,32294,32314
434,1,32295,32329
642,4,32304,32313
849,3,32310,32348
892,4,32313,32336
1030,0,32314,32362
1035,2,32316,32364
1182,1,32329,32373
1219,4,32336,32360
1239,3,32348,32359
1376,3,32359,32397
1511,4,32360,32408
1650,0,32362,32393
1666,2,32364,32383
1717,1,32373,32382
1773,1,32382,32428
1975,2,32383,32415
2318,0,32393,32409
2518,3,32397,32430
2555,4,32408,32430
2672,0,32409,32428
2678,2,32415,32435
2800,0,32428,32471
2884,1,32428,32465
3058,3,32430,32466
3068,4,32430,32438
3160,2,32435,32459
3166,4,32438,32466
3193,2,32459,32491
3412,1,32465,32514
3480,3,32466,32502
3552,4,32466,32493
3942,0,32471,32495
4124,2,32491,32512
4335,4,32493,32508
4375,0,32495,32501
4619,0,32501,32548
4645,3,32502,32508
4827,3,32508,32555
4896,4,32508,32514
4931,2,32512,32534
5141,1,32514,32525
5172,4,32514,32526
5231,1,32525,32539
5240,4,32526,32540
5305,2,32534,32561
5379,1,32539,32589
5400,4,32540,32577
5498,0,32548,32588
5571,3,32555,32598
5573,2,32561,32581
5603,4,32577,32621
5755,2,32581,32594
5799,0,32588,32599
6044,1,32589,32609
6060,2,32594,32603
6147,3,32598,32609
6202,0,32599,32638
6266,2,32603,32629
6348,1,32609,32616
6370,3,32609,32629
6372,1,32616,32626
6493,4,32621,32652
6716,1,32626,32654
6809,2,32629,32645
6812,3,32629,32672
6840,0,32638,32644
6897,0,32644,32689
6999,2,32645,32654
7083,4,32652,32670
7379,1,32654,32684
7473,2,32654,32702
7560,4,32670,32690
7749,3,32672,32683
7774,3,32683,32693
7792,1,32684,32724
7874,0,32689,32722
7928,4,32690,32740
7950,3,32693,32729
7955,2,32702,32741
7998,0,32722,32728
8028,1,32724,32729
8291,0,32728,32748
8307,1,32729,32778
8457,3,32729,32773
8501,4,32740,32752
8521,2,32741,32781
8561,0,32748,32767
8594,4,32752,32768
8812,0,32767,32773
8956,4,32768,32816
8982,0,32773,32794
9001,3,32773,32780
9037,1,32778,32800
9144,3,32780,32790
9152,2,32781,32807
9153,3,32790,32797
9194,0,32794,32800
9230,3,32797,32812
9329,0,32800,32812
9335,1,32800,32822
9410,2,32807,32819
9529,0,32812,32821
9781,3,32812,32847
9798,4,32816,32821
9802,2,32819,32867
16,0,32821,32828
95,4,32821,32836
142,1,32822,32859
357,0,32828,32857
427,4,32836,32856
514,3,32847,32897
523,4,32856,32903
670,0,32857,32876
694,1,32859,32880
779,2,32867,32874
786,2,32874,32923
793,0,32876,32881
847,1,32880,32897
969,0,32881,32896
1011,0,32896,32938
1107,1,32897,32947
1143,3,32897,32921
1196,4,32903,32949
1270,3,32921,32930
1739,2,32923,32947
1777,3,32930,32980
1954,0,32938,32959
1961,1,32947,32994
2090,2,32947,32959
2438,4,32949,32999
2460,0,32959,33002
2479,2,32959,32975
2494,2,32975,33015
2519,3,32980,33019
2806,1,32994,33011
2837,4,32999,33040
3088,0,33002,33045
3254,1,33011,33045
3449,2,33015,33050
3617,3,33019,33029
3669,3,33029,33079
3715,4,33040,33050
3750,0,33045,33076
3751,1,33045,33070
3759,2,33050,33092
3951,4,33050,33093
4039,1,33070,33114
4098,0,33076,33115
4183,3,33079,33113
4311,2,33092,33121
4409,4,33093,33124
4584,3,33113,33122
4748,1,33114,33153
4750,0,33115,33147
5029,2,33121,33128
5158,3,33122,33162
5229,4,33124,33165
5461,2,33128,33144
5526,2,33144,33194
5535,0,33147,33163
5546,1,33153,33162
5723,1,33162,33168
5796,3,33162,33197
5902,0,33163,33210
5916,4,33165,33208
5971,1,33168,33191
6070,1,33191,33201
6210,2,33194,33210
6214,3,33197,33238
6461,1,33201,33247
6466,4,33208,33256
6479,0,33210,33221
6567,2,33210,33226
6668,0,33221,33226
6730,0,33226,33266
6775,2,33226,33251
6974,3,33238,33261
6987,1,33247,33277
7186,2,33251,33284
7236,4,33256,33306
7568,3,33261,33269
7884,0,33266,33308
7962,3,33269,33314
8016,1,33277,33305
8083,2,33284,33303
8110,2,33303,33343
8152,1,33305,33334
8264,4,33306,33317
8422,0,33308,33319
8588,3,33314,33324
8624,4,33317,33367
8633,0,33319,33365
8740,3,33324,33340
8829,1,33334,33352
8849,3,33340,33356
8973,2,33343,33385
8995,1,33352,33375
9090,3,33356,33403
9314,0,33365,33382
9571,4,33367,33393
9615,1,33375,33388
9687,0,33382,33387
9714,2,33385,33403
9727,0,33387,33399
9818,1,33388,33429
52,4,33393,33411
107,0,33399,33406
191,2,33403,33427
498,3,33403,33411
636,0,33406,33434
965,3,33411,33444
1193,4,33411,33433
1285,2,33427,33438
1424,1,33429,33438
1434,4,33433,33454
1479,0,33434,33464
1484,1,33438,33484
1513,2,33438,33452
1570,3,33444,33487
1627,2,33452,33499
1645,4,33454,33466
1715,0,33464,33478
1750,4,33466,33516
1890,0,33478,33522
1928,1,33484,33528
1932,3,33487,33534
1974,2,33499,33549
2031,4,33516,33554
2349,0,33522,33564
2579,1,33528,33564
2623,3,33534,33555
2723,2,33549,33563
2942,4,33554,33591
2946,3,33555,33604
2987,2,33563,33610
2994,0,33564,33584
3105,1,33564,33593
3172,0,33584,33603
3495,4,33591,33623
3980,1,33593,33608
4078,0,33603,33616
4127,3,33604,33641
4307,1,33608,33615
4365,2,33610,33639
4474,1,33615,33655
4475,0,33616,33648
4525,4,33623,33658
4581,2,33639,33671
4646,3,33641,33687
4659,0,33648,33693
4792,1,33655,33683
4844,4,33658,33666
4934,4,33666,33713
4999,2,33671,33705
5068,1,33683,33715
5161,3,33687,33732
5257,0,33693,33717
5419,2,33705,33753
5953,4,33713,33727
6046,1,33715,33754
6064,0,33717,33723
6351,0,33723,33728
6497,4,33727,33739
6687,0,33728,33763
6715,3,33732,33767
6725,4,33739,33763
6786,2,33753,33799
6896,1,33754,33775
6899,0,33763,33812
6993,4,33763,33811
7042,3,33767,33776
7093,1,33775,33795
7332,3,33776,33799
7338,1,33795,33838
7382,2,33799,33841
7623,3,33799,33820
7673,4,33811,33855
7680,0,33812,33828
7702,3,33820,33869
7737,0,33828,33875
7766,1,33838,33862
7828,2,33841,33890
7996,4,33855,33900
8011,1,33862,33907
8081,3,33869,33901
8181,0,33875,33924
8655,2,33890,33908
8694,4,33900,33944
8730,3,33901,33944
8864,1,33907,33927
8909,2,33908,33913
8922,2,33913,33951
9065,0,33924,33950
9182,1,33927,33976
9227,3,33944,33975
9433,4,33944,33966
9496,0,33950,33967
9659,2,33951,33978
9736,4,33966,33971
9901,0,33967,34003
36,4,33971,34017
50,3,33975,34007
207,1,33976,33998
235,2,33978,34021
243,1,33998,34015
244,0,34003,34015
292,3,34007,34026
444,0,34015,34055
549,1,34015,34045
556,4,34017,34052
648,2,34021,34033
652,3,34026,34048
748,2,34033,34060
754,1,34045,34075
844,3,34048,34087
860,4,34052,34086
953,0,34055,34100
1071,2,34060,34109
1148,1,34075,34093
1411,4,34086,34116
1437,3,34087,34094
1547,1,34093,34138
1562,3,34094,34107
1616,0,34100,34142
1621,3,34107,34143
1637,2,34109,34118
1698,4,34116,34157
1752,2,34118,34156
1765,1,34138,34171
1847,0,34142,34160
1851,3,34143,34150
1881,3,34150,34162
1903,2,34156,34166
2116,4,34157,34206
2517,0,34160,34169
2557,3,34162,34205
2634,2,34166,34176
2681,0,34169,34212
2689,1,34171,34200
2767,2,34176,34205
2845,1,34200,34217
2900,2,34205,34239
3047,3,34205,34212
3179,4,34206,34236
3274,0,34212,34251
3317,3,34212,34233
3373,1,34217,34257
3628,3,34233,34269
3631,4,34236,34263
3694,2,34239,34288
3738,0,34251,34278
3821,1,34257,34301
4084,4,34263,34278
4373,3,34269,34278
4405,0,34278,34313
4587,3,34278,34327
4633,4,34278,34300
4670,2,34288,34337
4754,4,34300,34341
4775,1,34301,34307
4868,1,34307,34336
4915,0,34313,34321
4918,0,34321,34370
4937,3,34327,34347
4957,1,34336,34365
5259,2,34337,34349
5351,4,34341,34351
5354,3,34347,34396
5412,2,34349,34397
5579,4,34351,34366
5621,1,34365,34392
5827,4,34366,34404
5859,0,34370,34377
5874,0,34377,34423
5942,1,34392,34441
5973,3,34396,34409
6034,2,34397,34420
6068,4,34404,34439
6130,3,34409,34431
6223,2,34420,34437
6282,0,34423,34447
6334,3,34431,34447
6341,2,34437,34457
6440,4,34439,34458
6854,1,34441,34451
6863,0,34447,34493
7007,3,34447,34495
7109,1,34451,34483
7323,2,34457,34501
7419,4,34458,34468
7479,4,34468,34482
7538,4,34482,34519
7657,1,34483,34526
7827,0,34493,34507
8004,3,34495,34504
8055,2,34501,34548
8187,3,34504,34529
8247,0,34507,34549
8574,4,34519,34560
8725,1,34526,34538
8809,3,34529,34544
8876,1,34538,34558
8959,3,34544,34589
9086,2,34548,34573
9257,0,34549,34579
9384,1,34558,34586
9621,4,34560,34566
9691,4,34566,34613
215,2,34573,34582
645,0,34579,34584
667,2,34582,34593
995,0,34584,34593
1129,1,34586,34616
1150,3,34589,34634
1152,0,34593,34631
1162,2,34593,34643
1168,4,34613,34657
1242,1,34616,34664
1259,0,34631,34658
1374,3,34634,34681
1633,2,34643,34671
1675,4,34657,34697
2044,0,34658,34686
2169,1,34664,34690
2258,2,34671,34721
2281,3,34681,34705
2376,0,34686,34701
2454,1,34690,34731
2495,4,34697,34719
2670,0,34701,34748
2701,3,34705,34753
2977,4,34719,34745
3119,2,34721,34730
3346,2,34730,34767
3368,1,34731,34739
3372,1,34739,34749
3442,4,34745,34771
3469,0,34748,34764
3525,1,34749,34774
3570,3,34753,34767
3572,0,34764,34813
3682,2,34767,34802
3834,3,34767,34772
3870,4,34771,34794
4070,3,34772,34817
4151,1,34774,34793
4195,1,34793,34817
4500,4,34794,34834
4733,2,34802,34839
4972,0,34813,34827
5044,1,34817,34860
5318,3,34817,34828
5398,0,34827,34858
5572,3,34828,34862
5768,4,34834,34877
5941,2,34839,34869
6191,0,34858,34881
6355,1,34860,34886
6379,3,34862,34890
6772,2,34869,34890
6894,4,34877,34884
6936,0,34881,34907
7028,4,34884,34915
7055,1,34886,34927
7134,2,34890,34901
7139,3,34890,34928
7191,2,34901,34914
7312,0,34907,34938
7410,2,34914,34938
7429,4,34915,34939
7452,1,34927,34933
7506,3,34928,34969
7692,1,34933,34952
7746,0,34938,34971
8277,2,34938,34973
8495,4,34939,34966
8507,1,34952,34963
8542,1,34963,34996
8698,4,34966,34977
8704,3,34969,35000
8774,0,34971,35018
8927,2,34973,35006
8979,4,34977,35009
8992,1,34996,35026
9011,3,35000,35031
9107,2,35006,35016
9264,4,35009,35024
9416,2,35016,35033
9451,0,35018,35032
9735,4,35024,35052
9783,1,35026,35031
9787,1,35031,35059
9795,3,35031,35081
113,0,35032,35044
170,2,35033,35063
259,0,35044,35087
330,4,35052,35078
345,1,35059,35087
349,2,35063,35070
354,2,35070,35088
728,4,35078,35113
884,3,35081,35120
897,0,35087,35112
922,1,35087,35092
939,2,35088,35102
948,1,35092,35110
1016,2,35102,35152
1022,1,35110,35120
1100,0,35112,35151
1684,4,35113,35119
1730,4,35119,35165
1756,1,35120,35129
1778,3,35120,35126
1947,3,35126,35176
1955,1,35129,35145
2019,1,35145,35178
2051,0,35151,35167
2134,2,35152,35199
2165,4,35165,35181
2416,0,35167,35205
2570,3,35176,35181
2905,1,35178,35212
3120,3,35181,35219
3158,4,35181,35223
3284,2,35199,35241
3488,0,35205,35255
3539,1,35212,35248
3718,3,35219,35259
3843,4,35223,35251
3972,2,35241,35270
4148,1,35248,35264
4325,4,35251,35286
4778,0,35255,35300
4802,3,35259,35271
4997,1,35264,35299
5265,2,35270,35318
5343,3,35271,35315
5350,4,35286,35294
5501,4,35294,35328
5786,1,35299,35339
5881,0,35300,35339
5979,3,35315,35336
5983,2,35318,35348
6220,4,35328,35351
6242,3,35336,35386
6243,0,35339,35349
6354,1,35339,35361
6559,2,35348,35390
6804,0,35349,35362
6842,4,35351,35358
6925,4,35358,35399
7018,1,35361,35369
7152,0,35362,35371
7320,1,35369,35374
7498,0,35371,35412
7691,1,35374,35395
7902,3,35386,35436
7938,2,35390,35405
8088,1,35395,35408
8183,4,35399,35422
8285,2,35405,35436
8577,1,35408,35454
8799,0,35412,35441
9023,4,35422,35462
9066,2,35436,35458
9082,3,35436,35452
9141,0,35441,35452
9222,0,35452,35501
9355,3,35452,35494
9374,1,35454,35461
9427,2,35458,35464
9505,1,35461,35505
9700,4,35462,35505
9810,2,35464,35514
9868,3,35494,35543
9896,0,35501,35549
47,1,35505,35546
78,4,35505,35539
206,2,35514,35558
341,4,35539,35583
789,3,35543,35570
1032,1,35546,35596
1040,0,35549,35584
1053,2,35558,35606
1205,3,35570,35610
1231,4,35583,35593
1262,0,35584,35610
1291,4,35593,35618
1408,1,35596,35621
1426,2,35606,35636
1480,0,35610,35616
1509,3,35610,35655
1523,0,35616,35661
1722,4,35618,35660
1860,1,35621,35630
1865,1,35630,35663
1933,2,35636,35663
2124,3,35655,35660
2419,3,35660,35703
2488,4,35660,35709
2525,0,35661,35701
2885,1,35663,35676
2954,2,35663,35679
2998,1,35676,35705
3084,2,35679,35727
3112,0,35701,35749
3206,3,35703,35745
3225,1,35705,35716
3335,4,35709,35753
3379,1,35716,35731
3434,2,35727,35764
3474,1,35731,35758
3517,3,35745,35759
3686,0,35749,35791
3873,4,35753,35794
4110,1,35758,35802
4197,3,35759,35774
4441,2,35764,35786
4450,3,35774,35810
4493,2,35786,35817
4521,0,35791,35803
4568,4,35794,35824
4699,1,35802,35846
4756,0,35803,35823
4783,3,35810,35823
4965,2,35817,35831
5003,0,35823,35868
5020,3,35823,35844
5078,4,35824,35851
5152,2,35831,35866
5153,3,35844,35849
5196,1,35846,35891
5285,3,35849,35872
5288,4,35851,35896
5529,2,35866,35891
5581,0,35868,35897
5626,3,35872,35878
5802,3,35878,35895
5987,1,35891,35929
5988,2,35891,35931
6040,3,35895,35942
6187,4,35896,35903
6442,0,35897,35915
6447,4,35903,35924
6500,0,35915,35941
6579,4,35924,35957
6728,1,35929,35978
6741,2,35931,35937
6802,2,35937,35964
6995,0,35941,35957
7192,3,35942,35972
7283,0,35957,35988
7301,4,35957,35989
7848,2,35964,35995
7859,3,35972,35996
8033,1,35978,36021
8084,0,35988,35996
8112,4,35989,36005
8115,2,35995,36010
8117,0,35996,36003
8168,3,35996,36003
8214,0,36003,36018
8681,3,36003,36018
8719,4,36005,36034
8780,2,36010,36041
8890,0,36018,36046
9187,3,36018,36031
9206,1,36021,36067
9265,3,36031,36037
9278,4,36034,36075
9469,3,36037,36079
9569,2,36041,36075
6,0,36046,36081
29,1,36067,36102
239,2,36075,36096
271,4,36075,36104
536,3,36079,36106
567,0,36081,36098
845,2,36096,36106
1028,0,36098,36103
1395,1,36102,36124
1486,0,36103,36149
1772,4,36104,36151
1784,2,36106,36138
1919,3,36106,36142
2136,1,36124,36145
2304,2,36138,36178
2514,3,36142,36185
2602,1,36145,36183
2620,0,36149,36165
2637,4,36151,36158
2804,4,36158,36191
2879,0,36165,36188
3082,2,36178,36206
3138,1,36183,36189
3150,3,36185,36209
3164,0,36188,36197
3230,1,36189,36221
3292,4,36191,36202
3299,0,36197,36235
3423,4,36202,36211
3518,2,36206,36244
3772,3,36209,36243
4086,4,36211,36244
4096,1,36221,36271
4106,0,36235,36271
4199,3,36243,36286
4200,2,36244,36289
4219,4,36244,36258
4228,4,36258,36303
4354,0,36271,36312
4559,1,36271,36302
4816,3,36286,36329
4857,2,36289,36330
4870,1,36302,36345
5006,4,36303,36317
5106,0,36312,36321
5165,4,36317,36322
5204,0,36321,36344
5275,4,36322,36329
5567,3,36329,36375
5912,4,36329,36359
5924,2,36330,36352
5993,0,36344,36366
6062,1,36345,36388
6151,2,36352,36379
6196,4,36359,36383
6230,0,36366,36391
6248,3,36375,36406
6309,2,36379,36390
6472,4,36383,36406
6485,1,36388,36419
6623,2,36390,36426
6670,0,36391,36405
6746,0,36405,36435
6758,3,36406,36411
6813,4,36406,36441
6900,3,36411,36427
6951,1,36419,36452
7016,2,36426,36471
7057,3,36427,36469
7063,0,36435,36457
7158,4,36441,36447
7234,4,36447,36496
7480,1,36452,36466
7556,0,36457,36482
7757,1,36466,36499
7813,3,36469,36515
7904,2,36471,36482
7985,0,36482,36496
8173,2,36482,36504
8210,0,36496,36526
8221,4,36496,36506
8232,1,36499,36510
8272,2,36504,36530
8437,4,36506,36523
8558,1,36510,36543
8621,3,36515,36564
8690,4,36523,36572
8712,0,36526,36538
8738,2,36530,36548
8757,0,36538,36563
9272,1,36543,36585
9302,2,36548,36559
9424,2,36559,36599
9517,0,36563,36595
9885,3,36564,36572
106,3,36572,36582
447,4,36572,36621
585,3,36582,36608
601,1,36585,36615
646,0,36595,36634
882,2,36599,36618
925,3,36608,36651
1097,1,36615,36649
1104,2,36618,36648
1284,4,36621,36629
1340,4,36629,36676
1567,0,36634,36644
1653,0,36644,36656
1732,2,36648,36666
1769,1,36649,36669
1817,3,36651,36679
1826,0,36656,36681
1850,2,36666,36710
1901,1,36669,36678
1922,4,36676,36696
2109,1,36678,36684
2153,3,36679,36727
2209,0,36681,36726
2310,1,36684,36697
2372,4,36696,36734
2604,1,36697,36713
2630,2,36710,36716
2786,1,36713,36735
2812,2,36716,36760
2836,0,36726,36761
2963,3,36727,36743
2975,4,36734,36770
3223,1,36735,36750
3528,3,36743,36750
3626,1,36750,36765
3690,3,36750,36760
3804,2,36760,36806
4270,3,36760,36808
4390,0,36761,36775
4418,1,36765,36808
4422,4,36770,36810
4462,0,36775,36825
4534,2,36806,36828
4616,1,36808,36858
4636,3,36808,36856
4686,4,36810,36828
4745,0,36825,36871
4861,2,36828,36863
4946,4,36828,36859
5195,3,36856,36882
5545,1,36858,36886
5740,4,36859,36887
5883,2,36863,36881
5913,0,36871,36881
5969,0,36881,36927
5989,2,36881,36912
6097,3,36882,36890
6117,1,36886,36914
6273,4,36887,36898
6398,3,36890,36921
6423,4,36898,36923
6454,2,36912,36938
6504,1,36914,36938
6638,3,36921,36935
6672,4,36923,36973
6696,0,36927,36958
6836,3,36935,36964
6856,1,36938,36944
6883,2,36938,36970
6910,1,36944,36982
6921,0,36958,37008
6989,3,36964,36971
6990,2,36970,36993
7129,3,36971,36981
7137,4,36973,37009
7202,3,36981,37010
7541,1,36982,37010
7609,2,36993,37036
7885,0,37008,37014
8314,4,37009,37035
8323,1,37010,37057
9124,3,37010,37043
9133,0,37014,37051
9365,4,37035,37068
9595,2,37036,37048
9987,3,37043,37067
67,2,37048,37093
108,0,37051,37077
249,1,37057,37070
374,3,37067,37108
604,4,37068,37102
617,1,37070,37098
659,0,37077,37089
686,0,37089,37114
734,2,37093,37126
1019,1,37098,37121
1047,4,37102,37125
1314,3,37108,37115
1415,0,37114,37139
1463,3,37115,37125
1797,1,37121,37148
1806,3,37125,37137
1829,4,37125,37147
2040,2,37126,37173
2046,3,37137,37144
2122,0,37139,37149
2388,3,37144,37164
2414,4,37147,37173
2459,1,37148,37171
2572,0,37149,37167
2808,3,37164,37174
2811,0,37167,37204
2957,1,37171,37213
3004,2,37173,37195
3014,4,37173,37197
3117,3,37174,37222
3295,2,37195,37227
3440,4,37197,37212
3620,0,37204,37254
3735,4,37212,37259
3861,1,37213,37239
4129,3,37222,37262
4176,2,37227,37263
4180,1,37239,37251
4182,1,37251,37301
4186,0,37254,37289
4372,4,37259,37278
4527,3,37262,37304
4690,2,37263,37307
4751,4,37278,37289
4768,0,37289,37331
4770,4,37289,37313
4942,1,37301,37347
5022,3,37304,37317
5036,2,37307,37352
5087,4,37313,37355
5148,3,37317,37360
5168,0,37331,37361
5197,1,37347,37394
5298,2,37352,37377
5341,4,37355,37395
5484,3,37360,37404
5605,0,37361,37399
5629,2,37377,37389
5980,2,37389,37413
6020,1,37394,37411
6041,4,37395,37419
6048,0,37399,37414
6067,3,37404,37425
6270,1,37411,37448
6323,2,37413,37428
6426,0,37414,37463
6511,4,37419,37430
6534,3,37425,37471
6793,2,37428,37437
6850,4,37430,37470
7062,2,37437,37479
7124,1,37448,37471
7349,0,37463,37482
7368,4,37470,37506
7455,1,37471,37493
7468,3,37471,37492
7686,2,37479,37526
7812,0,37482,37508
7855,3,37492,37520
7990,1,37493,37540
8008,4,37506,37538
8163,0,37508,37555
8400,3,37520,37548
8578,2,37526,37532
8723,2,37532,37557
8772,4,37538,37553
9285,1,37540,37555
9738,3,37548,37555
9739,4,37553,37585
9811,0,37555,37587
9897,1,37555,37585
9910,3,37555,37605
4,2,37557,37568
135,2,37568,37599
136,1,37585,37592
223,4,37585,37595
258,0,37587,37636
751,1,37592,37626
877,4,37595,37608
964,2,37599,37629
978,3,37605,37623
1029,4,37608,37622
1201,4,37622,37666
1414,3,37623,37647
1419,1,37626,37667
1469,2,37629,37651
1474,0,37636,37682
1576,3,37647,37696
1624,2,37651,37668
1711,4,37666,37704
1989,1,37667,37688
1998,2,37668,37687
2007,0,37682,37707
2218,2,37687,37712
2234,1,37688,37715
2283,3,37696,37727
2301,4,37704,37748
2462,0,37707,37750
2529,2,37712,37729
2532,1,37715,37736
2552,3,37727,37774
2658,2,37729,37758
2677,1,37736,37754
2721,4,37748,37780
2962,0,37750,37759
2970,1,37754,37765
3283,2,37758,37770
3318,0,37759,37778
3470,1,37765,37771
3537,2,37770,37777
3550,1,37771,37781
3635,3,37774,37817
3760,2,37777,37806
3907,0,37778,37805
4028,4,37780,37791
4284,1,37781,37800
4313,4,37791,37800
4342,1,37800,37842
4399,4,37800,37839
4412,0,37805,37825
4416,2,37806,37855
4697,3,37817,37823
5132,3,37823,37842
5145,0,37825,37854
5198,4,37839,37863
5277,1,37842,37883
5291,3,37842,37864
5292,0,37854,37894
5385,2,37855,37895
5410,4,37863,37874
5826,3,37864,37882
5992,4,37874,37880
6231,4,37880,37895
6297,3,37882,37906
6356,1,37883,37894
6450,0,37894,37917
6676,1,37894,37903
6748,2,37895,37938
6760,4,37895,37940
6784,1,37903,37915
6853,3,37906,37953
6955,1,37915,37933
7264,0,37917,37964
7266,1,37933,37976
7339,2,37938,37962
7346,4,37940,37972
7503,3,37953,37985
7562,2,37962,37985
7593,0,37964,37991
7607,4,37972,38012
7750,1,37976,38016
7795,2,37985,38024
7891,3,37985,38008
8284,0,37991,38030
8342,3,38008,38050
8595,4,38012,38053
8665,1,38016,38037
8679,2,38024,38057
8758,0,38030,38055
8773,1,38037,38051
8807,3,38050,38080
9136,1,38051,38070
9325,4,38053,38095
9452,0,38055,38081
9480,2,38057,38099
9492,1,38070,38101
9693,3,38080,38104
9770,0,38081,38123
9799,4,38095,38107
9833,2,38099,38129
87,1,38101,38138
252,3,38104,38144
372,4,38107,38144
387,0,38123,38149
408,2,38129,38175
532,1,38138,38148
546,3,38144,38180
753,4,38144,38168
1013,1,38148,38171
1068,0,38149,38163
1082,0,38163,38171
1083,4,38168,38174
1388,0,38171,38219
1592,1,38171,38181
1635,4,38174,38181
1636,2,38175,38194
1669,3,38180,38210
1700,1,38181,38188
2205,4,38181,38192
2206,1,38188,38197
2213,4,38192,38222
2328,2,38194,38232
2535,1,38197,38214
2606,3,38210,38248
2731,1,38214,38222
2858,0,38219,38231
2861,1,38222,38228
2877,4,38222,38272
2909,1,38228,38253
2931,0,38231,38269
2996,2,38232,38277
3027,3,38248,38292
3170,1,38253,38261
3294,1,38261,38269
3314,0,38269,38308
3502,1,38269,38302
3639,4,38272,38318
3659,2,38277,38317
3820,3,38292,38315
3990,1,38302,38322
4185,0,38308,38341
4205,3,38315,38356
4293,2,38317,38342
4415,4,38318,38349
4445,1,38322,38365
4553,0,38341,38353
4555,2,38342,38362
4585,4,38349,38367
4608,0,38353,38388
4649,3,38356,38376
4693,2,38362,38385
4963,1,38365,38372
5002,4,38367,38383
5171,1,38372,38393
5201,3,38376,38408
5324,4,38383,38405
5490,2,38385,38426
5594,0,38388,38395
5828,1,38393,38413
5877,0,38395,38435
6256,4,38405,38414
6257,3,38408,38449
6347,1,38413,38426
6353,4,38414,38438
6410,1,38426,38472
6516,2,38426,38447
6779,0,38435,38474
6937,4,38438,38467
7125,2,38447,38456
7167,3,38449,38472
7199,2,38456,38467
7327,2,38467,38487
7573,4,38467,38489
7760,1,38472,38521
7872,3,38472,38491
8123,0,38474,38497
8144,2,38487,38529
8197,4,38489,38509
8204,3,38491,38538
8208,0,38497,38532
8243,4,38509,38535
8553,1,38521,38540
8668,2,38529,38544
8766,0,38532,38546
8815,4,38535,38569
8943,3,38538,38585
8978,1,38540,38546
8980,2,38544,38585
9345,0,38546,38553
9456,1,38546,38576
9696,0,38553,38603
9984,4,38569,38610
14,1,38576,38624
43,2,38585,38619
365,3,38585,38608
416,0,38603,38644
674,3,38608,38636
851,4,38610,38656
878,2,38619,38645
988,1,38624,38638
990,3,38636,38668
1006,1,38638,38685
1034,0,38644,38650
1256,2,38645,38656
1274,0,38650,38689
1307,2,38656,38703
1348,4,38656,38668
1442,3,38668,38716
1599,4,38668,38700
1800,1,38685,38711
1830,0,38689,38731
1892,4,38700,38733
1914,2,38703,38723
1925,1,38711,38739
2184,3,38716,38762
2296,2,38723,38729
2927,2,38729,38767
3134,0,38731,38768
3176,4,38733,38751
3325,1,38739,38763
3342,4,38751,38782
3658,3,38762,38801
3675,1,38763,38782
4068,2,38767,38789
4161,0,38768,38783
4247,1,38782,38831
4290,4,38782,38806
4440,0,38783,38801
4476,2,38789,38824
4545,0,38801,38813
4618,3,38801,38837
4648,4,38806,38856
4760,0,38813,38827
4801,2,38824,38832
4815,0,38827,38864
4845,1,38831,38855
4851,2,38832,38862
4995,3,38837,38874
5064,1,38855,38876
5089,4,38856,38889
5102,2,38862,38904
5242,0,38864,38883
5340,3,38874,38879
5361,1,38876,38925
5446,3,38879,38888
5515,0,38883,38914
5766,3,38888,38924
5821,4,38889,38939
5886,2,38904,38927
6163,0,38914,38932
6182,3,38924,38933
6217,1,38925,38941
6284,2,38927,38960
6409,0,38932,38968
6415,3,38933,38952
6416,4,38939,38968
6732,1,38941,38964
6782,3,38952,38973
7322,2,38960,38978
7407,1,38964,38969
7424,0,38968,38983
7464,4,38968,39010
7481,1,38969,39011
7508,3,38973,39021
7539,2,38978,39000
7790,0,38983,39025
7826,2,39000,39040
7900,4,39010,39060
8046,1,39011,39044
8080,3,39021,39064
8118,0,39025,39071
8202,2,39040,39051
8220,1,39044,39071
8411,2,39051,39058
8471,2,39058,39081
8473,4,39060,39103
8615,3,39064,39096
8889,0,39071,39118
8915,1,39071,39100
8986,2,39081,39131
9093,3,39096,39111
9117,1,39100,39125
9418,4,39103,39120
9672,3,39111,39149
9785,0,39118,39163
9960,4,39120,39142
148,1,39125,39147
172,2,39131,39176
201,4,39142,39162
378,1,39147,39187
745,3,39149,39156
772,3,39156,39161
799,3,39161,39198
873,4,39162,39189
887,0,39163,39208
903,2,39176,39194
959,1,39187,39193
1003,4,39189,39208
1025,1,39193,39226
1078,2,39194,39221
1133,3,39198,39212
1171,0,39208,39217
1281,4,39208,39215
1288,3,39212,39242
1396,4,39215,39259
1438,0,39217,39243
1447,2,39221,39252
1459,1,39226,39244
1498,3,39242,39262
1598,0,39243,39280
1623,1,39244,39266
1723,2,39252,39275
1877,4,39259,39281
1953,3,39262,39277
2156,1,39266,39283
2339,2,39275,39315
2691,3,39277,39298
3067,0,39280,39328
3202,4,39281,39303
3319,1,39283,39312
3331,3,39298,39323
3510,4,39303,39324
3636,1,39312,39348
3818,2,39315,39342
4276,3,39323,39330
4294,4,39324,39362
4310,0,39328,39375
4626,3,39330,39349
4766,2,39342,39387
4873,1,39348,39369
4883,3,39349,39374
4892,4,39362,39406
5037,1,39369,39376
5099,3,39374,39411
5118,0,39375,39388
5176,1,39376,39389
5264,2,39387,39392
5289,0,39388,39426
5370,1,39389,39422
5411,2,39392,39437
5653,4,39406,39442
5742,3,39411,39417
5757,3,39417,39429
5854,1,39422,39442
5855,0,39426,39476
5863,3,39429,39460
5879,2,39437,39465
5928,1,39442,39457
5991,4,39442,39475
6008,1,39457,39483
6066,3,39460,39499
6232,2,39465,39496
6488,4,39475,39506
6536,0,39476,39508
6770,1,39483,39529
7011,2,39496,39512
7014,3,39499,39549
7493,4,39506,39535
7684,0,39508,39529
7807,2,39512,39560
7844,0,39529,39558
7972,1,39529,39551
7986,4,39535,39583
8038,3,39549,39585
8157,1,39551,39593
8290,0,39558,39571
8298,2,39560,39598
8599,0,39571,39620
8602,4,39583,39615
8607,3,39585,39620
8714,1,39593,39617
8759,2,39598,39619
8810,4,39615,39658
8900,1,39617,39661
9110,2,39619,39630
9346,0,39620,39632
9484,3,39620,39635
9535,2,39630,39646
9677,0,39632,39655
21,3,39635,39670
232,2,39646,39668
279,0,39655,39697
296,4,39658,39699
329,1,39661,39689
404,2,39668,39694
584,3,39670,39710
623,1,39689,39718
706,2,39694,39709
722,0,39697,39717
1005,4,39699,39717
1024,2,39709,39747
1091,3,39710,39738
1681,0,39717,39765
1832,4,39717,39751
1852,1,39718,39740
1913,3,39738,39760
1941,1,39740,39770
1963,2,39747,39796
2016,4,39751,39799
2068,3,39760,39779
2259,0,39765,39770
2306,0,39770,39805
2338,1,39770,39780
2482,3,39779,39797
2574,1,39780,39806
2613,2,39796,39824
2712,3,39797,39806
2860,4,39799,39820
2897,0,39805,39818
2964,1,39806,39825
3039,3,39806,39843
3055,0,39818,39837
3389,4,39820,39850
3411,2,39824,39856
3438,1,39825,39871
3554,0,39837,39867
3557,3,39843,39882
3582,4,39850,39866
3597,2,39856,39893
3640,4,39866,39899
3723,0,39867,39883
3779,1,39871,39890
3840,3,39882,39897
3879,0,39883,39900
3954,1,39890,39932
3996,2,39893,39909
4016,3,39897,39917
4099,4,39899,39944
4215,0,39900,39918
4333,2,39909,39954
4379,3,39917,39950
4383,0,39918,39932
4427,0,39932,39938
4512,1,39932,39976
4516,0,39938,39951
4592,4,39944,39955
4677,3,39950,39960
4689,0,39951,39978
4714,2,39954,39967
4747,4,39955,39972
4807,3,39960,39991
4909,2,39967,40013
4952,4,39972,39997
4986,1,39976,40008
5080,0,39978,39991
5129,0,39991,40025
5170,3,39991,40041
5239,4,39997,40045
5415,1,40008,40040
5532,2,40013,40030
5539,0,40025,40039
5836,2,40030,40035
5984,2,40035,40060
6149,0,40039,40077
6206,1,40040,40064
6229,3,40041,40080
6276,4,40045,40068
6396,2,40060,40082
6517,1,40064,40100
6817,4,40068,40115
7115,0,40077,40106
7153,3,40080,40103
7216,2,40082,40094
7237,2,40094,40128
7251,1,40100,40146
7254,3,40103,40147
7422,0,40106,40141
7428,4,40115,40131
7547,2,40128,40152
7592,4,40131,40162
7682,0,40141,40149
7768,1,40146,40154
7810,3,40147,40165
7824,0,40149,40172
7923,2,40152,40186
8100,1,40154,40169
8239,4,40162,40169
8488,3,40165,40191
8603,1,40169,40190
8606,4,40169,40186
8710,0,40172,40205
8718,2,40186,40233
8722,4,40186,40214
8750,1,40190,40226
8805,3,40191,40211
8928,0,40205,40234
8938,3,40211,40226
9077,4,40214,40230
9161,1,40226,40233
9197,3,40226,40259
9289,4,40230,40244
9351,1,40233,40278
9437,2,40233,40258
9531,0,40234,40265
9553,4,40244,40256
9575,4,40256,40264
9658,2,40258,40303
9666,3,40259,40281
9747,4,40264,40295
9943,0,40265,40277
190,0,40277,40301
192,1,40278,40315
327,3,40281,40306
531,4,40295,40303
822,0,40301,40308
888,2,40303,40315
972,4,40303,40349
1098,3,40306,40333
1138,0,40308,40324
1145,1,40315,40353
1204,2,40315,40364
1246,0,40324,40348
1306,3,40333,40377
1315,0,40348,40353
1483,4,40349,40393
1837,0,40353,40377
1891,1,40353,40359
1934,1,40359,40364
1942,1,40364,40388
2005,2,40364,40410
2018,0,40377,40405
2135,3,40377,40403
2211,1,40388,40410
2520,4,40393,40407
2624,3,40403,40446
2633,0,40405,40411
2716,4,40407,40428
2887,1,40410,40452
2947,2,40410,40443
3057,0,40411,40452
3538,4,40428,40452
3542,2,40443,40465
3874,3,40446,40493
3952,0,40452,40459
4010,1,40452,40479
4154,4,40452,40488
4196,0,40459,40508
4356,2,40465,40503
4523,1,40479,40513
4535,4,40488,40518
4725,3,40493,40503
4943,2,40503,40510
4976,3,40503,40538
5316,0,40508,40515
5352,2,40510,40518
5364,1,40513,40555
5617,0,40515,40552
5811,2,40518,40530
5959,4,40518,40558
5968,2,40530,40542
6106,3,40538,40546
6119,2,40542,40550
6148,3,40546,40565
6236,2,40550,40562
6350,0,40552,40568
6375,1,40555,40593
6766,4,40558,40597
6875,2,40562,40603
7036,3,40565,40611
7370,0,40568,40610
7397,1,40593,40637
7443,4,40597,40636
7466,2,40603,40646
7652,0,40610,40625
7678,3,40611,40656
7697,0,40625,40636
7761,0,40636,40650
7793,4,40636,40666
7829,1,40637,40668
7922,2,40646,40695
7961,0,40650,40664
8070,3,40656,40678
8162,0,40664,40691
8205,4,40666,40691
8390,1,40668,40694
8397,3,40678,40713
8440,0,40691,40721
8505,4,40691,40703
8819,1,40694,40703
8899,2,40695,40736
8916,1,40703,40752
9029,4,40703,40746
9186,3,40713,40732
9426,0,40721,40748
9464,3,40732,40766
9614,2,40736,40761
9618,4,40746,40756
9829,0,40748,40777
9891,1,40752,40769
9949,4,40756,40793
132,2,40761,40794
179,3,40766,40784
186,1,40769,40814
435,0,40777,40804
475,3,40784,40830
559,4,40793,40822
608,2,40794,40808
712,0,40804,40826
785,2,40808,40826
905,1,40814,40842
1041,4,40822,40864
1203,0,40826,40875
1310,2,40826,40838
1421,3,40830,40841
1771,2,40838,40858
1876,3,40841,40884
2121,1,40842,40859
2364,2,40858,40866
2374,1,40859,40904
2456,4,40864,40880
2618,2,40866,40872
2651,2,40872,40886
2839,0,40875,40910
2923,4,40880,40895
3165,3,40884,40916
3252,2,40886,40906
3490,4,40895,40944
3646,1,40904,40954
3906,2,40906,40934
3966,0,40910,40960
4046,3,40916,40928
4463,3,40928,40943
4466,2,40934,40970
4522,3,40943,40993
4542,4,40944,40970
4640,1,40954,40993
5200,0,40960,41002
5362,2,40970,41014
5406,4,40970,40990
5510,4,40990,41010
5591,1,40993,41031
5726,3,40993,41042
5772,0,41002,41010
5923,0,41010,41024
5970,4,41010,41028
6022,2,41014,41035
6036,0,41024,41046
6078,4,41028,41043
6165,1,41031,41056
6225,2,41035,41071
6481,3,41042,41077
6503,4,41043,41086
6592,0,41046,41091
6674,1,41056,41063
6682,1,41063,41097
6815,2,41071,41098
7145,3,41077,41092
7230,4,41086,41104
7256,0,41091,41131
7293,3,41092,41102
7298,1,41097,41110
7392,2,41098,41114
7415,3,41102,41147
7518,4,41104,41145
7723,1,41110,41118
7924,2,41114,41120
7960,1,41118,41162
8020,2,41120,41132
8119,0,41131,41141
8410,2,41132,41141
8490,0,41141,41168
8726,2,41141,41169
8770,4,41145,41178
9189,3,41147,41192
9342,1,41162,41175
9411,0,41168,41197
9528,2,41169,41205
9652,1,41175,41216
9680,4,41178,41226
9698,3,41192,41210
9766,0,41197,41205
9825,0,41205,41250
9834,2,41205,41249
120,3,41210,41230
137,1,41216,41239
429,4,41226,41270
441,3,41230,41239
746,1,41239,41266
796,3,41239,41251
907,2,41249,41263
926,0,41250,41279
1044,3,41251,41300
1093,2,41263,41304
1290,1,41266,41280
1298,4,41270,41307
1580,0,41279,41311
1610,1,41280,41315
1798,3,41300,41344
1833,2,41304,41309
1951,4,41307,41330
1956,2,41309,41359
1999,0,41311,41347
2021,1,41315,41358
2077,4,41330,41353
2088,3,41344,41358
2159,0,41347,41375
2447,4,41353,41377
2473,1,41358,41383
2591,3,41358,41380
2598,2,41359,41376
2656,0,41375,41409
2657,2,41376,41388
2693,4,41377,41382
3063,3,41380,41391
3127,4,41382,41400
3209,1,41383,41421
3290,2,41388,41422
3482,3,41391,41415
3494,4,41400,41418
3605,0,41409,41424
3692,3,41415,41440
3706,4,41418,41450
3904,1,41421,41444
3921,2,41422,41431
3938,0,41424,41460
3941,2,41431,41481
3986,3,41440,41447
4033,1,41444,41458
4178,3,41447,41465
4209,4,41450,41456
4319,4,41456,41498
4362,1,41458,41472
4657,0,41460,41477
4703,3,41465,41471
4712,3,41471,41515
4727,1,41472,41519
4737,0,41477,41508
4798,2,41481,41504
4874,4,41498,41510
4885,2,41504,41525
4912,0,41508,41556
4980,4,41510,41528
5004,3,41515,41564
5052,1,41519,41526
5061,2,41525,41564
5174,1,41526,41532
5244,4,41528,41572
5254,1,41532,41556
5365,0,41556,41580
5504,1,41556,41564
5711,1,41564,41610
5719,2,41564,41575
6003,3,41564,41573
6140,4,41572,41582
6603,3,41573,41617
6884,2,41575,41623
7101,0,41580,41614
7166,4,41582,41629
7306,1,41610,41652
7388,0,41614,41623
7420,3,41617,41656
7435,0,41623,41664
7877,2,41623,41666
7895,4,41629,41654
7995,1,41652,41676
8128,4,41654,41683
8201,3,41656,41665
8324,0,41664,41698
8550,3,41665,41670
8563,2,41666,41679
8776,3,41670,41681
8914,1,41676,41682
9166,2,41679,41706
9854,3,41681,41719
59,1,41682,41703
169,4,41683,41689
176,4,41689,41694
310,4,41694,41701
414,0,41698,41717
459,4,41701,41709
482,1,41703,41729
563,2,41706,41724
696,4,41709,41744
800,0,41717,41728
854,3,41719,41735
904,2,41724,41755
1054,0,41728,41746
1170,1,41729,41753
1235,3,41735,41750
1475,4,41744,41769
1657,0,41746,41789
1706,3,41750,41763
1740,1,41753,41801
1741,2,41755,41796
1787,3,41763,41811
1839,4,41769,41788
1946,4,41788,41806
2057,0,41789,41819
2066,2,41796,41830
2100,1,41801,41832
2158,4,41806,41830
2176,3,41811,41850
2180,0,41819,41841
2217,2,41830,41854
2228,4,41830,41859
2261,1,41832,41868
2294,0,41841,41879
2334,3,41850,41869
2343,2,41854,41889
2368,4,41859,41874
2370,1,41868,41889
2398,3,41869,41894
2461,4,41874,41914
2571,0,41879,41896
2655,1,41889,41896
2790,2,41889,41928
2898,3,41894,41912
2899,0,41896,41940
3143,1,41896,41924
3196,3,41912,41947
3228,4,41914,41930
3329,1,41924,41963
3402,2,41928,41959
3649,4,41930,41936
3688,4,41936,41946
3786,0,41940,41982
3934,4,41946,41994
3936,3,41947,41956
4165,3,41956,41967
4272,2,41959,41982
4312,1,41963,41977
4401,3,41967,41986
4650,1,41977,41996
4672,0,41982,42006
4740,2,41982,41997
4962,3,41986,42014
5418,4,41994,42034
5426,1,41996,42040
5451,2,41997,42033
5709,0,42006,42021
5744,3,42014,42021
5866,0,42021,42053
5884,3,42021,42041
6110,2,42033,42051
6178,4,42034,42058
6795,1,42040,42050
6865,3,42041,42079
6923,1,42050,42096
6945,2,42051,42093
7157,0,42053,42071
7163,4,42058,42099
7326,0,42071,42098
7421,3,42079,42109
7523,2,42093,42133
7683,1,42096,42130
7694,0,42098,42146
7708,4,42099,42148
7987,3,42109,42148
8263,1,42130,42147
8317,2,42133,42147
8334,0,42146,42173
8408,1,42147,42182
8493,2,42147,42154
8613,3,42148,42165
8617,4,42148,42167
8804,2,42154,42194
9004,3,42165,42201
9024,4,42167,42201
9026,0,42173,42206
9045,1,42182,42223
9098,2,42194,42238
9143,3,42201,42220
9147,4,42201,42218
9249,0,42206,42238
9290,4,42218,42264
9368,3,42220,42226
9429,1,42223,42245
9459,3,42226,42272
9461,0,42238,42248
9603,2,42238,42260
9668,1,42245,42263
9723,0,42248,42290
9758,2,42260,42287
9950,1,42263,42286
23,4,42264,42305
98,3,42272,42286
163,1,42286,42309
307,3,42286,42321
336,2,42287,42302
412,0,42290,42336
521,2,42302,42327
533,4,42305,42327
727,1,42309,42344
841,3,42321,42337
1018,2,42327,42363
1101,4,42327,42360
1119,0,42336,42386
1123,3,42337,42382
1267,1,42344,42372
1393,4,42360,42377
1667,2,42363,42386
1736,1,42372,42407
2020,4,42377,42390
2076,3,42382,42418
2182,0,42386,42398
2244,2,42386,42394
2480,4,42390,42424
2639,2,42394,42420
2819,0,42398,42406
3012,0,42406,42426
3016,1,42407,42414
3051,1,42414,42442
3070,3,42418,42434
3100,2,42420,42431
3103,4,42424,42453
3126,0,42426,42461
3146,2,42431,42447
3174,3,42434,42473
3885,1,42442,42475
4112,2,42447,42463
4126,4,42453,42458
4309,4,42458,42505
4316,0,42461,42509
4364,2,42463,42505
4540,3,42473,42509
4651,1,42475,42514
4911,2,42505,42540
4960,4,42505,42535
5336,0,42509,42528
5442,3,42509,42535
5543,1,42514,42531
5547,0,42528,42560
5678,1,42531,42548
5946,3,42535,42563
6063,4,42535,42573
6081,2,42540,42562
6114,1,42548,42555
6299,1,42555,42586
6460,0,42560,42608
6474,2,42562,42596
6494,3,42563,42593
6498,4,42573,42619
6505,1,42586,42618
6678,3,42593,42624
6703,2,42596,42606
6750,2,42606,42613
6924,0,42608,42622
6965,2,42613,42625
7065,1,42618,42625
7104,4,42619,42666
7117,0,42622,42652
7133,3,42624,42667
7258,1,42625,42659
7445,2,42625,42662
7630,0,42652,42691
7637,1,42659,42681
8347,2,42662,42682
8697,4,42666,42693
8732,3,42667,42689
8811,1,42681,42722
8896,2,42682,42715
8988,3,42689,42715
9034,0,42691,42725
9316,4,42693,42721
9393,2,42715,42753
9598,3,42715,42752
9730,4,42721,42753
9900,1,42722,42736
9912,0,42725,42753
9925,1,42736,42780
17,3,42752,42782
41,0,42753,42789
188,2,42753,42796
204,4,42753,42777
385,4,42777,42809
386,1,42780,42823
417,3,42782,42822
457,0,42789,42816
462,2,42796,42804
485,2,42804,42821
883,4,42809,42835
917,0,42816,42840
1052,2,42821,42840
1058,3,42822,42845
1120,1,42823,42840
1311,4,42835,42847
1365,0,42840,42877
1382,1,42840,42874
1496,2,42840,42880
1510,3,42845,42865
1729,4,42847,42884
1746,3,42865,42885
1761,1,42874,42898
1908,0,42877,42883
1920,2,42880,42888
1968,0,42883,42932
2183,4,42884,42903
2216,3,42885,42918
2274,2,42888,42929
2379,1,42898,42919
2458,4,42903,42950
2915,3,42918,42963
3198,1,42919,42968
3324,2,42929,42941
3462,0,42932,42980
3662,2,42941,42978
3801,4,42950,42956
3925,4,42956,42964
4138,3,42963,42994
4275,4,42964,43000
4419,1,42968,42974
4432,1,42974,42979
4472,2,42978,42987
4491,1,42979,43018
4613,0,42980,43010
4623,2,42987,43033
4983,3,42994,43017
4996,4,43000,43033
5026,0,43010,43060
5109,3,43017,43030
5408,1,43018,43037
5607,3,43030,43064
5898,2,43033,43056
5960,4,43033,43042
6408,1,43037,43048
6701,4,43042,43062
6806,1,43048,43078
6807,2,43056,43093
7001,0,43060,43084
7022,4,43062,43087
7180,3,43064,43071
7227,3,43071,43106
7471,1,43078,43086
7685,0,43084,43119
7784,1,43086,43132
7798,4,43087,43124
7851,2,43093,43119
7913,3,43106,43118
7980,3,43118,43168
8108,0,43119,43151
8219,2,43119,43145
8369,4,43124,43137
8433,1,43132,43145
8494,4,43137,43146
8858,1,43145,43175
8930,2,43145,43179
9009,4,43146,43169
9295,0,43151,43183
9444,3,43168,43213
9513,4,43169,43203
9584,1,43175,43197
9694,2,43179,43186
9706,0,43183,43226
9722,2,43186,43201
9744,1,43197,43246
9796,2,43201,43239
3,4,43203,43248
49,3,43213,43230
104,0,43226,43239
182,3,43230,43254
198,0,43239,43254
265,2,43239,43275
306,1,43246,43264
407,4,43248,43298
452,0,43254,43262
1295,3,43254,43282
1328,0,43262,43288
1445,1,43264,43284
1577,2,43275,43308
1680,3,43282,43323
1763,1,43284,43327
2024,0,43288,43299
2161,4,43298,43310
2270,0,43299,43327
2299,2,43308,43353
2302,4,43310,43319
2489,4,43319,43362
2642,3,43323,43332
2682,0,43327,43340
2781,1,43327,43361
2881,3,43332,43362
3390,0,43340,43345
3454,0,43345,43368
3471,2,43353,43389
3478,1,43361,43372
3799,3,43362,43402
3829,4,43362,43373
3915,0,43368,43410
3937,1,43372,43399
4350,4,43373,43388
4589,4,43388,43437
4654,2,43389,43409
4730,1,43399,43427
4732,3,43402,43442
5013,2,43409,43434
5143,0,43410,43448
5245,1,43427,43436
5272,2,43434,43439
5363,1,43436,43443
5375,4,43437,43458
5465,2,43439,43469
5657,3,43442,43492
5701,1,43443,43479
5808,0,43448,43497
6080,4,43458,43506
6190,2,43469,43496
6333,1,43479,43495
6346,3,43492,43529
6419,1,43495,43523
6444,2,43496,43506
6465,0,43497,43507
7047,2,43506,43522
7169,4,43506,43512
7269,0,43507,43522
7601,4,43512,43519
7638,4,43519,43557
7696,0,43522,43543
7740,2,43522,43553
7840,1,43523,43563
7871,3,43529,43557
8096,0,43543,43575
8185,2,43553,43602
8190,3,43557,43603
8241,4,43557,43571
8297,1,43563,43608
8353,4,43571,43586
8441,0,43575,43625
8645,4,43586,43619
8871,2,43602,43619
9052,3,43603,43650
9217,1,43608,43657
9267,2,43619,43654
9303,4,43619,43658
9493,0,43625,43669
9566,3,43650,43685
9609,2,43654,43701
9626,1,43657,43679
9771,4,43658,43690
9942,0,43669,43706
161,1,43679,43728
165,3,43685,43701
366,4,43690,43704
560,2,43701,43729
630,3,43701,43731
672,4,43704,43730
759,0,43706,43722
895,0,43722,43754
910,1,43728,43774
1077,2,43729,43750
1176,4,43730,43753
1494,3,43731,43765
1526,2,43750,43791
1589,4,43753,43790
1759,0,43754,43763
1783,0,43763,43797
1858,3,43765,43794
2029,1,43774,43816
2189,4,43790,43835
2284,2,43791,43817
2395,3,43794,43838
2502,0,43797,43839
2641,1,43816,43837
2708,2,43817,43864
2733,4,43835,43844
3263,1,43837,43879
3349,3,43838,43863
3370,0,43839,43861
3382,4,43844,43865
3571,0,43861,43869
3583,3,43863,43899
3589,2,43864,43889
3633,4,43865,43871
3650,0,43869,43894
3752,4,43871,43881
3835,1,43879,43917
3953,4,43881,43916
4248,2,43889,43897
4492,0,43894,43931
4498,2,43897,43932
4533,3,43899,43937
4580,4,43916,43932
4609,1,43917,43947
4701,0,43931,43980
4788,2,43932,43972
4813,4,43932,43957
5077,3,43937,43982
5178,1,43947,43986
5314,4,43957,43962
5441,4,43962,43993
5625,2,43972,44015
5822,0,43980,43997
5894,3,43982,44006
5966,1,43986,44015
6019,4,43993,44006
6098,0,43997,44046
6201,3,44006,44021
6310,4,44006,44013
6581,4,44013,44057
6869,1,44015,44044
6916,2,44015,44059
7053,3,44021,44039
7067,3,44039,44053
7304,1,44044,44077
7340,0,44046,44058
7366,3,44053,44100
7401,4,44057,44104
7564,0,44058,44095
7632,2,44059,44078
7866,1,44077,44116
7879,2,44078,44084
8121,2,44084,44090
8174,2,44090,44125
8302,0,44095,44121
8339,3,44100,44144
8547,4,44104,44136
8618,1,44116,44166
8669,0,44121,44133
8747,2,44125,44175
8794,0,44133,44172
8798,4,44136,44164
8981,3,44144,44171
9050,4,44164,44180
9102,1,44166,44179
9168,3,44171,44192
9242,0,44172,44219
9326,2,44175,44208
9683,1,44179,44226
9757,4,44180,44191
9890,4,44191,44230
9988,3,44192,44225
65,2,44208,44252
145,0,44219,44268
153,3,44225,44272
184,1,44226,44275
224,4,44230,44247
253,4,44247,44286
396,2,44252,44263
402,2,44263,44299
406,0,44268,44314
422,3,44272,44298
499,1,44275,44295
629,4,44286,44312
665,1,44295,44311
810,3,44298,44343
814,2,44299,44311
833,1,44311,44331
855,2,44311,44336
885,4,44312,44317
1055,0,44314,44361
1272,4,44317,44335
1349,1,44331,44379
1454,4,44335,44342
1554,2,44336,44381
1632,4,44342,44386
1766,3,44343,44374
1935,0,44361,44396
1936,3,44374,44389
2104,1,44379,44420
2118,2,44381,44425
2125,4,44386,44406
2128,3,44389,44432
2285,0,44396,44403
2286,0,44403,44417
2768,4,44406,44436
2847,0,44417,44461
2876,1,44420,44437
2908,2,44425,44447
2966,3,44432,44438
3010,4,44436,44482
3025,1,44437,44456
3029,3,44438,44468
3072,2,44447,44489
3077,1,44456,44490
3101,0,44461,44478
3122,3,44468,44513
3240,0,44478,44499
3244,4,44482,44522
3302,2,44489,44516
3315,1,44490,44512
3343,0,44499,44543
3425,1,44512,44560
3467,3,44513,44522
3670,2,44516,44534
3707,3,44522,44543
3736,4,44522,44559
3832,2,44534,44580
3917,0,44543,44562
3975,3,44543,44566
4029,4,44559,44591
4380,1,44560,44576
4385,0,44562,44567
4449,3,44566,44591
4837,0,44567,44613
4882,1,44576,44597
5009,2,44580,44605
5181,3,44591,44638
5185,4,44591,44626
5327,1,44597,44618
5399,2,44605,44641
5599,0,44613,44633
5619,1,44618,44651
5648,4,44626,44644
5661,0,44633,44663
5695,3,44638,44656
5728,2,44641,44691
5779,4,44644,44658
5919,1,44651,44684
5931,3,44656,44701
5990,4,44658,44705
6121,0,44663,44687
6171,1,44684,44730
6237,0,44687,44695
6543,2,44691,44707
6624,0,44695,44712
6669,3,44701,44732
6783,4,44705,44755
6791,2,44707,44736
6943,0,44712,44724
7277,0,44724,44744
7279,1,44730,44740
7300,3,44732,44768
7341,2,44736,44753
7352,1,44740,44768
7425,0,44744,44775
7669,2,44753,44793
7701,4,44755,44770
7906,1,44768,44803
7964,3,44768,44790
8078,4,44770,44820
8233,0,44775,44780
8359,0,44780,44802
8380,3,44790,44817
8401,2,44793,44815
8523,0,44802,44837
8600,1,44803,44853
8611,2,44815,44832
8657,3,44817,44842
9185,4,44820,44854
9283,2,44832,44880
9641,0,44837,44853
9650,3,44842,44866
9846,0,44853,44859
9917,1,44853,44875
8,4,44854,44904
70,0,44859,44906
208,3,44866,44911
547,1,44875,44887
711,2,44880,44887
784,1,44887,44928
824,2,44887,44933
1199,4,44904,44919
1308,0,44906,44917
1324,3,44911,44920
1412,0,44917,44941
1731,4,44919,44925
1840,3,44920,44935
1944,4,44925,44967
2071,1,44928,44946
2120,2,44933,44963
2291,3,44935,44948
2384,0,44941,44959
2394,1,44946,44968
2464,3,44948,44985
2467,0,44959,44972
2615,2,44963,45001
2662,4,44967,44987
2697,1,44968,44984
2707,0,44972,44990
2873,1,44984,45024
2896,3,44985,45011
2911,4,44987,45020
3069,0,44990,45038
3149,2,45001,45046
3256,3,45011,45043
3279,4,45020,45035
3340,1,45024,45041
3384,4,45035,45085
3656,0,45038,45069
3676,1,45041,45049
3807,3,45043,45056
4025,2,45046,45057
4027,1,45049,45057
4079,3,45056,45096
4167,1,45057,45081
4173,2,45057,45095
4264,0,45069,45101
4280,1,45081,45102
4546,4,45085,45098
4660,2,45095,45123
4674,3,45096,45144
4869,4,45098,45146
4919,0,45101,45146
4958,1,45102,45121
5031,1,45121,45167
5123,2,45123,45128
5234,2,45128,45169
5483,3,45144,45169
5674,0,45146,45189
5730,4,45146,45177
5775,1,45167,45211
6053,2,45169,45188
6184,3,45169,45182
6218,4,45177,45220
6259,3,45182,45199
6330,2,45188,45231
6366,0,45189,45230
6374,3,45199,45212
6665,1,45211,45244
6739,3,45212,45219
6785,3,45219,45232
6903,4,45220,45270
7049,0,45230,45259
7188,2,45231,45244
7204,3,45232,45261
7402,1,45244,45280
7437,2,45244,45269
7550,0,45259,45277
7646,3,45261,45305
7650,2,45269,45308
7882,4,45270,45285
8031,0,45277,45327
8051,1,45280,45302
8149,4,45285,45306
8211,1,45302,45308
8255,3,45305,45334
8404,4,45306,45328
8533,1,45308,45352
8700,2,45308,45317
8948,2,45317,45338
9108,0,45327,45364
9233,4,45328,45375
9399,3,45334,45350
9661,2,45338,45367
9663,3,45350,45382
9768,1,45352,45387
9793,0,45364,45399
9916,2,45367,45410
9945,4,45375,45400
9977,3,45382,45400
2,1,45387,45400
229,0,45399,45431
566,1,45400,45439
675,3,45400,45408
791,4,45400,45421
831,3,45408,45413
867,2,45410,45431
869,3,45413,45433
933,4,45421,45464
1033,0,45431,45452
1060,2,45431,45475
1344,3,45433,45469
1413,1,45439,45453
1544,0,45452,45462
1737,1,45453,45485
1977,0,45462,45491
2091,4,45464,45490
2099,3,45469,45513
2321,2,45475,45495
2322,1,45485,45523
2430,4,45490,45508
2588,0,45491,45518
2692,2,45495,45536
2709,4,45508,45555
2761,3,45513,45524
2791,0,45518,45538
2851,1,45523,45552
2871,3,45524,45560
3089,2,45536,45568
3241,0,45538,45561
3253,1,45552,45561
3332,4,45555,45563
3414,3,45560,45565
3504,0,45561,45586
3575,1,45561,45575
3599,4,45563,45610
3776,3,45565,45578
3913,2,45568,45605
4122,1,45575,45607
4241,3,45578,45608
4414,0,45586,45628
4959,2,45605,45611
5150,1,45607,45632
5167,3,45608,45651
5431,4,45610,45632
5606,2,45611,45654
5724,0,45628,45652
5917,1,45632,45641
5930,4,45632,45638
6014,4,45638,45647
6031,1,45641,45689
6145,4,45647,45688
6168,3,45651,45685
6546,0,45652,45670
6587,2,45654,45699
6659,0,45670,45677
6800,0,45677,45713
6947,3,45685,45722
7128,4,45688,45738
7223,1,45689,45710
7281,2,45699,45711
7472,1,45710,45757
7577,2,45711,45745
7816,0,45713,45731
7842,3,45722,45768
7897,0,45731,45761
7948,4,45738,45768
8155,2,45745,45795
8215,1,45757,45763
8351,0,45761,45781
8530,1,45763,45802
8630,3,45768,45794
8749,4,45768,45802
8913,0,45781,45828
8972,3,45794,45822
9075,2,45795,45808
9084,1,45802,45807
9089,4,45802,45852
9219,1,45807,45839
9276,2,45808,45820
9376,2,45820,45825
9454,3,45822,45863
9477,2,45825,45847
9506,0,45828,45862
9845,1,45839,45846
9986,1,45846,45886
91,2,45847,45853
129,4,45852,45890
392,2,45853,45861
431,2,45861,45875
481,0,45862,45894
544,3,45863,45872
595,3,45872,45889
738,2,45875,45906
757,1,45886,45896
1356,3,45889,45902
1428,4,45890,45934
1499,0,45894,45933
1539,1,45896,45931
1566,3,45902,45952
1585,2,45906,45945
1611,1,45931,45937
1696,0,45933,45962
1758,4,45934,45943
1952,1,45937,45961
1970,4,45943,45992
2187,2,45945,45983
2223,3,45952,45986
2226,1,45961,45996
2292,0,45962,45974
2326,0,45974,46003
2385,2,45983,45997
2486,3,45986,46019
2669,4,45992,46002
2756,1,45996,46034
2799,2,45997,46042
2934,4,46002,46028
3357,0,46003,46021
3381,3,46019,46051
3573,0,46021,46035
3691,4,46028,46070
3716,1,46034,46041
3726,0,46035,46063
3946,1,46041,46053
4007,2,46042,46064
4190,3,46051,46097
4230,1,46053,46091
4279,0,46063,46082
4303,2,46064,46093
4344,4,46070,46075
4370,4,46075,46083
4421,0,46082,46108
4458,4,46083,46112
4471,1,46091,46107
4922,2,46093,46102
5053,3,46097,46134
5076,2,46102,46147
5260,1,46107,46141
5319,0,46108,46126
5473,4,46112,46142
5536,0,46126,46134
5541,0,46134,46165
5553,3,46134,46146
5583,1,46141,46178
5716,4,46142,46164
5760,3,46146,46177
5891,2,46147,46169
5904,4,46164,46186
5955,0,46165,46191
6306,2,46169,46189
6432,3,46177,46191
6595,1,46178,46205
6617,4,46186,46236
6710,2,46189,46213
6731,0,46191,46231
6769,3,46191,46225
7031,1,46205,46235
7114,2,46213,46247
7253,3,46225,46233
7494,0,46231,46278
7626,3,46233,46253
7649,1,46235,46269
7677,4,46236,46284
7772,2,46247,46270
8076,3,46253,46301
8266,1,46269,46298
8299,2,46270,46313
8492,0,46278,46296
8708,4,46284,46334
8735,0,46296,46327
8782,1,46298,46324
8910,3,46301,46322
9060,2,46313,46319
9277,2,46319,46357
9287,3,46322,46348
9504,1,46324,46366
9873,0,46327,46371
9887,4,46334,46378
9902,3,46348,46363
9909,2,46357,46376
9939,3,46363,46384
9973,1,46366,46387
9990,0,46371,46396
115,2,46376,46396
288,4,46378,46400
373,3,46384,46418
515,1,46387,46398
540,0,46396,46433
812,2,46396,46422
886,1,46398,46442
1140,4,46400,46405
1188,4,46405,46427
1255,3,46418,46468
1273,2,46422,46450
1275,4,46427,46451
1343,0,46433,46442
1422,0,46442,46460
1677,1,46442,46476
1713,2,46450,46475
1894,4,46451,46482
2254,0,46460,46509
2515,3,46468,46496
2558,2,46475,46506
2698,1,46476,46515
2743,4,46482,46527
2844,3,46496,46541
2969,2,46506,46513
3022,0,46509,46543
3123,2,46513,46520
3141,1,46515,46550
3189,2,46520,46529
3265,4,46527,46535
3354,2,46529,46566
3380,4,46535,46544
3392,3,46541,46568
3487,0,46543,46570
3513,4,46544,46554
3519,1,46550,46562
3652,4,46554,46567
3742,1,46562,46605
3764,2,46566,46605
3823,4,46567,46574
3851,3,46568,46576
3893,0,46570,46617
4139,4,46574,46595
4278,3,46576,46587
4631,3,46587,46625
4765,4,46595,46613
4793,1,46605,46640
5032,2,46605,46618
5368,4,46613,46657
5643,0,46617,46661
5708,2,46618,46629
5739,3,46625,46638
5750,2,46629,46654
6103,3,46638,46656
6219,1,46640,46689
6384,2,46654,46666
6402,3,46656,46670
6458,4,46657,46705
6491,0,46661,46686
6596,2,46666,46715
6654,3,46670,46715
6697,0,46686,46729
6757,1,46689,46731
6778,4,46705,46731
7122,2,46715,46723
7286,3,46715,46752
7295,2,46723,46763
7316,0,46729,46759
7414,1,46731,46771
7450,4,46731,46772
7465,3,46752,46764
7534,0,46759,46766
7605,2,46763,46806
7728,3,46764,46803
7741,0,46766,46792
7818,1,46771,46808
7929,4,46772,46814
7974,0,46792,46832
8000,3,46803,46846
8195,2,46806,46843
8230,1,46808,46853
8325,4,46814,46827
8346,4,46827,46846
8686,0,46832,46862
8701,2,46843,46883
8977,3,46846,46894
9091,4,46846,46896
9092,1,46853,46869
9234,0,46862,46880
9448,1,46869,46883
9537,0,46880,46900
9568,1,46883,46928
9667,2,46883,46907
9729,3,46894,46913
9762,4,46896,46923
9822,0,46900,46914
74,2,46907,46930
219,3,46913,46935
291,0,46914,46950
320,4,46923,46973
384,1,46928,46945
502,2,46930,46955
569,3,46935,46942
661,3,46942,46962
662,1,46945,46984
684,0,46950,46992
717,2,46955,46965
723,3,46962,46986
842,2,46965,47010
899,4,46973,47005
923,1,46984,47023
931,3,46986,47025
1099,0,46992,47009
1165,4,47005,47041
1236,0,47009,47042
1271,2,47010,47044
1515,1,47023,47056
1531,3,47025,47068
1537,4,47041,47059
1664,0,47042,47067
1665,2,47044,47091
1727,1,47056,47082
1820,4,47059,47066
2131,4,47066,47078
2141,0,47067,47100
2190,3,47068,47089
2201,4,47078,47118
2282,1,47082,47120
2367,3,47089,47121
2470,2,47091,47137
2498,0,47100,47122
3002,4,47118,47130
3007,1,47120,47166
3155,3,47121,47167
3400,0,47122,47127
3408,0,47127,47173
3429,4,47130,47135
3500,4,47135,47146
3565,2,47137,47150
3587,4,47146,47188
3612,2,47150,47176
3932,1,47166,47171
4021,3,47167,47208
4107,1,47171,47195
4217,0,47173,47220
4299,2,47176,47204
4359,4,47188,47231
4647,1,47195,47240
4777,2,47204,47213
4878,3,47208,47217
5016,2,47213,47247
5184,3,47217,47226
5246,0,47220,47228
5248,3,47226,47264
5309,0,47228,47240
5346,4,47231,47280
5517,0,47240,47250
5549,1,47240,47262
5670,2,47247,47284
5700,0,47250,47263
6285,1,47262,47300
6385,0,47263,47313
6445,3,47264,47280
6470,3,47280,47287
6548,4,47280,47317
6605,2,47284,47317
7231,3,47287,47292
7250,3,47292,47323
7308,1,47300,47322
7655,0,47313,47357
7720,2,47317,47334
7936,4,47317,47367
8238,1,47322,47372
8262,3,47323,47332
8449,3,47332,47342
8528,2,47334,47363
8568,3,47342,47360
8592,0,47357,47404
8596,3,47360,47370
8739,2,47363,47390
8882,4,47367,47385
8918,3,47370,47376
8921,1,47372,47388
9139,3,47376,47420
9294,4,47385,47413
9324,1,47388,47416
9414,2,47390,47413
9576,0,47404,47420
9692,2,47413,47431
9920,4,47413,47430
9937,1,47416,47465
312,0,47420,47452
507,3,47420,47462
516,4,47430,47473
663,2,47431,47436
720,2,47436,47471
742,0,47452,47490
865,3,47462,47496
879,1,47465,47478
889,2,47471,47499
938,4,47473,47507
1137,1,47478,47507
1299,0,47490,47525
1391,3,47496,47521
1500,2,47499,47515
1557,1,47507,47549
1602,4,47507,47527
1626,2,47515,47530
1644,3,47521,47528
1716,0,47525,47555
1724,4,47527,47564
1776,3,47528,47553
1799,2,47530,47567
1831,1,47549,47568
2030,3,47553,47577
2080,0,47555,47599
2163,4,47564,47593
2240,2,47567,47603
2442,1,47568,47608
2550,3,47577,47615
2583,4,47593,47640
3168,0,47599,47643
3197,2,47603,47621
3214,1,47608,47623
3468,3,47615,47633
3493,2,47621,47658
3543,1,47623,47638
3729,3,47633,47648
3753,1,47638,47673
3798,4,47640,47673
3838,0,47643,47660
3850,3,47648,47655
4006,3,47655,47691
4170,2,47658,47664
4191,0,47660,47669
4192,2,47664,47694
4218,0,47669,47697
4490,1,47673,47709
4511,4,47673,47688
4638,4,47688,47731
4794,3,47691,47719
5059,2,47694,47699
5119,0,47697,47708
5302,2,47699,47737
5306,0,47708,47724
5359,1,47709,47747
5395,3,47719,47751
5435,0,47724,47752
5511,4,47731,47779
5551,2,47737,47743
5582,2,47743,47784
5609,1,47747,47775
5920,3,47751,47793
5985,0,47752,47800
6314,1,47775,47801
6457,4,47779,47793
6480,2,47784,47805
6507,3,47793,47815
6886,4,47793,47838
6905,0,47800,47830
7039,1,47801,47850
7079,2,47805,47841
7240,3,47815,47850
7273,0,47830,47843
7350,4,47838,47875
7394,2,47841,47859
7431,0,47843,47871
7529,1,47850,47889
7775,3,47850,47892
8141,2,47859,47874
8287,0,47871,47887
8678,2,47874,47888
8715,4,47875,47885
8767,4,47885,47934
8785,0,47887,47921
8803,2,47888,47929
8808,1,47889,47926
8920,3,47892,47920
8987,3,47920,47943
9132,0,47921,47926
9135,0,47926,47942
9275,1,47926,47942
9298,2,47929,47965
9307,4,47934,47960
9481,0,47942,47948
9923,1,47942,47980
31,3,47943,47972
44,0,47948,47993
123,4,47960,47995
155,2,47965,48000
217,3,47972,47989
220,1,47980,47987
242,1,47987,48028
251,3,47989,48034
344,0,47993,48019
369,4,47995,48002
415,2,48000,48039
419,4,48002,48032
643,0,48019,48063
942,1,48028,48039
1254,4,48032,48043
1318,3,48034,48081
1332,1,48039,48081
1370,2,48039,48082
1431,4,48043,48083
1472,0,48063,48081
1520,0,48081,48111
1532,1,48081,48122
1692,3,48081,48126
1785,2,48082,48101
1898,4,48083,48094
2174,4,48094,48102
2231,2,48101,48116
2237,4,48102,48109
2260,4,48109,48153
2437,0,48111,48143
2599,2,48116,48145
2609,1,48122,48141
2626,3,48126,48171
2705,1,48141,48191
2736,0,48143,48163
2769,2,48145,48193
2776,4,48153,48174
2842,0,48163,48179
2883,3,48171,48214
2904,4,48174,48211
2955,0,48179,48208
2980,1,48191,48207
3066,2,48193,48215
3156,1,48207,48241
3219,0,48208,48244
3403,4,48211,48233
3695,3,48214,48222
3774,2,48215,48235
3795,3,48222,48243
3828,4,48233,48255
4095,2,48235,48242
4097,1,48241,48255
4116,2,48242,48278
4394,3,48243,48265
4396,0,48244,48255
4479,0,48255,48285
4582,1,48255,48267
4635,4,48255,48262
4721,4,48262,48309
4726,3,48265,48311
4785,1,48267,48283
4843,2,48278,48313
4917,1,48283,48304
5045,0,48285,48299
5437,0,48299,48334
5712,1,48304,48345
5842,4,48309,48347
5882,3,48311,48317
5995,2,48313,48341
6157,3,48317,48354
6176,0,48334,48370
6215,2,48341,48378
6265,1,48345,48392
6296,4,48347,48390
6344,3,48354,48382
6411,0,48370,48416
6436,2,48378,48419
6483,3,48382,48398
6522,4,48390,48415
6628,1,48392,48398
6761,1,48398,48429
6915,3,48398,48437
7033,4,48415,48454
7099,0,48416,48431
7112,2,48419,48426
7226,2,48426,48461
7328,1,48429,48465
7335,0,48431,48460
7372,3,48437,48468
7380,4,48454,48491
7485,0,48460,48472
7521,2,48461,48503
7545,1,48465,48493
7549,3,48468,48508
7588,0,48472,48515
7599,4,48491,48532
7860,1,48493,48535
8056,2,48503,48535
8315,3,48508,48513
8394,3,48513,48521
8508,0,48515,48538
8532,3,48521,48564
8640,4,48532,48569
8724,1,48535,48565
8912,2,48535,48561
9159,0,48538,48563
9162,2,48561,48602
9213,0,48563,48581
9238,3,48564,48610
9388,1,48565,48589
9510,4,48569,48581
9597,0,48581,48608
9656,4,48581,48610
9664,1,48589,48599
9670,1,48599,48642
9741,2,48602,48644
9755,0,48608,48642
9831,3,48610,48649
9870,4,48610,48620
222,4,48620,48639
278,4,48639,48680
399,0,48642,48648
603,1,48642,48682
874,2,48644,48652
961,0,48648,48688
1059,3,48649,48698
1066,2,48652,48662
1127,2,48662,48667
1134,2,48667,48672
1305,2,48672,48707
1322,4,48680,48703
1384,1,48682,48689
1573,0,48688,48708
1701,1,48689,48696
1807,1,48696,48707
1871,3,48698,48714
1882,4,48703,48734
1886,1,48707,48731
1965,2,48707,48749
1986,0,48708,48754
2047,3,48714,48761
2058,1,48731,48781
2463,4,48734,48751
2543,2,48749,48769
2584,4,48751,48757
2944,0,48754,48766
2974,4,48757,48790
3078,3,48761,48802
3085,0,48766,48778
3087,2,48769,48808
3322,0,48778,48799
3431,1,48781,48800
3796,4,48790,48799
3965,0,48799,48824
4121,4,48799,48817
4155,1,48800,48835
4159,3,48802,48842
4177,2,48808,48856
4263,4,48817,48854
4434,0,48824,48865
4782,1,48835,48842
4988,1,48842,48862
5127,3,48842,48892
5147,4,48854,48860
5188,2,48856,48904
5256,4,48860,48908
5421,1,48862,48910
5453,0,48865,48911
5568,3,48892,48897
5635,3,48897,48919
5860,2,48904,48936
6127,4,48908,48928
6131,1,48910,48941
6185,0,48911,48925
6186,3,48919,48963
6327,0,48925,48954
6452,4,48928,48953
6464,2,48936,48976
6487,1,48941,48955
6509,4,48953,48991
6645,0,48954,48982
6763,1,48955,48964
6959,3,48963,48995
7136,1,48964,49001
7161,2,48976,49005
7215,0,48982,49006
7288,4,48991,49025
7361,3,48995,49003
7674,1,49001,49051
7734,3,49003,49026
7747,2,49005,49011
7765,0,49006,49041
7850,2,49011,49048
7911,4,49025,49039
8074,3,49026,49075
8097,4,49039,49078
8242,0,49041,49090
8301,2,49048,49078
8485,1,49051,49083
8591,3,49075,49085
8795,2,49078,49121
8881,4,49078,49108
8903,1,49083,49120
9309,3,49085,49115
9362,0,49090,49098
9499,0,49098,49141
9512,4,49108,49122
9733,3,49115,49124
9801,1,49120,49143
9838,2,49121,49149
9843,4,49122,49168
134,3,49124,49136
212,3,49136,49160
305,0,49141,49168
401,1,49143,49180
510,2,49149,49168
701,3,49160,49185
735,0,49168,49198
782,2,49168,49196
902,4,49168,49181
1036,1,49180,49200
1211,4,49181,49210
1266,3,49185,49215
1319,2,49196,49207
1337,0,49198,49208
1354,1,49200,49248
1468,2,49207,49214
1609,0,49208,49250
1848,4,49210,49239
1897,2,49214,49234
1960,3,49215,49222
2112,3,49222,49232
2227,3,49232,49257
2297,2,49234,49276
2653,4,49239,49277
2742,1,49248,49273
2745,0,49250,49300
2754,3,49257,49263
2810,3,49263,49302
2835,1,49273,49280
2950,2,49276,49313
2960,4,49277,49318
2997,1,49280,49317
3021,0,49300,49331
3040,3,49302,49314
3129,2,49313,49343
3148,3,49314,49326
3162,1,49317,49356
3169,4,49318,49361
3187,3,49326,49343
3201,0,49331,49336
3233,0,49336,49377
3358,2,49343,49393
3473,3,49343,49361
3611,1,49356,49362
3685,3,49361,49409
3769,4,49361,49378
3800,1,49362,49381
3803,0,49377,49419
3819,4,49378,49406
3927,1,49381,49404
3944,2,49393,49425
3957,1,49404,49431
3984,4,49406,49447
4008,3,49409,49426
4041,0,49419,49424
4382,0,49424,49438
4518,2,49425,49430
4552,3,49426,49451
4720,2,49430,49463
4889,1,49431,49465
4899,0,49438,49462
4916,4,49447,49477
5090,3,49451,49478
5301,0,49462,49489
5308,2,49463,49486
5449,1,49465,49482
5597,4,49477,49488
5600,3,49478,49513
5608,1,49482,49503
5620,2,49486,49535
5647,4,49488,49497
5764,0,49489,49494
5937,0,49494,49506
6001,4,49497,49502
6051,4,49502,49546
6085,1,49503,49528
6194,0,49506,49527
6277,3,49513,49526
6524,3,49526,49532
6818,0,49527,49534
6821,1,49528,49534
6822,3,49532,49565
7225,0,49534,49574
7260,1,49534,49547
7781,2,49535,49557
7861,4,49546,49554
7965,1,49547,49575
8199,4,49554,49594
8295,2,49557,49582
8308,3,49565,49613
8365,0,49574,49609
8412,1,49575,49625
8445,2,49582,49622
8562,4,49594,49599
8706,4,49599,49625
8753,0,49609,49644
8964,3,49613,49646
9019,2,49622,49630
9080,1,49625,49674
9120,4,49625,49672
9148,2,49630,49642
9286,2,49642,49664
9487,0,49644,49649
9523,3,49646,49652
9629,0,49649,49687
9633,3,49652,49690
9639,2,49664,49709
9647,4,49672,49710
9649,1,49674,49697
26,0,49687,49710
53,3,49690,49736
302,1,49697,49746
470,2,49709,49717
862,0,49710,49726
1045,4,49710,49745
1067,2,49717,49758
1095,0,49726,49743
1280,3,49736,49747
1548,0,49743,49777
1660,4,49745,49756
1702,1,49746,49782
1707,3,49747,49763
1825,4,49756,49797
1888,2,49758,49799
1895,3,49763,49804
1930,0,49777,49798
2002,1,49782,49798
2155,4,49797,49813
2160,0,49798,49830
2694,1,49798,49810
2714,2,49799,49832
2785,3,49804,49838
2886,1,49810,49819
2895,4,49813,49859
2972,1,49819,49856
3009,0,49830,49842
3041,2,49832,49868
3118,3,49838,49887
3243,0,49842,49874
3417,1,49856,49905
3484,4,49859,49875
3709,2,49868,49884
3997,0,49874,49885
4009,4,49875,49903
4035,2,49884,49912
4064,0,49885,49912
4410,3,49887,49916
4461,4,49903,49928
4464,1,49905,49914
4605,0,49912,49945
4630,2,49912,49945
4634,1,49914,49953
4771,3,49916,49937
4970,4,49928,49975
5039,3,49937,49969
5091,0,49945,49966
5144,2,49945,49989
5151,1,49953,49988
5190,0,49966,49982
5283,3,49969,49976
5335,4,49975,50005
5429,3,49976,49991
5443,0,49982,50001
5783,1,49988,50014
5809,2,49989,50030
5823,3,49991,50007
5830,0,50001,50034
5944,4,50005,50011
5954,3,50007,50014
6002,4,50011,50028
6023,1,50014,50053
6173,3,50014,50020
6174,3,50020,50049
6193,4,50028,50034
6373,2,50030,50057
6490,0,50034,50051
6600,4,50034,50079
6634,3,50049,50062
6700,0,50051,50057
6714,1,50053,50060
6808,0,50057,50105
6904,2,50057,50106
6909,1,50060,50109
6981,3,50062,50110
7034,4,50079,50100
7194,4,50100,50133
7333,0,50105,50124
7371,2,50106,50150
7398,1,50109,50132
7495,3,50110,50122
7640,3,50122,50141
7767,0,50124,50131
8073,0,50131,50154
8354,1,50132,50181
8385,4,50133,50177
8424,3,50141,50148
8620,3,50148,50173
8830,2,50150,50182
8865,0,50154,50162
8883,0,50162,50199
9018,3,50173,50200
9113,4,50177,50207
9266,1,50181,50202
9392,2,50182,50200
9509,0,50199,50245
9522,2,50200,50236
9525,3,50200,50229
9540,1,50202,50214
9763,4,50207,50244
9861,1,50214,50232
9880,3,50229,50268
9918,1,50232,50248
84,2,50236,50269
245,4,50244,50262
426,0,50245,50267
428,1,50248,50258
443,1,50258,50296
520,4,50262,50276
548,0,50267,50295
586,3,50268,50278
914,2,50269,50318
974,4,50276,50313
1079,3,50278,50307
1144,0,50295,50337
1147,1,50296,50330
1230,3,50307,50332
1595,4,50313,50319
1638,2,50318,50356
1813,4,50319,50325
2331,4,50325,50368
2401,1,50330,50353
2411,3,50332,50356
2425,0,50337,50382
2497,1,50353,50373
2510,2,50356,50381
2559,3,50356,50382
2589,4,50368,50411
2729,1,50373,50385
2805,2,50381,50419
3033,0,50382,50401
3071,3,50382,50402
3090,1,50385,50417
3234,0,50401,50450
3398,3,50402,50448
3613,4,50411,50421
4075,1,50417,50424
4101,2,50419,50442
4448,4,50421,50464
4560,1,50424,50466
4569,2,50442,50491
4809,3,50448,50486
4842,0,50450,50463
4908,0,50463,50500
4948,4,50464,50482
5042,1,50466,50486
5255,4,50482,50530
5297,1,50486,50501
5339,3,50486,50492
5367,2,50491,50520
5403,3,50492,50512
5477,0,50500,50533
5495,1,50501,50517
5524,3,50512,50538
5645,1,50517,50562
5698,2,50520,50536
5720,4,50530,50578
6028,0,50533,50578
6030,2,50536,50574
6099,3,50538,50582
6166,1,50562,50612
6340,2,50574,50589
6395,0,50578,50626
6754,4,50578,50614
6799,3,50582,50614
6906,2,50589,50614
7045,1,50612,50641
7092,2,50614,50664
7284,3,50614,50663
7499,4,50614,50643
7530,0,50626,50670
7587,1,50641,50652
7620,4,50643,50650
7783,4,50650,50695
7809,1,50652,50687
7821,3,50663,50678
7918,2,50664,50669
7945,2,50669,50714
8035,0,50670,50702
8062,3,50678,50711
8414,1,50687,50696
8416,4,50695,50733
8447,1,50696,50712
8601,0,50702,50742
8787,3,50711,50723
8884,1,50712,50760
8887,2,50714,50728
9049,3,50723,50773
9131,2,50728,50776
9218,4,50733,50739
9319,4,50739,50746
9353,0,50742,50782
9398,4,50746,50794
9431,1,50760,50805
9445,3,50773,50803
9583,2,50776,50799
9638,0,50782,50803
9648,4,50794,50844
9814,2,50799,50836
9830,0,50803,50828
9930,3,50803,50822
92,1,50805,50834
125,3,50822,50837
268,0,50828,50860
342,1,50834,50869
346,2,50836,50871
467,3,50837,50869
517,4,50844,50872
529,0,50860,50899
821,1,50869,50902
1072,3,50869,50898
1180,2,50871,50898
1200,4,50872,50888
1253,4,50888,50896
2011,4,50896,50927
2288,2,50898,50934
2314,3,50898,50937
2332,0,50899,50916
2508,1,50902,50924
2526,0,50916,50928
2554,1,50924,50948
2725,4,50927,50964
2772,0,50928,50956
2788,2,50934,50958
3369,3,50937,50981
3476,1,50948,50980
3479,0,50956,51006
3645,2,50958,50968
3664,4,50964,51007
3886,2,50968,51008
3960,1,50980,51001
4004,3,50981,50998
4242,3,50998,51034
4314,1,51001,51024
4374,0,51006,51039
4469,4,51007,51023
4530,2,51008,51021
4536,2,51021,51046
4571,4,51023,51057
4667,1,51024,51055
4805,3,51034,51074
4881,0,51039,51060
5114,2,51046,51095
5173,1,51055,51070
5183,4,51057,51071
5299,0,51060,51110
5417,1,51070,51112
5595,4,51071,51080
5630,3,51074,51103
5672,4,51080,51118
5805,2,51095,51136
6074,3,51103,51128
6092,0,51110,51153
6316,1,51112,51131
6361,4,51118,51168
6527,3,51128,51169
6699,1,51131,51163
6733,2,51136,51168
6972,0,51153,51164
7085,1,51163,51200
7160,0,51164,51171
7177,2,51168,51212
7217,4,51168,51208
7275,3,51169,51187
7342,0,51171,51187
7500,0,51187,51223
7695,3,51187,51200
7892,1,51200,51237
7933,3,51200,51224
7947,4,51208,51255
8059,2,51212,51256
8131,0,51223,51234
8176,3,51224,51251
8261,0,51234,51284
8276,1,51237,51274
8293,3,51251,51278
8405,4,51255,51295
8491,2,51256,51284
8629,1,51274,51287
8693,3,51278,51301
8771,0,51284,51298
8919,2,51284,51308
8984,1,51287,51321
9112,4,51295,51340
9171,0,51298,51329
9310,3,51301,51336
9323,2,51308,51341
9385,1,51321,51338
9401,0,51329,51347
9447,3,51336,51367
9521,1,51338,51387
9543,4,51340,51368
9760,2,51341,51381
9828,0,51347,51378
9872,3,51367,51393
9928,4,51368,51377
160,4,51377,51387
274,0,51378,51404
324,2,51381,51423
473,1,51387,51414
555,4,51387,51404
557,3,51393,51402
565,3,51402,51442
804,0,51404,51409
949,4,51404,51437
1026,0,51409,51444
1232,1,51414,51462
1313,2,51423,51452
1383,4,51437,51473
1550,3,51442,51456
1584,0,51444,51457
1757,2,51452,51465
1879,3,51456,51477
1909,0,51457,51500
1966,1,51462,51475
2108,2,51465,51487
2143,4,51473,51480
2399,1,51475,51518
2564,3,51477,51495
2648,4,51480,51503
2664,2,51487,51527
2695,3,51495,51501
2744,0,51500,51515
2823,3,51501,51522
2865,4,51503,51514
3137,4,51514,51539
3144,0,51515,51534
3259,1,51518,51546
3394,3,51522,51557
3415,2,51527,51575
3418,0,51534,51572
3455,4,51539,51586
3507,1,51546,51565
3621,3,51557,51573
3740,1,51565,51588
3816,0,51572,51622
3831,3,51573,51614
3841,2,51575,51597
3958,4,51586,51633
3969,1,51588,51625
4001,2,51597,51632
4077,3,51614,51636
4214,0,51622,51630
4254,1,51625,51671
4317,0,51630,51659
4326,2,51632,51645
4576,4,51633,51672
4761,3,51636,51656
4898,2,51645,51655
4910,2,51655,51665
4920,3,51656,51684
4998,0,51659,51706
5073,2,51665,51680
5169,1,51671,51691
5322,4,51672,51720
5371,2,51680,51720
5632,3,51684,51706
5634,1,51691,51729
5676,0,51706,51756
5684,3,51706,51747
5733,2,51720,51746
5738,4,51720,51754
5763,1,51729,51753
5818,2,51746,51796
5909,3,51747,51766
6167,1,51753,51760
6245,4,51754,51778
6392,0,51756,51774
6578,1,51760,51772
6708,3,51766,51789
6860,1,51772,51816
6878,0,51774,51810
6935,4,51778,51817
7073,3,51789,51828
7091,2,51796,51809
7176,2,51809,51820
7345,0,51810,51831
7417,1,51816,51822
7679,4,51817,51846
7887,2,51820,51840
7957,1,51822,51860
8005,3,51828,51860
8071,0,51831,51857
8091,2,51840,51851
8153,4,51846,51856
8158,2,51851,51891
8259,4,51856,51880
8355,0,51857,51865
8407,1,51860,51895
8467,3,51860,51882
8474,0,51865,51881
8635,4,51880,51890
8709,0,51881,51912
8731,3,51882,51887
8821,3,51887,51923
8850,4,51890,51904
8885,2,51891,51905
9121,1,51895,51918
9214,4,51904,51910
9300,2,51905,51915
9752,4,51910,51920
9844,0,51912,51917
9848,2,51915,51940
9931,0,51917,51951
144,1,51918,51964
262,4,51920,51937
338,3,51923,51961
410,4,51937,51952
535,2,51940,51949
570,2,51949,51998
615,0,51951,51962
704,4,51952,51958
777,4,51958,51973
880,3,51961,51982
981,0,51962,51983
1050,1,51964,51981
1178,4,51973,52005
1223,1,51981,52016
1286,3,51982,51991
1317,0,51983,52001
1345,3,51991,52019
1401,2,51998,52033
1418,0,52001,52027
1455,4,52005,52024
1477,1,52016,52037
1552,3,52019,52036
1634,4,52024,52048
2036,0,52027,52053
2078,2,52033,52042
2110,3,52036,52049
2249,1,52037,52054
2277,2,52042,52052
2530,4,52048,52057
2702,3,52049,52058
2775,2,52052,52098
2846,0,52053,52099
2933,1,52054,52093
3044,4,52057,52093
3142,3,52058,52079
3161,3,52079,52129
3178,1,52093,52114
3190,4,52093,52114
3224,2,52098,52128
3282,0,52099,52124
3485,1,52114,52163
3530,4,52114,52157
3581,0,52124,52166
3683,2,52128,52137
3699,3,52129,52176
4067,2,52137,52162
4258,4,52157,52172
4260,2,52162,52175
4274,1,52163,52183
4366,0,52166,52174
4666,4,52172,52179
4804,0,52174,52205
4879,2,52175,52212
4914,3,52176,52194
5050,4,52179,52198
5069,1,52183,52198
5107,3,52194,52222
5166,1,52198,52233
5266,4,52198,52222
5280,0,52205,52221
5284,2,52212,52224
5358,0,52221,52239
5471,3,52222,52259
5508,4,52222,52229
5565,2,52224,52246
5706,4,52229,52251
5713,1,52233,52279
5748,0,52239,52269
5857,2,52246,52293
5862,4,52251,52257
6112,4,52257,52278
6477,3,52259,52292
6630,0,52269,52292
6893,4,52278,52294
7052,1,52279,52308
7056,0,52292,52301
7103,3,52292,52298
7143,2,52293,52340
7193,4,52294,52313
7233,3,52298,52320
7294,0,52301,52343
7363,1,52308,52343
7606,4,52313,52329
7617,3,52320,52340
7636,4,52329,52378
7785,2,52340,52384
7854,3,52340,52356
7889,0,52343,52375
7954,1,52343,52379
8041,3,52356,52400
8160,0,52375,52415
8180,4,52378,52384
8338,1,52379,52405
8450,2,52384,52395
8452,4,52384,52422
8544,2,52395,52438
8877,3,52400,52442
9044,1,52405,52455
9074,0,52415,52427
9175,4,52422,52450
9176,0,52427,52459
9244,2,52438,52476
9581,3,52442,52463
9592,4,52450,52476
9643,1,52455,52475
9742,0,52459,52482
9907,3,52463,52508
9968,1,52475,52496
34,2,52476,52523
162,4,52476,52524
317,0,52482,52503
363,1,52496,52516
437,0,52503,52529
442,3,52508,52539
494,1,52516,52527
1088,2,52523,52534
1157,4,52524,52555
1276,1,52527,52575
1320,0,52529,52569
1506,2,52534,52561
1792,3,52539,52558
1818,4,52555,52589
1855,3,52558,52583
1984,2,52561,52607
2014,0,52569,52602
2095,1,52575,52613
2351,3,52583,52627
2424,4,52589,52627
2444,0,52602,52652
2680,2,52607,52633
2704,1,52613,52653
2869,3,52627,52666
3280,4,52627,52671
3365,2,52633,52643
3405,2,52643,52692
3509,0,52652,52688
3553,1,52653,52661
3562,1,52661,52668
3601,3,52666,52700
3642,1,52668,52699
3713,4,52671,52712
3745,0,52688,52719
3976,2,52692,52698
4019,2,52698,52722
4059,1,52699,52744
4143,3,52700,52725
4224,4,52712,52719
4339,0,52719,52755
4341,4,52719,52761
4417,2,52722,52730
4593,3,52725,52760
4774,2,52730,52780
4791,1,52744,52775
4811,0,52755,52791
4929,3,52760,52801
5005,4,52761,52811
5121,1,52775,52825
5134,2,52780,52787
5233,2,52787,52824
5312,0,52791,52841
5320,3,52801,52810
5436,3,52810,52828
5463,4,52811,52835
5558,2,52824,52853
5831,1,52825,52860
5872,3,52828,52874
5903,4,52835,52857
5922,0,52841,52885
5958,2,52853,52860
6079,4,52857,52895
6086,1,52860,52892
6096,2,52860,52877
6105,3,52874,52907
6172,2,52877,52915
6197,0,52885,52895
6209,1,52892,52937
6394,0,52895,52918
7081,4,52895,52905
7555,4,52905,52942
7557,3,52907,52930
7566,2,52915,52950
7567,0,52918,52924
7574,0,52924,52961
7581,3,52930,52944
7730,1,52937,52950
7744,4,52942,52989
7794,3,52944,52986
8147,1,52950,52962
8227,2,52950,52962
8356,0,52961,52975
8479,1,52962,52983
8515,2,52962,52975
8526,0,52975,53018
8570,2,52975,53000
8764,1,52983,53016
8824,3,52986,53015
9078,4,52989,53032
9228,2,53000,53008
9490,2,53008,53017
9645,3,53015,53030
9685,1,53016,53059
9721,2,53017,53035
9941,0,53018,53027
267,0,53027,53047
269,3,53030,53047
290,4,53032,53061
500,2,53035,53065
577,0,53047,53080
583,3,53047,53090
741,1,53059,53066
1042,4,53061,53093
1160,2,53065,53107
1241,1,53066,53106
1292,0,53080,53110
1309,3,53090,53138
1518,4,53093,53143
1663,1,53106,53138
1685,2,53107,53150
1744,0,53110,53154
1804,1,53138,53174
1979,3,53138,53144
2048,4,53143,53192
2065,3,53144,53184
2084,2,53150,53166
2103,0,53154,53178
2222,2,53166,53175
2251,1,53174,53210
2303,2,53175,53198
2342,0,53178,53213
2360,3,53184,53193
2366,4,53192,53241
2431,3,53193,53227
2465,2,53198,53229
2596,1,53210,53218
2661,0,53213,53242
2663,1,53218,53264
2710,3,53227,53250
2741,2,53229,53251
2764,4,53241,53251
2809,0,53242,53262
2829,3,53250,53292
2840,2,53251,53273
2959,4,53251,53258
3107,4,53258,53274
3114,0,53262,53273
3177,1,53264,53305
3194,0,53273,53287
3367,2,53273,53300
3522,4,53274,53279
3782,4,53279,53291
3839,0,53287,53312
3956,4,53291,53298
3961,3,53292,53329
4043,4,53298,53348
4273,2,53300,53331
4331,1,53305,53354
4431,0,53312,53338
4433,3,53329,53368
4705,2,53331,53352
4717,0,53338,53376
4764,4,53348,53366
4800,2,53352,53385
4904,1,53354,53371
5130,4,53366,53380
5133,3,53368,53406
5140,1,53371,53391
5618,0,53376,53389
5840,4,53380,53412
6065,2,53385,53394
6075,0,53389,53435
6189,1,53391,53401
6228,2,53394,53425
6393,1,53401,53435
6425,3,53406,53438
6510,4,53412,53441
6560,2,53425,53458
6599,0,53435,53457
6663,1,53435,53446
6820,3,53438,53471
7173,4,53441,53481
7195,1,53446,53472
7430,0,53457,53492
7463,2,53458,53500
7608,3,53471,53511
7745,1,53472,53487
7788,4,53481,53527
7951,1,53487,53528
7988,0,53492,53532
8027,2,53500,53527
8105,3,53511,53559
8177,2,53527,53543
8192,4,53527,53576
8326,1,53528,53539
8475,0,53532,53582
8516,1,53539,53556
8768,2,53543,53552
8878,2,53552,53601
9008,1,53556,53590
9184,3,53559,53575
9332,3,53575,53594
9466,4,53576,53591
9500,0,53582,53609
9511,1,53590,53605
9549,4,53591,53613
9679,3,53594,53611
9703,2,53601,53648
9808,1,53605,53642
9841,0,53609,53636
18,3,53611,53636
100,4,53613,53631
187,4,53631,53676
337,0,53636,53672
382,3,53636,53665
453,1,53642,53666
524,2,53648,53653
589,2,53653,53670
633,3,53665,53686
700,1,53666,53676
1065,2,53670,53690
1190,0,53672,53705
1258,1,53676,53690
1302,4,53676,53707
1361,3,53686,53713
1565,1,53690,53704
1788,2,53690,53707
2049,1,53704,53728
2129,0,53705,53717
2173,2,53707,53719
2381,4,53707,53739
2436,3,53713,53733
2590,0,53717,53731
2668,2,53719,53735
2679,1,53728,53736
2739,0,53731,53745
3024,3,53733,53748
3026,2,53735,53778
3050,1,53736,53769
3220,4,53739,53751
3287,0,53745,53754
3458,3,53748,53766
3515,4,53751,53773
3516,0,53754,53764
3606,0,53764,53814
3711,3,53766,53777
3771,1,53769,53794
3912,4,53773,53813
4080,3,53777,53807
4236,2,53778,53810
4423,1,53794,53844
4508,3,53807,53856
4550,2,53810,53858
4578,4,53813,53851
4772,0,53814,53847
4787,1,53844,53888
4826,0,53847,53880
4863,4,53851,53892
4866,3,53856,53869
5189,2,53858,53875
5211,3,53869,53908
5507,2,53875,53893
5865,0,53880,53908
6013,1,53888,53906
6143,4,53892,53919
6326,2,53893,53912
6364,1,53906,53923
6528,0,53908,53917
6616,3,53908,53928
6653,2,53912,53956
7147,0,53917,53924
7364,4,53919,53943
7462,1,53923,53934
7542,0,53924,53952
7551,3,53928,53950
7628,1,53934,53953
7631,4,53943,53985
7690,3,53950,53993
7709,0,53952,53980
7946,1,53953,53971
7976,2,53956,53966
8030,2,53966,53992
8193,1,53971,53983
8216,0,53980,53997
8248,1,53983,54019
8461,4,53985,54029
8513,2,53992,54035
8721,3,53993,54012
8934,0,53997,54030
8999,3,54012,54017
9003,3,54017,54031
9010,1,54019,54061
9134,4,54029,54079
9158,0,54030,54061
9196,3,54031,54077
9198,2,54035,54065
9224,0,54061,54085
9291,1,54061,54102
9498,2,54065,54103
9570,3,54077,54109
9590,4,54079,54128
9682,0,54085,54092
9726,0,54092,54111
9820,1,54102,54122
9882,2,54103,54138
9884,3,54109,54149
9903,0,54111,54149
143,1,54122,54164
221,4,54128,54135
254,4,54135,54178
299,2,54138,54176
446,0,54149,54166
471,3,54149,54191
568,1,54164,54180
626,0,54166,54213
724,2,54176,54219
732,4,54178,54203
843,1,54180,54201
861,3,54191,54209
1037,1,54201,54229
1341,4,54203,54252
1397,3,54209,54256
1420,0,54213,54247
1470,2,54219,54258
1749,1,54229,54270
2003,0,54247,54297
2023,4,54252,54278
2371,3,54256,54297
2393,2,54258,54276
2483,1,54270,54313
2492,2,54276,54318
2548,4,54278,54294
2567,4,54294,54313
2719,0,54297,54319
2752,3,54297,54317
2827,1,54313,54325
2838,4,54313,54344
2918,3,54317,54353
3076,2,54318,54354
3199,0,54319,54335
3399,1,54325,54364
3401,0,54335,54358
3533,4,54344,54371
3541,3,54353,54393
3871,2,54354,54381
3974,0,54358,54405
4076,1,54364,54411
4134,4,54371,54379
4171,4,54379,54427
4324,2,54381,54399
4363,3,54393,54425
4388,2,54399,54430
4501,0,54405,54436
4506,1,54411,54457
4544,3,54425,54445
4567,4,54427,54453
4606,2,54430,54477
4607,0,54436,54478
4625,3,54445,54453
4669,3,54453,54469
4688,4,54453,54501
4767,1,54457,54464
4926,1,54464,54480
5040,3,54469,54510
5163,2,54477,54520
5274,0,54478,54511
5287,1,54480,54511
5330,4,54501,54506
5521,4,54506,54532
5563,3,54510,54529
5642,0,54511,54521
5814,1,54511,54527
5890,2,54520,54540
6089,0,54521,54562
6177,1,54527,54577
6443,3,54529,54538
6449,4,54532,54572
6753,3,54538,54575
6797,2,54540,54585
6826,0,54562,54609
7071,4,54572,54617
7187,3,54575,54589
7196,1,54577,54609
7476,2,54585,54609
7489,3,54589,54602
8023,3,54602,54644
8111,0,54609,54635
8462,1,54609,54637
8662,2,54609,54633
8702,4,54617,54628
8789,4,54628,54648
8801,2,54633,54662
8845,0,54635,54662
8941,1,54637,54665
9025,3,54644,54678
9028,4,54648,54662
9201,0,54662,54697
9280,2,54662,54704
9394,4,54662,54702
9468,1,54665,54697
9479,3,54678,54693
9756,3,54693,54703
9815,0,54697,54704
9975,1,54697,54729
