task_id,resource_id,start_time,finish_time
255,2,0,24
2544,0,0,37
4456,4,0,29
669,3,1,38
7799,1,2,11
1949,1,11,46
9053,2,24,35
7736,4,29,71
668,2,35,67
3623,0,37,46
688,3,38,73
6580,0,46,55
3457,1,46,62
5681,0,55,73
7330,1,62,104
3270,2,67,116
9983,4,71,91
5705,0,73,123
5722,3,73,94
1916,4,91,121
7044,3,94,116
9602,1,104,132
273,3,116,126
5593,2,116,136
2290,4,121,165
1215,0,123,129
1326,3,126,135
9728,0,129,169
6312,1,132,149
5425,3,135,182
9212,2,136,170
7183,1,149,155
8250,1,155,180
1135,4,165,170
3443,0,169,176
4504,2,170,202
2405,4,170,176
3896,0,176,214
5228,4,176,215
9288,1,180,192
8415,3,182,228
7461,1,192,208
9759,2,202,233
8409,1,208,213
2181,1,213,243
6827,0,214,239
8175,4,215,261
6838,3,228,257
2993,2,233,280
2675,0,239,269
5156,1,243,276
2711,3,257,287
9167,4,261,281
6250,0,269,301
7914,1,276,318
3416,2,280,296
3872,4,281,296
5849,3,287,319
7563,2,296,317
3949,4,296,316
2821,0,301,313
4947,0,313,326
6828,4,316,363
2594,2,317,344
9243,1,318,367
2976,3,319,335
5235,0,326,343
5470,3,335,341
647,3,341,382
6650,0,343,384
7078,2,344,366
146,4,363,394
2396,2,366,382
2686,1,367,382
2803,3,382,413
3003,2,382,415
2859,1,382,426
5164,0,384,417
319,4,394,417
3859,3,413,457
840,2,415,424
8763,4,417,440
8965,0,417,436
9223,2,424,457
9516,1,426,468
6824,0,436,453
3353,4,440,451
4181,4,451,459
8653,0,453,503
5871,3,457,478
1206,2,457,501
5459,4,459,486
96,1,468,480
6104,3,478,505
538,1,480,490
5685,4,486,504
6467,1,490,520
2106,2,501,525
4137,0,503,533
7847,4,504,548
80,3,505,528
9404,1,520,561
2910,2,525,535
4093,3,528,544
5601,0,533,561
955,2,535,544
2421,3,544,570
8207,2,544,565
5126,4,548,597
7319,1,561,607
2493,0,561,595
818,2,565,595
3767,3,570,576
846,3,576,613
4795,2,595,615
9589,0,595,613
6246,4,597,635
5564,1,607,648
3221,3,613,660
8967,0,613,654
2132,2,615,643
1491,4,635,685
7149,2,643,650
7146,1,648,690
5519,2,650,661
8350,0,654,697
6102,3,660,694
9548,2,661,668
7357,2,668,695
4614,4,685,703
9915,1,690,733
9635,3,694,716
5263,2,695,714
1841,0,697,736
6240,4,703,732
6139,2,714,745
3268,3,716,756
1823,4,732,746
1529,1,733,772
2843,0,736,755
6776,2,745,767
2256,4,746,793
2971,0,755,762
7931,3,756,791
6118,0,762,789
7019,2,767,772
7507,1,772,798
7228,2,772,810
3665,0,789,829
3551,3,791,803
6661,4,793,820
2779,1,798,836
7024,3,803,832
7179,2,810,848
3923,4,820,852
6684,0,829,879
8746,3,832,864
6832,1,836,842
7513,1,842,870
3826,2,848,877
3964,4,852,874
3463,3,864,871
3836,1,870,880
6675,3,871,912
9906,4,874,912
6542,2,877,885
9704,0,879,904
6626,1,880,928
5433,2,885,922
6843,0,904,913
6608,3,912,950
7126,4,912,952
3246,0,913,935
86,2,922,927
1755,2,927,932
4404,1,928,944
9241,2,932,946
4334,0,935,957
8839,1,944,974
5088,2,946,969
2539,3,950,960
8222,4,952,979
1056,0,957,988
2749,3,960,967
7426,3,967,975
4855,2,969,975
1070,1,974,994
4949,3,975,1011
764,2,975,1023
7770,4,979,992
5833,0,988,1030
2417,4,992,1002
503,1,994,1022
4131,4,1002,1045
5159,3,1011,1026
1682,1,1022,1058
4118,2,1023,1061
6861,3,1026,1033
3460,0,1030,1062
2878,3,1033,1067
8358,4,1045,1059
5082,1,1058,1076
3001,4,1059,1106
7069,2,1061,1107
8487,0,1062,1089
3524,3,1067,1073
8026,3,1073,1120
534,1,1076,1123
5213,0,1089,1104
8705,0,1104,1122
7141,4,1106,1127
7561,2,1107,1116
7733,2,1116,1125
7148,3,1120,1138
5555,0,1122,1155
3590,1,1123,1159
2992,2,1125,1152
5122,4,1127,1163
7597,3,1138,1154
971,2,1152,1186
1993,3,1154,1160
376,0,1155,1188
638,1,1159,1206
2008,3,1160,1180
9963,4,1163,1169
1363,4,1169,1199
154,3,1180,1221
3919,2,1186,1218
4288,0,1188,1199
7758,4,1199,1217
5112,0,1199,1215
2665,1,1206,1233
5207,0,1215,1232
8953,4,1217,1227
5273,2,1218,1233
4832,3,1221,1232
705,4,1227,1254
9356,0,1232,1275
6155,3,1232,1267
3297,1,1233,1243
7496,2,1233,1241
309,2,1241,1246
8792,1,1243,1260
250,2,1246,1274
9863,4,1254,1287
9611,1,1260,1281
7261,3,1267,1287
2242,2,1274,1323
6625,0,1275,1290
576,1,1281,1314
4000,4,1287,1294
4216,3,1287,1328
8036,0,1290,1302
1579,4,1294,1305
1703,0,1302,1315
8648,4,1305,1354
8225,1,1314,1355
8836,0,1315,1324
5853,2,1323,1367
8178,0,1324,1346
762,3,1328,1342
3293,3,1342,1387
8612,0,1346,1394
75,4,1354,1392
256,1,1355,1392
8573,2,1367,1416
5409,3,1387,1417
6762,1,1392,1440
1075,4,1392,1420
993,0,1394,1412
2566,0,1412,1434
9142,2,1416,1427
9802,3,1417,1465
1197,4,1420,1452
836,2,1427,1440
3973,0,1434,1459
2696,1,1440,1447
9320,2,1440,1462
2225,1,1447,1497
4239,4,1452,1480
8682,0,1459,1482
8933,2,1462,1502
6210,3,1465,1481
4413,4,1480,1495
8633,3,1481,1527
2640,0,1482,1515
4455,4,1495,1529
6059,1,1497,1535
2748,2,1502,1525
3266,0,1515,1549
8625,2,1525,1571
3105,3,1527,1556
7899,4,1529,1558
3130,1,1535,1548
6660,1,1548,1556
530,0,1549,1554
3701,0,1554,1583
5028,1,1556,1566
7042,3,1556,1565
680,4,1558,1567
8922,3,1565,1603
4031,1,1566,1587
6688,4,1567,1595
1511,2,1571,1619
9449,0,1583,1606
5018,1,1587,1623
1504,4,1595,1640
7657,3,1603,1646
1904,0,1606,1616
4704,0,1616,1636
8561,2,1619,1638
3088,1,1623,1666
5835,0,1636,1655
9329,2,1638,1650
1985,4,1640,1652
645,3,1646,1651
3617,2,1650,1660
4148,3,1651,1667
2484,4,1652,1671
1835,0,1655,1683
7186,2,1660,1693
7680,1,1666,1682
7498,3,1667,1708
8585,4,1671,1719
5859,1,1682,1689
3948,0,1683,1704
9222,1,1689,1738
50,2,1693,1725
9435,0,1704,1745
1933,3,1708,1735
6088,4,1719,1725
7159,4,1725,1754
1426,2,1725,1755
3379,3,1735,1750
1784,1,1738,1770
6254,0,1745,1792
7192,3,1750,1780
7823,4,1754,1788
567,2,1755,1772
2808,1,1770,1780
4422,2,1772,1812
5165,3,1780,1785
532,1,1780,1790
9910,3,1785,1835
783,4,1788,1837
2206,1,1790,1799
9488,0,1792,1808
7125,1,1799,1808
3406,0,1808,1816
8915,1,1808,1837
6273,2,1812,1823
4124,0,1816,1837
4,2,1823,1834
6853,2,1834,1881
2962,3,1835,1844
8895,4,1837,1884
9144,0,1837,1847
6229,1,1837,1876
6782,3,1844,1865
95,0,1847,1862
793,0,1862,1867
8722,3,1865,1893
4748,0,1867,1906
1306,1,1876,1920
9325,2,1881,1923
3761,4,1884,1920
4523,3,1893,1927
8422,0,1906,1917
1750,0,1917,1967
6221,4,1920,1943
3542,1,1920,1942
7322,2,1923,1941
7466,3,1927,1970
8615,2,1941,1973
5352,1,1942,1950
3940,4,1943,1978
6806,1,1950,1980
5257,0,1967,1991
7293,3,1970,1980
1723,2,1973,1996
6199,4,1978,2002
2158,3,1980,2004
7001,1,1980,2004
7623,0,1991,2012
1852,2,1996,2018
3545,4,2002,2030
2368,3,2004,2019
2642,1,2004,2013
4373,0,2012,2021
2847,1,2013,2057
7428,2,2018,2034
2571,3,2019,2036
9107,0,2021,2031
7278,4,2030,2053
5350,0,2031,2039
2716,2,2034,2055
4112,3,2036,2052
8084,0,2039,2047
3423,0,2047,2056
5408,3,2052,2071
2432,4,2053,2074
8770,2,2055,2088
6423,0,2056,2081
3676,1,2057,2065
6184,1,2065,2078
8174,3,2071,2106
6267,4,2074,2119
7128,1,2078,2128
2040,0,2081,2128
9680,2,2088,2136
9242,3,2106,2153
7751,4,2119,2134
136,0,2128,2135
7253,1,2128,2136
3480,4,2134,2170
6875,0,2135,2176
169,2,2136,2142
1894,1,2136,2167
5418,2,2142,2182
6739,3,2153,2160
831,3,2160,2165
6014,3,2165,2174
3823,1,2167,2174
6062,4,2170,2213
7897,3,2174,2204
4479,1,2174,2204
5254,0,2176,2200
8617,2,2182,2201
9854,0,2200,2238
307,2,2201,2236
3573,3,2204,2218
7372,1,2204,2235
1653,4,2213,2225
4922,3,2218,2227
6638,4,2225,2239
7677,3,2227,2275
5449,1,2235,2252
3198,2,2236,2285
9143,0,2238,2257
1419,4,2239,2280
8601,1,2252,2292
841,0,2257,2273
1736,0,2273,2308
74,3,2275,2298
5826,4,2280,2298
5375,2,2285,2306
4571,1,2292,2326
1914,4,2298,2318
384,3,2298,2315
3589,2,2306,2331
6494,0,2308,2338
9937,3,2315,2364
6217,4,2318,2334
981,1,2326,2347
3670,2,2331,2349
8471,4,2334,2357
9598,0,2338,2375
317,1,2347,2368
3736,2,2349,2386
4892,4,2357,2401
4794,3,2364,2392
3405,1,2368,2417
9694,0,2375,2382
5730,0,2382,2413
2291,2,2386,2399
5059,3,2392,2397
9298,3,2397,2433
5606,2,2399,2442
6536,4,2401,2433
5724,0,2413,2437
9941,1,2417,2426
3287,1,2426,2435
4512,4,2433,2477
1785,3,2433,2452
4877,1,2435,2461
3946,0,2437,2449
4421,2,2442,2468
2969,0,2449,2456
7911,3,2452,2466
3513,0,2456,2466
8109,1,2461,2466
7316,0,2466,2496
8795,3,2466,2509
2350,1,2466,2486
4458,2,2468,2497
4807,4,2477,2508
8205,1,2486,2511
320,0,2496,2546
2743,2,2497,2542
2947,4,2508,2541
565,3,2509,2549
5522,1,2511,2529
7775,1,2529,2571
3057,4,2541,2582
220,2,2542,2549
8882,0,2546,2564
8532,2,2549,2592
3831,3,2549,2590
5395,0,2564,2596
4724,1,2571,2596
9891,4,2582,2599
7954,3,2590,2626
3041,2,2592,2628
7328,0,2596,2632
5006,1,2596,2610
1771,4,2599,2619
9214,1,2610,2616
1315,1,2616,2621
3649,4,2619,2625
4438,1,2621,2669
1119,4,2625,2675
4705,3,2626,2647
5144,2,2628,2672
2543,0,2632,2652
6820,3,2647,2680
3796,0,2652,2661
8903,0,2661,2698
9981,1,2669,2715
7371,2,2672,2716
1123,4,2675,2720
4508,3,2680,2729
3021,0,2698,2729
7332,1,2715,2738
7767,2,2716,2723
2076,4,2720,2756
3234,2,2723,2772
3484,0,2729,2745
861,3,2729,2747
5008,1,2738,2765
428,0,2745,2755
3401,3,2747,2770
5720,0,2755,2803
6299,4,2756,2787
8513,1,2765,2808
6017,3,2770,2800
4908,2,2772,2809
7445,4,2787,2824
5696,3,2800,2826
5630,0,2803,2832
7825,1,2808,2831
5477,2,2809,2842
8930,4,2824,2858
9878,3,2826,2839
7119,1,2831,2845
9401,0,2832,2850
4853,3,2839,2860
9353,2,2842,2882
6143,1,2845,2872
9447,0,2850,2881
3478,4,2858,2869
145,3,2860,2909
6201,4,2869,2884
5692,1,2872,2899
2809,0,2881,2901
6972,2,2882,2893
833,4,2884,2904
1313,2,2893,2922
9774,1,2899,2941
9003,0,2901,2915
2285,4,2904,2911
737,3,2909,2916
3315,4,2911,2933
9884,0,2915,2955
524,3,2916,2921
4517,3,2921,2940
570,2,2922,2971
6669,4,2933,2964
7504,3,2940,2963
3397,1,2941,2964
6089,0,2955,2996
1134,3,2963,2968
675,4,2964,2972
6807,1,2964,3001
3439,3,2968,2993
4274,2,2971,2991
3380,4,2972,2981
9729,4,2981,3000
5320,2,2991,3000
7134,3,2993,3004
5934,0,2996,3022
4647,4,3000,3045
1160,2,3000,3042
2895,1,3001,3047
218,3,3004,3030
3672,0,3022,3072
9261,3,3030,3079
2084,2,3042,3058
8918,4,3045,3051
8381,1,3047,3091
2463,4,3051,3068
9479,2,3058,3073
2584,4,3068,3074
1079,0,3072,3101
1763,2,3073,3116
5568,4,3074,3079
4552,4,3079,3104
8845,3,3079,3106
810,1,3091,3136
4754,0,3101,3142
5647,4,3104,3113
9667,3,3106,3130
1813,4,3113,3119
6996,2,3116,3141
6733,4,3119,3151
4736,3,3130,3161
7755,1,3136,3183
6455,2,3141,3159
3942,0,3142,3166
1879,4,3151,3172
5854,2,3159,3179
2327,3,3161,3179
3133,0,3166,3206
4326,4,3172,3185
8657,2,3179,3204
6305,3,3179,3228
9263,1,3183,3193
2846,4,3185,3231
7953,1,3193,3224
5644,2,3204,3246
9782,0,3206,3224
914,0,3224,3273
8153,1,3224,3234
1222,3,3228,3260
4800,4,3231,3264
8696,1,3234,3257
4963,2,3246,3253
334,2,3253,3264
123,1,3257,3292
9649,3,3260,3283
4134,4,3264,3272
9366,2,3264,3271
435,2,3271,3298
4607,4,3272,3314
5693,0,3273,3296
7309,3,3283,3308
9027,1,3292,3326
7963,0,3296,3324
8166,2,3298,3311
8669,3,3308,3320
959,2,3311,3317
272,4,3314,3325
9739,2,3317,3349
7385,3,3320,3361
312,0,3324,3356
8408,4,3325,3360
8239,1,3326,3333
2949,1,3333,3340
6812,1,3340,3383
5186,2,3349,3364
4939,0,3356,3393
3562,4,3360,3367
156,3,3361,3376
1818,2,3364,3398
8674,4,3367,3403
4676,3,3376,3390
9386,1,3383,3413
8608,3,3390,3395
3697,0,3393,3427
8980,3,3395,3436
4755,2,3398,3430
2961,4,3403,3442
2513,1,3413,3432
2118,0,3427,3471
1539,2,3430,3465
4480,1,3432,3458
9708,3,3436,3451
8562,4,3442,3447
8985,4,3447,3465
1698,3,3451,3492
7579,1,3458,3503
8623,4,3465,3506
6387,2,3465,3512
5176,0,3471,3484
3147,0,3484,3511
7218,3,3492,3532
1622,1,3503,3518
1357,4,3506,3535
2816,0,3511,3536
9049,2,3512,3562
1072,1,3518,3547
3237,3,3532,3574
2180,4,3535,3557
5252,0,3536,3541
476,0,3541,3566
5073,1,3547,3562
9826,4,3557,3568
9402,2,3562,3590
3631,1,3562,3589
6943,0,3566,3578
1470,4,3568,3607
299,3,3574,3612
1445,0,3578,3598
3611,1,3589,3595
5535,2,3590,3606
650,1,3595,3630
3485,0,3598,3647
5134,2,3606,3613
7086,4,3607,3644
8885,3,3612,3626
7553,2,3613,3623
9690,2,3623,3669
1591,3,3626,3659
5499,1,3630,3647
9466,4,3644,3659
6120,0,3647,3677
4716,1,3647,3657
1738,1,3657,3687
2507,4,3659,3664
7858,3,3659,3698
3530,4,3664,3707
6695,2,3669,3683
2813,0,3677,3683
4592,2,3683,3694
5120,0,3683,3715
9009,1,3687,3710
9696,2,3694,3744
6157,3,3698,3735
1042,4,3707,3739
3151,1,3710,3734
4442,0,3715,3731
445,0,3731,3768
896,1,3734,3752
1118,3,3735,3749
1014,4,3739,3750
7947,2,3744,3791
512,3,3749,3756
6530,4,3750,3763
359,1,3752,3791
9092,3,3756,3772
4771,4,3763,3784
100,0,3768,3786
7300,3,3772,3808
2687,4,3784,3832
6816,0,3786,3802
763,2,3791,3798
8154,1,3791,3836
4809,2,3798,3836
8791,0,3802,3837
8303,3,3808,3822
9197,3,3822,3855
3235,4,3832,3855
4033,2,3836,3850
1897,1,3836,3856
9888,0,3837,3853
9587,2,3850,3888
8134,0,3853,3884
7470,4,3855,3895
8733,3,3855,3881
7226,1,3856,3891
486,3,3881,3925
6397,0,3884,3889
470,2,3888,3896
5968,0,3889,3901
8067,1,3891,3936
5563,4,3895,3914
7275,2,3896,3914
6595,0,3901,3928
1992,4,3914,3919
8575,2,3914,3923
8110,4,3919,3959
2021,2,3923,3966
3856,3,3925,3940
2973,0,3928,3961
3189,1,3936,3945
1247,3,3940,3977
9605,1,3945,3965
5598,4,3959,3974
6000,0,3961,3979
5460,1,3965,4005
964,2,3966,3996
5587,4,3974,4000
2637,3,3977,3984
1934,0,3979,3984
8404,0,3984,4006
5058,3,3984,4021
2052,2,3996,4042
2440,4,4000,4047
8075,1,4005,4021
7501,0,4006,4020
9124,0,4020,4053
1999,3,4021,4057
9829,1,4021,4050
9714,2,4042,4060
1882,4,4047,4078
8152,1,4050,4079
5704,0,4053,4062
7985,3,4057,4071
5052,2,4060,4067
53,0,4062,4108
2802,2,4067,4086
8805,3,4071,4091
6508,4,4078,4088
8374,1,4079,4128
1146,2,4086,4120
5196,4,4088,4133
6591,3,4091,4098
8474,3,4098,4114
2079,0,4108,4157
4241,3,4114,4144
2030,2,4120,4144
9135,1,4128,4144
1838,4,4133,4157
7010,2,4144,4150
9997,3,4144,4158
809,1,4144,4192
7610,2,4150,4157
893,4,4157,4178
1744,2,4157,4201
956,0,4157,4206
4703,3,4158,4164
5949,3,4164,4203
7599,4,4178,4219
6982,1,4192,4232
8647,2,4201,4210
8703,3,4203,4229
7407,0,4206,4211
5187,2,4210,4223
430,0,4211,4223
9480,4,4219,4261
8285,2,4223,4254
477,0,4223,4265
488,3,4229,4239
1420,1,4232,4266
5023,3,4239,4264
3231,2,4254,4304
16,4,4261,4268
6757,3,4264,4306
9913,0,4265,4298
4272,1,4266,4289
8701,4,4268,4308
1288,1,4289,4319
7250,0,4298,4329
9097,2,4304,4326
7834,3,4306,4355
8526,4,4308,4351
5311,1,4319,4324
3138,1,4324,4330
3065,2,4326,4357
1069,0,4329,4357
9362,1,4330,4338
6313,1,4338,4371
3044,4,4351,4387
6908,3,4355,4369
8522,2,4357,4393
8375,0,4357,4367
2182,0,4367,4379
297,3,4369,4387
5894,1,4371,4395
3240,0,4379,4400
8024,4,4387,4434
2293,3,4387,4400
6384,2,4393,4405
8706,1,4395,4421
2328,0,4400,4438
491,3,4400,4416
4374,2,4405,4438
6588,3,4416,4443
1807,1,4421,4432
3570,1,4432,4446
1054,4,4434,4452
8046,2,4438,4471
902,0,4438,4451
8281,3,4443,4465
1497,1,4446,4470
2353,0,4451,4457
6584,4,4452,4496
9168,0,4457,4478
3503,3,4465,4489
8892,1,4470,4476
4661,2,4471,4515
2283,1,4476,4507
6624,0,4478,4495
8641,3,4489,4505
4767,0,4495,4502
6048,4,4496,4511
1951,0,4502,4525
9636,3,4505,4548
9778,1,4507,4542
1648,4,4511,4541
1345,2,4515,4543
7573,0,4525,4547
1899,4,4541,4563
5309,1,4542,4554
1048,2,4543,4579
3311,0,4547,4571
8865,3,4548,4556
7614,1,4554,4589
6920,3,4556,4570
9597,4,4563,4590
5603,3,4570,4614
212,0,4571,4595
3828,2,4579,4601
5930,1,4589,4595
4415,4,4590,4621
365,0,4595,4618
482,1,4595,4621
3968,2,4601,4645
2894,3,4614,4634
1009,0,4618,4653
3756,4,4621,4662
1080,1,4621,4645
6164,3,4634,4676
9543,2,4645,4673
7589,1,4645,4651
3160,1,4651,4675
4491,0,4653,4692
5040,4,4662,4703
3427,2,4673,4702
8391,1,4675,4683
4915,3,4676,4684
54,1,4683,4689
5638,3,4684,4728
3654,1,4689,4720
2087,0,4692,4730
6653,2,4702,4746
2606,4,4703,4741
6574,1,4720,4770
5032,3,4728,4741
6968,0,4730,4757
9048,4,4741,4759
3680,3,4741,4770
4306,2,4746,4766
9346,0,4757,4769
3426,4,4759,4767
9195,2,4766,4796
528,4,4767,4790
9661,0,4769,4798
215,3,4770,4779
9509,1,4770,4816
6054,3,4779,4789
7864,3,4789,4825
2138,4,4790,4823
9908,2,4796,4806
1898,0,4798,4809
3157,2,4806,4824
5116,0,4809,4832
7622,1,4816,4842
531,4,4823,4831
141,2,4824,4857
4544,3,4825,4845
9715,4,4831,4846
4141,0,4832,4863
3272,1,4842,4855
5321,3,4845,4892
8672,4,4846,4851
7565,4,4851,4877
9475,1,4855,4885
414,2,4857,4876
1088,0,4863,4874
8986,0,4874,4924
4501,2,4876,4907
3383,4,4877,4919
3142,1,4885,4906
5750,3,4892,4917
1940,1,4906,4926
4520,2,4907,4940
288,3,4917,4939
7721,4,4919,4964
2593,0,4924,4953
7984,1,4926,4962
7223,3,4939,4960
5371,2,4940,4980
4999,0,4953,4987
5175,3,4960,5010
5179,1,4962,4969
6376,4,4964,4986
4401,1,4969,4988
2236,2,4980,4993
6678,4,4986,5017
2194,0,4987,4999
4637,1,4988,5004
4144,2,4993,5007
4538,0,4999,5017
4575,1,5004,5017
1958,2,5007,5024
6894,3,5010,5017
5650,4,5017,5054
338,0,5017,5055
8619,3,5017,5061
7342,1,5017,5033
9339,2,5024,5067
9160,1,5033,5057
9554,4,5054,5103
7936,0,5055,5105
7676,1,5057,5082
4562,3,5061,5088
9951,2,5067,5107
6639,1,5082,5112
9363,3,5088,5102
1930,3,5102,5123
8812,4,5103,5109
1821,0,5105,5115
5322,2,5107,5155
9428,4,5109,5115
2796,1,5112,5141
8467,4,5115,5137
1040,0,5115,5150
9043,3,5123,5165
9874,4,5137,5171
1651,1,5141,5167
9697,0,5150,5167
7636,2,5155,5204
304,3,5165,5206
4606,0,5167,5214
2828,1,5167,5195
6187,4,5171,5178
3259,4,5178,5206
5225,1,5195,5234
7792,2,5204,5244
627,4,5206,5247
7869,3,5206,5219
3155,0,5214,5260
4309,3,5219,5266
4566,1,5234,5260
7615,2,5244,5282
9670,4,5247,5290
4845,0,5260,5284
1849,1,5260,5309
3597,3,5266,5303
522,2,5282,5303
9429,0,5284,5306
926,4,5290,5319
5105,2,5303,5337
7837,3,5303,5331
1587,0,5306,5346
9023,1,5309,5349
9364,4,5319,5339
9762,3,5331,5358
2862,2,5337,5360
6308,4,5339,5358
2464,0,5346,5383
3154,1,5349,5374
8211,4,5358,5364
2822,3,5358,5386
3126,2,5360,5395
9763,4,5364,5401
9893,1,5374,5407
364,0,5383,5396
6666,3,5386,5406
4364,2,5395,5437
6145,0,5396,5437
2870,4,5401,5440
3350,3,5406,5440
1762,1,5407,5439
131,2,5437,5458
513,0,5437,5443
2427,1,5439,5466
6597,4,5440,5475
1919,3,5440,5476
1913,0,5443,5465
7891,2,5458,5481
9324,0,5465,5493
7801,1,5466,5477
9269,4,5475,5504
1896,3,5476,5498
7103,1,5477,5483
9889,2,5481,5525
6622,1,5483,5531
6306,0,5493,5513
5514,3,5498,5529
1739,4,5504,5528
3116,0,5513,5554
4513,2,5525,5550
9141,4,5528,5539
5211,3,5529,5568
5754,1,5531,5536
3528,1,5536,5543
8093,4,5539,5564
9811,1,5543,5575
8790,2,5550,5561
5066,0,5554,5569
5382,2,5561,5591
4594,4,5564,5587
8902,3,5568,5574
5324,0,5569,5591
2932,3,5574,5606
5556,1,5575,5612
1364,4,5587,5615
2445,2,5591,5597
6900,0,5591,5607
1536,2,5597,5623
1970,3,5606,5655
702,0,5607,5654
940,1,5612,5621
5540,4,5615,5662
7763,1,5621,5667
8210,2,5623,5653
9367,2,5653,5668
6390,0,5654,5694
8862,3,5655,5669
2599,4,5662,5691
5250,1,5667,5675
5721,2,5668,5691
9549,3,5669,5691
4038,1,5675,5703
5687,4,5691,5727
3643,2,5691,5733
9279,3,5691,5728
3553,0,5694,5702
8654,0,5702,5717
2323,1,5703,5737
7595,0,5717,5750
2070,4,5727,5773
6938,3,5728,5749
4214,2,5733,5741
6942,1,5737,5772
1996,2,5741,5760
7707,3,5749,5783
98,0,5750,5764
8382,2,5760,5798
4681,0,5764,5770
4273,0,5770,5801
1451,1,5772,5802
8294,4,5773,5804
9025,3,5783,5817
7830,2,5798,5830
5651,0,5801,5845
1484,1,5802,5848
7696,4,5804,5825
7898,3,5817,5863
7515,4,5825,5861
2670,2,5830,5877
2059,0,5845,5880
7642,1,5848,5882
7395,4,5861,5890
352,3,5863,5869
1559,3,5869,5899
7177,2,5877,5921
9511,0,5880,5895
1646,1,5882,5899
5948,4,5890,5929
6918,0,5895,5928
3104,3,5899,5932
4914,1,5899,5917
9044,1,5917,5967
7157,2,5921,5939
9461,0,5928,5938
3354,4,5929,5966
878,3,5932,5958
2112,0,5938,5948
19,2,5939,5982
5739,0,5948,5961
1667,3,5958,5981
3867,0,5961,5976
4697,4,5966,5972
5473,1,5967,5997
5462,4,5972,6004
2120,0,5976,6006
9116,3,5981,6031
5714,2,5982,6018
598,1,5997,6017
6568,4,6004,6023
6244,0,6006,6043
2139,1,6017,6022
3337,2,6018,6045
2088,1,6022,6036
903,4,6023,6041
2598,3,6031,6048
248,1,6036,6050
7601,4,6041,6048
577,0,6043,6076
7056,2,6045,6054
1513,4,6048,6062
3820,3,6048,6071
4005,1,6050,6088
4539,2,6054,6067
1180,4,6062,6089
9876,2,6067,6089
475,3,6071,6117
2522,0,6076,6089
7870,1,6088,6115
4640,4,6089,6128
835,2,6089,6139
8727,0,6089,6134
1735,1,6115,6151
5699,3,6117,6142
9305,4,6128,6138
3702,0,6134,6156
8213,4,6138,6151
481,2,6139,6171
6230,3,6142,6167
1530,4,6151,6200
2772,1,6151,6179
8370,0,6156,6183
4193,3,6167,6187
9804,2,6171,6202
1699,1,6179,6202
9797,0,6183,6216
4586,3,6187,6223
4126,4,6200,6205
1806,2,6202,6214
4233,1,6202,6235
1767,4,6205,6230
9788,2,6214,6223
7937,0,6216,6221
8916,0,6221,6270
779,2,6223,6230
9343,3,6223,6242
9088,4,6230,6272
9487,2,6230,6235
2341,2,6235,6240
6007,1,6235,6251
7871,2,6240,6268
2367,3,6242,6274
303,1,6251,6269
9383,2,6268,6286
4540,1,6269,6305
9132,0,6270,6275
3119,4,6272,6281
2057,3,6274,6304
9240,0,6275,6299
4182,4,6281,6331
2186,2,6286,6326
1093,0,6299,6340
1994,3,6304,6348
8432,1,6305,6342
9322,2,6326,6333
6078,4,6331,6346
8766,2,6333,6347
4037,0,6340,6358
3489,1,6342,6357
784,4,6346,6387
3365,2,6347,6357
2241,3,6348,6377
1294,2,6357,6405
6247,1,6357,6394
5414,0,6358,6370
5879,0,6370,6398
7399,3,6377,6390
6671,4,6387,6398
6476,3,6390,6395
4958,1,6394,6413
8060,3,6395,6421
5766,4,6398,6434
9808,0,6398,6435
2875,2,6405,6432
8090,1,6413,6461
6204,3,6421,6435
8735,2,6432,6463
6747,4,6434,6439
467,0,6435,6467
281,3,6435,6453
6989,4,6439,6446
2165,4,6446,6462
9443,3,6453,6473
2688,1,6461,6476
246,4,6462,6502
3123,2,6463,6470
6114,0,6467,6474
6303,2,6470,6510
8937,3,6473,6521
3054,0,6474,6498
155,1,6476,6511
3473,0,6498,6516
7156,4,6502,6520
9686,2,6510,6519
561,1,6511,6551
3552,0,6516,6543
7147,2,6519,6526
6519,4,6520,6562
1681,3,6521,6569
2151,2,6526,6531
9075,2,6531,6544
4582,0,6543,6555
3224,2,6544,6574
1409,1,6551,6563
6860,0,6555,6599
9292,4,6562,6575
4514,1,6563,6593
3705,3,6569,6609
8536,2,6574,6587
9084,4,6575,6580
4801,4,6580,6588
9965,2,6587,6621
3580,4,6588,6626
6238,1,6593,6629
5049,0,6599,6641
2714,3,6609,6642
2100,2,6621,6652
2677,4,6626,6644
4904,1,6629,6646
9266,0,6641,6662
6726,3,6642,6664
6998,4,6644,6680
236,1,6646,6654
186,2,6652,6697
3091,1,6654,6668
4886,0,6662,6697
139,3,6664,6675
4599,1,6668,6694
411,3,6675,6692
56,4,6680,6690
6096,4,6690,6707
7628,3,6692,6711
8764,1,6694,6727
6979,2,6697,6725
4434,0,6697,6738
3141,4,6707,6742
2982,3,6711,6760
8602,2,6725,6757
7554,1,6727,6774
4632,0,6738,6771
9922,4,6742,6784
1387,2,6757,6772
3720,3,6760,6795
4448,0,6771,6814
4938,2,6772,6801
640,1,6774,6790
5991,4,6784,6817
733,1,6790,6840
3908,3,6795,6819
3388,2,6801,6820
9463,0,6814,6850
5378,4,6817,6863
7133,3,6819,6862
2722,2,6820,6838
5628,2,6838,6846
9313,1,6840,6888
2682,2,6846,6859
209,0,6850,6869
749,2,6859,6873
3165,3,6862,6894
8958,4,6863,6900
6408,0,6869,6880
2422,2,6873,6882
5119,0,6880,6891
9625,2,6882,6924
6172,1,6888,6926
2102,0,6891,6935
3937,3,6894,6921
3329,4,6900,6939
9238,3,6921,6967
7374,2,6924,6971
4833,1,6926,6956
4950,0,6935,6948
1801,4,6939,6956
4154,0,6948,6984
5442,4,6956,6982
4694,1,6956,6961
6503,1,6961,7004
6279,3,6967,7002
2509,2,6971,7004
6766,4,6982,7021
8043,0,6984,7005
90,3,7002,7020
2800,2,7004,7047
9966,1,7004,7021
2928,0,7005,7046
4291,3,7020,7042
5874,4,7021,7067
6857,1,7021,7028
1216,1,7028,7070
5931,3,7042,7087
4808,0,7046,7053
8664,2,7047,7083
8826,0,7053,7061
3568,0,7061,7109
2889,4,7067,7077
7769,1,7070,7113
1642,4,7077,7095
3924,2,7083,7108
6034,3,7087,7110
5101,4,7095,7145
7033,2,7108,7147
3929,0,7109,7158
7252,3,7110,7145
611,1,7113,7122
3578,1,7122,7156
3495,4,7145,7177
5036,3,7145,7190
2477,2,7147,7159
7567,1,7156,7162
9076,0,7158,7202
5684,2,7159,7200
6556,1,7162,7187
2747,4,7177,7202
6658,1,7187,7198
7948,3,7190,7220
8301,1,7198,7228
6169,2,7200,7240
385,4,7202,7234
2933,0,7202,7241
1337,3,7220,7230
4052,1,7228,7250
3294,3,7230,7238
5017,4,7234,7246
2289,3,7238,7268
8552,2,7240,7253
2083,0,7241,7291
2701,4,7246,7294
4797,1,7250,7286
5523,2,7253,7275
6964,3,7268,7317
7416,2,7275,7295
5543,1,7286,7303
9545,0,7291,7305
4249,4,7294,7330
2624,2,7295,7338
7368,1,7303,7339
5689,0,7305,7343
9077,3,7317,7333
88,4,7330,7335
8373,3,7333,7350
6618,4,7335,7357
9162,2,7338,7379
654,1,7339,7374
9702,0,7343,7356
1589,3,7350,7387
7429,0,7356,7380
8095,4,7357,7368
3621,4,7368,7384
2343,1,7374,7409
2344,2,7379,7416
7138,0,7380,7402
6714,4,7384,7391
7974,3,7387,7427
3199,4,7391,7407
879,0,7402,7415
3038,4,7407,7442
3564,1,7409,7449
7215,0,7415,7439
742,2,7416,7454
1141,3,7427,7434
7967,3,7434,7461
5959,0,7439,7479
5497,4,7442,7458
3797,1,7449,7477
8546,2,7454,7459
233,4,7458,7491
3067,2,7459,7507
7367,3,7461,7480
1954,1,7477,7498
6663,0,7479,7490
6141,3,7480,7495
8860,0,7490,7521
3084,4,7491,7539
2385,3,7495,7509
6534,1,7498,7544
9718,2,7507,7521
2945,3,7509,7558
5520,2,7521,7552
5422,0,7521,7559
3991,4,7539,7563
1514,1,7544,7570
1355,2,7552,7601
9939,3,7558,7579
2931,0,7559,7597
4588,4,7563,7601
8209,1,7570,7592
6431,3,7579,7612
9967,1,7592,7640
1594,0,7597,7629
4527,4,7601,7643
1015,2,7601,7609
3592,2,7609,7638
5143,3,7612,7650
36,0,7629,7675
2754,2,7638,7644
1890,1,7640,7684
4821,4,7643,7680
2994,2,7644,7664
2555,3,7650,7672
9331,2,7664,7678
2153,3,7672,7720
2596,0,7675,7683
8030,2,7678,7704
596,4,7680,7706
7217,0,7683,7723
7941,1,7684,7715
888,2,7704,7716
9956,4,7706,7716
3591,1,7715,7729
3559,4,7716,7724
6751,2,7716,7765
7334,3,7720,7766
2731,0,7723,7731
5452,4,7724,7731
5891,1,7729,7751
8227,4,7731,7743
4432,0,7731,7736
581,0,7736,7766
4238,4,7743,7766
8997,1,7751,7790
1524,2,7765,7815
1087,4,7766,7771
5551,0,7766,7772
9581,3,7766,7787
1249,4,7771,7777
3730,0,7772,7788
5506,4,7777,7820
5653,3,7787,7823
2364,0,7788,7796
369,1,7790,7797
589,0,7796,7813
5383,1,7797,7846
6383,0,7813,7828
6475,2,7815,7850
8628,4,7820,7846
7450,3,7823,7864
3331,0,7828,7853
1094,4,7846,7857
4089,1,7846,7855
6999,2,7850,7859
602,0,7853,7872
2473,1,7855,7880
1028,4,7857,7862
5267,2,7859,7881
9787,4,7862,7890
9870,3,7864,7874
1310,0,7872,7884
4834,3,7874,7892
1664,1,7880,7905
5619,2,7881,7914
3884,0,7884,7922
200,4,7890,7913
4251,3,7892,7916
5759,1,7905,7927
8834,4,7913,7922
1690,2,7914,7960
537,3,7916,7959
3490,4,7922,7971
5567,0,7922,7968
102,1,7927,7932
8984,1,7932,7966
6571,3,7959,7987
1309,2,7960,8008
5013,1,7966,7991
3790,0,7968,7977
7255,4,7971,7990
5010,0,7977,8019
769,3,7987,8024
8846,4,7990,8031
8609,1,7991,8040
9205,2,8008,8018
8485,2,8018,8050
3006,0,8019,8057
7786,3,8024,8039
213,4,8031,8043
1257,3,8039,8053
5098,1,8040,8068
45,4,8043,8065
6910,2,8050,8088
1861,3,8053,8080
5030,0,8057,8072
5541,4,8065,8096
8445,1,8068,8108
478,0,8072,8106
8560,3,8080,8102
4186,2,8088,8123
1395,4,8096,8118
5733,3,8102,8128
4522,0,8106,8156
4978,1,8108,8156
9187,4,8118,8131
7276,2,8123,8164
6676,3,8128,8137
2173,4,8131,8143
1977,3,8137,8166
6826,4,8143,8190
7845,0,8156,8186
6990,1,8156,8179
6097,2,8164,8172
5139,3,8166,8211
421,2,8172,8187
2890,1,8179,8228
7413,0,8186,8194
2756,2,8187,8225
4226,4,8190,8205
4168,0,8194,8224
7170,4,8205,8234
5799,3,8211,8222
838,3,8222,8260
966,0,8224,8231
3444,2,8225,8259
8414,1,8228,8237
4130,0,8231,8271
6796,4,8234,8253
7417,1,8237,8243
7026,1,8243,8265
199,4,8253,8297
5369,2,8259,8279
4839,3,8260,8290
8569,1,8265,8276
8426,0,8271,8291
8352,1,8276,8300
7942,2,8279,8287
3253,2,8287,8296
9726,3,8290,8309
3771,0,8291,8316
9102,2,8296,8309
7168,4,8297,8336
3763,1,8300,8338
7766,2,8309,8333
952,3,8309,8341
947,0,8316,8352
7556,2,8333,8358
5259,4,8336,8348
1827,1,8338,8379
5377,3,8341,8366
1266,4,8348,8378
103,0,8352,8380
7081,2,8358,8368
560,3,8366,8394
112,2,8368,8391
5079,4,8378,8418
4237,1,8379,8396
5229,0,8380,8421
9586,2,8391,8398
8694,3,8394,8438
7933,1,8396,8420
4648,2,8398,8448
9299,4,8418,8450
4386,1,8420,8461
5113,0,8421,8441
4170,3,8438,8444
693,0,8441,8470
5483,3,8444,8469
7238,2,8448,8473
4018,4,8450,8459
562,4,8459,8464
82,1,8461,8472
3062,4,8464,8472
4080,3,8469,8499
323,0,8470,8497
3851,4,8472,8480
5084,1,8472,8487
2839,2,8473,8508
6532,4,8480,8511
724,1,8487,8530
3398,0,8497,8543
4868,3,8499,8528
6764,2,8508,8519
652,4,8511,8533
6041,2,8519,8543
8607,3,8528,8563
419,1,8530,8560
5421,4,8533,8581
2661,0,8543,8572
2305,2,8543,8589
8018,1,8560,8577
2324,3,8563,8583
909,0,8572,8584
9585,1,8577,8589
1246,4,8581,8605
4367,3,8583,8588
9899,0,8584,8616
699,3,8588,8593
554,2,8589,8631
1144,1,8589,8631
9282,3,8593,8617
2559,4,8605,8631
1586,0,8616,8664
9970,3,8617,8642
1060,4,8631,8675
8989,2,8631,8664
2849,1,8631,8653
9175,3,8642,8670
2330,1,8653,8684
875,0,8664,8698
2240,2,8664,8700
9,3,8670,8719
4997,4,8675,8710
7362,1,8684,8706
7952,0,8698,8719
1045,2,8700,8735
8314,1,8706,8732
6490,4,8710,8727
6335,0,8719,8742
6405,3,8719,8760
8870,4,8727,8737
6112,1,8732,8753
780,2,8735,8751
8069,4,8737,8774
6936,0,8742,8768
5876,2,8751,8763
8451,1,8753,8760
9273,1,8760,8807
6501,3,8760,8782
3603,2,8763,8806
8002,0,8768,8815
292,4,8774,8793
9599,3,8782,8812
4820,4,8793,8810
6614,2,8806,8845
2157,1,8807,8828
8313,4,8810,8823
1863,3,8812,8818
1351,0,8815,8830
1036,3,8818,8838
2645,4,8823,8853
2177,1,8828,8842
9551,0,8830,8865
2703,3,8838,8873
2613,1,8842,8870
3980,2,8845,8860
9621,4,8853,8859
9573,4,8859,8871
4872,2,8860,8867
2727,0,8865,8901
8755,2,8867,8888
9499,1,8870,8913
608,4,8871,8885
5738,3,8873,8907
417,4,8885,8925
5406,2,8888,8908
2744,0,8901,8916
4763,3,8907,8922
1322,2,8908,8931
2699,1,8913,8934
6515,0,8916,8957
6315,3,8922,8940
9151,4,8925,8957
9608,2,8931,8974
6406,1,8934,8966
5864,3,8940,8982
6180,4,8957,8975
4457,0,8957,8984
7412,1,8966,8972
7846,1,8972,9020
4103,2,8974,9012
5812,4,8975,8996
6627,3,8982,8998
5399,0,8984,9020
2051,4,8996,9012
1811,3,8998,9047
5484,4,9012,9056
9866,2,9012,9046
3464,0,9020,9033
9521,1,9020,9069
1792,0,9033,9052
7400,2,9046,9090
8034,3,9047,9072
3881,0,9052,9059
8118,4,9056,9102
5368,0,9059,9103
5994,1,9069,9106
1104,3,9072,9102
5656,2,9090,9127
7295,4,9102,9142
7012,3,9102,9122
9839,0,9103,9136
7282,1,9106,9120
4541,1,9120,9149
6348,3,9122,9129
1903,2,9127,9137
5221,3,9129,9149
9515,0,9136,9164
3656,2,9137,9168
9411,4,9142,9171
8329,1,9149,9180
8264,3,9149,9160
4039,3,9160,9204
6137,0,9164,9187
9700,2,9168,9211
4312,4,9171,9185
7283,1,9180,9211
4600,4,9185,9216
2911,0,9187,9220
4509,3,9204,9234
1872,2,9211,9216
7169,1,9211,9217
2085,4,9216,9249
499,2,9216,9236
4240,1,9217,9228
9901,0,9220,9256
7298,1,9228,9241
1058,3,9234,9257
8038,2,9236,9272
1525,1,9241,9273
6641,4,9249,9279
2782,0,9256,9283
5641,3,9257,9296
6549,2,9272,9292
681,1,9273,9306
7826,4,9279,9319
2954,0,9283,9299
3646,2,9292,9342
7833,3,9296,9329
715,0,9299,9310
4426,1,9306,9330
5657,0,9310,9360
9216,4,9319,9333
4206,3,9329,9362
704,1,9330,9336
8847,4,9333,9375
6882,1,9336,9352
4603,2,9342,9370
6459,1,9352,9398
6790,0,9360,9381
8199,3,9362,9402
8527,2,9370,9416
3557,4,9375,9414
6517,0,9381,9417
8559,1,9398,9422
4461,3,9402,9427
8121,4,9414,9420
3317,2,9416,9437
7611,0,9417,9447
5614,4,9420,9435
1991,1,9422,9468
9250,3,9427,9447
5264,4,9435,9440
5435,2,9437,9465
6691,4,9440,9445
3421,4,9445,9451
8737,0,9447,9490
827,3,9447,9479
7176,4,9451,9462
7267,4,9462,9499
3996,2,9465,9481
2301,1,9468,9512
1437,3,9479,9486
84,2,9481,9514
7310,3,9486,9501
5038,0,9490,9536
8598,4,9499,9510
4580,3,9501,9517
1557,4,9510,9552
1467,1,9512,9541
6774,2,9514,9542
9846,3,9517,9523
9224,3,9523,9547
3735,0,9536,9583
857,1,9541,9571
8021,2,9542,9579
5343,3,9547,9591
3103,4,9552,9581
4351,1,9571,9592
8198,2,9579,9619
9453,4,9581,9590
1346,0,9583,9594
1366,4,9590,9609
1578,3,9591,9640
1106,1,9592,9599
2308,0,9594,9606
6471,1,9599,9618
4104,0,9606,9641
3429,4,9609,9614
8695,4,9614,9638
4529,1,9618,9657
8125,2,9619,9664
9059,4,9638,9645
3349,3,9640,9665
3113,0,9641,9682
6260,4,9645,9660
4841,1,9657,9665
9740,4,9660,9680
4691,2,9664,9671
6652,3,9665,9703
1391,1,9665,9690
5331,2,9671,9709
5674,4,9680,9723
5428,0,9682,9731
9486,1,9690,9726
5829,3,9703,9736
41,2,9709,9745
3385,4,9723,9751
8496,1,9726,9756
4331,0,9731,9780
4753,3,9736,9764
2192,2,9745,9768
8932,4,9751,9793
1200,1,9756,9772
826,3,9764,9793
5672,2,9768,9806
9293,1,9772,9777
5272,1,9777,9782
2053,0,9780,9806
176,1,9782,9787
5077,1,9787,9832
4339,4,9793,9829
2399,3,9793,9836
3170,0,9806,9814
3313,2,9806,9856
5707,0,9814,9838
9596,4,9829,9855
3837,1,9832,9850
7099,3,9836,9851
5700,0,9838,9851
4740,1,9850,9865
7975,0,9851,9877
8108,3,9851,9883
5056,4,9855,9897
4521,2,9856,9868
3179,1,9865,9895
765,2,9868,9897
3674,0,9877,9915
8300,3,9883,9896
6842,1,9895,9902
2850,3,9896,9912
9634,4,9897,9911
7435,2,9897,9938
2025,1,9902,9925
7096,4,9911,9931
2728,3,9912,9929
9371,0,9915,9962
2592,1,9925,9953
4036,3,9929,9961
1193,4,9931,9953
6429,2,9938,9946
5811,2,9946,9958
9909,4,9953,9972
3255,1,9953,9971
3950,2,9958,10001
6026,3,9961,9981
7882,0,9962,9977
3879,1,9971,9988
4265,4,9972,9985
9372,0,9977,9983
468,3,9981,9999
9148,0,9983,9995
4683,4,9985,10011
5093,1,9988,10026
3440,0,9995,10010
917,3,9999,10023
9902,2,10001,10016
3325,0,10010,10034
7643,4,10011,10016
8305,4,10016,10031
3252,2,10016,10036
8824,3,10023,10052
8904,1,10026,10036
3818,4,10031,10058
3282,0,10034,10059
7172,2,10036,10056
3274,1,10036,10075
1356,3,10052,10065
2031,2,10056,10094
9745,4,10058,10103
2075,0,10059,10104
2213,3,10065,10095
254,1,10075,10118
9735,2,10094,10122
7107,3,10095,10129
5305,4,10103,10130
8049,0,10104,10150
7705,1,10118,10124
8765,2,10122,10145
655,1,10124,10137
2622,3,10129,10144
3659,4,10130,10170
5096,1,10137,10142
3682,1,10142,10177
3729,3,10144,10159
2018,2,10145,10173
9045,0,10150,10191
4028,3,10159,10170
1468,4,10170,10177
5455,3,10170,10200
6372,2,10173,10183
5004,4,10177,10226
4972,1,10177,10191
1287,2,10183,10230
3197,0,10191,10209
8783,1,10191,10227
9668,3,10200,10218
2953,0,10209,10252
4264,3,10218,10250
5537,4,10226,10238
4116,1,10227,10263
7490,2,10230,10274
1317,4,10238,10256
183,3,10250,10266
9752,0,10252,10262
3467,4,10256,10265
8626,0,10262,10291
8752,1,10263,10283
1941,4,10265,10295
4221,3,10266,10286
3595,2,10274,10292
1169,1,10283,10316
175,3,10286,10308
4132,0,10291,10333
4500,2,10292,10332
4900,4,10295,10330
9127,3,10308,10343
9687,1,10316,10321
2197,1,10321,10335
6091,4,10330,10354
3152,2,10332,10377
9765,0,10333,10338
1554,1,10335,10380
9019,0,10338,10346
5496,3,10343,10373
9918,0,10346,10362
7759,4,10354,10371
1113,0,10362,10386
6019,4,10371,10384
8486,3,10373,10398
1666,2,10377,10396
5702,1,10380,10413
9006,4,10384,10419
7391,0,10386,10427
877,2,10396,10409
632,3,10398,10430
6251,2,10409,10436
895,1,10413,10445
9259,4,10419,10444
6218,0,10427,10470
6674,3,10430,10437
4579,2,10436,10481
7885,3,10437,10443
4084,3,10443,10458
9534,4,10444,10494
8963,1,10445,10455
1679,1,10455,10480
6309,3,10458,10469
7805,3,10469,10497
4286,0,10470,10480
2925,0,10480,10499
8177,1,10480,10496
6655,2,10481,10495
8775,4,10494,10530
390,2,10495,10511
4097,1,10496,10510
189,3,10497,10525
1907,0,10499,10528
9942,1,10510,10547
2369,2,10511,10518
2771,2,10518,10551
2457,3,10525,10536
5680,0,10528,10549
8680,4,10530,10569
5444,3,10536,10576
4980,1,10547,10565
8106,0,10549,10563
1713,2,10551,10576
7596,0,10563,10610
5553,1,10565,10577
943,4,10569,10619
2171,2,10576,10600
8800,3,10576,10587
150,1,10577,10616
3082,3,10587,10615
5831,2,10600,10635
1976,0,10610,10649
7672,3,10615,10641
3307,1,10616,10641
9147,4,10619,10636
9557,2,10635,10646
2221,4,10636,10643
6513,3,10641,10686
8184,1,10641,10680
4615,4,10643,10687
7345,2,10646,10667
4296,0,10649,10676
6039,2,10667,10692
2950,0,10676,10713
1953,1,10680,10695
9408,3,10686,10721
9595,4,10687,10699
3690,2,10692,10702
9825,1,10695,10740
1851,4,10699,10706
4747,2,10702,10719
6707,4,10706,10720
8326,0,10713,10724
9588,2,10719,10749
916,4,10720,10743
151,3,10721,10755
8138,0,10724,10764
7432,1,10740,10765
115,4,10743,10763
9057,2,10749,10799
6786,3,10755,10801
9564,4,10763,10799
3501,0,10764,10783
5255,1,10765,10813
3565,0,10783,10796
4053,0,10796,10802
9932,4,10799,10829
6951,2,10799,10832
7434,3,10801,10823
2915,0,10802,10847
1509,1,10813,10858
9931,3,10823,10857
431,4,10829,10843
8304,2,10832,10847
1574,4,10843,10853
5214,0,10847,10880
938,2,10847,10881
484,4,10853,10861
2299,3,10857,10902
4198,1,10858,10869
2159,4,10861,10889
2996,1,10869,10914
416,0,10880,10921
9459,2,10881,10927
712,4,10889,10911
9938,3,10902,10926
1362,4,10911,10921
7625,1,10914,10922
8844,4,10921,10928
7700,0,10921,10948
2506,1,10922,10935
2410,3,10926,10937
6758,2,10927,10932
9495,4,10928,10974
2563,2,10932,10976
7528,1,10935,10962
6545,3,10937,10967
393,0,10948,10974
9920,1,10962,10979
1845,3,10967,10977
2582,4,10974,10999
8881,0,10974,11004
6342,2,10976,11011
8262,3,10977,10986
3811,1,10979,11005
2033,3,10986,11024
517,4,10999,11027
4122,0,11004,11036
4424,1,11005,11018
9328,2,11011,11029
1227,1,11018,11061
4846,3,11024,11036
9722,4,11027,11042
3002,2,11029,11041
9539,0,11036,11057
8259,3,11036,11060
3947,2,11041,11084
3092,4,11042,11048
3492,4,11048,11073
2017,0,11057,11098
9388,3,11060,11084
4405,1,11061,11096
5155,4,11073,11114
3760,2,11084,11113
1480,3,11084,11090
1405,3,11090,11101
661,1,11096,11116
267,0,11098,11118
1876,3,11101,11144
5412,2,11113,11161
4476,4,11114,11149
144,1,11116,11162
2823,0,11118,11139
9385,0,11139,11156
9471,3,11144,11166
4823,4,11149,11163
3496,0,11156,11181
8713,2,11161,11184
3704,1,11162,11183
9184,4,11163,11179
18,3,11166,11191
1167,4,11179,11198
2313,0,11181,11196
1969,1,11183,11188
2852,2,11184,11189
5777,1,11188,11212
163,2,11189,11212
6447,3,11191,11212
8010,0,11196,11202
3926,4,11198,11212
9403,0,11202,11232
1149,4,11212,11227
9468,2,11212,11244
9284,3,11212,11243
5625,1,11212,11255
2434,4,11227,11238
9296,0,11232,11282
5611,4,11238,11281
9536,3,11243,11256
3558,2,11244,11279
954,1,11255,11264
4340,3,11256,11272
3107,1,11264,11280
3607,3,11272,11312
9110,2,11279,11290
1483,1,11280,11324
547,4,11281,11293
785,0,11282,11300
4664,2,11290,11315
5261,4,11293,11313
5740,0,11300,11328
8659,3,11312,11355
7793,4,11313,11343
1840,2,11315,11330
4507,1,11324,11340
1857,0,11328,11349
7465,2,11330,11342
8089,1,11340,11355
7390,2,11342,11388
579,4,11343,11351
8724,0,11349,11379
7923,4,11351,11385
2448,3,11355,11366
8835,1,11355,11398
3403,3,11366,11388
8729,0,11379,11400
2588,4,11385,11412
114,2,11388,11425
8857,3,11388,11415
3096,1,11398,11440
7850,0,11400,11437
7697,4,11412,11423
4246,3,11415,11458
311,4,11423,11456
8307,2,11425,11474
5184,0,11437,11446
5848,1,11440,11462
1250,0,11446,11473
3807,4,11456,11469
7532,3,11458,11467
6651,1,11462,11483
3666,3,11467,11475
2693,4,11469,11474
3085,0,11473,11485
8051,4,11474,11496
6763,2,11474,11483
1980,3,11475,11498
630,2,11483,11513
6190,1,11483,11510
7921,0,11485,11497
4280,4,11496,11517
4064,0,11497,11524
58,3,11498,11524
1443,1,11510,11539
8762,2,11513,11556
3098,4,11517,11531
4078,0,11524,11537
4773,3,11524,11549
8342,4,11531,11573
2211,0,11537,11559
872,1,11539,11546
8700,1,11546,11555
8185,3,11549,11598
7720,1,11555,11572
9209,2,11556,11590
9421,0,11559,11575
7773,1,11572,11619
7045,4,11573,11602
8968,0,11575,11610
1203,2,11590,11639
3248,3,11598,11627
7318,4,11602,11622
5783,0,11610,11636
1279,1,11619,11650
6016,4,11622,11647
8931,3,11627,11656
2562,0,11636,11651
2784,2,11639,11677
8162,4,11647,11674
5223,1,11650,11700
8808,0,11651,11688
546,3,11656,11692
4009,4,11674,11702
5390,2,11677,11721
1037,0,11688,11716
1893,3,11692,11704
3087,1,11700,11739
2567,4,11702,11721
2762,3,11704,11752
6540,0,11716,11732
1022,4,11721,11731
7517,2,11721,11757
8320,4,11731,11759
4460,0,11732,11764
9572,1,11739,11753
9732,3,11752,11772
8321,1,11753,11784
3333,2,11757,11787
4368,4,11759,11798
1151,0,11764,11773
2093,3,11772,11817
7866,0,11773,11812
5515,1,11784,11815
8035,2,11787,11819
5836,4,11798,11803
2451,4,11803,11819
8494,0,11812,11821
8393,1,11815,11851
9286,3,11817,11839
3978,4,11819,11840
5963,2,11819,11868
2124,0,11821,11826
7301,0,11826,11858
7206,3,11839,11868
9467,4,11840,11872
1519,1,11851,11881
1552,0,11858,11875
6432,2,11868,11882
5025,3,11868,11876
216,4,11872,11906
1500,0,11875,11891
3121,3,11876,11884
7714,1,11881,11919
7004,2,11882,11924
8769,3,11884,11890
4224,3,11890,11897
5413,0,11891,11902
4349,3,11897,11911
5339,0,11902,11908
3049,4,11906,11950
7160,0,11908,11915
1629,3,11911,11952
6356,0,11915,11926
2297,1,11919,11961
7681,2,11924,11946
4486,0,11926,11972
6887,2,11946,11971
8934,4,11950,11983
5863,3,11952,11983
9033,1,11961,12001
828,2,11971,11980
2207,0,11972,11983
7906,2,11980,12015
3284,4,11983,12025
8551,0,11983,11999
6802,3,11983,12010
6634,0,11999,12012
3664,1,12001,12044
5269,3,12010,12021
7994,0,12012,12060
798,2,12015,12063
3245,3,12021,12067
6821,4,12025,12031
8400,4,12031,12059
5249,1,12044,12061
7591,4,12059,12077
625,0,12060,12072
2456,1,12061,12077
4905,2,12063,12073
9737,3,12067,12109
97,0,12072,12109
7296,2,12073,12085
7427,4,12077,12108
4813,1,12077,12102
377,2,12085,12116
3710,1,12102,12132
2549,4,12108,12137
552,0,12109,12145
5618,3,12109,12122
807,2,12116,12139
3999,3,12122,12154
8013,1,12132,12149
9278,4,12137,12178
5242,2,12139,12158
7829,0,12145,12176
1906,1,12149,12194
1731,3,12154,12160
106,2,12158,12168
2027,3,12160,12198
2309,2,12168,12182
9319,0,12176,12183
8909,4,12178,12183
5658,2,12182,12187
721,4,12183,12224
2725,0,12183,12220
6001,2,12187,12192
9001,2,12192,12199
5441,1,12194,12225
9120,3,12198,12245
9666,2,12199,12221
6181,0,12220,12260
1171,2,12221,12230
9130,4,12224,12239
8293,1,12225,12252
8516,2,12230,12247
1663,4,12239,12271
2129,3,12245,12257
8039,2,12247,12267
221,1,12252,12259
6444,3,12257,12267
1221,1,12259,12288
8396,0,12260,12300
2011,2,12267,12298
3750,3,12267,12298
5972,4,12271,12297
239,1,12288,12309
8927,4,12297,12330
8594,2,12298,12314
6804,3,12298,12311
7492,0,12300,12319
8012,1,12309,12355
5015,3,12311,12316
881,2,12314,12327
6093,3,12316,12354
3555,0,12319,12361
4202,2,12327,12357
3320,4,12330,12367
8868,3,12354,12396
5420,1,12355,12372
1867,2,12357,12373
349,0,12361,12368
1098,4,12367,12394
8771,0,12368,12382
5461,1,12372,12388
6269,2,12373,12405
2067,0,12382,12395
4107,1,12388,12412
2302,4,12394,12403
1253,0,12395,12403
7207,3,12396,12429
9794,4,12403,12426
3778,0,12403,12429
8691,2,12405,12449
4624,1,12412,12434
4207,4,12426,12462
70,0,12429,12476
8825,3,12429,12466
7438,1,12434,12453
6073,2,12449,12490
3893,1,12453,12500
7003,4,12462,12494
179,3,12466,12484
4190,0,12476,12522
3747,3,12484,12509
6400,2,12490,12527
7455,4,12494,12516
6940,1,12500,12509
3455,3,12509,12556
5060,1,12509,12525
496,4,12516,12535
3476,0,12522,12554
8636,1,12525,12554
4983,2,12527,12550
9154,4,12535,12560
268,2,12550,12582
852,0,12554,12581
1609,1,12554,12596
9236,3,12556,12576
6867,4,12560,12605
2023,3,12576,12602
824,0,12581,12627
6961,2,12582,12628
8990,1,12596,12625
2232,3,12602,12632
6136,4,12605,12645
7960,1,12625,12669
4979,0,12627,12656
1892,2,12628,12661
2453,3,12632,12670
9061,4,12645,12650
5074,4,12650,12668
9074,0,12656,12668
4574,2,12661,12671
8501,4,12668,12680
746,0,12668,12695
8523,1,12669,12704
1012,3,12670,12689
5509,2,12671,12715
3075,4,12680,12712
5194,3,12689,12717
6640,0,12695,12737
9671,1,12704,12732
839,4,12712,12749
356,2,12715,12744
8141,3,12717,12732
5115,3,12732,12739
4105,1,12732,12782
9264,0,12737,12752
7008,3,12739,12746
3351,2,12744,12775
3216,3,12746,12758
4806,4,12749,12791
5240,0,12752,12766
1932,3,12758,12805
2109,0,12766,12772
7913,0,12772,12784
9800,2,12775,12793
7796,1,12782,12797
5533,0,12784,12801
7073,4,12791,12830
9034,2,12793,12827
9213,1,12797,12815
8302,0,12801,12827
4545,3,12805,12817
1850,1,12815,12859
7085,3,12817,12854
8286,0,12827,12840
324,2,12827,12869
1694,4,12830,12840
506,4,12840,12888
6363,0,12840,12889
473,3,12854,12881
342,1,12859,12894
7925,2,12869,12880
3207,2,12880,12885
4584,3,12881,12890
9430,2,12885,12916
5901,4,12888,12896
7893,0,12889,12895
2310,3,12890,12903
9879,1,12894,12944
3805,0,12895,12906
5299,4,12896,12946
9100,3,12903,12911
2625,0,12906,12930
7630,3,12911,12950
3226,2,12916,12928
7023,2,12928,12958
1,0,12930,12977
1444,1,12944,12952
8365,4,12946,12981
9786,3,12950,12956
7017,1,12952,12973
3716,3,12956,12963
4335,2,12958,12973
2471,3,12963,13012
4466,2,12973,13009
4802,1,12973,12985
3520,0,12977,12994
3334,4,12981,13006
8599,1,12985,13034
7051,0,12994,13019
1446,4,13006,13051
3783,2,13009,13025
5893,3,13012,13019
1641,0,13019,13039
9301,3,13019,13036
6685,2,13025,13070
7467,1,13034,13049
9357,3,13036,13076
7616,0,13039,13053
6511,1,13049,13060
9231,4,13051,13085
648,0,13053,13065
6745,1,13060,13108
544,0,13065,13074
2337,2,13070,13111
3734,0,13074,13084
1115,3,13076,13122
2778,0,13084,13122
7139,4,13085,13123
1527,1,13108,13134
8495,2,13111,13138
1399,0,13122,13147
9652,3,13122,13163
7084,4,13123,13157
8087,1,13134,13169
2218,2,13138,13163
8050,0,13147,13172
3886,4,13157,13197
6772,2,13163,13184
5597,3,13163,13174
8403,1,13169,13189
7819,0,13172,13210
1758,3,13174,13183
8855,3,13183,13228
700,2,13184,13194
4383,1,13189,13203
5885,2,13194,13238
8788,4,13197,13225
7618,1,13203,13228
1704,0,13210,13240
5536,4,13225,13233
1765,3,13228,13261
3711,1,13228,13239
8056,4,13233,13265
1805,2,13238,13260
38,1,13239,13281
9119,0,13240,13269
8767,2,13260,13309
5466,3,13261,13272
5686,4,13265,13291
219,0,13269,13291
663,3,13272,13277
5998,3,13277,13283
7997,1,13281,13293
4007,3,13283,13305
7230,4,13291,13309
6132,0,13291,13301
5925,1,13293,13313
7013,0,13301,13315
3280,3,13305,13349
7853,4,13309,13341
2108,2,13309,13331
5230,1,13313,13325
6496,0,13315,13335
2028,1,13325,13373
6403,2,13331,13346
8859,0,13335,13371
8340,4,13341,13382
3125,2,13346,13365
1624,3,13349,13366
9964,2,13365,13410
2873,3,13366,13406
1481,0,13371,13390
6991,1,13373,13408
4452,4,13382,13409
5524,0,13390,13416
6611,3,13406,13443
232,1,13408,13430
31,4,13409,13438
6607,2,13410,13459
2420,0,13416,13464
2528,1,13430,13458
6382,4,13438,13452
7071,3,13443,13488
371,4,13452,13482
856,1,13458,13483
8080,2,13459,13502
2652,0,13464,13509
5636,4,13482,13519
5581,1,13483,13512
2898,3,13488,13506
2205,2,13502,13513
3965,3,13506,13531
2608,0,13509,13547
2300,1,13512,13532
3012,2,13513,13533
2,4,13519,13532
4305,3,13531,13545
8191,4,13532,13545
5595,1,13532,13541
5388,2,13533,13551
2804,1,13541,13574
6366,4,13545,13586
3410,3,13545,13594
3230,0,13547,13579
9533,2,13551,13599
2490,1,13574,13579
2958,0,13579,13622
8159,1,13579,13604
4654,4,13586,13606
1154,3,13594,13638
2200,2,13599,13630
3625,1,13604,13612
7602,4,13606,13634
2321,1,13612,13632
4669,0,13622,13638
9976,2,13630,13653
7634,1,13632,13678
6425,4,13634,13666
4499,0,13638,13657
9857,3,13638,13652
367,3,13652,13687
5024,2,13653,13697
6985,0,13657,13683
7955,4,13666,13705
6793,1,13678,13687
2446,0,13683,13726
1800,3,13687,13713
8629,1,13687,13700
6144,2,13697,13735
4769,1,13700,13727
206,4,13705,13749
4849,3,13713,13734
4095,0,13726,13733
6904,1,13727,13776
1290,0,13733,13747
5634,3,13734,13772
387,2,13735,13761
6209,0,13747,13792
21,4,13749,13784
2121,2,13761,13778
9616,3,13772,13785
7732,1,13776,13809
3449,2,13778,13813
559,4,13784,13813
2577,3,13785,13792
8325,0,13792,13805
4068,3,13792,13814
2840,0,13805,13827
4565,1,13809,13843
1770,4,13813,13839
5364,2,13813,13855
7216,3,13814,13826
812,3,13826,13852
4876,0,13827,13873
545,4,13839,13844
9118,1,13843,13870
1302,4,13844,13875
479,3,13852,13863
400,2,13855,13865
7106,3,13863,13869
3958,2,13865,13912
2595,3,13869,13917
6147,1,13870,13881
4165,0,13873,13884
8721,4,13875,13894
8591,1,13881,13891
4023,0,13884,13902
3988,1,13891,13904
3324,4,13894,13906
2674,0,13902,13911
8288,1,13904,13917
2104,4,13906,13947
3285,0,13911,13937
8267,2,13912,13939
1660,3,13917,13928
8219,1,13917,13943
535,3,13928,13937
6738,0,13937,13975
2354,3,13937,13976
9207,2,13939,13965
1304,1,13943,13978
7723,4,13947,13955
7816,4,13955,13973
3515,2,13965,13987
4004,4,13973,13990
8179,0,13975,13984
6253,3,13976,14018
8204,1,13978,14025
2362,0,13984,13996
1261,2,13987,14028
3070,4,13990,14006
8196,0,13996,14028
2856,4,14006,14034
703,3,14018,14060
9123,1,14025,14048
487,0,14028,14041
9873,2,14028,14072
2763,4,14034,14083
8974,0,14041,14056
1312,1,14048,14063
2603,0,14056,14105
7302,3,14060,14067
6116,1,14063,14081
2137,3,14067,14085
7752,2,14072,14113
2795,1,14081,14096
1272,4,14083,14101
9626,3,14085,14107
2234,1,14096,14123
9165,4,14101,14110
5370,0,14105,14138
6076,3,14107,14150
1035,4,14110,14158
3681,2,14113,14155
1077,1,14123,14144
8538,0,14138,14159
1430,1,14144,14179
116,3,14150,14169
1329,2,14155,14171
4744,4,14158,14202
298,0,14159,14178
6357,3,14169,14194
9055,2,14171,14212
9228,0,14178,14186
5236,1,14179,14195
837,0,14186,14228
7929,3,14194,14236
6582,1,14195,14205
3438,4,14202,14248
3810,1,14205,14215
1877,2,14212,14234
9396,1,14215,14221
6046,1,14221,14260
4061,0,14228,14278
3912,2,14234,14274
684,3,14236,14278
8244,4,14248,14255
4779,4,14255,14281
6654,1,14260,14305
3381,2,14274,14306
7804,0,14278,14292
1107,3,14278,14328
4931,4,14281,14303
3303,0,14292,14316
2721,4,14303,14335
3678,1,14305,14336
8142,2,14306,14349
2746,0,14316,14329
6284,3,14328,14361
771,0,14329,14371
469,4,14335,14375
398,1,14336,14375
7425,2,14349,14380
8732,3,14361,14383
973,0,14371,14388
7389,4,14375,14394
5353,1,14375,14390
3874,2,14380,14427
2287,3,14383,14397
9978,0,14388,14409
7165,1,14390,14421
6697,4,14394,14437
7747,3,14397,14403
2373,3,14403,14415
5503,0,14409,14420
2818,3,14415,14423
3510,0,14420,14441
6426,1,14421,14470
7605,3,14423,14466
6915,2,14427,14466
9133,4,14437,14474
3782,0,14441,14453
5360,0,14453,14497
3873,2,14466,14507
3359,3,14466,14491
171,1,14470,14487
2179,4,14474,14500
4883,1,14487,14512
7693,3,14491,14526
5319,0,14497,14515
3208,4,14500,14505
541,4,14505,14555
3714,2,14507,14526
4532,1,14512,14552
9972,0,14515,14525
4658,0,14525,14550
5141,2,14526,14537
797,3,14526,14562
3516,2,14537,14547
7108,2,14547,14592
5334,0,14550,14568
3258,1,14552,14597
617,4,14555,14583
2037,3,14562,14567
1030,3,14567,14615
6836,0,14568,14597
1695,4,14583,14627
2983,2,14592,14638
4993,0,14597,14607
1746,1,14597,14617
2830,0,14607,14612
8048,0,14612,14633
6834,3,14615,14651
3177,1,14617,14658
4357,4,14627,14649
504,0,14633,14644
7838,2,14638,14688
8650,0,14644,14690
240,4,14649,14692
6668,3,14651,14656
585,3,14656,14682
8079,1,14658,14692
4711,3,14682,14731
2298,2,14688,14696
3066,0,14690,14712
5975,4,14692,14726
7748,1,14692,14719
5266,2,14696,14720
6168,0,14712,14746
6711,1,14719,14749
6033,2,14720,14734
633,4,14726,14747
5824,3,14731,14756
3787,2,14734,14782
2459,0,14746,14769
4940,4,14747,14776
5897,1,14749,14765
9089,3,14756,14806
1063,1,14765,14810
5486,0,14769,14786
5860,4,14776,14808
5464,2,14782,14799
5771,0,14786,14827
3319,2,14799,14828
8271,3,14806,14844
4155,4,14808,14843
6558,1,14810,14845
7973,0,14827,14838
4010,2,14828,14855
2086,0,14838,14863
4300,4,14843,14872
761,3,14844,14856
231,1,14845,14892
6060,2,14855,14864
4634,3,14856,14895
1883,0,14863,14893
7584,2,14864,14880
7757,4,14872,14905
8402,2,14880,14901
4453,1,14892,14929
2366,0,14893,14942
5725,3,14895,14940
1512,2,14901,14944
9164,4,14905,14951
5450,1,14929,14967
9419,3,14940,14968
738,0,14942,14973
5709,2,14944,14959
3533,4,14951,14978
6878,2,14959,14995
9186,1,14967,14986
2597,3,14968,14976
9342,0,14973,14986
5538,3,14976,15007
6995,4,14978,14994
1368,0,14986,15011
5493,1,14986,15017
3755,4,14994,14999
363,2,14995,15015
361,4,14999,15034
1013,3,15007,15030
449,0,15011,15024
5026,2,15015,15065
6138,1,15017,15058
8587,0,15024,15062
8405,3,15030,15070
3275,4,15034,15060
3010,1,15058,15104
5521,4,15060,15086
3310,0,15062,15101
8022,2,15065,15115
4687,3,15070,15075
3175,3,15075,15105
942,4,15086,15097
1145,4,15097,15135
5917,0,15101,15110
2208,1,15104,15126
3728,3,15105,15127
1485,0,15110,15121
343,2,15115,15122
6687,0,15121,15156
8481,2,15122,15162
8869,1,15126,15137
3507,3,15127,15146
7449,4,15135,15155
6304,1,15137,15179
5875,3,15146,15187
4642,4,15155,15190
5761,0,15156,15178
4375,2,15162,15168
9173,2,15168,15173
4774,2,15173,15223
5276,0,15178,15184
2866,1,15179,15198
3777,0,15184,15189
4837,3,15187,15233
7865,0,15189,15232
1597,4,15190,15196
9614,4,15196,15221
9369,1,15198,15243
3441,4,15221,15237
4210,2,15223,15249
9974,0,15232,15237
436,3,15233,15245
1052,4,15237,15256
9669,0,15237,15265
7297,1,15243,15279
7485,3,15245,15257
5404,2,15249,15284
6194,4,15256,15277
3173,3,15257,15307
1721,0,15265,15270
7274,0,15270,15319
794,4,15277,15318
5678,1,15279,15296
2282,2,15284,15322
8861,1,15296,15343
790,3,15307,15313
7075,3,15313,15354
8243,4,15318,15344
4054,0,15319,15331
5304,2,15322,15360
5190,0,15331,15347
4046,1,15343,15355
3242,4,15344,15388
2997,0,15347,15384
4462,3,15354,15404
3393,1,15355,15364
889,2,15360,15388
9398,1,15364,15412
7401,0,15384,15431
9024,4,15388,15422
72,2,15388,15406
4408,3,15404,15454
8702,2,15406,15417
9026,1,15412,15445
2899,2,15417,15461
9823,4,15422,15467
1338,0,15431,15474
1418,1,15445,15471
9316,3,15454,15482
4088,2,15461,15501
405,4,15467,15490
8873,1,15471,15486
574,0,15474,15503
2673,3,15482,15523
3389,1,15486,15516
6976,4,15490,15539
7242,2,15501,15547
5995,0,15503,15531
7448,1,15516,15560
1948,3,15523,15530
3902,3,15530,15539
5855,0,15531,15581
7351,4,15539,15585
2897,3,15539,15552
7546,2,15547,15559
3717,3,15552,15579
682,2,15559,15599
2487,1,15560,15586
6997,3,15579,15619
7060,0,15581,15610
6602,4,15585,15633
3436,1,15586,15592
7067,1,15592,15606
3698,2,15599,15632
4679,1,15606,15632
2145,0,15610,15650
1843,3,15619,15651
6941,2,15632,15675
5967,1,15632,15655
8167,4,15633,15659
6058,0,15650,15673
4322,3,15651,15698
5330,1,15655,15660
5166,4,15659,15694
66,1,15660,15709
1382,0,15673,15707
1741,2,15675,15716
1051,4,15694,15722
253,3,15698,15737
6481,0,15707,15742
6020,1,15709,15726
6837,2,15716,15763
5624,4,15722,15748
2791,1,15726,15746
1159,3,15737,15767
2325,0,15742,15755
9659,1,15746,15773
8183,4,15748,15771
2101,0,15755,15798
2486,2,15763,15796
8418,3,15767,15807
6353,4,15771,15795
1023,1,15773,15816
8704,4,15795,15826
9907,2,15796,15841
1573,0,15798,15818
4284,3,15807,15826
9707,1,15816,15840
5200,0,15818,15860
9460,4,15826,15872
336,3,15826,15841
1706,1,15840,15853
5711,2,15841,15887
5903,3,15841,15863
257,1,15853,15885
9182,0,15860,15909
2128,3,15863,15906
8203,4,15872,15906
9336,1,15885,15924
7353,2,15887,15930
2482,4,15906,15924
7566,3,15906,15941
8894,0,15909,15930
9912,4,15924,15952
3058,1,15924,15960
1112,0,15930,15946
695,2,15930,15951
756,3,15941,15991
9035,0,15946,15965
3159,2,15951,15958
5953,4,15952,15966
1643,2,15958,15966
5019,1,15960,16006
2922,0,15965,15989
4660,4,15966,15994
9136,2,15966,15985
7358,2,15985,16034
6117,0,15989,16017
4062,3,15991,16004
7909,4,15994,16011
7313,3,16004,16024
5149,1,16006,16028
8923,4,16011,16024
6713,0,16017,16031
5401,4,16024,16064
3593,3,16024,16066
3232,1,16028,16067
7922,0,16031,16080
9805,2,16034,16082
4810,4,16064,16075
3773,3,16066,16115
7750,1,16067,16107
595,4,16075,16092
1432,0,16080,16122
5290,2,16082,16101
7098,4,16092,16122
2345,2,16101,16110
1551,1,16107,16154
8566,2,16110,16153
2600,3,16115,16150
707,4,16122,16136
2974,0,16122,16155
8739,4,16136,16163
9712,3,16150,16195
5719,2,16153,16164
2449,1,16154,16182
5048,0,16155,16188
1239,4,16163,16174
389,2,16164,16205
178,4,16174,16217
3323,1,16182,16198
9577,0,16188,16212
7047,3,16195,16211
6365,1,16198,16247
9593,2,16205,16227
8970,3,16211,16228
4617,0,16212,16259
2117,4,16217,16255
87,2,16227,16264
6167,3,16228,16235
5612,3,16235,16284
6461,1,16247,16293
8744,4,16255,16302
689,0,16259,16280
4718,2,16264,16290
9886,0,16280,16286
1408,3,16284,16309
5133,0,16286,16324
4844,2,16290,16298
3920,1,16293,16303
925,2,16298,16341
6637,4,16302,16308
5580,1,16303,16312
5135,4,16308,16348
9194,3,16309,16315
6926,1,16312,16358
649,3,16315,16356
2142,0,16324,16370
7061,2,16341,16364
8962,4,16348,16390
5600,3,16356,16391
2097,1,16358,16366
5586,2,16364,16372
7352,1,16366,16394
9291,0,16370,16411
2020,2,16372,16385
3265,2,16385,16393
3322,4,16390,16411
2469,3,16391,16414
6735,2,16393,16407
4327,1,16394,16419
1650,2,16407,16438
2220,4,16411,16461
3608,0,16411,16431
1658,3,16414,16445
8131,1,16419,16430
1566,1,16430,16480
6945,0,16431,16473
4590,2,16438,16475
6677,3,16445,16479
7683,4,16461,16495
568,0,16473,16489
3493,2,16475,16512
4067,3,16479,16504
5801,1,16480,16487
4437,1,16487,16508
988,0,16489,16503
8092,4,16495,16503
7684,4,16503,16524
9676,0,16503,16508
5348,3,16504,16542
5094,0,16508,16526
2879,1,16508,16531
3987,2,16512,16553
2575,4,16524,16534
2612,0,16526,16549
9163,1,16531,16577
2043,4,16534,16556
9756,3,16542,16552
8880,0,16549,16558
454,3,16552,16558
4370,2,16553,16561
7166,4,16556,16603
4971,0,16558,16598
8531,3,16558,16608
1730,2,16561,16607
4397,1,16577,16611
2865,0,16598,16609
2273,4,16603,16646
3583,2,16607,16643
2123,3,16608,16630
12,0,16609,16625
2050,1,16611,16659
8638,0,16625,16640
520,3,16630,16644
374,0,16640,16681
5481,2,16643,16654
3372,3,16644,16654
9538,4,16646,16667
9727,2,16654,16666
4443,3,16654,16676
214,1,16659,16690
1096,2,16666,16689
8621,4,16667,16716
6465,3,16676,16686
4243,0,16681,16697
266,3,16686,16734
2761,2,16689,16700
4822,1,16690,16729
2105,0,16697,16740
5274,2,16700,16733
9734,4,16716,16751
9835,1,16729,16749
1886,2,16733,16757
9674,3,16734,16751
5604,0,16740,16746
85,0,16746,16763
600,1,16749,16755
3642,4,16751,16782
3451,3,16751,16795
1745,1,16755,16805
9754,2,16757,16763
1902,0,16763,16796
1365,2,16763,16800
76,4,16782,16793
2907,4,16793,16827
9753,3,16795,16813
8512,0,16796,16845
2247,2,16800,16850
870,1,16805,16848
759,3,16813,16829
8645,4,16827,16860
8558,3,16829,16862
1804,0,16845,16881
4478,1,16848,16861
1772,2,16850,16897
7269,4,16860,16875
7360,1,16861,16873
804,3,16862,16867
6347,3,16867,16880
1448,1,16873,16908
2995,4,16875,16891
5981,3,16880,16916
8390,0,16881,16907
2788,4,16891,16915
6087,2,16897,16940
1662,0,16907,16932
6462,1,16908,16916
6922,4,16915,16954
7521,1,16916,16958
9664,3,16916,16926
3033,3,16926,16945
4666,0,16932,16939
5292,0,16939,16979
110,2,16940,16972
619,3,16945,16952
4287,3,16952,16977
7511,4,16954,16973
3618,1,16958,17007
9007,2,16972,16990
7339,4,16973,16997
6760,3,16977,17022
2664,0,16979,17019
7333,2,16990,17009
7873,4,16997,17034
2891,1,17007,17056
3435,2,17009,17052
1869,0,17019,17066
6934,3,17022,17045
3972,4,17034,17063
1700,3,17045,17052
2077,2,17052,17075
7239,3,17052,17072
5942,1,17056,17105
7355,4,17063,17080
2941,0,17066,17090
3809,3,17072,17122
4204,2,17075,17095
4298,4,17080,17103
7538,0,17090,17127
1396,2,17095,17139
40,4,17103,17115
4391,1,17105,17135
3335,4,17115,17159
6166,3,17122,17172
7645,0,17127,17135
2905,0,17135,17169
2842,1,17135,17151
7807,2,17139,17187
4041,1,17151,17156
6454,1,17156,17182
2500,4,17159,17170
6886,0,17169,17214
8920,4,17170,17198
7557,3,17172,17195
1066,1,17182,17192
748,2,17187,17214
8944,1,17192,17215
3129,3,17195,17225
6873,4,17198,17206
6095,4,17206,17242
2374,0,17214,17259
9311,2,17214,17226
7842,1,17215,17261
6722,3,17225,17263
4440,2,17226,17244
7702,4,17242,17291
6435,2,17244,17270
9546,0,17259,17273
1888,1,17261,17302
2166,3,17263,17270
9490,2,17270,17279
624,3,17270,17304
5772,0,17273,17281
3885,2,17279,17312
7343,0,17281,17288
6329,0,17288,17327
5467,4,17291,17322
8192,1,17302,17351
1764,3,17304,17320
8827,2,17312,17350
3601,3,17320,17354
2999,4,17322,17369
7788,0,17327,17373
3938,2,17350,17386
1457,1,17351,17378
9085,3,17354,17380
9524,4,17369,17407
8951,0,17373,17400
8644,1,17378,17402
6572,3,17380,17393
4775,2,17386,17392
7852,2,17392,17398
5208,3,17393,17411
6370,2,17398,17418
4643,0,17400,17423
2148,1,17402,17412
9380,4,17407,17450
8707,3,17411,17460
5147,1,17412,17418
6953,2,17418,17427
6051,1,17418,17462
7690,0,17423,17466
2026,2,17427,17471
9675,4,17450,17457
1417,4,17457,17481
6939,3,17460,17504
5381,1,17462,17477
3794,0,17466,17506
5365,2,17471,17495
6683,1,17477,17490
142,4,17481,17518
3376,1,17490,17533
8003,2,17495,17523
9094,3,17504,17525
4484,0,17506,17544
1428,4,17518,17562
4967,2,17523,17571
2671,3,17525,17544
3016,1,17533,17540
1400,1,17540,17556
8235,0,17544,17588
9723,3,17544,17586
204,1,17556,17580
3168,4,17562,17606
5446,2,17571,17580
9663,2,17580,17612
4463,1,17580,17595
7373,3,17586,17629
9833,0,17588,17618
1684,1,17595,17601
6206,1,17601,17625
7447,4,17606,17632
7171,2,17612,17642
6192,0,17618,17637
3922,1,17625,17670
9377,3,17629,17649
6570,4,17632,17655
5850,0,17637,17661
5432,2,17642,17652
5558,3,17649,17678
1505,2,17652,17685
5445,4,17655,17676
1791,0,17661,17700
8158,1,17670,17710
6070,4,17676,17686
4380,3,17678,17694
5703,2,17685,17699
4618,4,17686,17722
5476,3,17694,17702
4706,2,17699,17736
6952,0,17700,17711
7117,3,17702,17732
4430,1,17710,17736
4353,0,17711,17721
8247,0,17721,17763
5128,4,17722,17755
9066,3,17732,17754
1689,2,17736,17781
4121,1,17736,17754
946,1,17754,17766
2556,3,17754,17792
2519,4,17755,17794
7928,0,17763,17813
1347,1,17766,17813
9880,2,17781,17820
5526,3,17792,17842
502,4,17794,17819
677,0,17813,17833
8580,1,17813,17859
5569,4,17819,17854
177,2,17820,17859
9561,0,17833,17872
7201,3,17842,17874
2854,4,17854,17879
8809,2,17859,17874
7244,1,17859,17880
1308,0,17872,17883
3144,2,17874,17893
6813,3,17874,17909
260,4,17879,17887
4927,1,17880,17903
1608,0,17883,17913
4110,4,17887,17931
6082,2,17893,17932
6599,1,17903,17925
7152,3,17909,17918
1901,0,17913,17922
9434,3,17918,17929
6715,0,17922,17957
7453,1,17925,17952
960,3,17929,17953
8686,4,17931,17961
3203,2,17932,17972
2864,1,17952,17980
6350,3,17953,17969
8440,0,17957,17987
3059,4,17961,17998
6788,3,17969,18013
4042,2,17972,17982
4303,1,17980,18009
7976,2,17982,17992
5780,0,17987,18027
8606,2,17992,18009
249,4,17998,18011
5546,2,18009,18018
5000,1,18009,18021
5043,4,18011,18027
4710,3,18013,18044
8717,2,18018,18052
6993,1,18021,18069
3390,4,18027,18032
3724,0,18027,18047
7993,4,18032,18077
300,3,18044,18049
982,0,18047,18097
210,3,18049,18081
6079,2,18052,18090
4719,1,18069,18095
629,4,18077,18103
8309,3,18081,18086
2122,3,18086,18096
8500,2,18090,18133
9655,1,18095,18145
3769,3,18096,18113
4001,0,18097,18132
907,4,18103,18117
2255,3,18113,18154
7545,4,18117,18145
8886,0,18132,18170
4982,2,18133,18166
8173,4,18145,18167
9091,1,18145,18195
1593,3,18154,18159
1081,3,18159,18175
1556,2,18166,18216
3072,4,18167,18209
3213,0,18170,18204
2359,3,18175,18191
9681,3,18191,18229
6949,1,18195,18208
4712,0,18204,18248
6159,1,18208,18218
9031,4,18209,18230
8614,2,18216,18231
5797,1,18218,18259
962,3,18229,18253
5340,4,18230,18235
395,2,18231,18249
6106,4,18235,18243
5218,4,18243,18290
5616,0,18248,18272
1186,2,18249,18265
4102,3,18253,18300
4260,1,18259,18272
5899,2,18265,18293
3420,0,18272,18310
8956,1,18272,18320
618,4,18290,18298
8574,2,18293,18334
7476,4,18298,18322
3843,3,18300,18328
8319,0,18310,18346
5882,1,18320,18326
9653,4,18322,18372
6778,1,18326,18352
5465,3,18328,18358
4048,2,18334,18367
1442,0,18346,18394
9849,1,18352,18375
3205,3,18358,18372
1495,2,18367,18381
7043,4,18372,18417
4225,3,18372,18410
4123,1,18375,18421
4282,2,18381,18410
8014,0,18394,18411
5637,2,18410,18425
3541,3,18410,18450
1199,0,18411,18426
7396,4,18417,18447
7029,1,18421,18437
9161,2,18425,18432
7431,0,18426,18454
7927,2,18432,18464
5697,1,18437,18471
3327,4,18447,18460
5837,3,18450,18500
553,0,18454,18492
5557,4,18460,18466
333,2,18464,18490
4863,4,18466,18507
52,1,18471,18489
1778,1,18489,18495
5695,2,18490,18508
168,0,18492,18532
8378,1,18495,18543
3869,3,18500,18514
6239,4,18507,18553
2558,2,18508,18539
2491,3,18514,18561
3660,0,18532,18582
4762,2,18539,18578
1198,1,18543,18588
3391,4,18553,18587
9925,3,18561,18605
3579,2,18578,18604
7388,0,18582,18591
6410,4,18587,18633
9134,1,18588,18638
5282,0,18591,18612
7841,2,18604,18614
7209,3,18605,18638
1397,0,18612,18659
4185,2,18614,18647
4162,4,18633,18660
4992,1,18638,18678
6233,3,18638,18658
9180,2,18647,18668
4803,3,18658,18693
2618,0,18659,18665
3090,4,18660,18692
1581,0,18665,18707
2694,2,18668,18680
1853,1,18678,18693
9575,2,18680,18688
4987,2,18688,18703
7291,4,18692,18704
2393,1,18693,18711
8032,3,18693,18715
3257,2,18703,18752
4227,4,18704,18715
8137,0,18707,18751
7140,1,18711,18743
7740,4,18715,18746
1068,3,18715,18729
1406,3,18729,18741
153,3,18741,18788
8954,1,18743,18768
5363,4,18746,18753
5005,0,18751,18801
7379,2,18752,18782
6378,4,18753,18786
7129,1,18768,18778
6099,1,18778,18822
8797,2,18782,18818
4757,4,18786,18824
205,3,18788,18802
5762,0,18801,18811
5508,3,18802,18809
6917,3,18809,18835
6407,0,18811,18845
8819,2,18818,18827
664,1,18822,18849
8455,4,18824,18849
3989,2,18827,18841
1044,3,18835,18884
1541,2,18841,18874
4701,0,18845,18894
8544,4,18849,18892
8005,1,18849,18881
9348,2,18874,18904
9070,1,18881,18926
8971,3,18884,18921
4910,4,18892,18902
492,0,18894,18942
7458,4,18902,18913
4955,2,18904,18925
8639,4,18913,18928
6334,3,18921,18937
3486,2,18925,18945
996,1,18926,18963
9979,4,18928,18946
2150,3,18937,18946
3861,0,18942,18968
9807,2,18945,18980
6430,4,18946,18987
3658,3,18946,18985
1627,1,18963,19010
276,0,18968,19009
7727,2,18980,18989
2781,3,18985,19019
6380,4,18987,19006
5289,2,18989,19027
5752,4,19006,19021
2476,0,19009,19030
2423,1,19010,19036
2335,3,19019,19025
6065,4,19021,19030
1817,3,19025,19053
4407,2,19027,19044
2621,4,19030,19047
3992,0,19030,19041
1100,1,19036,19075
331,0,19041,19079
7021,2,19044,19081
3539,4,19047,19083
2005,3,19053,19099
5153,1,19075,19080
9761,0,19079,19109
4027,1,19080,19088
8712,2,19081,19093
9101,4,19083,19108
1258,1,19088,19102
6023,2,19093,19132
7552,3,19099,19108
8725,1,19102,19114
6257,4,19108,19149
2215,3,19108,19126
6090,0,19109,19152
9731,1,19114,19119
6211,1,19119,19164
3182,3,19126,19133
845,2,19132,19142
9917,3,19133,19155
8658,2,19142,19172
5961,4,19149,19170
7673,0,19152,19196
5251,3,19155,19196
2857,1,19164,19202
7724,4,19170,19193
62,2,19172,19198
316,4,19193,19210
8476,0,19196,19235
9952,3,19196,19221
4092,2,19198,19248
2957,1,19202,19244
3637,4,19210,19234
1466,3,19221,19256
3508,4,19234,19281
6025,0,19235,19253
9926,1,19244,19266
2014,2,19248,19281
5031,0,19253,19299
8816,3,19256,19291
9115,1,19266,19278
745,1,19278,19285
1327,4,19281,19319
730,2,19281,19305
1697,1,19285,19299
4411,3,19291,19339
4276,0,19299,19306
6680,1,19299,19338
9535,2,19305,19321
8062,0,19306,19339
9406,4,19319,19343
3650,2,19321,19346
3094,1,19338,19385
9496,0,19339,19356
8186,3,19339,19384
8863,4,19343,19348
5895,2,19346,19371
3244,4,19348,19388
9547,0,19356,19405
9183,2,19371,19387
1264,3,19384,19404
6563,1,19385,19414
3304,2,19387,19422
3648,4,19388,19394
9270,4,19394,19402
3917,4,19402,19421
2478,3,19404,19415
3279,0,19405,19420
7972,1,19414,19436
578,3,19415,19441
3169,0,19420,19463
8287,4,19421,19437
7036,2,19422,19468
5039,1,19436,19468
3112,4,19437,19485
6698,3,19441,19456
8541,3,19456,19471
5448,0,19463,19488
3022,2,19468,19502
148,1,19468,19490
6833,3,19471,19482
5007,3,19482,19522
1427,4,19485,19522
725,0,19488,19534
5663,1,19490,19519
4850,2,19502,19543
7387,1,19519,19561
4338,4,19522,19548
1401,3,19522,19557
9358,0,19534,19562
1922,2,19543,19563
8114,4,19548,19568
4328,3,19557,19601
5302,1,19561,19599
5676,0,19562,19612
716,2,19563,19612
3901,4,19568,19573
498,4,19573,19581
2331,4,19581,19624
89,1,19599,19616
1478,3,19601,19607
1255,3,19607,19657
1961,0,19612,19659
8596,2,19612,19622
4981,1,19616,19657
8588,2,19622,19632
2855,4,19624,19647
9816,2,19632,19671
868,4,19647,19660
3914,1,19657,19698
409,3,19657,19707
5502,0,19659,19704
4668,4,19660,19672
495,2,19671,19701
6222,4,19672,19689
3233,4,19689,19730
778,1,19698,19741
1729,2,19701,19738
8578,0,19704,19710
8814,3,19707,19750
5351,0,19710,19720
3180,0,19720,19747
9150,4,19730,19742
190,2,19738,19762
894,1,19741,19751
406,4,19742,19788
6773,0,19747,19766
3799,3,19750,19790
1665,1,19751,19798
5239,2,19762,19810
4864,0,19766,19802
6456,4,19788,19826
7219,3,19790,19805
1124,1,19798,19823
1233,0,19802,19813
7739,3,19805,19847
5715,2,19810,19824
8241,0,19813,19827
8059,1,19823,19867
7174,2,19824,19872
5632,4,19826,19848
8297,0,19827,19872
1229,3,19847,19865
994,4,19848,19895
2668,3,19865,19881
3527,1,19867,19883
7741,0,19872,19898
1796,2,19872,19916
3036,3,19881,19917
2063,1,19883,19902
3944,4,19895,19927
6809,0,19898,19914
7655,1,19902,19946
6879,0,19914,19949
4497,2,19916,19930
8678,3,19917,19931
1047,4,19927,19950
2365,2,19930,19958
7510,3,19931,19962
2394,1,19946,19968
238,0,19949,19975
8025,4,19950,19998
5198,2,19958,19982
8353,3,19962,19977
3292,1,19968,19979
5012,0,19975,20013
6748,3,19977,20020
7647,1,19979,20012
9706,2,19982,20025
1089,4,19998,20008
6460,4,20008,20056
8357,1,20012,20040
2776,0,20013,20034
5158,3,20020,20060
7074,2,20025,20033
6615,2,20033,20047
4111,0,20034,20075
5982,1,20040,20053
8458,2,20047,20093
3846,1,20053,20078
147,4,20056,20067
4825,3,20060,20082
196,4,20067,20088
3970,0,20075,20084
1217,1,20078,20118
1822,3,20082,20100
4657,0,20084,20101
2841,4,20088,20120
1173,2,20093,20139
9157,3,20100,20143
296,0,20101,20142
4751,1,20118,20129
920,4,20120,20150
9112,1,20129,20174
7123,2,20139,20145
6737,0,20142,20172
2012,3,20143,20183
308,2,20145,20177
2475,4,20150,20184
3301,0,20172,20192
970,1,20174,20195
7713,2,20177,20210
7065,3,20183,20190
1412,4,20184,20208
8407,3,20190,20225
2832,0,20192,20212
1585,1,20195,20234
2540,4,20208,20230
3299,2,20210,20248
1592,0,20212,20222
5999,0,20222,20228
7409,3,20225,20248
5132,0,20228,20247
969,4,20230,20245
5501,1,20234,20268
8564,4,20245,20281
459,0,20247,20255
1577,2,20248,20281
1522,3,20248,20263
2970,0,20255,20266
1774,3,20263,20310
1880,0,20266,20290
5688,1,20268,20309
5980,4,20281,20305
9439,2,20281,20303
6213,0,20290,20313
1939,2,20303,20314
9458,4,20305,20339
740,1,20309,20343
7818,3,20310,20347
2455,0,20313,20355
2147,2,20314,20321
5822,2,20321,20338
8806,2,20338,20378
7780,4,20339,20385
9181,1,20343,20371
6947,3,20347,20384
2103,0,20355,20379
4234,1,20371,20396
4489,2,20378,20389
1727,0,20379,20405
7992,3,20384,20419
3483,4,20385,20418
211,2,20389,20436
6914,1,20396,20437
6212,0,20405,20411
6858,0,20411,20421
3517,4,20418,20432
1276,3,20419,20467
800,0,20421,20432
3115,4,20432,20466
6749,0,20432,20445
9711,2,20436,20472
1590,1,20437,20461
6375,0,20445,20483
5511,1,20461,20509
4778,4,20466,20511
4495,3,20467,20501
8498,2,20472,20508
3145,0,20483,20530
7774,3,20501,20511
536,2,20508,20535
1640,1,20509,20521
2312,4,20511,20535
5245,3,20511,20520
5940,3,20520,20555
2657,1,20521,20533
8553,0,20530,20549
9032,1,20533,20575
5210,4,20535,20562
2168,2,20535,20552
5298,0,20549,20574
6579,2,20552,20585
906,3,20555,20560
2653,3,20560,20598
6205,4,20562,20575
4403,0,20574,20583
9281,4,20575,20608
8972,1,20575,20603
4354,0,20583,20624
822,2,20585,20592
7764,2,20592,20615
8226,3,20598,20623
5065,1,20603,20613
6557,4,20608,20649
9733,1,20613,20622
5528,2,20615,20635
9864,1,20622,20635
5989,3,20623,20654
9260,0,20624,20640
8296,2,20635,20667
1137,1,20635,20664
642,0,20640,20649
6854,4,20649,20659
1314,0,20649,20656
4394,3,20654,20676
9904,0,20656,20693
7694,4,20659,20707
1596,1,20664,20702
7222,2,20667,20716
9051,3,20676,20685
7651,3,20685,20690
8688,3,20690,20728
811,0,20693,20709
79,1,20702,20719
5293,4,20707,20726
4175,0,20709,20719
7749,2,20716,20727
9716,0,20719,20769
9481,1,20719,20725
2919,1,20725,20739
8928,4,20726,20755
3491,2,20727,20747
731,3,20728,20778
6074,1,20739,20764
1388,2,20747,20795
461,4,20755,20768
7109,1,20764,20796
3830,4,20768,20795
9682,0,20769,20776
412,0,20776,20822
7854,3,20778,20794
3581,3,20794,20836
8459,4,20795,20800
360,2,20795,20802
1891,1,20796,20802
8883,4,20800,20837
6794,2,20802,20849
8976,1,20802,20819
7828,1,20819,20868
2938,0,20822,20840
6310,3,20836,20843
1847,4,20837,20855
9410,0,20840,20852
5160,3,20843,20854
4856,2,20849,20893
6135,0,20852,20887
4933,3,20854,20887
6404,4,20855,20889
3875,1,20868,20893
4398,0,20887,20902
4257,3,20887,20930
7164,4,20889,20925
7919,2,20893,20918
5118,1,20893,20906
6609,0,20902,20929
1341,1,20906,20955
7491,2,20918,20944
6008,4,20925,20951
5907,0,20929,20937
5114,3,20930,20979
2172,0,20937,20956
3277,2,20944,20975
4091,4,20951,20990
5571,1,20955,20998
4483,0,20956,20995
5270,2,20975,20986
7185,3,20979,20989
9827,2,20986,21012
1389,3,20989,21004
8007,4,20990,21035
6750,0,20995,21002
2546,1,20998,21004
5087,0,21002,21044
9683,1,21004,21051
3241,3,21004,21027
2680,2,21012,21038
935,3,21027,21040
1743,4,21035,21079
5667,2,21038,21069
3452,3,21040,21051
1129,0,21044,21074
2918,1,21051,21087
834,3,21051,21064
3780,3,21064,21093
4498,2,21069,21104
1724,0,21074,21111
1988,4,21079,21105
6416,1,21087,21116
5366,3,21093,21131
1555,2,21104,21112
92,4,21105,21134
7594,0,21111,21144
621,2,21112,21154
1064,1,21116,21125
9125,1,21125,21170
5002,3,21131,21147
9892,4,21134,21140
6183,4,21140,21188
3239,0,21144,21186
4563,3,21147,21159
8465,2,21154,21190
7582,3,21159,21195
936,1,21170,21185
5550,1,21185,21218
7497,0,21186,21221
8129,4,21188,21228
5424,2,21190,21195
1599,2,21195,21227
1407,3,21195,21238
2807,1,21218,21239
2960,0,21221,21262
3567,2,21227,21235
4996,4,21228,21261
4609,2,21235,21265
3540,3,21238,21286
3754,1,21239,21262
5566,4,21261,21282
8372,0,21262,21312
4650,1,21262,21281
2162,2,21265,21297
6488,1,21281,21312
8452,4,21282,21320
1268,3,21286,21327
6241,2,21297,21347
8789,0,21312,21332
4765,1,21312,21330
7167,4,21320,21343
767,3,21327,21377
8635,1,21330,21340
1507,0,21332,21346
3858,1,21340,21348
105,4,21343,21386
2388,0,21346,21366
3984,2,21347,21388
698,1,21348,21393
5971,0,21366,21389
9508,3,21377,21386
7233,4,21386,21408
2536,3,21386,21392
9114,2,21388,21404
8217,0,21389,21401
2458,3,21392,21439
6339,1,21393,21414
9604,0,21401,21428
1188,2,21404,21426
6576,4,21408,21428
9244,1,21414,21452
8323,2,21426,21473
35,4,21428,21462
1128,0,21428,21447
7273,3,21439,21452
4382,0,21447,21461
4143,1,21452,21477
3509,3,21452,21488
3906,0,21461,21489
2375,4,21462,21500
7892,2,21473,21510
4862,1,21477,21483
8148,1,21483,21491
7859,3,21488,21512
9654,0,21489,21528
9796,1,21491,21529
5193,4,21500,21542
7305,2,21510,21557
7331,3,21512,21542
6321,0,21528,21542
6555,1,21529,21534
4672,1,21534,21558
2786,4,21542,21564
7585,0,21542,21559
242,3,21542,21583
586,2,21557,21567
1074,1,21558,21588
734,0,21559,21592
173,4,21564,21572
8901,2,21567,21593
6006,4,21572,21584
722,3,21583,21603
7241,4,21584,21623
1889,1,21588,21638
8478,0,21592,21614
501,2,21593,21642
9387,3,21603,21637
8155,0,21614,21664
6355,4,21623,21649
4024,3,21637,21664
9631,1,21638,21665
1634,2,21642,21666
4209,4,21649,21655
6752,4,21655,21684
2766,0,21664,21711
2380,3,21664,21705
3614,1,21665,21686
768,2,21666,21677
5717,2,21677,21710
3146,4,21684,21700
2505,1,21686,21727
386,4,21700,21743
1990,3,21705,21727
9954,2,21710,21751
3995,0,21711,21753
1033,1,21727,21748
8078,3,21727,21777
9247,4,21743,21753
5870,1,21748,21776
7058,2,21751,21791
9412,4,21753,21790
6044,0,21753,21773
3019,0,21773,21809
9174,1,21776,21818
9332,3,21777,21796
1842,4,21790,21797
6061,2,21791,21828
104,3,21796,21809
3504,4,21797,21822
6276,0,21809,21832
2230,3,21809,21855
464,1,21818,21850
8828,4,21822,21830
4941,2,21828,21836
5723,4,21830,21836
8802,0,21832,21860
6398,4,21836,21867
1184,2,21836,21849
6307,2,21849,21855
293,1,21850,21892
5910,2,21855,21885
129,3,21855,21893
8794,0,21860,21899
3839,4,21867,21892
6131,2,21885,21916
135,4,21892,21923
7990,1,21892,21939
3577,3,21893,21940
3748,0,21899,21928
1378,2,21916,21943
3514,4,21923,21945
2705,0,21928,21978
7731,1,21939,21948
1170,3,21940,21964
37,2,21943,21951
5532,4,21945,21962
2319,1,21948,21979
1158,2,21951,21960
7564,2,21960,21997
931,4,21962,22001
8161,3,21964,21985
4268,0,21978,21997
2607,1,21979,22002
3431,3,21985,22004
9986,0,21997,22037
4271,2,21997,22020
739,4,22001,22008
9208,1,22002,22017
7089,3,22004,22020
4158,4,22008,22038
6080,1,22017,22065
7886,2,22020,22029
8417,3,22020,22027
5890,3,22027,22047
8312,2,22029,22061
3722,0,22037,22045
6847,4,22038,22047
7956,0,22045,22053
7543,4,22047,22053
9810,3,22047,22097
5081,4,22053,22064
8534,0,22053,22090
8941,2,22061,22089
3544,4,22064,22086
2553,1,22065,22088
3073,4,22086,22100
5393,1,22088,22132
1630,2,22089,22122
7349,0,22090,22109
5283,3,22097,22104
4816,4,22100,22143
922,3,22104,22109
1959,0,22109,22120
6146,3,22109,22136
7559,0,22120,22145
983,2,22122,22144
7901,1,22132,22151
7537,3,22136,22163
9360,4,22143,22189
2176,2,22144,22183
6946,0,22145,22191
3609,1,22151,22169
900,3,22163,22175
5349,1,22169,22192
6152,3,22175,22212
9929,2,22183,22223
4371,4,22189,22239
2610,0,22191,22200
9764,1,22192,22214
8437,0,22200,22217
6281,3,22212,22236
4766,1,22214,22259
5928,0,22217,22232
9448,2,22223,22237
9830,0,22232,22257
3222,3,22236,22257
4307,2,22237,22244
8565,4,22239,22267
6331,2,22244,22268
7131,0,22257,22295
3371,3,22257,22265
8449,1,22259,22269
6170,3,22265,22309
6450,4,22267,22290
8719,2,22268,22297
2626,1,22269,22314
5439,4,22290,22324
1243,0,22295,22300
4906,2,22297,22312
4083,0,22300,22350
7122,3,22309,22317
8463,2,22312,22351
6427,1,22314,22320
51,3,22317,22366
3140,1,22320,22346
3563,4,22324,22352
3030,1,22346,22380
3413,0,22350,22374
1952,2,22351,22375
1711,4,22352,22390
706,3,22366,22381
5956,0,22374,22400
7649,2,22375,22409
9310,1,22380,22415
5856,3,22381,22412
8,4,22390,22440
9409,0,22400,22427
1435,2,22409,22434
397,3,22412,22443
9211,1,22415,22429
6883,0,22427,22459
4361,1,22429,22441
4231,2,22434,22471
4665,4,22440,22488
4269,1,22441,22453
5986,3,22443,22469
3042,1,22453,22495
8673,0,22459,22509
8354,3,22469,22518
2222,2,22471,22480
4988,2,22480,22500
6202,4,22488,22527
5468,1,22495,22514
948,2,22500,22518
3461,0,22509,22535
2259,1,22514,22519
2935,2,22518,22530
9627,3,22518,22540
5764,1,22519,22524
65,1,22524,22568
958,4,22527,22558
1425,2,22530,22571
4881,0,22535,22556
1790,3,22540,22590
6921,0,22556,22606
6043,4,22558,22571
2004,1,22568,22590
5063,4,22571,22616
4662,2,22571,22586
5217,2,22586,22620
8687,1,22590,22639
3367,3,22590,22617
6817,0,22606,22653
4848,4,22616,22644
118,3,22617,22640
6063,2,22620,22658
5478,1,22639,22662
5742,3,22640,22646
8380,4,22644,22671
7902,3,22646,22696
6506,0,22653,22666
7674,2,22658,22708
6974,1,22662,22685
9567,0,22666,22676
9843,4,22671,22717
803,0,22676,22689
9037,1,22685,22707
3847,0,22689,22708
3358,3,22696,22746
7062,1,22707,22749
5918,0,22708,22726
8663,2,22708,22730
2811,4,22717,22754
4308,0,22726,22775
4732,2,22730,22770
9871,3,22746,22758
9082,1,22749,22765
3932,4,22754,22759
3934,3,22758,22806
1201,4,22759,22803
808,1,22765,22795
7376,2,22770,22800
6585,0,22775,22786
7398,0,22786,22809
7397,1,22795,22839
305,2,22800,22827
1917,4,22803,22835
6822,3,22806,22839
8778,0,22809,22835
9312,2,22827,22864
555,4,22835,22852
1619,0,22835,22844
3097,1,22839,22863
4824,3,22839,22859
64,0,22844,22872
8610,4,22852,22859
3028,4,22859,22903
7232,3,22859,22864
6601,1,22863,22908
2758,2,22864,22894
6393,3,22864,22898
6362,0,22872,22897
9895,2,22894,22921
2266,0,22897,22905
6198,3,22898,22927
9622,4,22903,22952
7249,0,22905,22947
9860,1,22908,22931
1868,2,22921,22947
3474,3,22927,22954
2064,1,22931,22959
7221,0,22947,22963
9544,2,22947,22992
9933,4,22952,22979
3899,3,22954,22959
7038,1,22959,22997
164,3,22959,22970
9352,0,22963,22971
3900,3,22970,23015
310,0,22971,22978
7572,0,22978,22999
5232,4,22979,23009
4387,2,22992,23024
3356,1,22997,23029
4752,0,22999,23043
5318,4,23009,23020
4871,3,23015,23023
2428,4,23020,23038
4929,3,23023,23064
5197,2,23024,23071
2355,1,23029,23039
3804,4,23038,23084
3521,1,23039,23083
5629,0,23043,23055
3034,0,23055,23075
9767,3,23064,23108
8450,2,23071,23082
4550,0,23075,23123
8272,2,23082,23108
5152,1,23083,23118
127,4,23084,23113
4720,2,23108,23141
3560,3,23108,23117
6632,4,23113,23132
819,3,23117,23167
9041,1,23118,23155
6472,0,23123,23146
2968,4,23132,23148
5608,2,23141,23162
4418,0,23146,23189
5171,4,23148,23169
3963,1,23155,23161
9014,1,23161,23191
8008,2,23162,23194
5154,3,23167,23214
4537,4,23169,23204
1623,0,23189,23211
3011,1,23191,23196
8254,2,23194,23210
8753,1,23196,23231
5736,4,23204,23240
5317,2,23210,23229
8139,0,23211,23237
5003,3,23214,23259
5964,2,23229,23266
7524,1,23231,23238
6771,0,23237,23280
3852,1,23238,23283
817,4,23240,23284
5915,3,23259,23268
7505,2,23266,23295
4569,3,23268,23317
5565,0,23280,23302
3684,1,23283,23312
9198,4,23284,23314
3316,2,23295,23339
6987,0,23302,23332
1342,1,23312,23322
5671,4,23314,23322
6703,3,23317,23327
3378,4,23322,23345
8395,1,23322,23357
6412,3,23327,23377
9615,0,23332,23345
7034,2,23339,23360
9656,4,23345,23374
9418,0,23345,23362
3184,1,23357,23405
4129,2,23360,23400
2111,0,23362,23385
4678,4,23374,23422
7347,3,23377,23406
2892,0,23385,23421
2055,2,23400,23409
910,1,23405,23451
9172,3,23406,23447
1223,2,23409,23444
5494,0,23421,23429
9056,4,23422,23437
1240,0,23429,23441
6845,4,23437,23445
4728,0,23441,23457
9221,2,23444,23477
3099,4,23445,23481
6343,3,23447,23471
9368,1,23451,23457
380,0,23457,23488
6386,1,23457,23484
6672,3,23471,23521
7102,2,23477,23518
9746,4,23481,23496
4159,1,23484,23524
1543,0,23488,23538
2372,4,23496,23534
9113,2,23518,23548
6018,3,23521,23559
1871,1,23524,23540
1885,4,23534,23573
3741,0,23538,23557
5958,1,23540,23547
7939,1,23547,23554
6950,2,23548,23595
4099,1,23554,23599
864,0,23557,23566
429,3,23559,23603
932,0,23566,23592
4966,4,23573,23597
4739,0,23592,23628
6316,2,23595,23614
6345,4,23597,23602
5102,1,23599,23641
9689,4,23602,23652
3616,3,23603,23621
6696,2,23614,23645
3895,3,23621,23669
1161,0,23628,23670
7181,1,23641,23668
8537,2,23645,23664
850,4,23652,23701
6740,2,23664,23701
9785,1,23668,23713
5489,3,23669,23706
315,0,23670,23680
8363,0,23680,23686
1236,0,23686,23719
5256,4,23701,23749
1809,2,23701,23747
4524,3,23706,23754
6596,1,23713,23762
3587,0,23719,23761
9470,2,23747,23760
2917,4,23749,23785
4417,3,23754,23762
7787,2,23760,23806
1803,0,23761,23794
4253,3,23762,23808
518,1,23762,23786
6288,4,23785,23812
1331,1,23786,23796
7638,0,23794,23832
6636,1,23796,23811
637,2,23806,23815
8406,3,23808,23845
1340,1,23811,23858
3506,4,23812,23821
5361,2,23815,23864
4787,4,23821,23865
6905,0,23832,23862
6402,3,23845,23859
4393,1,23858,23871
9106,3,23859,23893
3865,0,23862,23882
4948,2,23864,23882
2798,4,23865,23915
3191,1,23871,23878
2516,1,23878,23922
5325,0,23882,23898
3688,2,23882,23892
8100,2,23892,23907
7469,3,23893,23915
6030,0,23898,23936
9420,2,23907,23935
1254,4,23915,23926
1021,3,23915,23945
5613,1,23922,23928
1299,4,23926,23961
6105,1,23928,23961
7940,2,23935,23944
3878,0,23936,23955
656,2,23944,23991
865,3,23945,23979
871,0,23955,23974
9498,4,23961,23999
8946,1,23961,23972
816,1,23972,23995
8289,0,23974,24018
3979,3,23979,23996
8896,2,23991,24024
5487,1,23995,24015
3951,3,23996,24039
1947,4,23999,24049
4330,1,24015,24058
7903,0,24018,24027
4770,2,24024,24048
1677,0,24027,24061
1625,3,24039,24074
1998,2,24048,24067
886,4,24049,24093
4828,1,24058,24105
2198,0,24061,24111
9271,2,24067,24090
8335,3,24074,24124
616,2,24090,24100
9029,4,24093,24136
9491,2,24100,24150
9452,1,24105,24131
6700,0,24111,24117
7480,0,24117,24131
8524,3,24124,24143
3819,0,24131,24159
1492,1,24131,24158
3445,4,24136,24161
2441,3,24143,24162
3708,2,24150,24182
6122,1,24158,24194
8952,0,24159,24188
2723,4,24161,24175
1983,3,24162,24210
1759,4,24175,24184
5071,2,24182,24230
1604,4,24184,24220
4598,0,24188,24220
3822,1,24194,24203
2785,1,24203,24237
6223,3,24210,24227
6443,4,24220,24229
4079,0,24220,24260
355,3,24227,24259
7264,4,24229,24276
366,2,24230,24244
3994,1,24237,24284
6424,2,24244,24269
9478,3,24259,24297
7692,0,24260,24279
3582,2,24269,24285
4402,4,24276,24282
694,0,24279,24300
8856,4,24282,24304
1232,1,24284,24332
727,2,24285,24320
1812,3,24297,24323
5846,0,24300,24338
7650,4,24304,24343
6186,2,24320,24364
4556,3,24323,24341
7308,1,24332,24354
3692,0,24338,24363
6755,3,24341,24385
9145,4,24343,24357
2188,1,24354,24393
7590,4,24357,24391
3525,0,24363,24388
7411,2,24364,24390
7734,3,24385,24408
6270,0,24388,24425
8274,2,24390,24413
1103,4,24391,24436
5053,1,24393,24430
4573,3,24408,24424
1975,2,24413,24445
8779,3,24424,24445
78,0,24425,24459
821,1,24430,24463
7208,4,24436,24458
3866,2,24445,24483
8858,3,24445,24475
1710,4,24458,24505
5277,0,24459,24500
9063,1,24463,24505
2099,3,24475,24519
4187,2,24483,24520
4638,0,24500,24543
313,4,24505,24528
9758,1,24505,24532
1925,3,24519,24547
4344,2,24520,24525
945,2,24525,24563
4805,4,24528,24568
3655,1,24532,24547
4913,0,24543,24554
9834,3,24547,24591
7120,1,24547,24568
6787,0,24554,24598
7053,2,24563,24581
4065,4,24568,24602
1102,1,24568,24592
6770,2,24581,24627
7258,3,24591,24625
1571,1,24592,24626
1526,0,24598,24639
1982,4,24602,24638
5107,3,24625,24653
5316,1,24626,24633
8053,2,24627,24666
6552,1,24633,24657
3402,4,24638,24669
5950,0,24639,24659
3466,3,24653,24697
8368,1,24657,24707
9738,0,24659,24666
2532,0,24666,24687
7439,2,24666,24688
4098,4,24669,24708
2564,0,24687,24705
5427,2,24688,24737
2573,3,24697,24706
4525,0,24705,24740
1117,3,24706,24734
4879,1,24707,24744
4301,4,24708,24724
1059,4,24724,24773
5819,3,24734,24762
4320,2,24737,24770
8572,0,24740,24790
7808,1,24744,24792
3227,3,24762,24786
3074,2,24770,24818
939,4,24773,24787
7000,3,24786,24798
9416,4,24787,24804
2576,0,24790,24815
3288,1,24792,24823
5295,3,24798,24839
2729,4,24804,24816
6495,0,24815,24832
3498,4,24816,24864
7130,2,24818,24860
5447,1,24823,24871
7211,0,24832,24856
4734,3,24839,24862
8000,0,24856,24899
9606,2,24860,24876
622,3,24862,24888
9245,4,24864,24883
5507,1,24871,24889
3753,2,24876,24911
3291,4,24883,24910
2494,3,24888,24928
2985,1,24889,24899
4843,0,24899,24934
9473,1,24899,24907
1610,1,24907,24942
7196,4,24910,24942
8978,2,24911,24917
9036,2,24917,24933
4911,3,24928,24963
9749,2,24933,24960
6835,0,24934,24966
9476,4,24942,24971
15,1,24942,24952
5220,1,24952,24961
8176,2,24960,24987
6326,1,24961,24980
4989,3,24963,25013
1733,0,24966,25003
9117,4,24971,24996
525,1,24980,24997
7991,2,24987,25011
3829,4,24996,25007
7951,1,24997,25038
2498,0,25003,25025
5622,4,25007,25014
4346,2,25011,25024
4551,3,25013,25038
7832,4,25014,25047
9784,2,25024,25039
9780,0,25025,25030
9618,0,25030,25040
5645,3,25038,25083
7087,1,25038,25062
5821,2,25039,25089
2307,0,25040,25058
4316,4,25047,25095
6983,0,25058,25098
5785,1,25062,25088
2678,3,25083,25103
2541,1,25088,25093
3939,2,25089,25106
8519,1,25093,25129
847,4,25095,25112
4827,0,25098,25145
440,3,25103,25111
9422,2,25106,25132
3269,3,25111,25157
3295,4,25112,25144
9828,1,25129,25160
8157,2,25132,25174
2877,4,25144,25194
4542,0,25145,25171
138,3,25157,25171
8876,1,25160,25180
4576,0,25171,25210
3737,3,25171,25191
4244,2,25174,25186
814,1,25180,25192
448,2,25186,25234
8126,3,25191,25240
9673,1,25192,25232
6497,4,25194,25206
7944,4,25206,25240
7115,0,25210,25239
2909,1,25232,25257
905,2,25234,25262
1214,0,25239,25257
8270,4,25240,25279
842,3,25240,25285
2154,0,25257,25278
2326,1,25257,25286
5530,2,25262,25274
3497,2,25274,25304
5238,0,25278,25327
3849,4,25279,25303
7487,3,25285,25334
289,1,25286,25307
5594,4,25303,25310
8128,2,25304,25333
6263,1,25307,25326
2768,4,25310,25340
3069,1,25326,25374
5792,0,25327,25342
1120,2,25333,25350
9503,3,25334,25362
8469,4,25340,25366
4108,0,25342,25377
1826,2,25350,25375
4139,3,25362,25383
1601,4,25366,25398
5527,1,25374,25395
8499,2,25375,25408
3212,0,25377,25396
6963,3,25383,25416
7057,1,25395,25437
8099,0,25396,25439
4731,4,25398,25442
1974,2,25408,25458
6746,3,25416,25446
2574,1,25437,25463
2315,0,25439,25472
8347,4,25442,25462
4995,3,25446,25483
4145,2,25458,25500
5345,4,25462,25486
6720,1,25463,25491
6332,0,25472,25485
208,3,25483,25528
897,0,25485,25510
556,4,25486,25521
3707,1,25491,25512
1726,2,25500,25522
6850,0,25510,25550
4294,1,25512,25550
294,4,25521,25560
2934,2,25522,25548
849,3,25528,25566
9444,2,25548,25593
4973,0,25550,25565
3053,1,25550,25583
772,4,25560,25565
6377,4,25565,25590
4692,0,25565,25591
4985,3,25566,25576
4651,3,25576,25615
3850,1,25583,25590
7861,4,25590,25598
732,1,25590,25615
3236,0,25591,25634
7082,2,25593,25605
4974,4,25598,25647
8429,2,25605,25645
4818,3,25615,25638
4811,1,25615,25651
9267,0,25634,25669
6182,3,25638,25647
425,2,25645,25657
7978,4,25647,25677
9975,3,25647,25679
2258,1,25651,25701
217,2,25657,25674
801,0,25669,25706
6032,2,25674,25717
773,4,25677,25716
3305,3,25679,25718
2579,1,25701,25737
9940,0,25706,25723
3990,4,25716,25736
4626,2,25717,25736
2676,3,25718,25731
9798,0,25723,25728
6492,0,25728,25743
3910,3,25731,25771
1709,4,25736,25750
550,2,25736,25750
3077,1,25737,25771
9096,0,25743,25754
4673,4,25750,25758
7711,2,25750,25773
9374,0,25754,25761
9724,4,25758,25804
7234,0,25761,25810
1177,3,25771,25807
3945,1,25771,25786
3639,2,25773,25819
2615,1,25786,25824
1829,4,25804,25826
6469,3,25807,25848
1318,0,25810,25857
7072,2,25819,25846
5547,1,25824,25856
1984,4,25826,25872
399,2,25846,25852
4050,3,25848,25881
1244,2,25852,25879
5080,1,25856,25869
3585,0,25857,25883
9837,1,25869,25919
7617,4,25872,25892
396,2,25879,25890
94,3,25881,25926
8242,0,25883,25932
6799,2,25890,25922
6761,4,25892,25923
3740,1,25919,25942
9432,2,25922,25970
2403,4,25923,25951
2152,3,25926,25936
2022,0,25932,25949
9099,3,25936,25942
566,3,25942,25981
7443,1,25942,25981
1668,0,25949,25978
5832,4,25951,25964
7986,4,25964,26012
5794,2,25970,26015
2611,0,25978,26025
1349,3,25981,26029
3462,1,25981,26029
5577,4,26012,26021
1055,2,26015,26062
6969,4,26021,26036
8597,0,26025,26058
8107,3,26029,26047
462,1,26029,26037
7860,4,26036,26078
4878,1,26037,26046
3651,1,26046,26057
5909,3,26047,26066
2836,1,26057,26092
7482,0,26058,26108
862,2,26062,26078
7895,3,26066,26091
4645,4,26078,26084
8430,2,26078,26107
4888,4,26084,26111
5380,3,26091,26103
9985,1,26092,26130
1439,3,26103,26151
3848,2,26107,26153
4109,0,26108,26120
7292,4,26111,26141
7224,0,26120,26169
8344,1,26130,26157
3415,4,26141,26189
1766,3,26151,26182
3825,2,26153,26171
9190,1,26157,26197
1465,0,26169,26216
6101,2,26171,26204
6606,3,26182,26189
986,4,26189,26194
391,3,26189,26219
8655,4,26194,26212
4250,1,26197,26243
6174,2,26204,26233
7756,4,26212,26220
9349,0,26216,26258
7462,3,26219,26230
6524,4,26220,26226
7678,4,26226,26271
8040,3,26230,26246
9052,2,26233,26280
2424,1,26243,26281
6779,3,26246,26285
788,0,26258,26284
5578,4,26271,26306
8780,2,26280,26311
4228,1,26281,26326
6852,0,26284,26324
7725,3,26285,26293
5045,3,26293,26307
2408,4,26306,26352
8061,3,26307,26335
228,2,26311,26338
9851,0,26324,26350
1370,1,26326,26369
1210,3,26335,26355
5966,2,26338,26367
2094,0,26350,26390
5607,4,26352,26386
5576,3,26355,26365
2824,3,26365,26413
5278,2,26367,26403
4547,1,26369,26408
4708,4,26386,26395
7790,0,26390,26432
539,4,26395,26406
643,2,26403,26447
7049,4,26406,26435
6249,1,26408,26423
2780,3,26413,26444
9514,1,26423,26444
6765,0,26432,26452
5590,4,26435,26445
8838,3,26444,26469
9233,1,26444,26491
6590,4,26445,26456
7540,2,26447,26473
4471,0,26452,26468
8689,4,26456,26500
8065,0,26468,26477
5952,3,26469,26475
4591,2,26473,26488
465,3,26475,26517
6474,0,26477,26511
9103,2,26488,26515
4451,1,26491,26541
8571,4,26500,26535
2916,0,26511,26534
7558,2,26515,26560
7214,3,26517,26528
5258,3,26528,26550
3026,0,26534,26577
1515,4,26535,26568
497,1,26541,26586
5163,3,26550,26593
262,2,26560,26577
3046,4,26568,26612
3101,0,26577,26594
7093,2,26577,26597
8945,1,26586,26613
1702,3,26593,26629
7848,0,26594,26625
5767,2,26597,26622
1535,4,26612,26632
3713,1,26613,26654
6892,2,26622,26649
5174,0,26625,26631
6293,3,26629,26677
9772,0,26631,26655
8345,4,26632,26639
5054,4,26639,26644
2833,4,26644,26649
5884,4,26649,26669
2512,2,26649,26679
191,1,26654,26678
5582,0,26655,26696
7430,4,26669,26704
8893,3,26677,26695
5847,1,26678,26687
9719,2,26679,26684
5463,2,26684,26708
5296,1,26687,26711
2276,3,26695,26702
4096,0,26696,26746
8220,3,26702,26729
6988,4,26704,26749
4433,2,26708,26747
9021,1,26711,26737
9600,3,26729,26750
346,1,26737,26772
9069,0,26746,26772
5867,2,26747,26781
4199,4,26749,26792
1005,3,26750,26768
1091,3,26768,26796
7288,0,26772,26806
9532,1,26772,26813
3543,2,26781,26796
1833,4,26792,26797
4699,2,26796,26840
6500,3,26796,26822
4583,4,26797,26839
1967,0,26806,26823
6442,1,26813,26831
1016,3,26822,26872
7583,0,26823,26860
4702,1,26831,26880
9594,4,26839,26877
3657,2,26840,26886
4016,0,26860,26880
8539,3,26872,26881
9556,4,26877,26902
7032,0,26880,26885
2160,1,26880,26912
789,3,26881,26908
6448,0,26885,26903
3588,2,26886,26921
990,4,26902,26934
3880,0,26903,26922
2959,3,26908,26915
2926,1,26912,26929
1717,3,26915,26924
2404,2,26921,26939
7562,0,26922,26945
2058,3,26924,26974
4115,1,26929,26971
5753,4,26934,26949
6264,2,26939,26948
9678,0,26945,26985
5973,2,26948,26961
2161,4,26949,26961
9054,4,26961,26970
8829,2,26961,26979
6911,4,26970,26991
626,1,26971,27018
6965,3,26974,26986
1789,2,26979,26985
5817,0,26985,26994
285,2,26985,27009
4893,3,26986,27020
4682,4,26991,27004
4570,0,26994,27009
692,4,27004,27012
1006,0,27009,27056
3210,2,27009,27057
81,4,27012,27058
5224,1,27018,27039
660,3,27020,27042
3612,1,27039,27065
4435,3,27042,27055
667,3,27055,27066
7375,0,27056,27083
4874,2,27057,27069
8676,4,27058,27101
9730,1,27065,27097
8774,3,27066,27113
1725,2,27069,27119
1915,0,27083,27099
5744,1,27097,27104
1565,0,27099,27113
9799,4,27101,27113
1493,1,27104,27139
1613,4,27113,27148
2581,0,27113,27139
1659,3,27113,27131
9494,2,27119,27127
5800,2,27127,27172
1488,3,27131,27142
9999,0,27139,27169
2429,1,27139,27178
4363,3,27142,27174
1935,4,27148,27183
2465,0,27169,27200
1761,2,27172,27196
6301,3,27174,27214
8020,1,27178,27190
8376,4,27183,27214
379,1,27190,27224
2382,2,27196,27242
5734,0,27200,27237
3921,4,27214,27223
6839,3,27214,27256
4907,4,27223,27255
8115,1,27224,27239
5726,0,27237,27286
4919,1,27239,27284
4663,2,27242,27277
2903,4,27255,27272
7802,3,27256,27280
6869,4,27272,27301
9415,2,27277,27282
6970,3,27280,27295
3892,2,27282,27305
5923,1,27284,27298
2450,0,27286,27299
174,3,27295,27305
6491,1,27298,27323
4113,0,27299,27322
4026,4,27301,27318
9013,2,27305,27355
8453,3,27305,27326
7930,4,27318,27357
9624,0,27322,27337
7136,1,27323,27360
4867,3,27326,27358
5062,0,27337,27346
628,0,27346,27352
516,0,27352,27395
9747,2,27355,27386
8554,4,27357,27399
9394,3,27358,27398
8261,1,27360,27410
9620,2,27386,27436
7619,0,27395,27444
3364,3,27398,27438
444,4,27399,27439
8913,1,27410,27457
5386,2,27436,27458
7468,3,27438,27459
7926,4,27439,27460
1463,0,27444,27454
3505,0,27454,27480
1456,1,27457,27476
3369,2,27458,27502
2691,3,27459,27480
6973,4,27460,27472
1855,4,27472,27497
9950,1,27476,27499
8667,0,27480,27508
8884,3,27480,27528
7934,4,27497,27544
6261,1,27499,27536
5402,2,27502,27509
261,0,27508,27530
825,2,27509,27555
7178,3,27528,27572
4390,0,27530,27544
1165,1,27536,27572
2887,4,27544,27586
6094,0,27544,27570
741,2,27555,27562
4481,2,27562,27584
4578,0,27570,27608
1008,3,27572,27597
714,1,27572,27610
5560,2,27584,27594
4543,4,27586,27603
55,2,27594,27612
6649,3,27597,27611
2127,4,27603,27619
5027,0,27608,27622
8164,1,27610,27641
2774,3,27611,27628
8911,2,27612,27642
9219,4,27619,27651
5392,0,27622,27642
8482,3,27628,27633
1136,3,27633,27682
1780,1,27641,27675
4880,0,27642,27650
4174,2,27642,27689
2526,0,27650,27662
9040,4,27651,27674
3793,0,27662,27712
2683,4,27674,27694
9138,1,27675,27709
9457,3,27682,27708
5341,2,27689,27729
5661,4,27694,27724
7797,3,27708,27746
3512,1,27709,27727
9345,0,27712,27719
6324,0,27719,27755
928,4,27724,27772
7531,1,27727,27739
6727,2,27729,27775
5660,1,27739,27760
4217,3,27746,27793
9104,0,27755,27770
5549,1,27760,27782
575,0,27770,27810
3561,4,27772,27785
6289,2,27775,27814
4675,1,27782,27828
1562,4,27785,27798
3374,3,27793,27830
1797,4,27798,27825
5896,0,27810,27859
6015,2,27814,27820
3969,2,27820,27857
4557,4,27825,27842
7875,1,27828,27847
4696,3,27830,27854
8257,4,27842,27858
9883,1,27847,27878
2732,3,27854,27883
2317,2,27857,27906
2885,4,27858,27871
8850,0,27859,27873
6866,4,27871,27880
766,0,27873,27901
6670,1,27878,27892
904,4,27880,27911
7421,3,27883,27913
1494,1,27892,27926
9199,0,27901,27930
1962,2,27906,27955
71,4,27911,27942
4608,3,27913,27948
3031,1,27926,27969
9000,0,27930,27979
6197,4,27942,27952
4087,3,27948,27970
1031,4,27952,27966
5639,2,27955,27973
7644,4,27966,27986
5760,1,27969,28000
6176,3,27970,28006
7965,2,27973,28001
2834,0,27979,28024
3943,4,27986,28025
152,1,28000,28030
6126,2,28001,28047
587,3,28006,28016
7025,3,28016,28053
899,0,28024,28056
1753,4,28025,28031
4530,1,28030,28043
2709,4,28031,28078
4783,1,28043,28056
3477,2,28047,28061
8480,3,28053,28080
2944,0,28056,28068
8977,1,28056,28104
5367,2,28061,28090
9982,0,28068,28112
2263,4,28078,28114
1002,3,28080,28130
2400,2,28090,28103
8793,2,28103,28130
4290,1,28104,28128
8016,0,28112,28140
9128,4,28114,28151
3957,1,28128,28155
1393,2,28130,28147
3039,3,28130,28167
9776,0,28140,28148
6035,2,28147,28164
392,0,28148,28156
8681,4,28151,28166
1966,1,28155,28168
4674,0,28156,28204
8906,2,28164,28169
859,4,28166,28215
9087,3,28167,28217
6975,1,28168,28187
9454,2,28169,28210
9178,1,28187,28197
3663,1,28197,28213
787,0,28204,28229
2946,2,28210,28259
8273,1,28213,28254
46,4,28215,28222
108,3,28217,28243
4436,4,28222,28237
1472,0,28229,28247
911,4,28237,28266
673,3,28243,28256
1469,0,28247,28269
6815,1,28254,28281
9946,3,28256,28262
6473,2,28259,28266
5857,3,28262,28309
3432,4,28266,28291
6228,2,28266,28297
1138,0,28269,28285
2314,1,28281,28320
7220,0,28285,28313
8634,4,28291,28321
4395,2,28297,28321
1323,3,28309,28325
3762,0,28313,28339
6437,1,28320,28328
2267,4,28321,28341
2216,2,28321,28354
7493,3,28325,28354
5162,1,28328,28353
1637,0,28339,28348
4945,4,28341,28369
4630,0,28348,28381
2338,1,28353,28363
8253,2,28354,28380
3296,3,28354,28369
8627,1,28363,28410
6234,4,28369,28418
3905,3,28369,28382
2349,2,28380,28422
646,0,28381,28420
3817,3,28382,28427
8221,1,28410,28420
2827,4,28418,28430
7502,0,28420,28452
5323,1,28420,28444
3536,2,28422,28442
7194,3,28427,28460
3018,4,28430,28450
853,2,28442,28471
6433,1,28444,28456
9016,4,28450,28483
4866,0,28452,28465
7626,1,28456,28476
1964,3,28460,28492
1061,0,28465,28503
8214,2,28471,28486
1647,1,28476,28503
6287,4,28483,28520
7604,2,28486,28500
2499,3,28492,28501
3897,2,28500,28530
2632,3,28501,28518
3328,0,28503,28542
291,1,28503,28539
5136,3,28518,28543
172,4,28520,28565
6955,2,28530,28548
7202,1,28539,28568
4977,0,28542,28559
6185,3,28543,28557
1143,2,28548,28572
9957,3,28557,28570
7687,0,28559,28579
3290,4,28565,28599
5315,1,28568,28585
2183,3,28570,28589
991,2,28572,28600
9202,0,28579,28602
2908,1,28585,28607
3278,3,28589,28615
3120,4,28599,28637
5431,2,28600,28622
9193,0,28602,28642
1436,1,28607,28614
8298,1,28614,28652
7912,3,28615,28650
4194,2,28622,28638
3801,4,28637,28643
3458,2,28638,28656
4020,0,28642,28656
8787,4,28643,28655
2605,3,28650,28679
6320,1,28652,28681
9423,4,28655,28684
375,0,28656,28701
934,2,28656,28702
4854,3,28679,28728
2888,1,28681,28706
7679,4,28684,28713
5648,0,28701,28719
1957,2,28702,28708
4289,1,28706,28747
5472,2,28708,28746
1942,4,28713,28737
6859,0,28719,28725
8073,0,28725,28748
2502,3,28728,28770
5344,4,28737,28778
9781,2,28746,28781
8924,1,28747,28758
8651,0,28748,28756
3511,0,28756,28768
7451,1,28758,28797
8749,0,28768,28802
5092,3,28770,28775
7907,3,28775,28806
3428,4,28778,28793
1414,2,28781,28805
4003,4,28793,28825
9812,1,28797,28841
9326,0,28802,28835
2024,2,28805,28816
7571,3,28806,28832
2092,2,28816,28866
2552,4,28825,28872
7143,3,28832,28879
8742,0,28835,28864
2480,1,28841,28875
6753,0,28864,28901
6659,2,28866,28873
6589,4,28872,28896
674,2,28873,28901
9196,1,28875,28921
9584,3,28879,28901
8631,4,28896,28905
3167,0,28901,28932
1749,2,28901,28942
9203,3,28901,28948
995,4,28905,28914
1373,4,28914,28924
4337,1,28921,28968
9720,4,28924,28962
6336,0,28932,28968
5747,2,28942,28961
4492,3,28948,28985
201,2,28961,28981
452,4,28962,28970
4196,0,28968,29017
5253,1,28968,28987
2339,4,28970,29010
7377,2,28981,29016
884,3,28985,29024
9607,1,28987,29017
9455,4,29010,29019
1269,2,29016,29066
5206,0,29017,29044
7654,1,29017,29052
2616,4,29019,29034
1277,3,29024,29056
2739,4,29034,29048
1125,0,29044,29093
5626,4,29048,29054
1708,1,29052,29092
9563,4,29054,29101
3832,3,29056,29102
9446,2,29066,29105
3641,1,29092,29113
7661,0,29093,29120
975,4,29101,29108
368,3,29102,29123
2812,2,29105,29149
6446,4,29108,29154
3827,1,29113,29138
5307,0,29120,29162
3283,3,29123,29135
3015,3,29135,29183
7182,1,29138,29188
2669,2,29149,29159
3723,4,29154,29170
7539,2,29159,29181
9568,0,29162,29207
4722,4,29170,29184
592,2,29181,29221
8518,3,29183,29225
6884,4,29184,29232
4780,1,29188,29210
8120,0,29207,29214
1122,1,29210,29242
7548,0,29214,29247
9813,2,29221,29253
951,3,29225,29236
5921,4,29232,29241
2681,3,29236,29279
4649,4,29241,29261
5652,1,29242,29277
3399,0,29247,29286
6311,2,29253,29269
6434,4,29261,29303
6594,2,29269,29305
1588,1,29277,29317
3206,3,29279,29321
3024,0,29286,29301
1156,0,29301,29334
1737,4,29303,29335
8334,2,29305,29332
3300,1,29317,29340
8842,3,29321,29357
9789,2,29332,29348
9253,0,29334,29353
1101,4,29335,29368
1528,1,29340,29369
3187,2,29348,29365
890,0,29353,29391
6278,3,29357,29383
6924,2,29365,29379
6510,4,29368,29397
2738,1,29369,29408
4358,2,29379,29424
4378,3,29383,29423
9935,0,29391,29418
6243,4,29397,29407
4163,4,29407,29452
3765,1,29408,29416
9010,1,29416,29458
7514,0,29418,29428
327,3,29423,29448
9695,2,29424,29453
1270,0,29428,29437
4341,0,29437,29479
6718,3,29448,29495
44,4,29452,29497
3143,2,29453,29481
1719,1,29458,29486
7668,0,29479,29500
2525,2,29481,29521
9300,1,29486,29496
2695,3,29495,29501
3228,1,29496,29512
2806,4,29497,29514
7088,0,29500,29505
9877,3,29501,29513
2406,0,29505,29540
2397,1,29512,29540
796,3,29513,29525
4472,4,29514,29523
2797,2,29521,29551
107,4,29523,29530
4920,3,29525,29553
7423,4,29530,29575
3784,0,29540,29581
1273,1,29540,29568
9919,2,29551,29584
9306,3,29553,29578
6756,1,29568,29583
6337,4,29575,29592
8068,3,29578,29616
7014,0,29581,29631
2125,1,29583,29603
8330,2,29584,29605
1856,4,29592,29608
5495,1,29603,29619
2720,2,29605,29632
1981,4,29608,29616
4804,4,29616,29647
1410,3,29616,29641
283,1,29619,29655
8525,0,29631,29670
5805,2,29632,29673
1189,3,29641,29676
6543,4,29647,29663
5280,1,29655,29671
2348,4,29663,29698
5718,0,29670,29691
5866,1,29671,29703
490,2,29673,29708
2237,3,29676,29683
7002,3,29683,29698
9071,0,29691,29698
2927,4,29698,29736
2735,0,29698,29711
8579,3,29698,29743
2233,1,29703,29710
4506,2,29708,29754
3086,1,29710,29751
5712,0,29711,29752
2790,4,29736,29775
3408,3,29743,29789
3813,1,29751,29771
226,0,29752,29768
5970,2,29754,29772
1454,0,29768,29775
5016,1,29771,29805
9176,2,29772,29804
5117,4,29775,29800
3424,0,29775,29787
1286,0,29787,29796
9790,3,29789,29823
8620,0,29796,29821
1265,4,29800,29824
3602,2,29804,29819
8947,1,29805,29820
6277,2,29819,29832
4311,1,29820,29849
4942,0,29821,29867
3606,3,29823,29873
6870,4,29824,29833
6795,2,29832,29842
7418,4,29833,29880
6913,2,29842,29891
5485,1,29849,29865
278,1,29865,29906
6823,0,29867,29906
466,3,29873,29887
7527,4,29880,29888
5308,3,29887,29910
6768,4,29888,29900
2411,2,29891,29915
5932,4,29900,29934
8182,0,29906,29950
8804,1,29906,29946
3089,3,29910,29942
7459,2,29915,29926
4695,2,29926,29962
4799,4,29934,29957
6565,3,29942,29988
2663,1,29946,29992
758,0,29950,29960
9777,4,29957,29997
4465,0,29960,29995
2034,2,29962,29991
1242,3,29988,30036
5479,2,29991,30014
1344,1,29992,30028
9698,0,29995,30013
1168,4,29997,30041
8119,0,30013,30023
1383,2,30014,30050
8001,0,30023,30053
5976,1,30028,30047
519,3,30036,30055
6318,4,30041,30084
8218,1,30047,30093
2209,2,30050,30095
2679,0,30053,30061
8424,3,30055,30062
9262,0,30061,30095
9642,3,30062,30102
5333,4,30084,30122
4629,1,30093,30112
9355,0,30095,30137
4057,2,30095,30115
3418,3,30102,30140
5643,1,30112,30156
7624,2,30115,30122
3178,4,30122,30143
1582,2,30122,30160
9450,0,30137,30147
1377,3,30140,30158
6679,4,30143,30188
6203,0,30147,30166
6049,1,30156,30172
6010,3,30158,30200
6296,2,30160,30203
8130,0,30166,30214
4106,1,30172,30208
641,4,30188,30207
9601,3,30200,30227
5219,2,30203,30219
166,4,30207,30251
6452,1,30208,30233
977,0,30214,30228
2757,2,30219,30260
1808,3,30227,30247
1887,0,30228,30266
4745,1,30233,30279
4957,3,30247,30276
9251,4,30251,30268
1174,2,30260,30279
5500,0,30266,30315
9256,4,30268,30280
3186,3,30276,30298
2690,2,30279,30297
8333,1,30279,30291
9277,4,30280,30318
3392,1,30291,30318
2685,2,30297,30323
9803,3,30298,30307
340,3,30307,30328
4528,0,30315,30335
4156,4,30318,30338
5423,1,30318,30337
394,2,30323,30344
5268,3,30328,30371
8528,0,30335,30364
880,1,30337,30358
7656,4,30338,30385
3004,2,30344,30366
7525,1,30358,30408
4147,0,30364,30378
2901,2,30366,30403
3860,3,30371,30399
4619,0,30378,30425
7263,4,30385,30435
6593,3,30399,30433
2467,2,30403,30416
1839,1,30408,30427
3250,2,30416,30457
7489,0,30425,30438
963,1,30427,30442
984,3,30433,30448
1617,4,30435,30481
4195,0,30438,30462
6803,1,30442,30452
5862,3,30448,30454
7272,1,30452,30480
5429,3,30454,30469
1422,2,30457,30475
5061,0,30462,30501
2265,3,30469,30489
662,2,30475,30514
7800,1,30480,30510
7815,4,30481,30530
4085,3,30489,30526
4236,0,30501,30533
8280,1,30510,30531
4776,2,30514,30544
606,3,30526,30552
5332,4,30530,30574
9268,1,30531,30554
8394,0,30533,30541
9751,0,30541,30560
9571,2,30544,30570
407,3,30552,30602
9644,1,30554,30598
5104,0,30560,30598
422,2,30570,30596
3916,4,30574,30589
7154,4,30589,30594
5146,4,30594,30606
8027,2,30596,30623
3363,0,30598,30634
9576,1,30598,30614
2805,3,30602,30640
8734,4,30606,30645
9504,1,30614,30656
4254,2,30623,30669
7055,0,30634,30675
6128,3,30640,30650
9881,4,30645,30666
6107,3,30650,30665
4560,1,30656,30698
1691,3,30665,30711
6045,4,30666,30694
580,2,30669,30685
8447,0,30675,30691
4998,2,30685,30732
3572,0,30691,30740
1148,4,30694,30712
7516,1,30698,30713
953,3,30711,30756
3733,4,30712,30752
9578,1,30713,30756
2580,2,30732,30758
5741,0,30740,30748
3306,0,30748,30770
5492,4,30752,30797
5103,3,30756,30770
2510,1,30756,30781
5839,2,30758,30778
4700,0,30770,30787
1084,3,30770,30807
3106,2,30778,30827
6216,1,30781,30815
8666,0,30787,30794
6479,0,30794,30805
8515,4,30797,30810
2955,0,30805,30834
6052,3,30807,30824
9927,4,30810,30849
9943,1,30815,30827
4636,3,30824,30872
6399,2,30827,30845
2095,1,30827,30865
2000,0,30834,30845
7121,0,30845,30891
1714,2,30845,30874
2407,4,30849,30887
7827,1,30865,30879
3766,3,30872,30898
8086,2,30874,30915
2286,1,30879,30893
8111,4,30887,30913
3114,0,30891,30902
2252,1,30893,30922
8282,3,30898,30928
6792,0,30902,30936
1212,4,30913,30931
3414,2,30915,30920
4230,2,30920,30958
3962,1,30922,30961
4029,3,30928,30960
9806,4,30931,30963
8489,0,30936,30942
9862,0,30942,30948
2415,0,30948,30993
198,2,30958,30973
1321,3,30960,30982
2098,1,30961,31008
1194,4,30963,30980
6742,2,30973,31018
2278,4,30980,30989
1612,3,30982,31012
7203,4,30989,31011
997,0,30993,31031
2032,1,31008,31014
612,4,31011,31033
5548,3,31012,31032
6274,1,31014,31049
5430,2,31018,31041
9497,0,31031,31041
6848,3,31032,31073
8912,4,31033,31059
3156,0,31041,31075
6024,2,31041,31047
7735,2,31047,31071
1479,1,31049,31079
7581,4,31059,31073
4759,2,31071,31104
1496,4,31073,31113
3479,3,31073,31123
7068,0,31075,31080
2264,1,31079,31117
8105,0,31080,31128
9375,2,31104,31144
7588,4,31113,31156
7743,1,31117,31147
6480,3,31123,31144
3975,0,31128,31151
4347,2,31144,31174
6814,3,31144,31173
2261,1,31147,31183
7009,0,31151,31185
3150,4,31156,31180
3110,3,31173,31187
3537,2,31174,31181
4454,4,31180,31197
3289,2,31181,31198
3974,1,31183,31230
1139,0,31185,31214
2133,3,31187,31220
1521,4,31197,31214
2872,2,31198,31245
9012,4,31214,31239
5106,0,31214,31223
5997,3,31220,31266
9645,0,31223,31238
6721,1,31230,31249
3554,0,31238,31268
5354,4,31239,31288
2751,2,31245,31270
7028,1,31249,31280
8172,3,31266,31293
8833,0,31268,31306
354,2,31270,31288
6667,1,31280,31301
5328,4,31288,31306
1569,2,31288,31303
6351,3,31293,31298
8618,3,31298,31348
4278,1,31301,31312
3023,2,31303,31330
5758,4,31306,31332
5670,0,31306,31343
5192,1,31312,31333
3933,2,31330,31342
6541,4,31332,31372
5937,1,31333,31345
1218,2,31342,31385
2419,0,31343,31386
8786,1,31345,31364
2948,3,31348,31378
224,1,31364,31381
3758,4,31372,31393
8632,3,31378,31409
5108,1,31381,31406
7716,2,31385,31431
2979,0,31386,31418
6516,4,31393,31414
752,1,31406,31441
9431,3,31409,31454
8113,4,31414,31445
3176,0,31418,31436
1501,2,31431,31479
9426,0,31436,31463
4602,1,31441,31469
1769,4,31445,31465
4631,3,31454,31492
6369,0,31463,31482
8781,4,31465,31494
8662,1,31469,31493
3437,2,31479,31493
6153,0,31482,31497
6027,3,31492,31518
6477,2,31493,31526
9391,1,31493,31527
4197,4,31494,31509
134,0,31497,31509
4932,4,31509,31538
8801,0,31509,31538
9381,3,31518,31555
5985,2,31526,31574
7824,1,31527,31550
8171,4,31538,31578
3772,0,31538,31572
9047,1,31550,31565
5170,3,31555,31605
5209,1,31565,31613
5216,0,31572,31577
1669,2,31574,31604
2943,0,31577,31612
2715,4,31578,31602
8603,4,31602,31623
6262,2,31604,31619
2538,3,31605,31633
8550,0,31612,31617
4180,1,31613,31625
7314,0,31617,31628
1275,2,31619,31643
6673,4,31623,31650
4120,1,31625,31633
9924,0,31628,31649
2858,3,31633,31645
7784,1,31633,31679
8311,2,31643,31674
3162,3,31645,31684
8741,0,31649,31664
9189,4,31650,31695
5204,0,31664,31687
6906,2,31674,31699
2332,1,31679,31696
1116,3,31684,31712
8871,0,31687,31704
3529,4,31695,31724
3549,1,31696,31717
8240,2,31699,31720
8277,0,31704,31739
2614,3,31712,31756
4248,1,31717,31725
286,2,31720,31737
2460,4,31724,31767
2238,1,31725,31768
8082,2,31737,31752
3691,0,31739,31781
7969,2,31752,31771
5161,3,31756,31801
3360,4,31767,31784
2585,1,31768,31790
9821,2,31771,31777
109,2,31777,31807
2143,0,31781,31788
4425,4,31784,31793
1564,0,31788,31822
6248,1,31790,31821
7321,4,31793,31802
7393,3,31801,31842
9995,4,31802,31814
9465,2,31807,31853
9977,4,31814,31832
7359,1,31821,31838
4842,0,31822,31835
1178,4,31832,31864
9414,0,31835,31858
8165,1,31838,31850
6716,3,31842,31870
6092,1,31850,31893
1455,2,31853,31872
6610,0,31858,31870
3833,4,31864,31870
1728,4,31870,31888
9287,0,31870,31896
3982,3,31870,31886
7920,2,31872,31885
1987,2,31885,31908
1182,3,31886,31930
1109,4,31888,31893
5820,4,31893,31899
9894,1,31893,31926
7745,0,31896,31911
8975,4,31899,31925
6171,2,31908,31954
3634,0,31911,31925
6868,4,31925,31947
2656,0,31925,31959
9743,1,31926,31969
8255,3,31930,31959
2049,4,31947,31971
6561,2,31954,31969
7364,0,31959,31983
222,3,31959,31978
1071,2,31969,32018
5222,1,31969,31988
3500,4,31971,31982
4044,3,31978,32026
8096,4,31982,32014
1256,0,31983,31994
5083,1,31988,32035
5877,0,31994,32034
3347,4,32014,32025
7880,2,32018,32068
5091,4,32025,32046
8147,3,32026,32038
3531,0,32034,32064
7982,1,32035,32064
5042,3,32038,32058
5130,4,32046,32060
348,3,32058,32105
590,4,32060,32071
510,0,32064,32083
7229,1,32064,32084
4223,2,32068,32117
3368,4,32071,32079
7570,4,32079,32110
7205,0,32083,32117
5635,1,32084,32106
5488,3,32105,32135
9526,1,32106,32141
493,4,32110,32117
59,4,32117,32138
4439,0,32117,32164
8950,2,32117,32147
8438,3,32135,32145
5099,4,32138,32175
9126,1,32141,32179
540,3,32145,32182
5243,2,32147,32161
5977,2,32161,32210
653,0,32164,32186
6912,4,32175,32204
6291,1,32179,32205
6986,3,32182,32222
908,0,32186,32228
6053,4,32204,32223
8757,1,32205,32230
9705,2,32210,32231
3877,3,32222,32252
2845,4,32223,32240
2249,0,32228,32245
7509,1,32230,32237
8004,2,32231,32240
832,1,32237,32274
27,4,32240,32246
8328,2,32240,32283
5669,0,32245,32272
227,4,32246,32294
1298,3,32252,32289
5337,0,32272,32314
9628,1,32274,32312
8649,2,32283,32306
6124,3,32289,32321
863,4,32294,32318
2126,2,32306,32321
2570,1,32312,32317
1523,0,32314,32359
8736,1,32317,32350
2893,4,32318,32350
1202,2,32321,32359
3683,3,32321,32330
6003,3,32330,32339
5046,3,32339,32365
9961,4,32350,32371
1209,1,32350,32399
8510,0,32359,32401
7083,2,32359,32377
9225,3,32365,32397
4898,4,32371,32381
4531,2,32377,32396
3382,4,32381,32402
1908,2,32396,32402
9309,3,32397,32427
2583,1,32399,32446
111,0,32401,32408
5438,4,32402,32433
4652,2,32402,32447
7262,0,32408,32452
7964,3,32427,32449
9050,4,32433,32449
119,1,32446,32453
6002,2,32447,32464
6499,4,32449,32486
5391,3,32449,32458
347,0,32452,32459
8446,1,32453,32486
1415,3,32458,32483
4350,0,32459,32474
126,2,32464,32491
9998,0,32474,32524
1786,3,32483,32503
634,4,32486,32516
6797,1,32486,32531
5248,2,32491,32529
403,3,32503,32537
7095,4,32516,32532
9210,0,32524,32551
2185,2,32529,32536
4348,1,32531,32576
9407,4,32532,32553
6449,2,32536,32576
7689,3,32537,32553
9170,0,32551,32597
6021,4,32553,32570
4559,3,32553,32584
8268,4,32570,32615
2346,2,32576,32609
269,1,32576,32593
6876,3,32584,32626
5034,1,32593,32614
8905,0,32597,32630
5838,2,32609,32625
8364,1,32614,32641
9436,4,32615,32657
7290,2,32625,32654
1441,3,32626,32634
9265,0,32630,32636
7204,3,32634,32663
1166,0,32636,32682
6038,1,32641,32652
6057,1,32652,32672
4723,2,32654,32700
6619,4,32657,32678
3047,3,32663,32670
2623,3,32670,32691
4313,1,32672,32681
7915,4,32678,32683
3247,1,32681,32725
2144,0,32682,32720
6256,4,32683,32692
2257,3,32691,32726
9064,4,32692,32700
6255,4,32700,32710
2717,2,32700,32710
5939,4,32710,32739
9302,2,32710,32721
6616,0,32720,32740
4318,2,32721,32761
944,1,32725,32767
7781,3,32726,32748
1260,4,32739,32786
3135,0,32740,32754
1768,3,32748,32776
1438,0,32754,32780
8605,2,32761,32772
3624,1,32767,32796
8728,2,32772,32778
160,3,32776,32786
4247,2,32778,32827
843,0,32780,32801
5852,4,32786,32807
1884,3,32786,32832
6617,1,32796,32846
2759,0,32801,32809
2474,4,32807,32854
3802,0,32809,32835
9947,2,32827,32859
2706,3,32832,32866
5916,0,32835,32878
6647,1,32846,32894
683,4,32854,32884
2426,2,32859,32878
3174,3,32866,32905
9502,0,32878,32888
8269,2,32878,32909
9334,4,32884,32912
93,0,32888,32921
434,1,32894,32928
1371,3,32905,32928
2149,2,32909,32928
1968,4,32912,32961
8966,0,32921,32940
9146,2,32928,32935
3712,3,32928,32944
9801,1,32928,32951
6564,2,32935,32940
9424,0,32940,32980
7632,2,32940,32959
3078,3,32944,32985
8206,1,32951,32999
1923,2,32959,32993
5076,4,32961,33006
8698,0,32980,32991
9818,3,32985,33026
8925,0,32991,33019
9294,2,32993,33021
1027,1,32999,33048
2523,4,33006,33020
9232,0,33019,33063
5355,4,33020,33046
4735,2,33021,33054
3459,3,33026,33047
9630,4,33046,33085
5020,3,33047,33068
8567,1,33048,33055
3482,2,33054,33078
3751,1,33055,33080
4965,0,33063,33077
7633,3,33068,33117
6863,0,33077,33123
3446,2,33078,33099
7329,1,33080,33090
6391,4,33085,33131
1330,1,33090,33130
3770,2,33099,33120
671,3,33117,33144
848,2,33120,33141
61,0,33123,33166
6121,1,33130,33154
1477,4,33131,33152
3695,2,33141,33149
729,3,33144,33151
2245,2,33149,33181
3202,3,33151,33173
8484,4,33152,33177
48,1,33154,33183
941,0,33166,33200
6235,3,33173,33217
8668,4,33177,33192
451,2,33181,33231
4610,1,33183,33215
1560,4,33192,33221
2381,0,33200,33232
3009,1,33215,33227
8083,3,33217,33236
791,4,33221,33242
4017,1,33227,33261
6533,2,33231,33241
1029,0,33232,33246
8929,3,33236,33243
4008,2,33241,33258
8238,4,33242,33292
855,3,33243,33268
8360,0,33246,33271
439,2,33258,33291
8443,1,33261,33310
3499,3,33268,33276
8878,0,33271,33320
8750,3,33276,33312
2551,2,33291,33325
9565,4,33292,33327
2530,1,33310,33319
8448,3,33312,33357
3745,1,33319,33350
2306,0,33320,33355
5456,2,33325,33371
5933,4,33327,33343
1626,4,33343,33358
8979,1,33350,33382
5936,0,33355,33403
5642,3,33357,33367
9824,4,33358,33368
9510,3,33367,33379
6560,4,33368,33401
5212,2,33371,33377
3576,2,33377,33427
8822,3,33379,33391
24,1,33382,33416
8692,3,33391,33412
4169,4,33401,33422
9771,0,33403,33435
6314,3,33412,33438
2838,1,33416,33447
873,4,33422,33449
9872,2,33427,33453
1386,0,33435,33470
1284,3,33438,33446
9643,3,33446,33466
7857,1,33447,33457
4356,4,33449,33487
6889,2,33453,33482
8697,1,33457,33484
3404,3,33466,33489
1176,0,33470,33493
7722,2,33482,33507
7031,1,33484,33514
4505,4,33487,33494
6042,3,33489,33508
1301,0,33493,33498
2936,4,33494,33543
344,0,33498,33524
3749,2,33507,33546
2619,3,33508,33558
8369,1,33514,33527
7529,0,33524,33563
9994,1,33527,33576
247,4,33543,33565
5806,2,33546,33592
2942,3,33558,33595
1319,0,33563,33574
2635,4,33565,33577
1920,0,33574,33582
3217,1,33576,33617
6275,4,33577,33619
6421,0,33582,33604
2080,2,33592,33636
858,3,33595,33612
6646,0,33604,33612
1531,0,33612,33655
6280,3,33612,33645
6959,1,33617,33649
5009,4,33619,33644
3613,2,33636,33646
3792,4,33644,33677
9638,3,33645,33666
3785,2,33646,33686
4896,1,33649,33655
401,0,33655,33692
7,1,33655,33667
2384,3,33666,33684
5562,1,33667,33697
4627,4,33677,33714
9192,3,33684,33722
8336,2,33686,33696
7054,0,33692,33709
2253,2,33696,33726
7378,1,33697,33730
7173,0,33709,33749
5727,4,33714,33751
1636,3,33722,33741
5067,2,33726,33736
8101,1,33730,33779
4482,2,33736,33742
8081,3,33741,33773
9770,2,33742,33784
5583,0,33749,33786
2489,4,33751,33794
7406,3,33773,33806
7091,1,33779,33792
4793,2,33784,33819
9580,0,33786,33823
3546,1,33792,33831
2115,4,33794,33840
1720,3,33806,33819
6302,2,33819,33826
9779,3,33819,33846
5233,0,33823,33860
4133,2,33826,33847
5387,1,33831,33874
9629,4,33840,33878
330,3,33846,33872
225,2,33847,33882
2438,0,33860,33910
7112,3,33872,33879
2568,1,33874,33904
8540,4,33878,33911
7664,3,33879,33922
2010,2,33882,33903
8144,2,33903,33945
8468,1,33904,33953
2801,0,33910,33932
3894,4,33911,33947
6901,3,33922,33972
5436,0,33932,33950
5962,2,33945,33964
4689,4,33947,33974
5798,0,33950,33977
7950,1,33953,33989
3137,2,33964,33989
1960,3,33972,33979
7593,4,33974,34001
4263,0,33977,34014
1452,3,33979,34023
2660,2,33989,34016
6226,1,33989,34039
7592,4,34001,34032
7822,0,34014,34054
7110,2,34016,34039
6954,3,34023,34036
4838,4,34032,34053
8995,3,34036,34059
4852,2,34039,34079
7754,1,34039,34057
5828,4,34053,34073
7671,0,34054,34099
3547,1,34057,34065
5731,3,34059,34083
7522,1,34065,34102
7746,4,34073,34106
815,2,34079,34101
3494,3,34083,34101
6805,0,34099,34141
8583,2,34101,34141
6258,3,34101,34108
7695,1,34102,34115
7995,4,34106,34130
4369,3,34108,34124
2048,1,34115,34164
8810,3,34124,34167
7704,4,34130,34171
3411,0,34141,34173
4445,2,34141,34184
2114,1,34164,34200
1558,3,34167,34194
8670,4,34171,34185
1533,0,34173,34199
6888,2,34184,34196
9845,4,34185,34192
802,4,34192,34224
3742,3,34194,34237
2742,2,34196,34221
8497,0,34199,34224
8630,1,34200,34226
5510,2,34221,34241
2533,4,34224,34247
7910,0,34224,34261
1092,1,34226,34268
7285,3,34237,34252
194,2,34241,34282
2224,4,34247,34259
6422,3,34252,34294
9359,4,34259,34282
3218,0,34261,34302
8879,1,34268,34292
2666,4,34282,34326
9900,2,34282,34296
6004,1,34292,34308
7027,3,34294,34304
6546,2,34296,34314
1490,0,34302,34332
4593,3,34304,34339
4518,1,34308,34313
274,1,34313,34339
7708,2,34314,34363
5376,4,34326,34333
4063,0,34332,34347
3080,4,34333,34372
8796,3,34339,34362
2750,1,34339,34362
8514,0,34347,34393
43,3,34362,34396
6364,1,34362,34379
8684,2,34363,34396
2700,4,34372,34389
2730,1,34379,34396
8290,4,34389,34402
8136,0,34393,34433
9274,2,34396,34430
8258,3,34396,34445
7052,1,34396,34425
6177,4,34402,34452
7580,1,34425,34453
9062,2,34430,34480
4924,0,34433,34467
8720,3,34445,34485
8642,4,34452,34470
9227,1,34453,34484
1474,0,34467,34513
8011,4,34470,34515
113,2,34480,34492
6150,1,34484,34501
472,3,34485,34521
5655,2,34492,34527
6553,1,34501,34520
2578,0,34513,34539
1459,4,34515,34533
9072,1,34520,34538
202,3,34521,34533
9315,2,34527,34552
9237,4,34533,34540
2333,3,34533,34554
7691,1,34538,34559
4019,0,34539,34563
8490,4,34540,34567
8436,2,34552,34587
442,3,34554,34585
7518,1,34559,34600
6127,0,34563,34583
8140,4,34567,34585
5746,0,34583,34592
8852,4,34585,34611
3025,3,34585,34604
4581,2,34587,34619
1175,0,34592,34637
4475,1,34600,34632
7270,3,34604,34614
7794,4,34611,34653
4362,3,34614,34628
2708,2,34619,34666
4814,3,34628,34655
6862,1,34632,34666
1234,0,34637,34655
3998,4,34653,34672
6798,0,34655,34695
4379,3,34655,34688
3219,2,34666,34702
29,1,34666,34701
3925,4,34672,34680
1542,4,34680,34710
8122,3,34688,34696
9317,0,34695,34740
3786,3,34696,34738
3225,1,34701,34712
8276,2,34702,34739
1614,4,34710,34717
1295,1,34712,34740
1305,4,34717,34752
8425,3,34738,34763
3835,2,34739,34777
6011,0,34740,34780
4628,1,34740,34761
8187,4,34752,34777
2883,1,34761,34804
2016,3,34763,34811
3689,4,34777,34787
9850,2,34777,34807
7520,0,34780,34824
9290,4,34787,34833
6236,1,34804,34816
9365,2,34807,34840
6645,3,34811,34839
7236,1,34816,34866
2231,0,34824,34839
188,4,34833,34876
7484,0,34839,34846
7326,3,34839,34866
3081,2,34840,34854
526,0,34846,34889
7900,2,34854,34904
4516,3,34866,34879
9896,1,34866,34914
140,4,34876,34926
915,3,34879,34916
6154,0,34889,34920
542,2,34904,34912
3338,2,34912,34945
5584,1,34914,34942
6937,3,34916,34945
4887,0,34920,34944
901,4,34926,34953
1083,1,34942,34948
9280,0,34944,34986
4343,2,34945,34969
7370,3,34945,34987
2718,1,34948,34992
1050,4,34953,34970
4819,2,34969,35008
5990,4,34970,35017
5834,0,34986,35013
521,3,34987,35012
2503,1,34992,35036
6507,2,35008,35030
7180,3,35012,35019
2187,0,35013,35051
9354,4,35017,35065
6486,3,35019,35050
5055,2,35030,35047
6907,1,35036,35067
192,2,35047,35084
882,3,35050,35069
5512,0,35051,35071
372,4,35065,35102
1545,1,35067,35081
3977,3,35069,35080
2212,0,35071,35109
4870,3,35080,35123
3599,1,35081,35128
2275,2,35084,35110
5823,4,35102,35118
5987,0,35109,35147
4990,2,35110,35124
7821,4,35118,35133
8315,3,35123,35128
5525,2,35124,35132
4345,1,35128,35166
4772,3,35128,35161
4049,2,35132,35164
7646,4,35133,35177
571,0,35147,35193
9289,3,35161,35175
4410,2,35164,35193
8180,1,35166,35172
1747,1,35172,35212
2435,3,35175,35206
9249,4,35177,35209
4639,0,35193,35216
5072,2,35193,35209
5589,3,35206,35224
4612,4,35209,35255
3171,2,35209,35221
8830,1,35212,35244
7868,0,35216,35239
33,2,35221,35250
1147,3,35224,35258
5572,0,35239,35273
7551,1,35244,35266
2433,2,35250,35289
1402,4,35255,35270
2775,3,35258,35304
4894,1,35266,35305
5786,4,35270,35310
3312,0,35273,35286
5286,0,35286,35328
6784,2,35289,35301
1296,2,35301,35344
4015,3,35304,35350
2466,1,35305,35342
3063,4,35310,35321
8132,4,35321,35356
34,0,35328,35375
8331,1,35342,35387
6411,2,35344,35390
6785,3,35350,35363
3635,4,35356,35399
3375,3,35363,35376
7335,0,35375,35404
265,3,35376,35412
5575,1,35387,35402
6633,2,35390,35428
7100,4,35399,35431
5880,1,35402,35421
3470,0,35404,35410
5886,0,35410,35433
4266,3,35412,35461
4188,1,35421,35433
979,2,35428,35442
5086,4,35431,35468
3550,0,35433,35443
569,1,35433,35440
3952,1,35440,35447
5458,2,35442,35472
3124,0,35443,35477
7760,1,35447,35496
1615,3,35461,35479
1854,4,35468,35513
1172,2,35472,35503
2447,0,35477,35501
6603,3,35479,35523
6022,1,35496,35517
8427,0,35501,35523
5205,2,35503,35508
4859,2,35508,35523
2066,4,35513,35547
2485,1,35517,35560
4073,0,35523,35566
7479,2,35523,35537
3211,3,35523,35561
2724,2,35537,35552
7336,4,35547,35583
7046,2,35552,35562
6930,1,35560,35586
8058,3,35561,35585
1815,2,35562,35575
5440,0,35566,35597
8866,2,35575,35584
6381,4,35583,35605
5749,2,35584,35613
6119,3,35585,35593
3185,1,35586,35633
6662,3,35593,35604
1820,0,35597,35604
3677,0,35604,35631
9566,3,35604,35639
5140,4,35605,35625
2511,2,35613,35659
3352,4,35625,35636
4656,0,35631,35653
8256,1,35633,35656
2436,4,35636,35656
7512,3,35639,35653
6689,0,35653,35677
1285,3,35653,35664
8457,4,35656,35700
1632,1,35656,35700
7742,2,35659,35673
9973,3,35664,35685
7022,2,35673,35698
1461,0,35677,35720
8983,3,35685,35708
1348,2,35698,35710
4013,4,35700,35739
7277,1,35700,35720
2379,3,35708,35729
3985,2,35710,35723
961,0,35720,35760
2565,1,35720,35766
6068,2,35723,35758
5774,3,35729,35750
9065,4,35739,35765
3357,3,35750,35768
8339,2,35758,35802
572,0,35760,35800
1281,4,35765,35772
1686,1,35766,35811
2641,3,35768,35789
7730,4,35772,35785
9230,4,35785,35800
7706,3,35789,35839
623,4,35800,35829
4796,0,35800,35848
3014,2,35802,35826
5419,1,35811,35859
5513,2,35826,35874
243,4,35829,35846
9928,3,35839,35848
4885,4,35846,35867
7544,0,35848,35864
258,3,35848,35897
728,1,35859,35894
7256,0,35864,35904
8776,4,35867,35878
7658,2,35874,35910
7968,4,35878,35894
7876,4,35894,35924
1179,1,35894,35909
2418,3,35897,35926
4596,0,35904,35921
1875,1,35909,35924
1263,2,35910,35947
5927,0,35921,35963
271,4,35924,35953
1280,1,35924,35935
8124,3,35926,35932
6931,3,35932,35962
415,1,35935,35974
8216,2,35947,35964
7113,4,35953,35975
4171,3,35962,36010
4414,0,35963,36005
7586,2,35964,36008
9890,1,35974,36013
1971,4,35975,35993
8874,4,35993,36038
6173,0,36005,36011
8070,2,36008,36030
4412,3,36010,36030
7831,0,36011,36017
3412,1,36013,36062
4487,0,36017,36031
5887,2,36030,36035
3971,3,36030,36055
6125,0,36031,36079
6694,2,36035,36053
7210,4,36038,36065
7494,2,36053,36100
3913,3,36055,36092
5878,1,36062,36097
1482,4,36065,36103
8758,0,36079,36104
8557,3,36092,36124
9962,1,36097,36142
4267,2,36100,36105
7312,4,36103,36134
3201,0,36104,36109
9529,2,36105,36114
5410,0,36109,36120
432,2,36114,36135
9542,0,36120,36162
7924,3,36124,36130
9742,3,36130,36153
1950,4,36134,36155
275,2,36135,36179
9456,1,36142,36172
229,3,36153,36185
3254,4,36155,36189
7701,0,36162,36177
887,1,36172,36217
9793,0,36177,36212
3048,2,36179,36221
1705,3,36185,36205
9156,4,36189,36224
5294,3,36205,36222
5416,0,36212,36225
8160,1,36217,36257
7414,2,36221,36261
2136,3,36222,36243
8251,4,36224,36271
5787,0,36225,36269
7607,3,36243,36283
8387,1,36257,36276
8508,2,36261,36284
5579,0,36269,36284
6791,4,36271,36300
7961,1,36276,36290
8249,3,36283,36290
5585,0,36284,36316
25,2,36284,36293
6272,1,36290,36300
9640,3,36290,36336
1424,2,36293,36302
2201,4,36300,36340
5559,1,36300,36322
1649,2,36302,36325
4459,0,36316,36331
7621,1,36322,36364
7996,2,36325,36370
2572,0,36331,36349
6980,3,36336,36348
4644,4,36340,36390
1073,3,36348,36374
5673,0,36349,36387
158,1,36364,36391
9665,2,36370,36406
2130,3,36374,36400
4503,0,36387,36407
6523,4,36390,36418
5679,1,36391,36436
4641,3,36400,36412
2760,2,36406,36441
1067,0,36407,36448
3535,3,36412,36432
5872,4,36418,36464
1814,3,36432,36441
2826,1,36436,36455
1534,2,36441,36489
7894,3,36441,36446
2376,3,36446,36461
6482,0,36448,36480
5791,1,36455,36505
1372,3,36461,36494
7639,4,36464,36503
7477,0,36480,36490
6644,2,36489,36527
5374,0,36490,36523
7124,3,36494,36517
1020,4,36503,36546
4835,1,36505,36547
1544,3,36517,36527
672,0,36523,36549
4730,2,36527,36555
4285,3,36527,36548
1190,4,36546,36579
5825,1,36547,36569
6040,3,36548,36595
8278,0,36549,36554
3475,0,36554,36577
337,2,36555,36591
8992,1,36569,36599
5454,0,36577,36618
8840,4,36579,36629
4831,2,36591,36618
7867,3,36595,36623
3857,1,36599,36623
7457,0,36618,36644
9639,2,36618,36663
9558,1,36623,36642
3841,3,36623,36645
9725,4,36629,36663
605,1,36642,36662
3109,0,36644,36680
443,3,36645,36683
402,1,36662,36698
8076,4,36663,36711
4782,2,36663,36670
9914,2,36670,36719
4177,0,36680,36728
4140,3,36683,36706
2650,1,36698,36742
6504,3,36706,36730
1449,4,36711,36721
7609,2,36719,36762
6464,4,36721,36761
7237,0,36728,36762
1324,3,36730,36739
1499,3,36739,36778
6925,1,36742,36783
1127,4,36761,36766
1900,0,36762,36767
4277,2,36762,36806
4812,4,36766,36773
8887,0,36767,36781
101,4,36773,36782
7066,3,36778,36803
5287,0,36781,36812
9442,4,36782,36827
2964,1,36783,36802
4183,1,36802,36836
3961,3,36803,36840
8613,2,36806,36823
1912,0,36812,36850
8503,2,36823,36872
7877,4,36827,36870
6681,1,36836,36885
5124,3,36840,36848
6881,3,36848,36859
2617,0,36850,36868
8611,3,36859,36876
2340,0,36868,36918
3693,4,36870,36900
2174,2,36872,36880
2851,3,36876,36905
5400,2,36880,36917
5178,1,36885,36924
6012,4,36900,36915
6133,3,36905,36914
8464,3,36914,36959
7862,4,36915,36961
8006,2,36917,36952
2900,0,36918,36952
2831,1,36924,36935
4406,1,36935,36962
6575,0,36952,36961
3927,2,36952,36975
2444,3,36959,37009
5231,4,36961,36975
1567,0,36961,36971
3532,1,36962,36967
413,1,36967,36976
8710,0,36971,37004
1775,4,36975,37017
8718,2,36975,37022
4161,1,36976,36991
9437,1,36991,37016
2753,0,37004,37015
6518,3,37009,37041
9955,0,37015,37061
7281,1,37016,37028
4554,4,37017,37035
3768,2,37022,37027
4585,2,37027,37045
6844,1,37028,37071
2281,4,37035,37059
670,3,37041,37060
980,2,37045,37064
4192,4,37059,37089
2736,3,37060,37080
8671,0,37061,37072
2707,2,37064,37082
3694,1,37071,37120
185,0,37072,37086
2244,3,37080,37088
3195,2,37082,37111
7212,0,37086,37108
7569,3,37088,37107
8260,4,37089,37128
4777,3,37107,37116
775,0,37108,37136
1583,2,37111,37140
774,3,37116,37144
8943,1,37120,37167
7675,4,37128,37134
1132,4,37134,37145
7016,0,37136,37181
2277,2,37140,37150
4315,3,37144,37153
4450,4,37145,37181
6013,2,37150,37168
5271,3,37153,37163
1293,3,37163,37213
8456,1,37167,37181
7394,2,37168,37186
2193,4,37181,37186
2392,0,37181,37192
5706,1,37181,37203
8533,4,37186,37230
3027,2,37186,37230
3834,0,37192,37197
6710,0,37197,37221
8584,1,37203,37237
8460,3,37213,37248
5926,0,37221,37234
1832,4,37230,37264
8168,2,37230,37237
7213,0,37234,37241
3249,2,37237,37248
4119,1,37237,37285
1219,0,37241,37265
2156,2,37248,37265
7542,3,37248,37276
8318,4,37264,37269
1866,0,37265,37311
8149,2,37265,37286
3644,4,37269,37287
438,3,37276,37290
6909,1,37285,37334
2515,2,37286,37314
2783,4,37287,37306
6885,3,37290,37326
7783,4,37306,37351
4897,0,37311,37317
9098,2,37314,37358
3574,0,37317,37345
9987,3,37326,37350
6484,1,37334,37355
5285,0,37345,37368
353,3,37350,37391
7849,4,37351,37358
1126,1,37355,37397
2535,4,37358,37375
5070,2,37358,37388
9507,0,37368,37385
781,4,37375,37391
332,0,37385,37407
1011,2,37388,37430
8072,4,37391,37400
4535,3,37391,37421
2360,1,37397,37406
6487,4,37400,37414
23,1,37406,37447
3448,0,37407,37455
5935,4,37414,37432
5883,3,37421,37439
3904,2,37430,37453
1228,4,37432,37442
8237,3,37439,37445
5969,4,37442,37488
378,3,37445,37485
9748,1,37447,37469
382,2,37453,37482
4611,0,37455,37460
4002,0,37460,37473
2322,1,37469,37507
3870,0,37473,37496
4012,2,37482,37506
4968,3,37485,37513
8939,4,37488,37527
9679,0,37496,37513
329,2,37506,37534
9512,1,37507,37521
972,0,37513,37559
1944,3,37513,37555
750,1,37521,37566
1251,4,37527,37538
4211,2,37534,37561
5426,4,37538,37582
1862,3,37555,37576
223,0,37559,37569
8832,2,37561,37594
7836,1,37566,37573
6825,0,37569,37575
9646,1,37573,37598
6994,0,37575,37620
8656,3,37576,37617
8377,4,37582,37610
869,2,37594,37614
651,1,37598,37647
860,4,37610,37644
2006,2,37614,37645
9865,3,37617,37651
5265,0,37620,37668
2627,4,37644,37687
8731,2,37645,37650
5191,1,37647,37691
3341,2,37650,37683
1421,3,37651,37662
7843,3,37662,37685
8337,0,37668,37700
9822,2,37683,37697
2204,3,37685,37724
4467,4,37687,37729
6110,1,37691,37709
2815,2,37697,37745
2279,0,37700,37732
9693,1,37709,37733
6880,3,37724,37768
6521,4,37729,37771
5169,0,37732,37752
9949,1,37733,37770
3251,2,37745,37761
7193,0,37752,37771
8263,2,37761,37778
8306,3,37768,37809
9948,1,37770,37782
9868,4,37771,37820
6207,0,37771,37813
9650,2,37778,37802
9528,1,37782,37818
4114,2,37802,37827
3890,3,37809,37815
9361,0,37813,37830
6009,3,37815,37823
4164,1,37818,37848
7486,4,37820,37838
6741,3,37823,37829
6395,2,37827,37875
4873,3,37829,37850
8815,0,37830,37864
1672,4,37838,37859
3419,1,37848,37857
2860,3,37850,37871
6071,1,37857,37890
9079,4,37859,37878
1205,0,37864,37904
8875,3,37871,37909
6396,2,37875,37897
6620,4,37878,37909
2561,1,37890,37933
1819,2,37897,37944
7363,0,37904,37939
3276,4,37909,37949
4568,3,37909,37939
2770,1,37933,37978
5051,0,37939,37986
573,3,37939,37983
6801,2,37944,37992
8570,4,37949,37974
7669,4,37974,38014
6367,1,37978,37989
9011,3,37983,38014
9159,0,37986,38011
4160,1,37989,38005
9215,2,37992,37998
6535,2,37998,38043
9376,1,38005,38010
4045,1,38010,38036
8593,0,38011,38029
3721,4,38014,38043
7715,3,38014,38057
4970,0,38029,38076
1675,1,38036,38076
345,4,38043,38071
6759,2,38043,38081
2320,3,38057,38084
2352,4,38071,38098
423,0,38076,38091
7161,1,38076,38105
9658,2,38081,38126
7437,3,38084,38109
3400,0,38091,38096
7631,0,38096,38138
170,4,38098,38128
7533,1,38105,38120
1605,3,38109,38154
7488,1,38120,38149
3196,2,38126,38161
1600,4,38128,38148
1799,0,38138,38175
4360,4,38148,38176
4059,1,38149,38194
4136,3,38154,38161
5110,2,38161,38174
235,3,38161,38204
2479,2,38174,38190
8055,0,38175,38222
3056,4,38176,38190
3800,4,38190,38209
9750,2,38190,38195
39,1,38194,38243
2398,2,38195,38220
591,3,38204,38217
7327,4,38209,38229
9067,3,38217,38264
6704,2,38220,38252
3738,0,38222,38249
1657,4,38229,38272
5457,1,38243,38248
161,1,38248,38297
2940,0,38249,38272
6692,2,38252,38276
5246,3,38264,38272
3309,4,38272,38301
2135,0,38272,38298
8265,3,38272,38310
1431,2,38276,38316
2975,1,38297,38333
1548,0,38298,38332
4567,4,38301,38327
7667,3,38310,38326
2882,2,38316,38362
8813,3,38326,38354
6077,4,38327,38354
7863,0,38332,38343
6538,1,38333,38365
782,0,38343,38371
1226,4,38354,38378
3454,3,38354,38377
593,2,38362,38402
9177,1,38365,38414
4622,0,38371,38392
9856,3,38377,38387
383,4,38378,38412
1831,3,38387,38406
2726,0,38392,38415
8343,2,38402,38448
1450,3,38406,38448
7356,4,38412,38420
2195,1,38414,38442
471,0,38415,38457
1062,4,38420,38467
2644,1,38442,38456
7660,2,38448,38469
7175,3,38448,38475
4733,1,38456,38493
2081,0,38457,38476
7340,4,38467,38479
3855,2,38469,38474
6686,2,38474,38489
5183,3,38475,38489
3469,0,38476,38492
8723,4,38479,38504
8730,2,38489,38532
708,3,38489,38518
6629,0,38492,38501
5237,1,38493,38528
2472,0,38501,38538
4304,4,38504,38523
4032,3,38518,38536
3362,4,38523,38567
6160,1,38528,38572
1810,2,38532,38548
8194,3,38536,38549
6754,0,38538,38574
8799,2,38548,38577
137,3,38549,38572
5531,4,38567,38591
2547,1,38572,38582
9086,3,38572,38597
4555,0,38574,38594
3068,2,38577,38585
6577,1,38582,38587
7958,2,38585,38600
4035,1,38587,38615
1282,4,38591,38603
2799,0,38594,38639
8097,3,38597,38636
7688,2,38600,38615
28,4,38603,38651
7243,2,38615,38658
7271,1,38615,38643
3193,3,38636,38668
1870,0,38639,38676
2966,1,38643,38649
9417,1,38649,38662
5682,4,38651,38664
2096,2,38658,38708
4604,1,38662,38672
7188,4,38664,38677
1097,3,38668,38702
6252,1,38672,38710
7981,0,38676,38709
4875,4,38677,38685
6445,4,38685,38701
2210,4,38701,38716
2318,3,38702,38718
3013,2,38708,38745
1865,0,38709,38742
3731,1,38710,38756
3163,4,38716,38728
8195,3,38718,38755
10,4,38728,38744
165,0,38742,38758
1114,4,38744,38760
657,2,38745,38769
1034,3,38755,38761
9392,1,38756,38774
6086,0,38758,38790
6441,4,38760,38804
2442,3,38761,38801
8914,2,38769,38775
5011,1,38774,38780
3308,2,38775,38799
4925,1,38780,38802
876,0,38790,38804
1656,2,38799,38812
1748,3,38801,38811
8085,1,38802,38816
7653,4,38804,38827
5014,0,38804,38841
8555,3,38811,38852
6573,2,38812,38855
5199,1,38816,38866
5437,4,38827,38862
1423,0,38841,38866
3117,3,38852,38900
1353,2,38855,38866
9841,4,38862,38889
2371,0,38866,38907
3060,2,38866,38908
3725,1,38866,38908
9152,4,38889,38915
9382,3,38900,38948
4784,0,38907,38954
8683,2,38908,38937
4899,1,38908,38932
4960,4,38915,38945
1508,1,38932,38957
3638,2,38937,38960
8355,4,38945,38953
5627,3,38948,38963
17,4,38953,38983
9958,0,38954,38987
339,1,38957,38964
8189,2,38960,39003
2226,3,38963,38998
6919,1,38964,38999
5434,4,38983,38995
8637,0,38987,38992
720,0,38992,39027
8709,4,38995,39026
2413,3,38998,39008
8940,1,38999,39028
8442,2,39003,39039
5793,3,39008,39032
1458,4,39026,39076
5195,0,39027,39053
2492,1,39028,39070
1367,3,39032,39048
280,2,39039,39059
1603,3,39048,39059
5914,0,39053,39061
9350,2,39059,39097
5664,3,39059,39089
6891,0,39061,39109
7472,1,39070,39117
4715,4,39076,39091
6810,3,39089,39131
8818,4,39091,39139
8864,2,39097,39117
7454,0,39109,39159
829,2,39117,39132
6769,1,39117,39151
2545,3,39131,39168
6874,2,39132,39151
711,4,39139,39146
9020,4,39146,39159
636,2,39151,39179
6725,1,39151,39175
1411,4,39159,39189
99,0,39159,39188
9936,3,39168,39208
6142,1,39175,39212
9155,2,39179,39186
3883,2,39186,39191
930,0,39188,39210
2789,4,39189,39198
1760,2,39191,39209
9760,4,39198,39238
7063,3,39208,39230
6732,2,39209,39232
4441,0,39210,39232
5089,1,39212,39245
813,3,39230,39244
4601,0,39232,39282
6744,2,39232,39260
2978,4,39238,39288
3931,3,39244,39288
5,1,39245,39275
3652,2,39260,39273
4317,2,39273,39302
4242,1,39275,39311
5623,0,39282,39305
736,4,39288,39312
4388,3,39288,39319
4469,2,39302,39318
2501,0,39305,39338
5125,1,39311,39323
5591,4,39312,39350
9603,2,39318,39340
7535,3,39319,39364
4680,1,39323,39351
7040,0,39338,39353
2042,2,39340,39383
3000,4,39350,39396
9122,1,39351,39393
8529,0,39353,39359
5262,0,39359,39369
5992,3,39364,39370
8505,0,39369,39381
2741,3,39370,39392
1374,0,39381,39428
1687,2,39383,39430
8163,3,39392,39439
7248,1,39393,39401
5851,4,39396,39436
3757,1,39401,39428
1187,0,39428,39458
3696,1,39428,39466
5544,2,39430,39473
6072,4,39436,39476
6245,3,39439,39463
1038,0,39458,39494
8820,3,39463,39511
3122,1,39466,39511
6439,2,39473,39497
9792,4,39476,39505
6031,0,39494,39542
4352,2,39497,39517
3118,4,39505,39554
4366,3,39511,39519
6923,1,39511,39557
4791,2,39517,39548
3079,3,39519,39554
5698,0,39542,39558
5403,2,39548,39568
3264,4,39554,39595
6800,3,39554,39590
9592,1,39557,39583
8423,0,39558,39570
9773,2,39568,39578
7987,0,39570,39609
4262,2,39578,39585
7560,1,39583,39603
4895,2,39585,39613
9609,3,39590,39637
8351,4,39595,39615
6100,1,39603,39615
1929,0,39609,39654
1798,2,39613,39657
2370,4,39615,39636
9885,1,39615,39623
7064,1,39623,39663
3669,4,39636,39686
9179,3,39637,39664
8401,0,39654,39676
5138,2,39657,39697
4071,1,39663,39694
2647,3,39664,39688
8661,0,39676,39713
5057,4,39686,39716
2542,3,39688,39720
9814,1,39694,39731
9569,2,39697,39731
9254,0,39713,39733
5033,4,39716,39744
9838,3,39720,39748
1693,2,39731,39750
7798,1,39731,39768
2550,0,39733,39771
9111,4,39744,39778
5215,3,39748,39762
7463,2,39750,39792
4817,3,39762,39780
6656,1,39768,39780
6282,0,39771,39795
3744,4,39778,39798
9229,3,39780,39812
1121,1,39780,39809
5881,2,39792,39831
1716,0,39795,39825
4646,4,39798,39844
7970,1,39809,39850
7015,3,39812,39817
2745,3,39817,39867
4283,0,39825,39857
4830,2,39831,39859
1380,4,39844,39879
6841,1,39850,39855
427,1,39855,39875
10000,0,39857,39893
1082,2,39859,39867
5185,2,39867,39902
8435,3,39867,39875
3960,3,39875,39896
2462,1,39875,39918
4189,4,39879,39916
7405,0,39893,39928
6682,3,39896,39930
1404,2,39902,39918
1546,4,39916,39941
4882,2,39918,39939
57,1,39918,39960
1685,0,39928,39971
3571,3,39930,39938
2765,3,39938,39947
2692,2,39939,39980
2377,4,39941,39980
3149,3,39947,39992
234,1,39960,39976
5957,0,39971,39985
4756,1,39976,39996
7235,4,39980,40004
122,2,39980,39999
120,0,39985,40005
8622,3,39992,40042
7839,1,39996,40005
3220,2,39999,40011
3417,4,40004,40053
9559,0,40005,40021
5906,1,40005,40037
7635,2,40011,40034
989,0,40021,40059
7896,2,40034,40070
2387,1,40037,40069
1360,3,40042,40073
6285,4,40053,40091
1943,0,40059,40082
1945,1,40069,40101
3844,2,40070,40079
441,3,40073,40082
5609,2,40079,40107
2654,0,40082,40103
7116,3,40082,40092
5965,4,40091,40116
4572,3,40092,40119
8936,1,40101,40111
9462,0,40103,40125
4167,2,40107,40131
4709,1,40111,40145
2923,4,40116,40131
2164,3,40119,40161
1155,0,40125,40164
4392,4,40131,40141
4595,2,40131,40174
3853,4,40141,40156
4468,1,40145,40162
9817,4,40156,40195
1946,3,40161,40179
4768,1,40162,40204
9875,0,40164,40174
8316,0,40174,40219
2223,2,40174,40208
8745,3,40179,40190
6081,3,40190,40212
2787,4,40195,40213
3071,1,40204,40224
7534,2,40208,40215
4229,3,40212,40238
3384,4,40213,40263
1486,2,40215,40261
8543,0,40219,40260
8292,1,40224,40229
5735,1,40229,40263
5621,3,40238,40265
4750,0,40260,40292
2755,2,40261,40279
8785,4,40263,40297
851,1,40263,40309
7104,3,40265,40312
3465,2,40279,40284
6592,2,40284,40329
251,0,40292,40337
9445,4,40297,40327
564,1,40309,40336
7550,3,40312,40330
9068,4,40327,40366
9855,2,40329,40345
6708,3,40330,40353
8877,1,40336,40378
7135,0,40337,40352
9378,2,40345,40388
157,0,40352,40398
7979,3,40353,40391
6266,4,40366,40392
9980,1,40378,40395
8232,2,40388,40399
7144,3,40391,40407
9307,4,40392,40418
2773,1,40395,40435
8582,0,40398,40417
9945,2,40399,40424
1584,3,40407,40420
9984,0,40417,40458
8231,4,40418,40445
2470,3,40420,40466
6440,2,40424,40443
7908,1,40435,40451
2228,2,40443,40472
1937,4,40445,40457
1794,1,40451,40492
8996,4,40457,40474
1311,0,40458,40470
6498,3,40466,40512
9660,0,40470,40504
237,2,40472,40496
8949,4,40474,40519
4688,1,40492,40540
7884,2,40496,40538
2311,0,40504,40525
1788,3,40512,40529
9766,4,40519,40527
7666,0,40525,40557
4944,4,40527,40575
7989,3,40529,40570
5782,2,40538,40571
1140,1,40540,40545
8215,1,40545,40551
6066,1,40551,40590
1473,0,40557,40570
8431,0,40570,40609
8640,3,40570,40607
7890,2,40571,40617
4725,4,40575,40585
4006,4,40585,40621
4333,1,40590,40635
9519,3,40607,40645
5690,0,40609,40638
3930,2,40617,40642
5840,4,40621,40653
9971,1,40635,40644
5050,0,40638,40657
8982,2,40642,40663
6109,1,40644,40665
241,3,40645,40680
7324,4,40653,40662
8803,0,40657,40698
3321,4,40662,40712
5804,2,40663,40700
3348,1,40665,40673
5574,1,40673,40681
1196,3,40680,40726
1563,1,40681,40720
9861,0,40698,40716
7007,2,40700,40748
2869,4,40712,40751
2196,0,40716,40746
4789,1,40720,40757
2351,3,40726,40770
6709,0,40746,40787
1874,2,40748,40767
1376,4,40751,40789
2001,1,40757,40801
3326,2,40767,40779
8714,3,40770,40794
6893,2,40779,40795
8483,0,40787,40804
8116,4,40789,40837
7132,3,40794,40826
321,2,40795,40844
7101,1,40801,40835
6928,0,40804,40820
5068,0,40820,40852
7519,3,40826,40842
1292,1,40835,40865
117,4,40837,40852
5358,3,40842,40860
1361,2,40844,40871
2863,4,40852,40901
8919,0,40852,40876
3806,3,40860,40906
8751,1,40865,40894
7717,2,40871,40901
6075,0,40876,40922
8359,1,40894,40916
7738,4,40901,40909
7197,2,40901,40915
2769,3,40906,40954
8987,4,40909,40932
4060,2,40915,40942
1403,1,40916,40944
1607,0,40922,40963
9226,4,40932,40982
1576,2,40942,40991
7079,1,40944,40980
2740,3,40954,40980
1844,0,40963,41007
6295,3,40980,41007
8761,1,40980,41025
2710,4,40982,41005
2439,2,40991,41017
1928,4,41005,41049
5157,0,41007,41025
8017,3,41007,41044
9390,2,41017,41042
2062,0,41025,41073
3166,1,41025,41053
7460,2,41042,41084
1090,3,41044,41066
7712,4,41049,41065
604,1,41053,41087
6948,4,41065,41098
203,3,41066,41105
1230,0,41073,41098
2271,2,41084,41110
5814,1,41087,41103
8275,4,41098,41121
5389,0,41098,41110
7030,1,41103,41136
263,3,41105,41120
2044,0,41110,41138
7382,2,41110,41152
5892,3,41120,41147
6528,4,41121,41130
1453,4,41130,41171
3845,1,41136,41178
2073,0,41138,41173
7184,3,41147,41171
1041,2,41152,41194
8973,4,41171,41213
4176,3,41171,41207
6648,0,41173,41178
8266,0,41178,41207
9427,1,41178,41184
3456,1,41184,41222
1433,2,41194,41235
4840,0,41207,41212
2871,3,41207,41243
2591,0,41212,41234
6108,4,41213,41234
2329,1,41222,41253
9500,4,41234,41261
6268,0,41234,41262
8643,2,41235,41256
1211,3,41243,41272
7718,1,41253,41288
1235,2,41256,41271
2777,4,41261,41301
207,0,41262,41284
2116,2,41271,41320
3442,3,41272,41298
3966,0,41284,41334
5640,1,41288,41310
5779,3,41298,41312
7811,4,41301,41348
2967,1,41310,41329
2991,3,41312,41333
1001,2,41320,41338
6612,1,41329,41359
1639,3,41333,41377
8201,0,41334,41343
5659,2,41338,41363
4861,0,41343,41378
4302,4,41348,41361
2986,1,41359,41375
5301,4,41361,41388
9736,2,41363,41368
8102,2,41368,41390
6736,1,41375,41393
2689,3,41377,41406
6775,0,41378,41403
1152,4,41388,41426
5244,2,41390,41434
891,1,41393,41439
5898,0,41403,41426
2272,3,41406,41439
6401,4,41426,41448
4203,0,41426,41438
6436,2,41434,41475
1782,0,41438,41456
73,3,41439,41458
9304,1,41439,41478
1057,4,41448,41468
3675,0,41456,41475
9859,3,41458,41465
4936,3,41465,41475
9791,4,41468,41502
9005,0,41475,41481
2347,2,41475,41498
6341,3,41475,41495
8708,1,41478,41528
5554,0,41481,41499
4962,3,41495,41523
7162,2,41498,41541
7155,0,41499,41519
8317,4,41502,41516
358,4,41516,41535
4943,0,41519,41526
4293,3,41523,41548
3346,0,41526,41563
9030,1,41528,41553
9129,4,41535,41552
2913,2,41541,41546
6933,2,41546,41568
9944,3,41548,41584
892,4,41552,41575
7163,1,41553,41594
6328,0,41563,41571
6730,2,41568,41608
3941,0,41571,41621
678,4,41575,41614
1332,3,41584,41626
3032,1,41594,41624
6237,2,41608,41616
613,4,41614,41635
1278,2,41616,41640
8509,0,41621,41664
6819,1,41624,41634
5770,3,41626,41673
3679,1,41634,41679
9405,4,41635,41667
5561,2,41640,41672
1046,0,41664,41709
744,4,41667,41677
6214,2,41672,41713
3481,3,41673,41692
9552,4,41677,41699
2280,1,41679,41711
4746,3,41692,41705
919,4,41699,41721
7150,3,41705,41726
437,0,41709,41735
3192,1,41711,41740
921,2,41713,41726
8900,4,41721,41765
8338,2,41726,41752
2719,3,41726,41748
3158,0,41735,41777
8981,1,41740,41767
8747,3,41748,41798
7251,2,41752,41798
7338,4,41765,41808
460,1,41767,41780
8397,0,41777,41812
7526,1,41780,41824
2274,2,41798,41839
9988,3,41798,41831
9246,4,41808,41815
9703,0,41812,41859
2527,4,41815,41861
6731,1,41824,41864
1183,3,41831,41864
3148,2,41839,41851
1973,2,41851,41895
6932,0,41859,41888
7753,4,41861,41893
4851,3,41864,41894
6566,1,41864,41891
2082,0,41888,41896
2251,1,41891,41927
8208,4,41893,41928
4485,3,41894,41938
7980,2,41895,41945
4686,0,41896,41914
9093,0,41914,41929
6458,1,41927,41975
3774,4,41928,41948
8964,0,41929,41962
5979,3,41938,41959
5095,2,41945,41974
3108,4,41948,41968
3746,3,41959,41969
3330,0,41962,41990
9384,4,41968,41996
8170,3,41969,42019
1777,2,41974,42024
9633,1,41975,42013
7917,0,41990,42028
4605,4,41996,42029
2389,1,42013,42019
2601,3,42019,42041
913,1,42019,42055
2189,2,42024,42069
9469,0,42028,42070
7506,4,42029,42070
4969,3,42041,42089
7424,1,42055,42070
9441,2,42069,42085
6265,4,42070,42117
8037,0,42070,42095
3355,1,42070,42102
8094,2,42085,42101
2814,3,42089,42095
4142,0,42095,42103
9248,3,42095,42124
2203,2,42101,42131
2965,1,42102,42128
6359,0,42103,42138
8146,4,42117,42162
9968,3,42124,42145
4826,1,42128,42161
7648,2,42131,42151
1328,0,42138,42164
4072,3,42145,42158
5701,2,42151,42187
1000,3,42158,42166
1032,1,42161,42211
6374,4,42162,42175
5180,0,42164,42207
7844,3,42166,42195
4094,4,42175,42190
8590,2,42187,42195
7041,4,42190,42205
8520,2,42195,42241
558,3,42195,42245
7246,4,42205,42246
3127,0,42207,42225
8890,1,42211,42239
8592,0,42225,42272
6165,1,42239,42264
8466,2,42241,42268
3373,3,42245,42285
4011,4,42246,42288
7966,1,42264,42275
130,2,42268,42303
9641,0,42272,42288
2243,1,42275,42303
8699,3,42285,42318
5716,4,42288,42310
588,0,42288,42303
5357,0,42303,42342
9483,2,42303,42318
6,1,42303,42338
6635,4,42310,42341
2483,2,42318,42361
5757,3,42318,42330
8413,3,42330,42350
967,1,42338,42372
5150,4,42341,42366
8098,0,42342,42383
9058,3,42350,42368
3903,2,42361,42405
3518,4,42366,42404
9308,3,42368,42414
485,1,42372,42389
2248,0,42383,42397
6719,1,42389,42410
4758,0,42397,42420
6140,4,42404,42414
9425,2,42405,42417
6037,1,42410,42429
6300,4,42414,42453
5001,3,42414,42432
7404,2,42417,42454
4385,0,42420,42425
7284,0,42425,42474
3344,1,42429,42438
976,3,42432,42445
5945,1,42438,42468
8279,3,42445,42495
1252,4,42453,42470
5662,2,42454,42477
9832,1,42468,42490
8332,4,42470,42482
9276,0,42474,42486
7878,2,42477,42512
2296,4,42482,42488
8492,0,42486,42504
6327,4,42488,42517
314,1,42490,42525
5203,3,42495,42513
6630,0,42504,42527
8853,2,42512,42557
1133,3,42513,42527
6623,4,42517,42553
7158,1,42525,42531
6358,0,42527,42558
9303,3,42527,42566
5313,1,42531,42574
5795,4,42553,42562
7266,2,42557,42600
844,0,42558,42597
9337,4,42562,42596
2590,3,42566,42580
597,1,42574,42622
9783,3,42580,42585
9590,3,42585,42634
6493,4,42596,42627
2951,0,42597,42638
6371,2,42600,42644
8823,1,42622,42660
7795,4,42627,42666
2260,3,42634,42678
1921,0,42638,42666
4040,2,42644,42666
4135,1,42660,42707
2537,4,42666,42700
4916,0,42666,42696
6385,2,42666,42716
8229,3,42678,42709
7999,0,42696,42726
7889,4,42700,42732
9169,1,42707,42721
5384,3,42709,42720
8690,2,42716,42765
4558,3,42720,42758
5905,1,42721,42735
1043,0,42726,42736
1359,4,42732,42757
7810,1,42735,42753
9769,0,42736,42786
631,1,42753,42796
6179,4,42757,42800
420,3,42758,42765
2649,2,42765,42786
2091,3,42765,42791
6084,0,42786,42822
7918,2,42786,42791
341,2,42791,42835
2794,3,42791,42805
549,1,42796,42826
6415,4,42800,42819
3959,3,42805,42817
1956,3,42817,42867
4056,4,42819,42825
7629,0,42822,42857
3425,4,42825,42873
8444,1,42826,42838
8768,2,42835,42844
5303,1,42838,42862
2425,2,42844,42889
7240,0,42857,42892
6047,1,42862,42901
6783,3,42867,42917
6962,4,42873,42893
1628,2,42889,42915
5751,0,42892,42939
4677,4,42893,42903
1795,1,42901,42951
7778,4,42903,42949
2061,2,42915,42940
7365,3,42917,42946
1076,0,42939,42949
9959,2,42940,42966
5844,3,42946,42959
5078,4,42949,42976
5938,0,42949,42982
5889,1,42951,42981
6502,3,42959,42989
4172,2,42966,43008
3472,4,42976,42994
3789,1,42981,43018
3556,0,42982,42993
2639,3,42989,43015
6232,0,42993,43024
609,4,42994,43040
9996,2,43008,43047
9140,3,43015,43065
2867,1,43018,43057
8236,0,43024,43031
1475,0,43031,43056
949,4,43040,43073
9831,2,43047,43086
6958,0,43056,43101
755,1,43057,43102
6895,3,43065,43107
2390,4,43073,43098
8938,2,43086,43101
8103,4,43098,43136
1416,0,43101,43150
6028,2,43101,43146
7259,1,43102,43133
5843,3,43107,43131
9206,3,43131,43177
1858,1,43133,43162
2817,4,43136,43149
4151,2,43146,43165
284,4,43149,43155
5775,0,43150,43194
6902,4,43155,43192
2412,1,43162,43210
6195,2,43165,43212
6389,3,43177,43224
6361,4,43192,43242
2468,0,43194,43243
6929,1,43210,43229
8556,2,43212,43251
3447,3,43224,43254
3298,1,43229,43252
6208,4,43242,43266
6085,0,43243,43268
2378,2,43251,43258
9637,1,43252,43285
4954,3,43254,43288
4693,2,43258,43281
9934,4,43266,43305
9710,0,43268,43277
9887,0,43277,43321
4446,2,43281,43319
7613,1,43285,43335
6360,3,43288,43297
6567,3,43297,43313
696,4,43305,43340
4218,3,43313,43341
9527,2,43319,43359
3052,0,43321,43332
3776,0,43332,43345
4494,1,43335,43356
1825,4,43340,43381
7361,3,43341,43349
8461,0,43345,43389
3981,3,43349,43387
6373,1,43356,43383
4076,2,43359,43406
743,4,43381,43391
1598,1,43383,43420
2288,3,43387,43423
6227,0,43389,43408
7303,4,43391,43424
8988,2,43406,43432
5338,0,43408,43428
8772,1,43420,43435
8123,3,43423,43446
3594,4,43424,43449
5234,0,43428,43469
3055,2,43432,43451
7094,1,43435,43480
9847,3,43446,43467
8379,4,43449,43484
1859,2,43451,43480
1297,3,43467,43482
181,0,43469,43487
5668,2,43480,43493
5755,1,43480,43493
4667,3,43482,43513
4917,4,43484,43505
8416,0,43487,43525
3871,2,43493,43520
8234,1,43493,43504
8677,1,43504,43535
8545,4,43505,43532
9022,3,43513,43559
1208,2,43520,43542
753,0,43525,43549
133,4,43532,43558
3172,1,43535,43554
2646,2,43542,43565
8112,0,43549,43565
4749,1,43554,43604
8031,4,43558,43608
7441,3,43559,43581
9574,0,43565,43610
1572,2,43565,43587
9139,3,43581,43625
4205,2,43587,43628
7820,1,43604,43618
5284,4,43608,43620
3604,0,43610,43626
3629,1,43618,43649
7575,4,43620,43631
5974,3,43625,43654
5944,0,43626,43632
8926,2,43628,43677
2007,4,43631,43656
8223,0,43632,43649
1561,0,43649,43679
5765,1,43649,43664
4865,3,43654,43699
3727,4,43656,43705
5743,1,43664,43678
322,2,43677,43710
1881,1,43678,43690
2504,0,43679,43701
5326,1,43690,43724
8228,3,43699,43713
4937,0,43701,43721
5888,4,43705,43720
6781,2,43710,43760
7420,3,43713,43752
7872,4,43720,43739
898,0,43721,43759
2604,1,43724,43740
874,4,43739,43747
6283,1,43740,43749
4281,4,43747,43766
9537,1,43749,43769
230,3,43752,43766
2972,0,43759,43796
4790,2,43760,43802
9755,4,43766,43800
2586,3,43766,43812
197,1,43769,43778
1385,1,43778,43791
5592,1,43791,43841
1553,0,43796,43833
3671,4,43800,43832
1621,2,43802,43838
328,3,43812,43853
6897,4,43832,43877
4633,0,43833,43855
6505,2,43838,43870
3045,1,43841,43860
8821,3,43853,43889
6029,0,43855,43903
8530,1,43860,43899
6158,2,43870,43893
3685,4,43877,43925
8044,3,43889,43905
691,2,43893,43921
1398,1,43899,43929
2636,0,43903,43908
7247,3,43905,43951
1836,0,43908,43943
5729,2,43921,43945
7195,4,43925,43951
9078,1,43929,43972
26,0,43943,43966
335,2,43945,43967
735,4,43951,43981
1111,3,43951,43987
8341,0,43966,44002
4519,2,43967,43990
5781,1,43972,43993
5505,4,43981,44029
7943,3,43987,44030
9672,2,43990,44028
7598,1,43993,44007
3636,0,44002,44038
2861,1,44007,44013
7608,1,44013,44053
8063,2,44028,44041
9038,4,44029,44052
8889,3,44030,44077
4058,0,44038,44046
6957,2,44041,44086
8960,0,44046,44061
4355,4,44052,44089
2829,1,44053,44095
2175,0,44061,44072
5327,0,44072,44093
3339,3,44077,44121
2819,2,44086,44094
4200,4,44089,44134
3956,0,44093,44100
4381,2,44094,44127
2939,1,44095,44120
9930,0,44100,44119
9185,0,44119,44153
1878,1,44120,44166
8646,3,44121,44127
7118,2,44127,44157
1018,3,44127,44163
726,4,44134,44150
6831,4,44150,44164
4621,0,44153,44165
9677,2,44157,44180
3394,3,44163,44198
1316,4,44164,44189
8071,0,44165,44191
3791,1,44166,44198
5129,2,44180,44214
3842,4,44189,44205
1017,0,44191,44218
4255,3,44198,44217
4587,1,44198,44247
5085,4,44205,44244
5362,2,44214,44258
1019,3,44217,44240
4384,0,44218,44224
6156,0,44224,44256
1701,3,44240,44247
7077,4,44244,44251
4991,3,44247,44264
8843,1,44247,44270
2698,4,44251,44290
9258,0,44256,44304
5873,2,44258,44291
5649,3,44264,44285
1307,1,44270,44317
9489,3,44285,44326
4902,4,44290,44320
8066,2,44291,44314
2294,0,44304,44342
302,2,44314,44363
290,1,44317,44346
4836,4,44320,44328
1905,3,44326,44345
6325,4,44328,44367
6855,0,44342,44383
718,3,44345,44391
1153,1,44346,44357
3471,1,44357,44393
551,2,44363,44393
8197,4,44367,44387
6346,0,44383,44420
4477,4,44387,44430
4329,3,44391,44431
2793,2,44393,44406
3779,1,44393,44412
2643,2,44406,44454
854,1,44412,44428
7603,0,44420,44443
2658,1,44428,44457
4034,4,44430,44454
9283,3,44431,44479
5182,0,44443,44452
8969,0,44452,44459
1352,4,44454,44491
1291,2,44454,44479
5908,1,44457,44493
5900,0,44459,44494
4447,2,44479,44524
1065,3,44479,44499
4474,4,44491,44531
7422,1,44493,44528
5064,0,44494,44515
4707,3,44499,44541
4738,0,44515,44537
3128,2,44524,44572
370,1,44528,44562
124,4,44531,44577
277,0,44537,44557
7006,3,44541,44583
9039,0,44557,44579
2430,1,44562,44580
8535,2,44572,44614
6554,4,44577,44617
3223,0,44579,44594
5359,1,44580,44618
760,3,44583,44602
8917,0,44594,44619
5865,3,44602,44630
4166,2,44614,44653
3781,4,44617,44653
4219,1,44618,44632
2825,0,44619,44639
2046,3,44630,44637
3007,1,44632,44678
2229,3,44637,44665
2416,0,44639,44677
9562,4,44653,44697
4788,2,44653,44693
2003,3,44665,44715
2937,0,44677,44712
2074,1,44678,44719
132,2,44693,44726
450,4,44697,44726
2496,0,44712,44723
8716,3,44715,44720
325,1,44719,44757
1538,3,44720,44748
8798,0,44723,44751
6699,4,44726,44758
9295,2,44726,44758
1783,3,44748,44782
2868,0,44751,44759
4713,1,44757,44781
5769,4,44758,44797
4727,2,44758,44805
8439,0,44759,44805
7245,1,44781,44814
4473,3,44782,44809
1673,4,44797,44802
9028,4,44802,44816
9916,0,44805,44848
8202,2,44805,44816
4847,3,44809,44832
6734,1,44814,44824
3200,4,44816,44854
7710,2,44816,44826
1225,1,44824,44846
1776,2,44826,44851
6409,3,44832,44868
4613,1,44846,44876
2443,0,44848,44868
5227,2,44851,44885
4829,4,44854,44898
823,0,44868,44885
5790,3,44868,44903
6898,1,44876,44912
1336,0,44885,44908
3488,2,44885,44935
2633,4,44898,44904
7475,3,44903,44951
1547,4,44904,44949
4975,0,44908,44926
1460,1,44912,44961
2733,0,44926,44935
2039,0,44935,44963
7883,2,44935,44984
9992,4,44949,44960
1580,3,44951,44983
4324,4,44960,44978
4561,1,44961,44995
6829,0,44963,44971
5665,0,44971,45020
4423,4,44978,45028
2191,3,44983,45017
7809,2,44984,45019
7440,1,44995,45014
7600,1,45014,45022
6657,3,45017,45067
4928,2,45019,45039
4389,0,45020,45031
3630,1,45022,45072
3909,4,45028,45073
3450,0,45031,45046
5633,2,45039,45050
4815,0,45046,45083
7037,2,45050,45075
9520,3,45067,45073
4342,1,45072,45114
7541,4,45073,45101
5415,3,45073,45105
4222,2,45075,45117
2764,0,45083,45093
6966,0,45093,45123
3395,4,45101,45108
5226,3,45105,45130
4912,4,45108,45156
424,1,45114,45120
7665,2,45117,45145
5960,1,45120,45129
6537,0,45123,45134
6728,1,45129,45178
8322,3,45130,45144
3732,0,45134,45182
9867,3,45144,45174
1936,2,45145,45160
7971,4,45156,45198
7855,2,45160,45188
5993,3,45174,45196
7765,1,45178,45213
1595,0,45182,45188
3095,0,45188,45197
9008,2,45188,45222
7977,3,45196,45213
3502,0,45197,45230
1271,4,45198,45232
9472,3,45213,45238
4400,1,45213,45249
1053,2,45222,45270
2534,0,45230,45236
2146,4,45232,45248
1325,0,45236,45285
3020,3,45238,45259
3008,4,45248,45282
5951,1,45249,45279
5189,3,45259,45276
9370,2,45270,45278
1620,3,45276,45307
4086,2,45278,45311
2920,1,45279,45326
5346,4,45282,45331
457,0,45285,45312
9610,3,45307,45347
6587,2,45311,45356
2495,0,45312,45334
658,1,45326,45335
7070,4,45331,45379
3596,0,45334,45370
2956,1,45335,45371
4279,3,45347,45366
8502,2,45356,45398
5275,3,45366,45373
7670,0,45370,45418
7011,1,45371,45387
1676,3,45373,45401
9438,4,45379,45411
8421,1,45387,45397
483,1,45397,45424
6830,2,45398,45440
8348,3,45401,45412
6890,4,45411,45443
244,3,45412,45424
9619,0,45418,45452
7415,3,45424,45469
1718,1,45424,45469
3726,2,45440,45468
357,4,45443,45472
6712,0,45452,45498
8568,2,45468,45486
8246,3,45469,45509
9492,1,45469,45500
7452,4,45472,45478
3332,4,45478,45486
5542,4,45486,45529
1926,2,45486,45514
8477,0,45498,45512
2107,1,45500,45541
5372,3,45509,45557
1131,0,45512,45525
5570,2,45514,45543
5480,0,45525,45573
5539,4,45529,45543
5297,1,45541,45556
7286,4,45543,45580
2697,2,45543,45559
32,1,45556,45596
5385,3,45557,45597
4620,2,45559,45601
3803,0,45573,45615
4055,4,45580,45586
3526,4,45586,45635
8045,1,45596,45635
3686,3,45597,45639
8362,2,45601,45634
1779,0,45615,45660
4153,2,45634,45677
7481,4,45635,45677
3622,1,45635,45665
6470,3,45639,45646
9848,3,45646,45671
8023,0,45660,45702
3619,1,45665,45711
3739,3,45671,45707
2316,4,45677,45695
7380,2,45677,45714
5181,4,45695,45742
1909,0,45702,45745
792,3,45707,45714
5911,1,45711,45758
8549,2,45714,45747
6840,3,45714,45720
9081,3,45720,45758
7935,4,45742,45778
8854,0,45745,45788
9623,2,45747,45792
639,3,45758,45765
8356,1,45758,45772
9239,3,45765,45804
8660,1,45772,45800
8891,4,45778,45819
8693,0,45788,45811
1220,2,45792,45835
6453,1,45800,45845
5545,3,45804,45832
3061,0,45811,45831
373,4,45819,45853
11,0,45831,45867
4399,3,45832,45871
508,2,45835,45846
463,1,45845,45878
6219,2,45846,45895
3468,4,45853,45871
7620,0,45867,45874
6489,4,45871,45911
1303,3,45871,45899
4310,0,45874,45921
3953,1,45878,45913
8324,2,45895,45929
929,3,45899,45907
6544,3,45907,45944
6392,4,45911,45929
8419,1,45913,45921
3136,0,45921,45941
3815,1,45921,45949
965,4,45929,45962
8064,2,45929,45960
7777,0,45941,45948
259,3,45944,45987
3935,0,45948,45997
455,1,45949,45960
9882,2,45960,45995
2930,1,45960,45985
7779,4,45962,45979
710,4,45979,45992
1150,1,45985,46030
6231,3,45987,46002
7729,4,45992,46029
6419,2,45995,46023
6286,0,45997,46031
4536,3,46002,46027
7530,2,46023,46067
5201,3,46027,46059
7408,4,46029,46065
6849,1,46030,46070
2217,0,46031,46055
7817,0,46055,46067
4420,3,46059,46104
8935,4,46065,46099
6319,0,46067,46073
3342,2,46067,46098
9218,1,46070,46076
4077,0,46073,46095
9338,1,46076,46091
6896,1,46091,46112
5047,0,46095,46125
5021,2,46098,46140
5868,4,46099,46141
6724,3,46104,46143
252,1,46112,46152
2383,0,46125,46175
388,2,46140,46159
4625,4,46141,46149
6780,3,46143,46156
4396,4,46149,46160
8150,1,46152,46183
6777,3,46156,46168
1142,2,46159,46187
3281,4,46160,46175
8284,3,46168,46207
1004,4,46175,46199
927,0,46175,46193
5691,1,46183,46214
7433,2,46187,46195
7932,0,46193,46211
5517,2,46195,46205
5796,4,46199,46234
9109,2,46205,46215
3598,3,46207,46218
1381,0,46211,46225
6631,1,46214,46224
453,2,46215,46239
3955,3,46218,46247
8488,1,46224,46250
2041,0,46225,46250
7304,4,46234,46267
3396,2,46239,46263
6851,3,46247,46269
507,0,46250,46292
9613,1,46250,46265
8957,2,46263,46278
5710,1,46265,46307
7381,4,46267,46279
9004,3,46269,46305
7500,2,46278,46314
5398,4,46279,46310
2924,0,46292,46312
8398,3,46305,46347
4332,1,46307,46340
9389,4,46310,46342
6220,0,46312,46335
7142,2,46314,46345
3050,0,46335,46368
5599,1,46340,46360
8711,4,46342,46378
4589,2,46345,46394
5943,3,46347,46383
1979,1,46360,46366
8898,1,46366,46412
1860,0,46368,46377
9275,0,46377,46393
1503,4,46378,46401
4964,3,46383,46397
1471,0,46393,46439
9204,2,46394,46418
9905,3,46397,46435
3816,4,46401,46451
3907,1,46412,46439
77,2,46418,46465
6723,3,46435,46462
4534,0,46439,46461
5127,1,46439,46489
3262,4,46451,46474
2262,0,46461,46488
6522,3,46462,46487
6872,2,46465,46494
3764,4,46474,46513
3029,3,46487,46517
5490,0,46488,46529
3718,1,46489,46529
1283,2,46494,46538
5172,4,46513,46525
63,3,46517,46557
8994,4,46525,46556
3954,0,46529,46571
1289,1,46529,46549
1026,2,46538,46573
8308,1,46549,46597
3854,4,46556,46590
9217,3,46557,46606
9344,0,46571,46615
3538,2,46573,46597
5037,4,46590,46597
2119,4,46597,46629
6417,2,46597,46643
3862,1,46597,46609
1611,3,46606,46612
6418,1,46609,46622
301,3,46612,46658
5417,0,46615,46657
1688,1,46622,46635
9757,4,46629,46640
8283,1,46635,46673
7289,4,46640,46681
3433,2,46643,46663
6242,0,46657,46707
4431,3,46658,46684
3131,2,46663,46685
8327,1,46673,46718
8959,4,46681,46726
2881,3,46684,46714
3340,2,46685,46702
1085,2,46702,46713
7813,0,46707,46753
2131,2,46713,46725
6323,3,46714,46729
1773,1,46718,46764
4149,2,46725,46750
446,4,46726,46743
9413,3,46729,46754
4066,4,46743,46774
5912,2,46750,46780
5342,0,46753,46763
6161,3,46754,46785
2065,0,46763,46803
1616,1,46764,46806
7709,4,46774,46802
9200,2,46780,46821
7260,3,46785,46798
9257,3,46798,46828
8837,4,46802,46844
4232,0,46803,46849
3238,1,46806,46839
3566,2,46821,46834
4215,3,46828,46846
1995,2,46834,46842
9327,1,46839,46867
4201,2,46842,46877
3102,4,46844,46865
8052,3,46846,46889
2190,0,46849,46870
687,4,46865,46873
1532,1,46867,46908
5920,0,46870,46912
480,4,46873,46879
2853,2,46877,46911
7627,4,46879,46889
7682,4,46889,46897
6621,3,46889,46938
1110,4,46897,46903
8998,4,46903,46935
4764,1,46908,46926
1955,2,46911,46927
8104,0,46912,46917
6354,0,46917,46939
8773,1,46926,46940
4444,2,46927,46945
9775,4,46935,46963
1516,3,46938,46988
2517,0,46939,46948
3887,1,46940,46947
1248,2,46945,46975
5041,1,46947,46966
9060,0,46948,46954
3667,0,46954,46978
7323,4,46963,47007
4953,1,46966,47006
2254,2,46975,47024
7606,0,46978,46994
2140,3,46988,47009
8385,0,46994,47038
2672,1,47006,47025
3260,4,47007,47044
4258,3,47009,47024
9485,2,47024,47066
2987,3,47024,47071
7946,1,47025,47043
2214,0,47038,47045
1830,1,47043,47085
5145,4,47044,47073
6067,0,47045,47066
1259,0,47066,47093
5407,2,47066,47099
9579,3,47071,47112
3377,4,47073,47082
8961,4,47082,47091
2629,1,47085,47131
2914,4,47091,47126
4150,0,47093,47125
6050,2,47099,47143
9083,3,47112,47141
6394,0,47125,47148
6103,4,47126,47144
9525,1,47131,47160
9768,3,47141,47176
9046,2,47143,47187
3661,4,47144,47164
8991,0,47148,47173
9990,1,47160,47185
7151,4,47164,47172
1848,4,47172,47201
5602,0,47173,47218
1645,3,47176,47188
1834,1,47185,47211
2019,2,47187,47220
2304,3,47188,47228
3,4,47201,47246
8715,1,47211,47221
4100,0,47218,47231
4786,2,47220,47240
7317,1,47221,47248
7137,3,47228,47264
3181,0,47231,47240
9433,0,47240,47262
245,2,47240,47258
9953,4,47246,47278
4959,1,47248,47254
9647,1,47254,47292
3936,2,47258,47267
1938,0,47262,47297
3386,3,47264,47274
4930,2,47267,47305
8367,3,47274,47313
5732,4,47278,47308
5955,1,47292,47318
2414,0,47297,47323
1978,2,47305,47351
7988,4,47308,47348
5247,3,47313,47323
2431,1,47318,47352
4025,0,47323,47334
6036,3,47323,47345
182,0,47334,47358
4212,3,47345,47353
9993,4,47348,47369
4909,2,47351,47397
3706,1,47352,47384
3267,3,47353,47398
3808,0,47358,47366
4125,0,47366,47386
5654,4,47369,47398
9721,1,47384,47402
3673,0,47386,47412
527,2,47397,47434
5022,4,47398,47411
8491,3,47398,47426
1204,1,47402,47451
5924,4,47411,47433
3273,0,47412,47448
6846,3,47426,47473
8386,4,47433,47445
582,2,47434,47472
1185,4,47445,47475
5922,0,47448,47492
686,1,47451,47476
2521,2,47472,47500
5858,3,47473,47487
1241,4,47475,47515
8685,1,47476,47514
776,3,47487,47519
2488,0,47492,47541
1039,2,47500,47542
2013,1,47514,47524
3898,4,47515,47548
1654,3,47519,47553
685,1,47524,47572
5356,0,47541,47567
754,2,47542,47572
2988,4,47548,47572
3361,3,47553,47581
1635,0,47567,47574
4191,4,47572,47581
9844,2,47572,47577
1502,1,47572,47595
8434,0,47574,47586
9555,2,47577,47624
2990,4,47581,47607
9531,3,47581,47612
4597,0,47586,47596
9517,1,47595,47627
4208,0,47596,47640
306,4,47607,47625
6451,3,47612,47655
9330,2,47624,47674
13,4,47625,47672
3976,1,47627,47633
4261,1,47633,47670
1213,0,47640,47659
2848,3,47655,47660
3453,0,47659,47674
7762,3,47660,47672
5802,1,47670,47687
3840,4,47672,47687
6539,3,47672,47683
9506,0,47674,47708
8193,2,47674,47686
8470,3,47683,47726
1447,2,47686,47717
159,4,47687,47721
1192,1,47687,47730
7080,0,47708,47754
9255,2,47717,47727
4043,4,47721,47771
7436,3,47726,47774
9991,2,47727,47775
2921,1,47730,47771
4419,0,47754,47760
4961,0,47760,47796
1164,4,47771,47794
7726,1,47771,47776
5861,3,47774,47822
9108,2,47775,47812
4951,1,47776,47801
7369,4,47794,47815
7685,0,47796,47831
7059,1,47801,47818
5675,2,47812,47833
3632,4,47815,47844
866,1,47818,47826
2628,3,47822,47863
3366,1,47826,47845
4152,0,47831,47859
777,2,47833,47848
4533,4,47844,47882
4655,1,47845,47892
7191,2,47848,47861
3662,0,47859,47896
6292,2,47861,47892
950,3,47863,47909
8908,4,47882,47913
5397,2,47892,47939
5807,1,47892,47913
8135,0,47896,47910
799,3,47909,47946
2199,0,47910,47927
8726,4,47913,47941
7879,1,47913,47919
2155,1,47919,47935
3967,0,47927,47938
786,1,47935,47984
4952,0,47938,47963
5471,2,47939,47976
6977,4,47941,47954
9347,3,47946,47987
1715,4,47954,47968
5131,0,47963,47984
3434,4,47968,48005
2202,2,47976,48006
4173,0,47984,48022
7383,1,47984,48003
2886,3,47987,47996
3715,3,47996,48006
7018,1,48003,48011
7761,4,48005,48019
7231,2,48006,48011
7874,3,48006,48039
5947,2,48011,48045
1575,1,48011,48044
5029,4,48019,48026
3035,0,48022,48042
2270,4,48026,48054
2029,3,48039,48081
4616,0,48042,48092
1489,1,48044,48068
1320,2,48045,48085
7384,4,48054,48098
4548,1,48068,48079
5646,1,48079,48128
2036,3,48081,48107
2587,2,48085,48123
9323,0,48092,48125
8743,4,48098,48139
968,3,48107,48130
193,2,48123,48129
9399,0,48125,48141
4299,1,48128,48156
8740,2,48129,48145
8088,3,48130,48143
9095,4,48139,48145
8245,0,48141,48163
7744,3,48143,48190
5816,4,48145,48167
47,2,48145,48186
2518,1,48156,48189
2395,0,48163,48207
5631,4,48167,48215
9903,2,48186,48224
6967,1,48189,48232
9684,3,48190,48198
4146,3,48198,48236
6129,0,48207,48220
9166,4,48215,48242
2963,0,48220,48236
4128,2,48224,48251
8897,1,48232,48257
8389,0,48236,48277
5241,3,48236,48285
2904,4,48242,48279
7456,2,48251,48278
5306,1,48257,48273
3161,1,48273,48323
2295,0,48277,48290
1099,2,48278,48295
5475,4,48279,48326
4857,3,48285,48326
5504,0,48290,48298
4737,2,48295,48326
3891,0,48298,48323
5100,0,48323,48342
883,1,48323,48349
3302,4,48326,48353
1756,2,48326,48335
4014,3,48326,48340
4427,2,48335,48341
5983,3,48340,48370
8383,2,48341,48374
5151,0,48342,48377
7444,1,48349,48392
3534,4,48353,48374
7279,3,48370,48380
3575,4,48374,48388
6438,2,48374,48420
3336,0,48377,48420
5683,3,48380,48390
8188,4,48388,48399
6509,3,48390,48428
933,1,48392,48435
447,4,48399,48448
7983,0,48420,48457
2089,2,48420,48455
7840,3,48428,48468
3314,1,48435,48474
2069,4,48448,48480
2952,2,48455,48502
5620,0,48457,48506
7568,3,48468,48476
1924,1,48474,48491
8472,3,48476,48484
8563,4,48480,48493
3064,3,48484,48531
5121,1,48491,48541
8212,4,48493,48502
5677,4,48502,48542
7686,2,48502,48549
6856,0,48506,48512
5552,0,48512,48537
5168,3,48531,48561
2704,0,48537,48577
1824,1,48541,48551
9688,4,48542,48589
6098,2,48549,48598
5929,1,48551,48566
7050,3,48561,48574
8851,1,48566,48599
3788,3,48574,48589
6191,0,48577,48600
3915,4,48589,48631
5443,3,48589,48608
5708,2,48598,48609
9809,1,48599,48648
1638,0,48600,48638
7851,3,48608,48634
3407,2,48609,48646
6115,4,48631,48664
6111,3,48634,48659
8361,0,48638,48645
4416,0,48645,48694
8399,2,48646,48683
8091,1,48648,48659
6317,3,48659,48700
5516,1,48659,48670
7881,4,48664,48690
8507,1,48670,48681
1333,1,48681,48706
2184,2,48683,48729
3318,4,48690,48709
6865,0,48694,48732
1793,3,48700,48718
6340,1,48706,48721
6149,4,48709,48747
3188,3,48718,48728
8738,1,48721,48739
6215,3,48728,48765
3743,2,48729,48770
8517,0,48732,48766
1517,1,48739,48784
2684,4,48747,48775
4502,3,48765,48789
6151,0,48766,48793
6069,2,48770,48815
9840,4,48775,48810
8190,1,48784,48830
6992,3,48789,48833
4070,0,48793,48838
8581,4,48810,48846
2712,2,48815,48824
5529,2,48824,48849
2977,1,48830,48856
4742,3,48833,48845
6693,0,48838,48866
4047,3,48845,48891
2531,4,48846,48884
6414,2,48849,48864
697,1,48856,48889
2357,2,48864,48907
8117,0,48866,48873
1108,0,48873,48895
6520,4,48884,48894
2391,1,48889,48908
4178,3,48891,48909
6551,4,48894,48914
9853,0,48895,48911
7772,2,48907,48930
3153,1,48908,48917
2662,3,48909,48929
4490,0,48911,48947
9484,4,48914,48929
7641,1,48917,48964
1661,4,48929,48973
2651,3,48929,48943
2638,2,48930,48941
1802,2,48941,48988
6811,3,48943,48964
83,0,48947,48986
7856,1,48964,48977
8169,3,48964,48985
2989,4,48973,49020
4220,1,48977,49025
9591,3,48985,49012
6971,0,48986,49015
3605,2,48988,49003
489,2,49003,49017
3409,3,49012,49038
957,0,49015,49026
2045,2,49017,49035
6559,4,49020,49062
9617,1,49025,49069
9541,0,49026,49066
5314,2,49035,49040
5737,3,49038,49087
7076,2,49040,49050
410,2,49050,49065
867,4,49062,49083
830,2,49065,49081
620,0,49066,49114
418,1,49069,49115
5745,2,49081,49088
8029,4,49083,49116
9582,3,49087,49094
7227,2,49088,49123
6298,3,49094,49137
9898,0,49114,49124
3111,1,49115,49162
2980,4,49116,49132
7189,2,49123,49164
4956,0,49124,49161
4213,4,49132,49141
264,3,49137,49153
8156,4,49141,49159
1130,3,49153,49172
5312,4,49159,49209
5605,0,49161,49199
3017,1,49162,49181
5789,2,49164,49204
7662,3,49172,49219
7483,1,49181,49210
9080,0,49199,49248
7348,2,49204,49226
4946,4,49209,49240
6547,1,49210,49251
7020,3,49219,49238
3343,2,49226,49270
2056,3,49238,49273
3256,4,49240,49272
2334,0,49248,49267
4935,1,49251,49281
7145,0,49267,49282
4270,2,49270,49318
9815,4,49272,49279
6525,3,49273,49317
1163,4,49279,49319
9440,1,49281,49318
7812,0,49282,49308
67,0,49308,49353
7311,3,49317,49341
9493,2,49318,49362
3183,1,49318,49328
6163,4,49319,49337
5615,1,49328,49365
4377,4,49337,49384
3687,3,49341,49382
9553,0,49353,49365
3645,2,49362,49372
8760,0,49365,49401
2524,1,49365,49376
2227,2,49372,49397
2235,1,49376,49410
7344,3,49382,49403
7888,4,49384,49394
2835,4,49394,49401
9477,2,49397,49419
5946,4,49401,49429
4670,0,49401,49450
8616,3,49403,49442
4515,1,49410,49436
6705,2,49419,49468
6956,4,49429,49457
7474,1,49436,49445
9560,3,49442,49468
8143,1,49445,49478
7039,0,49450,49499
6526,4,49457,49497
4235,2,49468,49492
1674,3,49468,49489
1049,1,49478,49519
3422,3,49489,49506
3610,2,49492,49535
7728,4,49497,49536
143,0,49499,49541
8133,3,49506,49526
4564,1,49519,49546
6583,3,49526,49574
3719,2,49535,49559
8057,4,49536,49569
5288,0,49541,49586
3215,1,49546,49592
583,2,49559,49602
3093,4,49569,49582
1086,3,49574,49623
6175,4,49582,49609
511,0,49586,49610
6927,1,49592,49615
60,2,49602,49650
8252,4,49609,49653
4275,0,49610,49646
22,1,49615,49654
3812,3,49623,49629
1238,3,49629,49647
8181,0,49646,49695
4184,3,49647,49668
5329,2,49650,49699
1670,4,49653,49672
543,1,49654,49689
9042,3,49668,49705
1379,4,49672,49691
820,1,49689,49711
3814,4,49691,49704
4671,0,49695,49735
9691,2,49699,49746
9651,4,49704,49727
1375,3,49705,49733
3229,1,49711,49745
42,4,49727,49753
7916,3,49733,49771
8019,0,49735,49755
4069,1,49745,49778
8233,2,49746,49751
5379,2,49751,49801
9002,4,49753,49788
1549,0,49755,49801
6960,3,49771,49801
9836,1,49778,49825
5069,4,49788,49803
1207,0,49801,49835
2609,2,49801,49820
9699,3,49801,49839
9501,4,49803,49850
7446,2,49820,49868
433,1,49825,49870
4798,0,49835,49858
9149,3,49839,49871
408,4,49850,49896
4726,0,49858,49904
1339,2,49868,49896
1972,1,49870,49879
9220,3,49871,49877
4336,3,49877,49921
1007,1,49879,49918
1671,4,49896,49913
1873,2,49896,49909
3076,0,49904,49940
6562,2,49909,49917
1157,4,49913,49944
68,2,49917,49926
4860,1,49918,49923
5281,3,49921,49937
7090,1,49923,49936
4325,2,49926,49961
7905,1,49936,49942
20,3,49937,49981
3370,0,49940,49962
912,1,49942,49980
8454,4,49944,49982
9648,2,49961,50011
4921,0,49962,49984
4030,1,49980,50010
4923,3,49981,50025
9657,4,49982,49991
6056,0,49984,50034
4685,4,49991,50013
4526,1,50010,50017
7577,2,50011,50045
918,4,50013,50037
8756,1,50017,50022
8384,1,50022,50060
7354,3,50025,50064
5469,0,50034,50060
4292,4,50037,50053
9897,2,50045,50075
8371,4,50053,50061
3051,0,50060,50088
8675,1,50060,50071
5902,4,50061,50108
7791,3,50064,50074
2009,1,50071,50087
1606,3,50074,50113
5310,2,50075,50080
751,2,50080,50114
719,1,50087,50112
1384,0,50088,50095
1997,0,50095,50114
7035,4,50108,50124
9921,1,50112,50129
3261,3,50113,50124
4891,0,50114,50119
1816,2,50114,50130
1633,0,50119,50147
1655,4,50124,50169
7576,3,50124,50136
381,1,50129,50159
6643,2,50130,50150
6717,3,50136,50178
9318,0,50147,50178
529,2,50150,50189
4858,1,50159,50179
5813,4,50169,50185
362,0,50178,50220
2060,3,50178,50221
7959,1,50179,50215
7287,4,50185,50207
6527,2,50189,50230
2358,4,50207,50223
8224,1,50215,50260
3986,0,50220,50227
9191,3,50221,50245
924,4,50223,50239
2508,0,50227,50249
999,2,50230,50260
9131,4,50239,50287
2912,3,50245,50270
8493,0,50249,50256
5035,0,50256,50297
5996,2,50260,50288
9297,1,50260,50270
6224,3,50270,50283
5869,1,50270,50280
149,1,50280,50304
6690,3,50283,50307
9513,4,50287,50321
7097,2,50288,50320
5830,0,50297,50330
3083,1,50304,50353
6604,3,50307,50337
6598,2,50320,50326
1464,4,50321,50329
4890,2,50326,50353
7105,4,50329,50341
7464,0,50330,50372
6984,3,50337,50385
747,4,50341,50356
7547,2,50353,50377
8042,1,50353,50395
8542,4,50356,50389
2569,0,50372,50417
666,2,50377,50383
2167,2,50383,50398
7386,3,50385,50403
5474,4,50389,50416
8993,1,50395,50405
8600,2,50398,50448
9379,3,50403,50409
1369,1,50405,50425
4051,3,50409,50451
4781,4,50416,50463
8848,0,50417,50437
1683,1,50425,50471
6333,0,50437,50453
8547,2,50448,50480
3586,3,50451,50467
326,0,50453,50475
1462,4,50463,50478
8504,3,50467,50506
5776,1,50471,50490
5090,0,50475,50502
5518,4,50478,50525
162,2,50480,50528
8420,1,50490,50538
1828,0,50502,50548
4256,3,50506,50542
676,4,50525,50566
6581,2,50528,50572
4323,1,50538,50584
7478,3,50542,50590
3584,0,50548,50567
6064,4,50566,50572
5336,0,50567,50586
5803,4,50572,50613
7346,2,50572,50604
5177,1,50584,50602
7114,0,50586,50620
9137,3,50590,50625
5202,1,50602,50650
599,2,50604,50631
7587,4,50613,50624
6569,0,50620,50646
1237,4,50624,50660
9400,3,50625,50646
1335,2,50631,50647
8548,0,50646,50651
9701,3,50646,50670
4984,2,50647,50657
6294,1,50650,50670
9989,0,50651,50656
3838,0,50656,50673
3615,2,50657,50678
9960,4,50660,50682
7403,3,50670,50687
7198,1,50670,50695
5978,0,50673,50712
8777,2,50678,50711
8754,4,50682,50712
5845,3,50687,50708
121,1,50695,50736
9969,3,50708,50757
9073,2,50711,50730
5453,4,50712,50758
4869,0,50712,50760
180,2,50730,50738
2884,1,50736,50773
8015,2,50738,50779
2667,3,50757,50791
3863,4,50758,50801
7005,0,50760,50786
8028,1,50773,50778
523,1,50778,50825
1300,2,50779,50786
3204,0,50786,50826
1487,2,50786,50824
7835,3,50791,50807
3132,4,50801,50825
985,3,50807,50843
7612,2,50824,50840
4635,4,50825,50832
9314,1,50825,50842
8392,0,50826,50845
3037,4,50832,50842
1392,2,50840,50858
4659,4,50842,50887
1434,1,50842,50863
2113,3,50843,50892
3700,0,50845,50858
1191,0,50858,50881
4252,2,50858,50864
7737,1,50863,50910
4117,2,50864,50914
6130,0,50881,50903
805,4,50887,50910
9017,3,50892,50924
2239,0,50903,50914
3928,4,50910,50939
2767,1,50910,50939
4295,0,50914,50932
770,2,50914,50962
9858,3,50924,50955
1105,0,50932,50976
2284,4,50939,50965
7419,1,50939,50949
2454,1,50949,50990
5498,3,50955,50995
3653,2,50962,51000
318,4,50965,51006
6483,0,50976,50992
9505,1,50990,51034
2402,0,50992,50997
4127,3,50995,51032
1025,0,50997,51030
2072,2,51000,51033
7111,4,51006,51033
9522,0,51030,51066
4792,3,51032,51060
6701,4,51033,51053
2713,2,51033,51054
1231,1,51034,51044
8033,1,51044,51087
7280,4,51053,51067
3876,2,51054,51081
4934,3,51060,51107
1989,0,51066,51087
1678,4,51067,51108
9713,2,51081,51089
3668,0,51087,51101
2620,1,51087,51103
4157,2,51089,51135
6413,0,51101,51138
7503,1,51103,51135
2169,3,51107,51133
717,4,51108,51118
7442,4,51118,51159
6379,3,51133,51161
8047,2,51135,51164
3134,1,51135,51172
1498,0,51138,51158
3699,0,51158,51205
8817,4,51159,51165
4493,3,51161,51192
1781,2,51164,51175
8589,4,51165,51182
8411,1,51172,51179
1864,2,51175,51201
1003,1,51179,51198
3243,4,51182,51214
5988,3,51192,51232
8759,1,51198,51219
6767,2,51201,51219
514,0,51205,51255
270,4,51214,51230
6134,2,51219,51254
584,1,51219,51259
3519,4,51230,51242
2514,3,51232,51275
2589,4,51242,51285
6877,2,51254,51268
9397,0,51255,51261
7254,1,51259,51303
404,0,51261,51287
7806,2,51268,51300
2630,3,51275,51281
978,3,51281,51299
5941,4,51285,51315
6531,0,51287,51320
8595,3,51299,51340
8576,2,51300,51339
2520,1,51303,51317
3569,4,51315,51353
4976,1,51317,51352
2896,0,51320,51346
3918,2,51339,51355
14,3,51340,51388
8831,0,51346,51382
8899,1,51352,51393
3286,4,51353,51394
5373,2,51355,51369
5396,2,51369,51379
1181,2,51379,51390
1358,0,51382,51411
1078,3,51388,51415
6188,2,51390,51415
7392,1,51393,51409
6981,4,51394,51442
4319,1,51409,51451
8521,0,51411,51451
7578,2,51415,51463
1024,3,51415,51453
8349,4,51442,51466
7703,0,51451,51467
5109,1,51451,51464
1837,3,51453,51477
9252,2,51463,51502
3752,1,51464,51474
1722,4,51466,51508
458,0,51467,51506
665,1,51474,51490
9464,3,51477,51511
5728,1,51490,51540
6978,2,51502,51527
8230,0,51506,51551
8295,4,51508,51533
1740,3,51511,51559
7719,2,51527,51535
4428,4,51533,51551
9717,2,51535,51567
2071,1,51540,51558
5482,4,51551,51589
3214,0,51551,51566
6665,1,51558,51591
7366,3,51559,51606
5137,0,51566,51580
6200,2,51567,51617
6664,0,51580,51625
9285,4,51589,51604
8948,1,51591,51612
4101,4,51604,51627
5919,3,51606,51639
1696,1,51612,51641
7307,2,51617,51635
3548,0,51625,51666
6428,4,51627,51675
2792,2,51635,51663
6259,3,51639,51656
8346,1,51641,51660
6330,3,51656,51699
1537,1,51660,51678
5394,2,51663,51709
7652,0,51666,51681
2409,4,51675,51696
6605,1,51678,51711
6297,0,51681,51705
8807,4,51696,51726
757,3,51699,51709
1986,0,51705,51751
610,2,51709,51721
2844,3,51709,51754
1520,1,51711,51741
6123,2,51721,51744
2134,4,51726,51773
701,1,51741,51766
167,2,51744,51771
128,0,51751,51774
9234,3,51754,51772
1354,1,51766,51814
3993,2,51771,51787
6457,3,51772,51786
1440,4,51773,51796
6196,0,51774,51798
2437,3,51786,51818
4259,2,51787,51823
5148,4,51796,51839
1712,0,51798,51834
7225,1,51814,51854
1965,3,51818,51860
4321,2,51823,51838
8888,0,51834,51848
4903,2,51838,51856
9820,4,51839,51859
3345,0,51848,51896
2002,1,51854,51870
5279,2,51856,51865
5904,4,51859,51881
2810,3,51860,51899
8907,2,51865,51887
5809,1,51870,51911
8299,4,51881,51924
9188,2,51887,51923
3633,0,51896,51902
3040,3,51899,51911
7962,0,51902,51947
4889,3,51911,51945
7640,1,51911,51930
6512,2,51923,51931
6148,4,51924,51943
7499,1,51930,51959
7299,2,51931,51951
5075,4,51943,51979
9523,3,51945,51951
7268,0,51947,51996
2035,2,51951,51996
1895,3,51951,51992
557,1,51959,51968
5763,1,51968,51992
9530,4,51979,52022
3997,3,51992,52003
3190,1,51992,52013
2038,0,51996,52041
4081,2,51996,52013
6600,3,52003,52048
2336,2,52013,52049
1518,1,52013,52063
3620,4,52022,52072
937,0,52041,52072
2401,3,52048,52071
2984,2,52049,52070
2303,1,52063,52086
6055,2,52070,52117
9583,3,52071,52094
1095,4,52072,52089
6388,0,52072,52122
4717,1,52086,52124
4577,4,52089,52115
2554,3,52094,52118
4785,4,52115,52131
6729,2,52117,52164
1550,3,52118,52132
3523,0,52122,52150
7306,4,52131,52173
5818,3,52132,52182
6916,0,52150,52194
8652,2,52164,52202
5984,4,52173,52198
615,3,52182,52193
8479,3,52193,52214
4075,0,52194,52201
5827,4,52198,52236
5405,0,52201,52216
9869,2,52202,52231
8475,3,52214,52264
2981,0,52216,52266
9153,2,52231,52238
923,4,52236,52275
9090,2,52238,52285
9158,3,52264,52295
1618,0,52266,52291
3005,4,52275,52298
4365,2,52285,52314
1602,0,52291,52311
7187,3,52295,52309
1267,4,52298,52326
3626,0,52311,52326
1752,2,52314,52352
5596,4,52326,52355
635,0,52326,52351
3824,0,52351,52391
4918,2,52352,52401
5773,4,52355,52362
7536,4,52362,52406
1570,0,52391,52434
1262,2,52401,52427
7663,4,52406,52443
1732,2,52427,52445
5913,0,52434,52444
2557,4,52443,52486
8127,0,52444,52460
4372,2,52445,52464
2268,0,52460,52477
4690,2,52464,52508
8784,0,52477,52520
8200,4,52486,52522
4760,2,52508,52522
5534,0,52520,52549
2876,4,52522,52539
5411,2,52522,52567
3522,4,52539,52544
9923,4,52544,52582
2998,0,52549,52578
1963,2,52567,52616
1334,0,52578,52627
8867,4,52582,52601
1680,4,52601,52642
2068,2,52616,52635
3703,0,52627,52675
7153,2,52635,52658
2929,4,52642,52686
563,2,52658,52676
8054,0,52675,52705
3100,2,52676,52687
9340,4,52686,52721
8811,2,52687,52728
2015,0,52705,52724
1652,4,52721,52771
1476,0,52724,52749
4138,2,52728,52759
279,0,52749,52791
8441,2,52759,52809
795,4,52771,52814
69,0,52791,52806
7325,0,52806,52830
885,2,52809,52814
9795,4,52814,52864
5260,2,52814,52848
7265,0,52830,52877
8782,2,52848,52874
8366,4,52864,52892
515,2,52874,52885
7092,0,52877,52927
723,2,52885,52909
5291,4,52892,52914
6548,2,52909,52946
6466,4,52914,52962
2902,0,52927,52932
287,0,52932,52949
7350,2,52946,52983
5097,0,52949,52970
4553,4,52962,52974
998,0,52970,52995
1390,4,52974,52980
8577,4,52980,53026
1692,2,52983,53028
7341,0,52995,53012
4488,0,53012,53023
5335,0,53023,53053
9632,4,53026,53062
3795,2,53028,53049
7549,2,53049,53089
2529,0,53053,53070
3627,4,53062,53097
6478,0,53070,53089
5768,0,53089,53132
9741,2,53089,53131
7782,4,53097,53114
4429,4,53114,53136
5188,2,53131,53179
3889,0,53132,53148
4314,4,53136,53159
987,0,53148,53197
6818,4,53159,53166
8910,4,53166,53187
8412,2,53179,53229
494,4,53187,53198
5588,0,53197,53228
30,4,53198,53233
6899,0,53228,53277
1757,2,53229,53242
3983,4,53233,53271
6578,2,53242,53254
7957,2,53254,53292
5167,4,53271,53314
4684,0,53277,53325
9121,2,53292,53315
7699,4,53314,53319
5748,2,53315,53345
3600,4,53319,53324
7257,4,53324,53338
3263,0,53325,53367
533,4,53338,53360
7555,2,53345,53382
91,4,53360,53366
2602,4,53366,53404
2269,0,53367,53377
1413,0,53377,53391
7574,2,53382,53419
1644,0,53391,53398
9015,0,53398,53448
3430,4,53404,53428
500,2,53419,53449
5617,4,53428,53465
7048,0,53448,53482
3194,2,53449,53463
8248,2,53463,53499
1742,4,53465,53503
3759,0,53482,53524
8999,2,53499,53504
1927,4,53503,53550
2752,2,53504,53524
7785,0,53524,53568
5347,4,53550,53598
9518,0,53568,53616
5111,4,53598,53606
3868,4,53606,53655
992,0,53616,53643
3209,0,53643,53681
9373,4,53655,53698
5173,0,53681,53696
6871,0,53696,53712
7200,4,53698,53722
2452,0,53712,53728
2219,4,53722,53754
6225,0,53728,53764
4245,4,53754,53788
2734,0,53764,53772
679,0,53772,53798
8942,4,53788,53798
6514,4,53798,53832
6344,0,53798,53826
5694,0,53826,53864
1631,4,53832,53849
7789,4,53849,53859
6743,4,53859,53887
9018,0,53864,53891
3709,4,53887,53903
5815,0,53891,53924
3487,4,53903,53930
4022,0,53924,53969
8604,4,53930,53976
8428,0,53969,54016
1274,4,53976,54015
1754,4,54015,54020
5810,0,54016,54030
1506,4,54020,54047
9235,0,54030,54060
6193,4,54047,54053
7949,4,54053,54068
1245,0,54060,54101
3640,4,54068,54101
690,4,54101,54139
9612,0,54101,54117
806,0,54117,54161
4549,4,54139,54166
6349,0,54161,54195
4986,4,54166,54198
2386,0,54195,54242
1911,4,54198,54246
2250,0,54242,54273
3775,4,54246,54252
8679,4,54252,54285
2906,0,54273,54309
7768,4,54285,54293
4743,4,54293,54340
6864,0,54309,54318
4901,0,54318,54361
6468,4,54340,54388
7315,0,54361,54403
125,4,54388,54403
8955,4,54403,54429
7337,0,54403,54453
2356,4,54429,54460
2560,0,54453,54484
7698,4,54460,54510
4297,0,54484,54503
3864,0,54503,54516
8009,4,54510,54518
7127,0,54516,54526
6706,4,54518,54539
474,0,54526,54566
2461,4,54539,54579
1394,0,54566,54587
3798,4,54579,54612
4698,0,54587,54606
5784,0,54606,54618
8433,4,54612,54625
1540,0,54618,54627
8665,4,54625,54646
6338,0,54627,54632
2880,0,54632,54646
9570,4,54646,54678
8586,0,54646,54657
4994,0,54657,54699
7938,4,54678,54693
1846,4,54693,54711
5841,0,54699,54712
4741,4,54711,54731
7803,0,54712,54744
6290,4,54731,54741
6944,4,54741,54767
9474,0,54744,54755
1910,0,54755,54801
2820,4,54767,54791
6005,4,54791,54799
6642,4,54799,54826
2631,0,54801,54809
9852,0,54809,54855
2246,4,54826,54860
6322,0,54855,54891
6083,4,54860,54876
6271,4,54876,54899
6550,0,54891,54921
8151,4,54899,54949
6162,0,54921,54966
3139,4,54949,54989
8077,0,54966,54985
2054,0,54985,55012
8511,4,54989,55032
4074,0,55012,55023
9842,0,55023,55040
6586,4,55032,55080
5610,0,55040,55078
6113,0,55078,55128
2170,4,55080,55124
3882,4,55124,55167
282,0,55128,55170
6613,4,55167,55196
644,0,55170,55201
4470,4,55196,55240
709,0,55201,55248
5666,4,55240,55278
8872,0,55248,55285
8145,4,55278,55283
614,4,55283,55288
9911,0,55285,55321
1010,4,55288,55320
4510,4,55320,55328
2874,0,55321,55332
5142,4,55328,55345
713,0,55332,55355
5756,4,55345,55360
3387,0,55355,55372
9395,4,55360,55390
6529,0,55372,55397
2178,4,55390,55410
9321,0,55397,55444
8841,4,55410,55459
9709,0,55444,55453
6420,0,55453,55500
350,4,55459,55492
4082,4,55492,55540
4729,0,55500,55534
8388,0,55534,55575
2363,4,55540,55587
3271,0,55575,55622
1931,4,55587,55600
456,4,55600,55639
9333,0,55622,55650
351,4,55639,55660
1224,0,55650,55687
6352,4,55660,55701
8748,0,55687,55723
7659,4,55701,55714
9105,4,55714,55750
9819,0,55723,55770
509,4,55750,55792
4090,0,55770,55811
4179,4,55792,55800
4496,4,55800,55838
5778,0,55811,55840
4884,4,55838,55882
7776,0,55840,55879
195,0,55879,55923
5300,4,55882,55888
5788,4,55888,55919
1734,4,55919,55959
6789,0,55923,55968
295,4,55959,55983
9482,0,55968,55997
594,4,55983,56014
1195,0,55997,56023
2737,4,56014,56052
2481,0,56023,56051
505,0,56051,56075
5491,4,56052,56086
3888,0,56075,56107
8506,4,56086,56129
4653,0,56107,56137
2361,4,56129,56159
6702,0,56137,56178
9341,4,56159,56190
2659,0,56178,56200
7771,4,56190,56224
1429,0,56200,56236
9550,4,56224,56241
1568,0,56236,56262
1751,4,56241,56279
3647,0,56262,56268
6463,0,56268,56312
7190,4,56279,56298
607,4,56298,56338
7814,0,56312,56362
8310,4,56338,56383
7473,0,56362,56410
9662,4,56383,56422
9335,0,56410,56432
1918,4,56422,56464
2090,0,56432,56444
2837,0,56444,56485
3043,4,56464,56509
8624,0,56485,56535
3911,4,56509,56520
4376,4,56520,56538
8849,0,56535,56551
6368,4,56538,56578
2634,0,56551,56561
3821,0,56561,56605
1350,4,56578,56625
3164,0,56605,56614
6485,0,56614,56645
5573,4,56625,56645
7998,4,56645,56651
601,0,56645,56675
8291,4,56651,56671
4409,4,56671,56702
659,0,56675,56687
7199,0,56687,56698
8473,0,56698,56741
3628,4,56702,56738
1162,4,56738,56788
4714,0,56741,56754
9351,0,56754,56799
5044,4,56788,56831
8410,0,56799,56808
7523,0,56808,56848
7410,4,56831,56855
7637,0,56848,56870
9451,4,56855,56869
7320,4,56869,56874
4623,0,56870,56916
7904,4,56874,56885
9272,4,56885,56927
7471,0,56916,56924
5808,0,56924,56973
7508,4,56927,56975
4449,0,56973,56998
1787,4,56975,57023
4546,0,56998,57011
6903,0,57011,57061
2655,4,57023,57030
5451,4,57030,57066
1343,0,57061,57070
6178,4,57066,57090
2141,0,57070,57103
9393,4,57090,57128
4359,0,57103,57146
1510,4,57128,57148
8921,0,57146,57162
9744,4,57148,57197
9692,0,57162,57180
4511,0,57180,57195
4721,0,57195,57242
49,4,57197,57214
184,4,57214,57263
5842,0,57242,57280
5123,4,57263,57268
7402,4,57268,57304
603,0,57280,57320
2292,4,57304,57316
4021,4,57316,57357
2047,0,57320,57367
2163,4,57357,57386
6808,0,57367,57415
6628,4,57386,57392
8074,4,57392,57441
7495,0,57415,57427
9540,0,57427,57439
548,0,57439,57467
1707,4,57441,57457
4464,4,57457,57466
5954,4,57466,57473
974,0,57467,57504
426,4,57473,57495
4761,4,57495,57515
2497,0,57504,57524
6935,4,57515,57554
7945,0,57524,57569
2110,4,57554,57567
5713,4,57567,57613
9171,0,57569,57600
2648,0,57600,57623
7294,4,57613,57655
7887,0,57623,57643
2078,0,57643,57652
2702,0,57652,57661
8041,4,57655,57699
2342,0,57661,57696
6189,0,57696,57706
9685,4,57699,57742
187,0,57706,57751
2548,4,57742,57758
8462,0,57751,57779
4926,4,57758,57774
9201,0,57779,57814
