task_id,resource_id,start_time,finish_time
4204,4,0,20
4849,3,0,21
9146,0,0,7
1672,1,1,22
3371,2,2,10
2724,0,7,22
5267,2,10,32
2224,4,20,32
8014,3,21,38
7856,0,22,35
3880,1,22,41
5139,4,32,77
1151,2,32,41
4982,0,35,68
19,3,38,81
1549,1,41,87
8496,2,41,71
9260,0,68,84
3564,2,71,111
1039,4,77,119
2818,3,81,89
2039,0,84,112
7535,1,87,132
3409,3,89,115
3132,2,111,135
2820,0,112,136
5707,3,115,139
3892,4,119,142
4166,1,132,171
6241,2,135,185
5820,0,136,142
6819,3,139,149
466,4,142,156
4829,0,142,186
689,3,149,170
1334,4,156,205
6855,3,170,211
8546,1,171,176
4252,1,176,182
5175,1,182,232
1000,2,185,193
9851,0,186,212
6711,2,193,223
5157,4,205,223
6537,3,211,222
5007,0,212,252
6982,3,222,262
6120,4,223,253
7596,2,223,270
2906,1,232,268
3520,0,252,269
5561,4,253,285
508,3,262,273
6857,1,268,275
7209,0,269,302
2150,2,270,279
3741,3,273,292
8377,1,275,303
174,2,279,289
6520,4,285,295
2765,2,289,298
5482,3,292,330
6633,4,295,333
9322,2,298,305
8423,0,302,314
9857,1,303,317
476,2,305,330
5852,0,314,335
3967,1,317,328
7337,1,328,378
6386,3,330,357
818,2,330,360
8605,4,333,344
3397,0,335,358
538,4,344,354
3221,4,354,401
6768,3,357,369
4905,0,358,368
9972,2,360,370
5282,0,368,389
973,3,369,386
4723,2,370,416
472,1,378,414
7703,3,386,402
7920,0,389,402
4040,4,401,423
2862,3,402,425
9705,0,402,423
5497,1,414,430
8626,2,416,445
8223,4,423,440
8673,0,423,473
4267,3,425,430
8258,1,430,479
1149,3,430,445
8093,4,440,465
1827,3,445,486
7843,2,445,468
9007,4,465,483
9497,2,468,478
5238,0,473,522
1090,2,478,500
9624,1,479,494
984,4,483,498
7418,3,486,533
9894,1,494,527
1874,4,498,517
2175,2,500,511
8952,2,511,540
7146,4,517,559
2688,0,522,537
4153,1,527,570
432,3,533,554
3450,0,537,552
8529,2,540,546
6956,2,546,574
7825,0,552,575
5476,3,554,562
983,4,559,581
298,3,562,581
9724,1,570,616
9292,2,574,587
4722,0,575,589
1167,3,581,600
691,4,581,609
5691,2,587,618
7314,0,589,600
3232,3,600,639
1943,0,600,623
4384,4,609,615
6743,4,615,643
9118,1,616,643
1181,2,618,629
8584,0,623,657
6776,2,629,651
1085,3,639,650
3426,1,643,651
7313,4,643,663
5111,3,650,658
5025,1,651,659
7214,2,651,662
6035,0,657,674
5149,3,658,680
5895,1,659,684
8303,2,662,676
3437,4,663,677
8834,0,674,683
6929,2,676,695
231,4,677,724
3213,3,680,714
3104,0,683,716
3204,1,684,724
527,2,695,732
5951,3,714,744
430,0,716,728
5687,1,724,760
1112,4,724,740
6862,0,728,762
1734,2,732,772
1899,4,740,762
761,3,744,756
2685,3,756,782
9263,1,760,770
7032,4,762,767
2123,0,762,784
8742,4,767,796
2732,1,770,799
3140,2,772,798
8822,3,782,794
2872,0,784,831
4830,3,794,822
9293,4,796,801
3261,2,798,809
657,1,799,823
1801,4,801,818
9239,2,809,848
8156,4,818,836
7243,3,822,865
5659,1,823,848
6300,0,831,870
7142,4,836,867
4368,1,848,887
2868,2,848,856
7565,2,856,882
1937,3,865,877
9718,4,867,881
6922,0,870,909
1432,3,877,919
774,4,881,909
8654,2,882,897
828,1,887,896
351,1,896,917
8274,2,897,920
8102,4,909,931
5721,0,909,932
335,1,917,939
8527,3,919,965
5162,2,920,945
619,4,931,938
6574,0,932,982
1327,4,938,976
580,1,939,955
4136,2,945,952
5271,2,952,962
3560,1,955,964
5423,2,962,981
7603,1,964,987
2932,3,965,997
6695,4,976,990
2822,2,981,1009
1733,0,982,1019
8063,1,987,1000
9959,4,990,1016
4413,3,997,1012
9122,1,1000,1042
7386,2,1009,1027
5542,3,1012,1055
7244,4,1016,1037
1367,0,1019,1035
7700,2,1027,1054
2309,0,1035,1049
7107,4,1037,1071
1659,1,1042,1060
3451,0,1049,1093
3586,2,1054,1070
2476,3,1055,1076
2735,1,1060,1073
5801,2,1070,1077
1458,4,1071,1121
5769,1,1073,1112
2889,3,1076,1086
9400,2,1077,1098
4549,3,1086,1113
3788,0,1093,1108
3121,2,1098,1106
4262,2,1106,1113
4612,0,1108,1154
5996,1,1112,1140
8009,3,1113,1121
7201,2,1113,1145
4966,4,1121,1145
1828,3,1121,1167
8564,1,1140,1176
7318,4,1145,1165
1617,2,1145,1191
1359,0,1154,1179
7676,4,1165,1190
4858,3,1167,1187
8329,1,1176,1207
2202,0,1179,1209
2359,3,1187,1203
3810,4,1190,1200
2706,2,1191,1225
4954,4,1200,1234
8278,3,1203,1208
5382,1,1207,1237
8129,3,1208,1248
5736,0,1209,1245
4277,2,1225,1269
356,4,1234,1263
9754,1,1237,1243
1545,1,1243,1257
7444,0,1245,1288
5573,3,1248,1268
4240,1,1257,1268
6872,4,1263,1292
6286,1,1268,1302
6840,3,1268,1274
3125,2,1269,1288
4997,3,1274,1309
5460,0,1288,1328
908,2,1288,1330
692,4,1292,1300
1331,4,1300,1310
9341,1,1302,1333
8719,3,1309,1338
3363,4,1310,1346
6152,0,1328,1365
3091,2,1330,1344
6975,1,1333,1352
585,3,1338,1364
4375,2,1344,1350
3547,4,1346,1354
6809,2,1350,1366
4856,1,1352,1396
237,4,1354,1378
1922,3,1364,1384
3983,0,1365,1403
9230,2,1366,1381
598,4,1378,1398
514,2,1381,1431
659,3,1384,1396
468,1,1396,1414
3117,3,1396,1444
9333,4,1398,1426
6598,0,1403,1409
1844,0,1409,1453
2239,1,1414,1425
1948,1,1425,1432
839,4,1426,1463
1954,2,1431,1452
2377,1,1432,1471
6850,3,1444,1484
1479,2,1452,1482
6597,0,1453,1488
48,4,1463,1492
3441,1,1471,1487
3172,2,1482,1501
2007,3,1484,1509
1192,1,1487,1530
7755,0,1488,1535
8270,4,1492,1531
4084,2,1501,1516
3027,3,1509,1553
5827,2,1516,1554
4188,1,1530,1542
7571,4,1531,1557
451,0,1535,1585
9627,1,1542,1564
4963,3,1553,1560
6282,2,1554,1578
1015,4,1557,1565
4851,3,1560,1590
8667,1,1564,1592
7956,4,1565,1573
8727,4,1573,1618
4106,2,1578,1614
8844,0,1585,1592
5089,3,1590,1623
4213,0,1592,1601
9934,1,1592,1631
3251,0,1601,1617
5006,2,1614,1628
3321,0,1617,1667
2513,4,1618,1637
8202,3,1623,1634
5022,2,1628,1641
5787,1,1631,1675
9418,3,1634,1651
6210,4,1637,1653
5629,2,1641,1653
7014,3,1651,1701
2031,4,1653,1691
1998,2,1653,1672
6252,0,1667,1705
387,2,1672,1698
2690,1,1675,1693
1851,4,1691,1698
434,1,1693,1727
8004,4,1698,1707
1892,2,1698,1731
8038,3,1701,1737
1542,0,1705,1735
4733,4,1707,1744
3058,1,1727,1763
1171,2,1731,1740
2154,0,1735,1756
1315,3,1737,1742
9575,2,1740,1748
2018,3,1742,1770
7191,4,1744,1757
9666,2,1748,1770
3614,0,1756,1777
47,4,1757,1798
3088,1,1763,1806
6119,2,1770,1778
137,3,1770,1793
5278,0,1777,1813
2639,2,1778,1804
907,3,1793,1807
3150,4,1798,1822
4126,2,1804,1809
1424,1,1806,1815
9045,3,1807,1848
6701,2,1809,1829
7249,0,1813,1855
2942,1,1815,1852
8437,4,1822,1839
9706,2,1829,1872
8757,4,1839,1864
6678,3,1848,1879
748,1,1852,1879
1717,0,1855,1864
7774,0,1864,1874
4186,4,1864,1899
7053,2,1872,1890
5546,0,1874,1883
5942,1,1879,1928
6171,3,1879,1925
1847,0,1883,1901
810,2,1890,1935
5292,4,1899,1939
2165,0,1901,1917
2570,0,1917,1922
4802,0,1922,1934
8401,3,1925,1947
3442,1,1928,1954
9206,0,1934,1980
3670,2,1935,1953
3176,4,1939,1957
9185,3,1947,1981
5234,2,1953,1994
5265,1,1954,2002
1891,4,1957,1963
5970,4,1963,1981
7016,0,1980,2025
4737,4,1981,2012
2662,3,1981,2001
4922,2,1994,2003
3332,3,2001,2009
7018,1,2002,2010
8708,2,2003,2053
3599,3,2009,2056
2885,1,2010,2023
9609,4,2012,2059
3112,1,2023,2071
8558,0,2025,2058
2698,2,2053,2092
9506,3,2056,2090
9595,0,2058,2070
6869,4,2059,2088
2658,0,2070,2099
9285,1,2071,2086
8679,1,2086,2119
7277,4,2088,2108
8739,3,2090,2117
9822,2,2092,2106
5385,0,2099,2139
1626,2,2106,2121
1324,4,2108,2117
675,4,2117,2125
1799,3,2117,2154
9345,1,2119,2126
217,2,2121,2138
7897,4,2125,2155
1598,1,2126,2163
220,2,2138,2145
6770,0,2139,2185
4121,2,2145,2163
6628,3,2154,2160
5541,4,2155,2186
5188,3,2160,2208
4952,1,2163,2188
6645,2,2163,2191
4427,0,2185,2191
6617,4,2186,2236
6149,1,2188,2226
4986,0,2191,2223
9649,2,2191,2214
5608,3,2208,2229
1280,2,2214,2225
2624,0,2223,2266
2002,2,2225,2241
9186,1,2226,2245
4242,3,2229,2265
9277,4,2236,2274
4908,2,2241,2278
7392,1,2245,2261
5504,1,2261,2269
3621,3,2265,2281
6481,0,2266,2301
5898,1,2269,2292
1894,4,2274,2305
5524,2,2278,2304
5508,3,2281,2288
7193,3,2288,2307
5143,1,2292,2330
7518,0,2301,2342
9218,2,2304,2310
8596,4,2305,2315
1749,3,2307,2348
9319,2,2310,2317
1299,4,2315,2350
3144,2,2317,2336
1494,1,2330,2364
3507,2,2336,2355
7723,0,2342,2350
3974,3,2348,2395
4033,0,2350,2364
942,4,2350,2361
2277,2,2355,2365
7372,4,2361,2392
2898,0,2364,2382
833,1,2364,2384
9581,2,2365,2386
8408,0,2382,2417
3707,1,2384,2405
4593,2,2386,2421
1211,4,2392,2421
9975,3,2395,2427
1140,1,2405,2410
1275,1,2410,2434
5543,0,2417,2434
5301,4,2421,2448
3961,2,2421,2458
9543,3,2427,2455
4275,0,2434,2470
2558,1,2434,2465
3613,4,2448,2458
9693,3,2455,2479
3960,4,2458,2479
5330,2,2458,2463
4600,2,2463,2494
3022,1,2465,2499
1295,0,2470,2498
4314,4,2479,2502
4148,3,2479,2495
1231,2,2494,2504
4855,3,2495,2501
1589,0,2498,2535
1537,1,2499,2517
1482,3,2501,2539
5183,4,2502,2516
1831,2,2504,2523
7933,4,2516,2540
8449,1,2517,2527
4116,2,2523,2559
5985,1,2527,2575
3370,0,2535,2557
3305,3,2539,2578
5903,4,2540,2562
1731,0,2557,2563
6921,2,2559,2609
8570,4,2562,2587
4674,0,2563,2611
3403,1,2575,2597
4852,3,2578,2618
267,4,2587,2607
5712,1,2597,2638
3367,4,2607,2634
3240,2,2609,2630
831,0,2611,2616
7577,0,2616,2650
4178,3,2618,2636
27,2,2630,2636
7173,4,2634,2674
6800,2,2636,2672
8097,3,2636,2675
5147,1,2638,2644
6327,1,2644,2673
2486,0,2650,2683
953,2,2672,2717
9120,1,2673,2720
8999,4,2674,2679
3186,3,2675,2697
2003,4,2679,2729
4303,0,2683,2712
3425,3,2697,2745
7253,0,2712,2720
5868,2,2717,2759
3729,0,2720,2735
1930,1,2720,2741
4939,4,2729,2766
4218,0,2735,2763
125,1,2741,2756
8271,3,2745,2783
3645,1,2756,2766
195,2,2759,2803
701,0,2763,2788
9401,1,2766,2784
2930,4,2766,2791
2702,3,2783,2792
1383,1,2784,2820
245,0,2788,2806
9396,4,2791,2797
1630,3,2792,2825
8889,4,2797,2844
6056,2,2803,2853
586,0,2806,2816
1813,0,2816,2822
1418,1,2820,2846
3090,0,2822,2854
2727,3,2825,2861
8658,4,2844,2874
5706,1,2846,2868
8685,2,2853,2891
4842,0,2854,2867
6381,3,2861,2883
6395,0,2867,2915
2869,1,2868,2907
7801,4,2874,2885
9976,3,2883,2906
3800,4,2885,2904
2768,2,2891,2921
9482,4,2904,2933
1368,3,2906,2931
5558,1,2907,2936
7499,0,2915,2944
9968,2,2921,2942
7288,3,2931,2965
6234,4,2933,2982
6086,1,2936,2968
6375,2,2942,2980
6316,0,2944,2963
7160,0,2963,2970
5510,3,2965,2985
7187,1,2968,2982
2744,0,2970,2985
6013,2,2980,2998
8845,1,2982,3009
4989,4,2982,3032
3553,0,2985,2993
1587,3,2985,3025
5872,0,2993,3039
3907,2,2998,3025
1635,1,3009,3016
4293,1,3016,3041
8070,2,3025,3047
9539,3,3025,3046
8368,4,3032,3082
4324,0,3039,3057
9485,1,3041,3083
1718,3,3046,3091
9140,2,3047,3097
3229,0,3057,3091
6278,4,3082,3108
9680,1,3083,3131
5755,0,3091,3104
6644,3,3091,3129
8345,2,3097,3104
2468,0,3104,3153
975,2,3104,3111
1572,4,3108,3130
9420,2,3111,3139
6487,3,3129,3143
2512,4,3130,3160
9375,1,3131,3171
8018,2,3139,3156
4548,3,3143,3154
5461,0,3153,3169
4947,3,3154,3167
1624,2,3156,3173
7001,4,3160,3184
6544,3,3167,3204
7758,0,3169,3187
4920,1,3171,3199
3101,2,3173,3190
5043,4,3184,3200
6608,0,3187,3225
8652,2,3190,3228
1177,1,3199,3235
2711,4,3200,3230
7287,3,3204,3226
7686,0,3225,3272
6822,3,3226,3259
8700,2,3228,3237
8080,4,3230,3273
9236,1,3235,3255
8293,2,3237,3264
6525,1,3255,3299
2171,3,3259,3283
6385,2,3264,3314
1450,0,3272,3314
611,4,3273,3282
5673,4,3282,3320
2076,3,3283,3319
6143,1,3299,3326
7311,0,3314,3338
3748,2,3314,3343
5008,3,3319,3346
9562,4,3320,3364
290,1,3326,3355
7870,0,3338,3365
5688,2,3343,3384
6861,3,3346,3353
6797,3,3353,3398
1004,1,3355,3379
7695,4,3364,3377
2731,0,3365,3373
8595,0,3373,3414
982,4,3377,3427
2382,1,3379,3425
8299,2,3384,3427
2213,3,3398,3428
5932,0,3414,3448
1825,1,3425,3466
7778,4,3427,3473
9349,2,3427,3469
4808,3,3428,3435
1547,3,3435,3480
8863,0,3448,3453
1264,0,3453,3473
8175,1,3466,3512
8133,2,3469,3489
2979,0,3473,3505
2937,4,3473,3508
6172,3,3480,3518
24,2,3489,3523
481,0,3505,3537
4828,4,3508,3555
4043,1,3512,3562
8793,3,3518,3545
7664,2,3523,3566
6031,0,3537,3585
2315,3,3545,3578
6935,4,3555,3594
3825,1,3562,3580
5078,2,3566,3593
7932,3,3578,3596
5994,1,3580,3617
6660,0,3585,3593
5415,0,3593,3625
3674,2,3593,3631
8322,4,3594,3608
5509,3,3596,3640
3600,4,3608,3613
875,4,3613,3647
3136,1,3617,3637
9423,0,3625,3654
2998,2,3631,3660
9498,1,3637,3675
8649,3,3640,3663
7822,4,3647,3687
9220,0,3654,3660
4297,0,3660,3679
6496,2,3660,3680
4367,3,3663,3668
1323,3,3668,3684
3534,1,3675,3696
3135,0,3679,3693
5145,2,3680,3709
9996,3,3684,3723
2652,4,3687,3732
9554,0,3693,3742
333,1,3696,3722
6364,2,3709,3726
4338,1,3722,3748
8990,3,3723,3752
8361,2,3726,3733
4933,4,3732,3765
3883,2,3733,3738
9379,2,3738,3744
9924,0,3742,3763
8881,2,3744,3774
8082,1,3748,3763
1929,3,3752,3797
5442,0,3763,3789
263,1,3763,3778
1364,4,3765,3793
6538,2,3774,3806
5121,1,3778,3828
3987,0,3789,3830
1657,4,3793,3836
5452,3,3797,3804
8184,3,3804,3843
8862,2,3806,3820
4441,2,3820,3842
360,1,3828,3835
1234,0,3830,3848
1345,1,3835,3863
8705,4,3836,3854
8798,2,3842,3870
6846,3,3843,3890
7112,0,3848,3855
6434,4,3854,3896
9826,0,3855,3866
3319,1,3863,3892
2589,0,3866,3909
4960,2,3870,3900
7059,3,3890,3907
2057,1,3892,3922
7882,4,3896,3911
2243,2,3900,3928
204,3,3907,3931
4782,0,3909,3916
5305,4,3911,3938
9363,0,3916,3930
8891,1,3922,3963
3683,2,3928,3937
2417,0,3930,3940
2300,3,3931,3951
719,2,3937,3962
9092,4,3938,3954
3486,0,3940,3960
6951,3,3951,3984
4895,4,3954,3982
1857,0,3960,3981
5073,2,3962,3977
6631,1,3963,3973
6028,1,3973,4018
7796,2,3977,3992
143,0,3981,4023
2821,4,3982,3994
4221,3,3984,4004
385,2,3992,4024
7149,4,3994,4001
7573,4,4001,4023
8209,3,4004,4026
8145,1,4018,4023
8867,1,4023,4042
5293,0,4023,4042
4793,4,4023,4058
7105,2,4024,4036
8668,3,4026,4041
4451,2,4036,4086
7087,3,4041,4065
7303,1,4042,4075
1117,0,4042,4070
8088,4,4058,4071
1394,3,4065,4086
4557,0,4070,4087
5657,4,4071,4121
6673,1,4075,4102
1281,3,4086,4093
4479,2,4086,4116
9698,0,4087,4105
5969,3,4093,4139
8388,1,4102,4143
7221,0,4105,4121
1490,2,4116,4146
3462,4,4121,4169
7011,0,4121,4137
9898,0,4137,4147
4700,3,4139,4156
7609,1,4143,4186
8877,2,4146,4188
2657,0,4147,4159
5409,3,4156,4186
2242,0,4159,4208
5569,4,4169,4204
3348,1,4186,4194
6429,3,4186,4194
856,2,4188,4213
6320,1,4194,4223
7212,3,4194,4216
8842,4,4204,4240
382,0,4208,4237
4818,2,4213,4236
5426,3,4216,4260
8531,1,4223,4273
7047,2,4236,4252
4035,0,4237,4265
2974,4,4240,4273
5794,2,4252,4297
5884,3,4260,4280
1248,0,4265,4295
1255,1,4273,4323
6343,4,4273,4297
9456,3,4280,4310
9849,0,4295,4318
8131,4,4297,4308
6710,2,4297,4321
9406,4,4308,4332
5463,3,4310,4334
652,0,4318,4340
4347,2,4321,4351
75,1,4323,4361
8594,4,4332,4348
9451,3,4334,4348
202,0,4340,4352
2767,4,4348,4377
4627,3,4348,4385
769,2,4351,4388
755,0,4352,4397
3844,1,4361,4370
9527,1,4370,4410
3610,4,4377,4420
6465,3,4385,4395
3421,2,4388,4394
1469,2,4394,4416
9062,3,4395,4445
3628,0,4397,4433
9358,1,4410,4438
6936,2,4416,4442
399,4,4420,4426
9502,4,4426,4436
2677,0,4433,4451
7793,4,4436,4466
641,1,4438,4457
3345,2,4442,4490
6805,3,4445,4487
4334,0,4451,4473
1908,1,4457,4463
2910,1,4463,4473
3626,4,4466,4481
6955,1,4473,4491
325,0,4473,4511
9860,4,4481,4504
111,3,4487,4494
2622,2,4490,4505
3587,1,4491,4533
8991,3,4494,4519
5901,4,4504,4512
405,2,4505,4528
6681,0,4511,4560
889,4,4512,4540
6900,3,4519,4535
7167,2,4528,4551
3093,1,4533,4546
1521,3,4535,4552
7234,4,4540,4589
2247,1,4546,4596
7242,2,4551,4597
9895,3,4552,4579
3668,0,4560,4574
8823,0,4574,4612
5233,3,4579,4616
9240,4,4589,4613
7226,1,4596,4631
4396,2,4597,4608
4618,2,4608,4644
3118,0,4612,4661
1781,4,4613,4624
4364,3,4616,4658
5723,4,4624,4630
4639,4,4630,4653
9010,1,4631,4673
5684,2,4644,4685
7176,4,4653,4664
2218,3,4658,4683
6211,0,4661,4706
6479,4,4664,4675
3785,1,4673,4713
1296,4,4675,4718
4798,3,4683,4706
2721,2,4685,4717
8170,0,4706,4756
3467,3,4706,4715
9970,1,4713,4738
3801,3,4715,4721
7949,2,4717,4732
299,4,4718,4756
6826,3,4721,4768
3212,2,4732,4751
274,1,4738,4764
31,2,4751,4780
8394,4,4756,4764
262,0,4756,4773
2980,1,4764,4780
2601,4,4764,4786
802,3,4768,4800
297,0,4773,4791
6229,1,4780,4819
7175,2,4780,4807
1893,4,4786,4798
991,0,4791,4819
9766,4,4798,4806
633,3,4800,4821
8606,4,4806,4823
6749,2,4807,4820
2556,1,4819,4857
5339,0,4819,4825
8615,2,4820,4852
9480,3,4821,4863
8905,4,4823,4856
7135,0,4825,4840
948,0,4840,4858
2026,2,4852,4896
8560,4,4856,4878
8627,1,4857,4904
7156,0,4858,4876
917,3,4863,4887
1158,0,4876,4885
7292,4,4878,4908
8197,0,4885,4905
9691,3,4887,4934
446,2,4896,4913
4994,1,4904,4946
9801,0,4905,4928
8746,4,4908,4940
9164,2,4913,4959
8575,0,4928,4937
3898,3,4934,4967
5019,0,4937,4983
9940,4,4940,4957
4517,1,4946,4965
7662,4,4957,5004
8744,2,4959,5006
7353,1,4965,5008
820,3,4967,4989
2016,0,4983,5031
6910,3,4989,5027
772,4,5004,5009
8523,2,5006,5041
1609,1,5008,5050
3764,4,5009,5048
7407,3,5027,5032
7929,0,5031,5073
6868,3,5032,5054
6062,2,5041,5084
8637,4,5048,5053
1487,1,5050,5088
8403,4,5053,5073
5002,3,5054,5070
7942,3,5070,5078
5130,4,5073,5087
1477,0,5073,5094
5407,3,5078,5111
574,2,5084,5113
2766,4,5087,5134
2555,1,5088,5110
9232,0,5094,5138
6874,1,5110,5129
1210,3,5111,5131
1654,2,5113,5147
3869,1,5129,5143
7037,3,5131,5156
8072,4,5134,5143
6820,0,5138,5171
8651,1,5143,5151
3017,4,5143,5162
7496,2,5147,5155
9245,1,5151,5170
2614,2,5155,5199
4295,3,5156,5174
91,4,5162,5168
9329,4,5168,5180
4352,1,5170,5190
9214,0,5171,5177
1453,3,5174,5215
8442,0,5177,5213
2709,4,5180,5227
3158,1,5190,5232
830,2,5199,5215
7413,0,5213,5221
1951,3,5215,5238
8968,2,5215,5250
6870,0,5221,5230
4701,4,5227,5276
6763,0,5230,5239
9776,1,5232,5240
9701,3,5238,5262
2496,0,5239,5250
2275,1,5240,5266
5410,0,5250,5261
1594,2,5250,5282
6926,0,5261,5307
9769,3,5262,5312
7999,1,5266,5296
8234,4,5276,5287
4847,2,5282,5305
4821,4,5287,5324
6443,1,5296,5305
8565,1,5305,5333
8829,2,5305,5323
8699,0,5307,5340
9316,3,5312,5340
2803,2,5323,5354
8484,4,5324,5349
3952,1,5333,5340
9524,1,5340,5378
1897,0,5340,5360
4210,3,5340,5366
6765,4,5349,5369
721,2,5354,5395
5444,0,5360,5400
6519,3,5366,5408
5176,4,5369,5382
6543,1,5378,5394
3107,4,5382,5398
6602,1,5394,5442
4307,2,5395,5402
2060,4,5398,5441
1043,0,5400,5410
5294,2,5402,5419
6456,3,5408,5446
6191,0,5410,5433
6625,2,5419,5434
5512,0,5433,5453
6748,2,5434,5477
2864,4,5441,5469
3414,1,5442,5447
2826,3,5446,5465
2834,1,5447,5492
1957,0,5453,5459
7701,0,5459,5474
155,3,5465,5500
6131,4,5469,5500
8124,0,5474,5480
7725,2,5477,5485
462,0,5480,5488
1269,2,5485,5535
6501,0,5488,5510
5697,1,5492,5526
9610,4,5500,5540
3933,3,5500,5512
4713,0,5510,5534
317,3,5512,5533
8250,1,5526,5551
9619,3,5533,5567
710,0,5534,5547
4056,2,5535,5541
5057,4,5540,5570
2396,2,5541,5557
4400,0,5547,5583
4912,1,5551,5599
2819,2,5557,5565
6754,2,5565,5601
1449,3,5567,5577
6259,4,5570,5587
2507,3,5577,5582
9304,3,5582,5621
5720,0,5583,5631
5991,4,5587,5620
4282,1,5599,5628
667,2,5601,5612
6990,2,5612,5635
216,4,5620,5654
4062,3,5621,5634
6971,1,5628,5657
5525,0,5631,5639
7237,3,5634,5668
1221,2,5635,5664
2401,0,5639,5662
1047,4,5654,5677
1010,1,5657,5689
6679,0,5662,5707
7795,2,5664,5703
3646,3,5668,5718
6262,4,5677,5692
7631,1,5689,5731
407,4,5692,5742
8144,2,5703,5745
7656,0,5707,5754
4993,3,5718,5728
3222,3,5728,5749
8624,1,5731,5781
6200,4,5742,5792
9141,2,5745,5756
9381,3,5749,5786
6378,0,5754,5787
6433,2,5756,5768
8475,2,5768,5818
2578,1,5781,5807
4861,3,5786,5821
9795,0,5787,5837
3878,4,5792,5811
9606,1,5807,5823
9512,4,5811,5825
4444,2,5818,5836
733,3,5821,5871
6918,1,5823,5856
5921,4,5825,5834
179,4,5834,5852
3625,2,5836,5844
490,0,5837,5872
9935,2,5844,5871
2831,4,5852,5863
3730,1,5856,5872
6238,4,5863,5899
4757,2,5871,5909
4336,3,5871,5915
9402,1,5872,5900
22,0,5872,5911
9888,4,5899,5915
5199,1,5900,5950
208,2,5909,5954
218,0,5911,5937
3747,4,5915,5940
6906,3,5915,5940
5484,0,5937,5981
4942,4,5940,5986
958,3,5940,5971
6366,1,5950,5991
5052,2,5954,5961
720,2,5961,5996
4762,3,5971,6010
4212,0,5981,5989
409,4,5986,6036
9064,0,5989,5997
800,1,5991,6002
9408,2,5996,6031
7217,0,5997,6037
4225,1,6002,6040
779,3,6010,6017
7583,3,6017,6054
4296,2,6031,6058
8732,4,6036,6058
4329,0,6037,6077
791,1,6040,6061
737,3,6054,6061
7385,4,6058,6099
2669,2,6058,6068
4037,1,6061,6079
3649,3,6061,6067
3583,3,6067,6103
7823,2,6068,6102
3045,0,6077,6096
9703,1,6079,6126
3375,0,6096,6109
5375,4,6099,6120
4454,2,6102,6119
7153,3,6103,6126
9356,0,6109,6152
2566,2,6119,6141
3738,4,6120,6147
8681,1,6126,6141
1189,3,6126,6161
3395,1,6141,6148
882,2,6141,6160
445,4,6147,6184
36,1,6148,6194
873,0,6152,6179
8216,2,6160,6177
7510,3,6161,6192
2109,2,6177,6183
8157,0,6179,6221
5599,2,6183,6203
8580,4,6184,6230
9992,3,6192,6203
5067,1,6194,6204
1955,3,6203,6219
7938,2,6203,6218
100,1,6204,6222
131,2,6218,6239
2369,3,6219,6226
8119,0,6221,6231
5464,1,6222,6239
2502,3,6226,6268
6428,4,6230,6278
6265,0,6231,6278
6179,1,6239,6282
6325,2,6239,6278
5174,3,6268,6274
2776,3,6274,6295
9012,4,6278,6303
9752,0,6278,6288
5092,2,6278,6283
1193,1,6282,6304
9433,2,6283,6305
4610,0,6288,6320
700,3,6295,6305
8,4,6303,6353
814,1,6304,6316
3292,3,6305,6316
5424,2,6305,6310
2379,2,6310,6331
4382,1,6316,6330
7111,3,6316,6343
2712,0,6320,6329
8174,0,6329,6364
5797,1,6330,6371
2873,2,6331,6371
496,3,6343,6362
5334,4,6353,6371
9411,3,6362,6391
6755,0,6364,6408
6847,4,6371,6380
6773,1,6371,6390
6175,2,6371,6398
6185,4,6380,6394
3063,1,6390,6401
8955,3,6391,6417
1481,4,6394,6413
1504,2,6398,6443
9158,1,6401,6432
6532,0,6408,6439
784,4,6413,6454
4173,3,6417,6455
4299,1,6432,6460
4734,0,6439,6462
5609,2,6443,6471
2753,4,6454,6465
4353,3,6455,6465
8773,1,6460,6474
9301,0,6462,6479
698,4,6465,6510
3672,3,6465,6515
5110,2,6471,6484
5618,1,6474,6487
6533,0,6479,6489
8052,2,6484,6527
2679,1,6487,6495
5091,0,6489,6510
3989,1,6495,6509
9550,1,6509,6526
2794,4,6510,6524
3925,0,6510,6518
1022,3,6515,6525
6586,0,6518,6566
1938,4,6524,6559
7271,3,6525,6553
5236,1,6526,6542
3550,2,6527,6537
670,2,6537,6556
4580,1,6542,6558
8221,3,6553,6563
2402,2,6556,6561
5966,1,6558,6587
7712,4,6559,6575
6686,2,6561,6576
9993,3,6563,6584
8107,0,6566,6584
6214,4,6575,6616
673,2,6576,6589
1753,0,6584,6590
2699,3,6584,6605
6803,1,6587,6597
1776,2,6589,6614
7377,0,6590,6625
9919,1,6597,6630
4024,3,6605,6632
5291,2,6614,6636
8349,4,6616,6640
6848,0,6625,6666
2012,1,6630,6670
671,3,6632,6659
8821,2,6636,6672
7123,4,6640,6646
473,4,6646,6673
9507,3,6659,6676
3723,0,6666,6682
3703,1,6670,6718
336,2,6672,6687
3784,4,6673,6714
3378,3,6676,6699
9178,0,6682,6692
7113,2,6687,6709
6560,0,6692,6725
5853,3,6699,6743
8662,2,6709,6733
1815,4,6714,6727
7879,1,6718,6724
4459,1,6724,6739
8794,0,6725,6764
4025,4,6727,6738
7434,2,6733,6755
6336,4,6738,6774
7939,1,6739,6746
229,3,6743,6775
3978,1,6746,6767
8876,2,6755,6775
4677,0,6764,6774
266,1,6767,6815
2902,4,6774,6779
7479,0,6774,6788
2703,3,6775,6810
482,2,6775,6801
2214,4,6779,6786
5873,4,6786,6819
191,0,6788,6812
3854,2,6801,6835
3020,3,6810,6831
141,0,6812,6845
8927,1,6815,6848
8510,4,6819,6861
365,3,6831,6854
8964,2,6835,6868
3335,0,6845,6889
5634,1,6848,6886
6725,3,6854,6878
3722,4,6861,6869
6295,2,6868,6895
8671,4,6869,6880
3519,3,6878,6890
3159,4,6880,6887
7550,1,6886,6904
3495,4,6887,6919
1905,0,6889,6908
5020,3,6890,6911
108,2,6895,6921
4481,1,6904,6926
4812,0,6908,6915
6811,3,6911,6932
3567,0,6915,6923
9755,4,6919,6953
206,2,6921,6965
5961,0,6923,6944
8597,1,6926,6959
1911,3,6932,6980
3160,0,6944,6968
4229,4,6953,6979
6227,1,6959,6978
5860,2,6965,6997
9167,0,6968,6988
1173,1,6978,7024
9800,4,6979,6997
1806,3,6980,6992
6467,0,6988,7018
3114,3,6992,7003
6446,4,6997,7043
9212,2,6997,7031
9716,3,7003,7053
9168,0,7018,7039
3919,1,7024,7056
3206,2,7031,7073
2984,0,7039,7060
6430,4,7043,7084
8003,3,7053,7081
6173,1,7056,7062
2891,0,7060,7109
9231,1,7062,7096
5532,2,7073,7090
2948,3,7081,7111
5653,4,7084,7120
3822,2,7090,7099
3297,1,7096,7106
6005,2,7099,7107
8391,1,7106,7114
386,2,7107,7150
501,0,7109,7158
1997,3,7111,7130
5617,1,7114,7151
7616,4,7120,7134
9298,3,7130,7166
2759,4,7134,7142
2500,4,7142,7153
1531,2,7150,7193
326,1,7151,7173
5422,4,7153,7191
5590,0,7158,7168
8802,3,7166,7194
8922,0,7168,7206
4676,1,7173,7187
6657,1,7187,7237
7851,4,7191,7217
3290,2,7193,7227
5760,3,7194,7225
9551,0,7206,7241
7204,4,7217,7246
8238,3,7225,7275
3838,2,7227,7244
3842,1,7237,7253
3700,0,7241,7254
81,2,7244,7290
6206,4,7246,7270
8435,1,7253,7261
1671,0,7254,7271
1505,1,7261,7294
4147,4,7270,7284
5747,0,7271,7290
4917,3,7275,7296
4708,4,7284,7293
7807,0,7290,7338
4637,2,7290,7306
9923,4,7293,7331
589,1,7294,7311
8373,3,7296,7313
1411,2,7306,7336
11,1,7311,7347
3879,3,7313,7330
567,3,7330,7347
38,4,7331,7373
2364,2,7336,7344
5217,0,7338,7372
3291,2,7344,7371
1070,1,7347,7367
2168,3,7347,7364
2848,3,7364,7369
9055,1,7367,7408
4915,3,7369,7377
3713,2,7371,7412
6549,0,7372,7392
6405,4,7373,7414
1054,3,7377,7395
9466,0,7392,7407
8714,3,7395,7419
6677,0,7407,7441
3611,1,7408,7414
8642,2,7412,7430
7297,4,7414,7450
4763,1,7414,7429
474,3,7419,7459
3131,1,7429,7451
5097,2,7430,7451
8356,0,7441,7455
9665,4,7450,7486
3885,1,7451,7484
3237,2,7451,7493
6523,0,7455,7483
5630,3,7459,7488
5115,0,7483,7490
1843,1,7484,7516
2391,4,7486,7505
1223,3,7488,7523
1081,0,7490,7506
25,2,7493,7502
1247,2,7502,7539
200,4,7505,7528
2265,0,7506,7526
3718,1,7516,7556
2497,3,7523,7543
2493,0,7526,7560
7475,4,7528,7576
9711,2,7539,7575
1313,3,7543,7572
2604,1,7556,7572
8313,0,7560,7573
1362,1,7572,7582
7281,3,7572,7584
649,0,7573,7614
5920,2,7575,7617
4862,4,7576,7582
3890,1,7582,7588
2179,4,7582,7608
2707,3,7584,7602
8217,1,7588,7600
9998,1,7600,7650
3177,3,7602,7643
5756,4,7608,7623
4928,0,7614,7634
8177,2,7617,7633
5380,4,7623,7635
3436,2,7633,7639
2843,0,7634,7653
1633,4,7635,7663
930,2,7639,7661
1468,3,7643,7650
5725,1,7650,7695
3235,3,7650,7673
2019,0,7653,7686
9472,2,7661,7686
6139,4,7663,7694
2883,3,7673,7716
5867,0,7686,7720
4139,2,7686,7707
3773,4,7694,7743
4487,1,7695,7709
1402,2,7707,7722
8199,1,7709,7749
6424,3,7716,7741
4304,0,7720,7739
9702,2,7722,7735
9046,2,7735,7779
8791,0,7739,7774
6043,3,7741,7754
2251,4,7743,7779
484,1,7749,7757
7742,3,7754,7768
860,1,7757,7791
2750,3,7768,7791
5106,0,7774,7783
6895,4,7779,7821
6957,2,7779,7824
188,0,7783,7826
2671,1,7791,7810
5336,3,7791,7810
5647,1,7810,7819
2338,3,7810,7820
7515,1,7819,7855
6823,3,7820,7859
8319,4,7821,7857
4581,2,7824,7856
5023,0,7826,7851
5321,0,7851,7898
1,1,7855,7902
8929,2,7856,7863
331,4,7857,7895
4825,3,7859,7881
2320,2,7863,7890
3549,3,7881,7902
2927,2,7890,7928
1518,4,7895,7945
5425,0,7898,7945
182,1,7902,7926
9729,3,7902,7921
4751,3,7921,7932
5352,1,7926,7934
8012,2,7928,7974
9491,3,7932,7982
5152,1,7934,7969
9016,0,7945,7978
3498,4,7945,7993
6721,1,7969,7988
1882,2,7974,8005
9196,0,7978,8024
3726,3,7982,8010
5699,1,7988,8013
6165,4,7993,8018
2454,2,8005,8046
9105,3,8010,8046
1016,1,8013,8063
4881,4,8018,8039
1754,0,8024,8029
8655,0,8029,8047
293,4,8039,8081
3428,2,8046,8061
2845,3,8046,8063
6818,0,8047,8054
4817,0,8054,8072
9441,2,8061,8077
8608,1,8063,8068
2680,3,8063,8089
6026,1,8068,8088
4889,0,8072,8106
271,2,8077,8106
6019,4,8081,8094
5211,1,8088,8127
3499,3,8089,8097
3079,4,8094,8129
7082,3,8097,8109
923,0,8106,8145
7690,2,8106,8149
1583,3,8109,8138
9100,1,8127,8135
4645,4,8129,8135
2538,4,8135,8163
1548,1,8135,8169
2297,3,8138,8180
8812,0,8145,8151
9095,2,8149,8155
8590,0,8151,8159
277,2,8155,8175
2607,0,8159,8182
7417,4,8163,8169
1782,4,8169,8187
2778,1,8169,8207
918,2,8175,8199
1420,3,8180,8214
9011,0,8182,8213
8758,4,8187,8212
5240,2,8199,8213
6012,1,8207,8222
4716,4,8212,8222
1864,0,8213,8239
309,2,8213,8218
4687,3,8214,8219
4197,2,8218,8233
2738,3,8219,8258
6124,4,8222,8254
7122,1,8222,8230
1868,1,8230,8256
7773,2,8233,8280
3380,0,8239,8248
5694,0,8248,8286
6571,4,8254,8282
1517,1,8256,8301
4087,3,8258,8280
8803,2,8280,8321
1817,3,8280,8308
2659,4,8282,8304
2473,0,8286,8311
3977,1,8301,8312
1089,4,8304,8314
4000,3,8308,8315
1969,0,8311,8316
6466,1,8312,8360
6410,4,8314,8360
714,3,8315,8353
7443,0,8316,8355
6067,2,8321,8342
4875,2,8342,8350
9564,2,8350,8386
9421,3,8353,8369
5369,0,8355,8375
2443,1,8360,8380
8462,4,8360,8388
9468,3,8369,8401
2089,0,8375,8410
3638,1,8380,8403
2623,2,8386,8407
7741,4,8388,8414
9417,3,8401,8414
4390,1,8403,8417
9143,2,8407,8426
7429,0,8410,8434
5973,4,8414,8427
9019,3,8414,8422
9437,1,8417,8442
7026,3,8422,8444
5059,2,8426,8431
4243,4,8427,8443
3861,2,8431,8457
3855,0,8434,8439
3684,0,8439,8468
5540,1,8442,8489
8495,4,8443,8470
7064,3,8444,8484
4988,2,8457,8477
6495,0,8468,8485
2210,4,8470,8485
136,2,8477,8484
8656,2,8484,8525
3913,3,8484,8521
7922,0,8485,8534
2289,4,8485,8515
8067,1,8489,8534
1338,4,8515,8558
4475,3,8521,8553
7239,2,8525,8545
2853,0,8534,8568
7612,1,8534,8550
6505,2,8545,8577
5222,1,8550,8569
6529,3,8553,8578
8451,4,8558,8565
3254,4,8565,8599
2631,0,8568,8576
9694,1,8569,8576
2830,0,8576,8581
439,1,8576,8609
83,2,8577,8616
6242,3,8578,8628
2346,0,8581,8614
2321,4,8599,8619
9165,1,8609,8618
8452,0,8614,8652
3561,2,8616,8629
3818,1,8618,8645
6845,4,8619,8627
3761,4,8627,8663
1266,3,8628,8658
8677,2,8629,8660
5782,1,8645,8678
6223,0,8652,8669
4836,3,8658,8666
5190,2,8660,8676
3532,4,8663,8668
1730,3,8666,8712
3074,4,8668,8716
2285,0,8669,8676
2137,0,8676,8694
595,2,8676,8693
9794,1,8678,8701
4704,2,8693,8713
1030,0,8694,8742
8383,1,8701,8734
4052,3,8712,8734
2642,2,8713,8722
3828,4,8716,8738
6646,2,8722,8730
6555,2,8730,8735
1848,1,8734,8763
7333,3,8734,8753
1157,2,8735,8766
7724,4,8738,8761
531,0,8742,8750
9939,0,8750,8771
5123,3,8753,8758
8950,3,8758,8788
7892,4,8761,8798
1756,1,8763,8772
9946,2,8766,8772
4822,0,8771,8810
2550,1,8772,8810
7908,2,8772,8788
2259,2,8788,8793
8775,3,8788,8824
441,2,8793,8802
3315,4,8798,8820
5586,2,8802,8810
3950,0,8810,8853
5274,1,8810,8843
1002,2,8810,8860
5449,4,8820,8837
2524,3,8824,8835
6029,3,8835,8883
7492,4,8837,8856
3188,1,8843,8853
2665,0,8853,8880
9460,1,8853,8899
4115,4,8856,8898
8317,2,8860,8874
7600,2,8874,8882
1826,0,8880,8905
7761,2,8882,8896
319,3,8883,8906
2931,2,8896,8934
7878,4,8898,8933
2189,1,8899,8944
1115,0,8905,8951
7548,3,8906,8939
1243,4,8933,8938
9377,2,8934,8954
1975,4,8938,8970
7231,3,8939,8944
5081,1,8944,8955
2129,3,8944,8956
8524,0,8951,8970
6114,2,8954,8961
8037,1,8955,8980
8566,3,8956,8999
4489,2,8961,8972
7802,0,8970,8994
9061,4,8970,8975
4957,2,8972,9001
3267,4,8975,9020
2000,1,8980,8991
8536,1,8991,9004
5361,0,8994,9043
8994,3,8999,9030
2009,2,9001,9017
6270,1,9004,9041
8332,2,9017,9029
7941,4,9020,9051
2728,2,9029,9046
1963,3,9030,9079
5041,1,9041,9060
9668,0,9043,9061
7673,2,9046,9090
6834,4,9051,9087
8414,1,9060,9069
1472,0,9061,9079
8741,1,9069,9084
7661,0,9079,9106
1687,3,9079,9126
7200,1,9084,9108
3996,4,9087,9103
3051,2,9090,9118
5886,4,9103,9126
4797,0,9106,9142
3346,1,9108,9145
6304,2,9118,9160
7917,4,9126,9164
4689,3,9126,9153
5522,0,9142,9160
868,1,9145,9158
2895,3,9153,9199
3060,1,9158,9200
5016,0,9160,9194
4550,2,9160,9208
1218,4,9164,9207
601,0,9194,9224
2602,3,9199,9237
5457,1,9200,9205
7147,1,9205,9212
8923,4,9207,9220
3617,2,9208,9218
3939,1,9212,9229
2162,2,9218,9250
4738,4,9220,9242
7520,0,9224,9268
2562,1,9229,9244
2861,3,9237,9243
1651,4,9242,9268
2620,3,9243,9259
2283,1,9244,9275
3817,2,9250,9295
8100,3,9259,9274
2773,0,9268,9308
5680,4,9268,9289
5119,3,9274,9285
7845,1,9275,9305
9660,3,9285,9319
3266,4,9289,9323
7711,2,9295,9318
5235,1,9305,9322
4241,0,9308,9338
3147,2,9318,9345
9427,3,9319,9325
9530,1,9322,9365
5189,4,9323,9340
7891,3,9325,9348
920,0,9338,9368
1437,4,9340,9347
3360,2,9345,9362
5813,4,9347,9363
6672,3,9348,9398
7557,2,9362,9385
3527,4,9363,9379
2301,1,9365,9409
8257,0,9368,9384
1960,4,9379,9386
5408,0,9384,9403
2122,2,9385,9395
763,4,9386,9393
6708,4,9393,9416
1996,2,9395,9414
4426,3,9398,9422
2161,0,9403,9415
4810,1,9409,9420
1841,2,9414,9453
1279,0,9415,9446
5381,4,9416,9431
799,1,9420,9457
5537,3,9422,9434
9184,4,9431,9447
9683,3,9434,9481
6153,0,9446,9461
4785,4,9447,9463
4927,2,9453,9476
6483,1,9457,9473
8916,0,9461,9510
1878,4,9463,9509
5261,1,9473,9493
39,2,9476,9525
3328,3,9481,9520
3148,1,9493,9505
6340,1,9505,9520
9425,4,9509,9521
4155,0,9510,9545
6871,1,9520,9536
1297,3,9520,9535
1096,4,9521,9544
5262,2,9525,9535
3930,2,9535,9560
1641,3,9535,9555
2722,1,9536,9554
2824,4,9544,9592
3688,0,9545,9555
61,1,9554,9597
8427,0,9555,9577
5136,3,9555,9580
8796,2,9560,9583
9324,0,9577,9605
2994,3,9580,9600
3329,2,9583,9622
3181,4,9592,9601
5936,1,9597,9645
9495,3,9600,9646
8466,4,9601,9628
1707,0,9605,9621
454,0,9621,9627
5924,2,9622,9644
9234,0,9627,9645
7534,4,9628,9635
5503,4,9635,9646
268,2,9644,9676
7015,0,9645,9650
4266,1,9645,9694
4278,4,9646,9657
1404,3,9646,9662
9520,0,9650,9656
7433,0,9656,9664
1903,4,9657,9667
3591,3,9662,9676
2269,0,9664,9674
7511,4,9667,9686
3094,0,9674,9721
8340,2,9676,9717
6398,3,9676,9707
4809,4,9686,9724
2053,1,9694,9720
8246,3,9707,9747
4696,2,9717,9741
4873,1,9720,9741
1119,0,9721,9771
6196,4,9724,9748
1680,1,9741,9782
4439,2,9741,9788
4726,3,9747,9793
2429,4,9748,9787
5256,0,9771,9819
7569,1,9782,9801
9719,4,9787,9792
8179,2,9788,9797
6547,4,9792,9833
5173,3,9793,9808
7719,2,9797,9805
7678,1,9801,9846
3743,2,9805,9846
226,3,9808,9824
4564,0,9819,9846
8780,3,9824,9855
5838,4,9833,9849
6962,0,9846,9866
4401,1,9846,9865
8906,2,9846,9851
8880,4,9849,9858
5013,2,9851,9876
3912,3,9855,9895
7549,4,9858,9898
5983,1,9865,9895
1012,0,9866,9885
1144,2,9876,9918
2477,0,9885,9897
2802,1,9895,9914
1525,3,9895,9927
1530,0,9897,9946
6123,4,9898,9921
391,1,9914,9944
3566,2,9918,9931
8549,4,9921,9954
5191,3,9927,9971
5766,2,9931,9967
1265,1,9944,9968
4698,0,9946,9965
1464,4,9954,9962
3287,4,9962,9971
2837,0,9965,10006
6663,2,9967,9978
2066,1,9968,10002
844,4,9971,10010
2211,3,9971,9993
2281,2,9978,10002
9545,3,9993,10007
7453,1,10002,10029
7833,2,10002,10035
3167,0,10006,10037
4049,3,10007,10039
8467,4,10010,10032
5435,1,10029,10057
1642,4,10032,10050
7129,2,10035,10045
4504,0,10037,10069
6452,3,10039,10064
7067,2,10045,10059
7220,4,10050,10078
3642,1,10057,10088
1535,2,10059,10079
8577,3,10064,10110
138,0,10069,10083
4448,4,10078,10121
1132,2,10079,10090
945,0,10083,10121
162,1,10088,10136
6734,2,10090,10100
1148,2,10100,10118
8733,3,10110,10136
1805,2,10118,10140
8941,0,10121,10149
8505,4,10121,10133
9486,4,10133,10169
9242,1,10136,10183
1772,3,10136,10183
7134,2,10140,10151
5681,0,10149,10167
8470,2,10151,10194
2063,0,10167,10186
9133,4,10169,10206
6389,1,10183,10230
3245,3,10183,10229
935,0,10186,10199
3823,2,10194,10201
3100,0,10199,10210
8879,2,10201,10225
834,4,10206,10219
9885,0,10210,10218
696,0,10218,10253
5999,4,10219,10225
7477,4,10225,10235
7981,2,10225,10258
3928,3,10229,10258
6782,1,10230,10251
1366,4,10235,10254
3667,1,10251,10275
6980,0,10253,10265
4057,4,10254,10274
9812,3,10258,10302
599,2,10258,10285
8077,0,10265,10284
121,4,10274,10315
9145,1,10275,10289
630,0,10284,10314
5263,2,10285,10304
3692,1,10289,10314
865,3,10302,10336
1639,2,10304,10348
9740,0,10314,10334
4764,1,10314,10332
3753,4,10315,10350
5897,1,10332,10348
8083,0,10334,10353
7312,3,10336,10367
8011,1,10348,10393
5492,2,10348,10393
421,4,10350,10365
1503,0,10353,10376
1554,4,10365,10410
1914,3,10367,10387
2598,0,10376,10393
4503,3,10387,10407
3278,0,10393,10419
3408,1,10393,10439
8599,2,10393,10442
7994,3,10407,10455
1510,4,10410,10430
8233,0,10419,10424
8618,0,10424,10474
9799,4,10430,10442
1457,1,10439,10466
212,4,10442,10466
1688,2,10442,10455
3501,3,10455,10474
8208,2,10455,10490
4268,1,10466,10485
5981,4,10466,10502
6984,0,10474,10522
8712,3,10474,10486
1935,1,10485,10520
8689,3,10486,10530
9654,2,10490,10529
548,4,10502,10530
637,1,10520,10529
6798,0,10522,10562
6161,1,10529,10560
6943,2,10529,10541
5489,4,10530,10567
7554,3,10530,10577
7139,2,10541,10579
971,1,10560,10594
6000,0,10562,10580
9684,4,10567,10575
3676,4,10575,10583
8325,3,10577,10590
4519,2,10579,10602
9446,0,10580,10619
3858,4,10583,10591
1052,3,10590,10609
1358,4,10591,10620
5739,1,10594,10607
4925,2,10602,10624
20,1,10607,10651
3357,3,10609,10627
5861,0,10619,10667
8619,4,10620,10664
9048,2,10624,10642
6863,3,10627,10673
9892,2,10642,10648
893,2,10648,10669
707,1,10651,10665
9504,4,10664,10706
789,1,10665,10692
5724,0,10667,10691
4215,2,10669,10687
5751,3,10673,10720
1377,2,10687,10705
5616,0,10691,10715
9407,1,10692,10713
7756,2,10705,10713
4379,4,10706,10739
9886,1,10713,10719
5204,2,10713,10736
8695,0,10715,10739
7262,1,10719,10763
9393,3,10720,10758
8782,2,10736,10762
6687,0,10739,10774
9154,4,10739,10764
7830,3,10758,10790
8226,2,10762,10787
3435,1,10763,10806
1973,4,10764,10808
3940,0,10774,10809
3276,2,10787,10827
6084,3,10790,10826
6482,1,10806,10838
4447,4,10808,10853
6994,0,10809,10854
3634,3,10826,10840
8561,2,10827,10846
3551,1,10838,10850
1865,3,10840,10873
5803,2,10846,10887
2474,1,10850,10897
8028,4,10853,10858
1534,0,10854,10902
3034,4,10858,10878
3085,3,10873,10885
5805,4,10878,10919
9669,3,10885,10913
4387,2,10887,10919
9434,1,10897,10908
1647,0,10902,10929
6836,1,10908,10937
4168,3,10913,10943
9871,4,10919,10931
6760,2,10919,10964
5056,0,10929,10971
6215,4,10931,10968
9653,1,10937,10987
1240,3,10943,10955
3816,3,10955,11005
6127,2,10964,10984
6347,4,10968,10981
9266,0,10971,10992
2725,4,10981,11018
5377,2,10984,11009
1792,1,10987,11006
2197,0,10992,11006
2986,3,11005,11021
2516,0,11006,11050
6995,1,11006,11022
243,2,11009,11026
6724,4,11018,11057
2177,3,11021,11035
2149,1,11022,11041
2034,2,11026,11055
9376,3,11035,11040
4753,3,11040,11068
3216,1,11041,11053
4642,0,11050,11085
4254,1,11053,11099
4157,2,11055,11101
1337,4,11057,11067
684,4,11067,11109
9037,3,11068,11090
1797,0,11085,11112
5228,3,11090,11129
5113,1,11099,11119
640,2,11101,11117
1700,4,11109,11116
9700,0,11112,11155
8754,4,11116,11146
5575,2,11117,11132
1063,1,11119,11164
4778,3,11129,11174
2483,2,11132,11175
5466,4,11146,11157
5792,0,11155,11170
891,4,11157,11203
877,1,11164,11177
8410,0,11170,11179
2913,3,11174,11179
6332,2,11175,11188
5401,1,11177,11217
3012,0,11179,11199
9089,3,11179,11229
5185,2,11188,11223
7849,0,11199,11206
6991,4,11203,11238
2526,0,11206,11218
79,1,11217,11234
8126,0,11218,11267
8211,2,11223,11229
5763,3,11229,11253
2238,2,11229,11272
2664,1,11234,11274
2672,4,11238,11257
3640,3,11253,11286
5550,4,11257,11290
726,0,11267,11283
3959,2,11272,11284
4569,1,11274,11323
9364,0,11283,11303
8643,2,11284,11305
7197,3,11286,11300
8428,4,11290,11337
5250,3,11300,11308
6003,0,11303,11312
3661,2,11305,11325
2653,3,11308,11346
8346,0,11312,11331
8143,1,11323,11356
7159,2,11325,11354
7279,0,11331,11341
4315,4,11337,11346
9834,0,11341,11385
1078,3,11346,11373
5922,4,11346,11390
6524,2,11354,11360
8579,1,11356,11401
2572,2,11360,11378
4667,3,11373,11404
9494,2,11378,11386
6294,0,11385,11405
5000,2,11386,11398
4795,4,11390,11410
8434,2,11398,11410
4781,1,11401,11448
7633,3,11404,11453
4668,0,11405,11417
3389,4,11410,11440
9561,2,11410,11449
7790,0,11417,11459
1430,4,11440,11475
5245,1,11448,11457
479,2,11449,11460
5338,3,11453,11473
4619,1,11457,11504
1967,0,11459,11476
5906,2,11460,11492
9041,3,11473,11510
1683,4,11475,11521
9040,0,11476,11499
4321,2,11492,11507
9727,0,11499,11511
6593,1,11504,11538
1233,2,11507,11518
9526,3,11510,11545
4294,0,11511,11549
7342,2,11518,11534
9457,4,11521,11547
7859,2,11534,11558
6368,1,11538,11578
5784,3,11545,11557
6328,4,11547,11555
7331,0,11549,11579
6983,4,11555,11595
4935,3,11557,11587
6536,2,11558,11590
1489,1,11578,11602
7760,0,11579,11628
850,3,11587,11636
5941,2,11590,11620
8259,4,11595,11619
2164,1,11602,11644
2139,4,11619,11624
6189,2,11620,11630
5146,4,11624,11636
8375,0,11628,11638
924,2,11630,11646
3984,4,11636,11677
5764,3,11636,11641
1328,0,11638,11664
7720,3,11641,11658
3872,1,11644,11659
3175,2,11646,11676
9802,3,11658,11706
1165,1,11659,11695
2148,0,11664,11674
8125,0,11674,11719
756,2,11676,11726
2104,4,11677,11718
620,1,11695,11743
9943,3,11706,11718
377,4,11718,11749
3709,3,11718,11734
6894,0,11719,11726
9436,0,11726,11768
5531,2,11726,11750
7381,3,11734,11746
5879,1,11743,11771
5050,3,11746,11765
7925,4,11749,11760
3889,2,11750,11766
1977,4,11760,11789
6217,3,11765,11781
3019,2,11766,11802
9896,0,11768,11816
1628,1,11771,11797
8819,3,11781,11790
366,4,11789,11803
9815,3,11790,11797
4120,1,11797,11805
5034,3,11797,11818
7179,2,11802,11840
4906,4,11803,11818
9353,1,11805,11845
1995,0,11816,11824
4287,4,11818,11843
5977,3,11818,11867
3565,0,11824,11837
8620,0,11837,11862
6974,2,11840,11863
1355,4,11843,11892
9912,1,11845,11873
798,0,11862,11910
3731,2,11863,11909
2600,3,11867,11902
2467,1,11873,11886
5843,1,11886,11910
8341,4,11892,11928
8799,3,11902,11931
3427,2,11909,11938
2447,0,11910,11934
9588,1,11910,11940
3422,4,11928,11945
3530,3,11931,11974
4641,0,11934,11946
5277,2,11938,11979
4484,1,11940,11978
2487,4,11945,11971
6039,0,11946,11971
8022,0,11971,12021
4072,4,11971,11984
2498,3,11974,11996
3571,1,11978,11986
6788,2,11979,12023
6388,4,11984,12034
7379,1,11986,12016
17,3,11996,12026
5781,1,12016,12037
6604,0,12021,12051
1051,2,12023,12051
3295,3,12026,12058
914,4,12034,12083
3593,1,12037,12079
3047,0,12051,12058
7155,2,12051,12071
8706,0,12058,12084
5703,3,12058,12072
8567,2,12071,12078
2785,3,12072,12106
2353,2,12078,12084
8382,1,12079,12117
9744,4,12083,12132
9558,0,12084,12103
2787,2,12084,12102
4740,2,12102,12117
4824,0,12103,12123
1682,3,12106,12142
8326,1,12117,12128
7322,2,12117,12135
3948,0,12123,12144
9069,1,12128,12154
1282,4,12132,12144
9009,2,12135,12158
7637,3,12142,12164
402,0,12144,12180
7672,4,12144,12170
3376,1,12154,12197
3596,2,12158,12194
88,3,12164,12169
2661,3,12169,12198
9765,4,12170,12175
3742,4,12175,12218
6441,0,12180,12224
8460,2,12194,12229
4544,1,12197,12217
2912,3,12198,12223
5021,1,12217,12259
7503,4,12218,12250
8958,3,12223,12260
1652,0,12224,12274
5962,2,12229,12248
2670,2,12248,12295
3849,4,12250,12274
5104,1,12259,12297
3529,3,12260,12289
788,0,12274,12300
5556,4,12274,12311
8824,3,12289,12318
9517,2,12295,12327
7828,1,12297,12346
7989,0,12300,12341
4937,4,12311,12331
6618,3,12318,12340
5529,2,12327,12352
1102,4,12331,12355
5649,3,12340,12361
7536,0,12341,12385
6690,1,12346,12370
33,2,12352,12381
2875,4,12355,12382
2953,3,12361,12404
6746,1,12370,12400
9612,2,12381,12397
3464,4,12382,12395
1927,0,12385,12432
6093,4,12395,12433
4497,2,12397,12411
1608,1,12400,12430
4686,3,12404,12422
5212,2,12411,12417
4535,2,12417,12447
3256,3,12422,12454
8675,1,12430,12441
1653,0,12432,12444
9929,4,12433,12473
5272,1,12441,12446
9342,0,12444,12457
1725,1,12446,12496
7501,2,12447,12461
4124,3,12454,12475
5943,0,12457,12493
8029,2,12461,12494
3523,4,12473,12501
9852,3,12475,12521
1316,0,12493,12518
1360,2,12494,12525
2554,1,12496,12520
9921,4,12501,12518
7493,0,12518,12547
4042,4,12518,12528
7643,1,12520,12525
3341,3,12521,12554
5367,1,12525,12554
8061,2,12525,12553
8864,4,12528,12548
3484,0,12547,12563
8731,4,12548,12553
7650,4,12553,12592
6231,2,12553,12568
966,1,12554,12561
6503,3,12554,12597
1222,1,12561,12593
9704,0,12563,12588
8776,2,12568,12579
728,2,12579,12614
7036,0,12588,12634
3505,4,12592,12618
900,1,12593,12605
8137,3,12597,12641
8678,1,12605,12619
3298,2,12614,12637
4290,4,12618,12642
3997,1,12619,12630
6237,1,12630,12638
7599,0,12634,12675
1845,2,12637,12647
2584,1,12638,12644
8463,3,12641,12680
9688,4,12642,12689
2221,1,12644,12651
8000,2,12647,12690
289,1,12651,12672
4714,1,12672,12685
281,0,12675,12693
2540,3,12680,12702
7965,1,12685,12713
8429,4,12689,12729
1451,2,12690,12720
6168,0,12693,12727
4222,3,12702,12744
7894,1,12713,12718
8573,1,12718,12767
1268,2,12720,12761
6592,0,12727,12772
6841,4,12729,12734
4840,4,12734,12739
6167,4,12739,12746
7442,3,12744,12785
8664,4,12746,12782
2539,2,12761,12771
2682,1,12767,12780
3459,2,12771,12792
9757,0,12772,12783
29,1,12780,12815
6244,4,12782,12819
6439,0,12783,12807
8817,3,12785,12791
562,3,12791,12796
5254,2,12792,12816
7306,3,12796,12838
8201,0,12807,12816
44,1,12815,12860
9932,0,12816,12846
7563,2,12816,12837
7284,4,12819,12868
7615,2,12837,12875
1416,3,12838,12887
6621,0,12846,12895
9149,1,12860,12892
8424,4,12868,12875
8704,4,12875,12906
9635,2,12875,12897
8374,3,12887,12936
4561,1,12892,12926
7980,0,12895,12945
9862,2,12897,12903
7714,2,12903,12941
8954,4,12906,12931
5207,1,12926,12943
6396,4,12931,12953
3269,3,12936,12982
544,2,12941,12950
18,1,12943,12968
4705,0,12945,12966
8869,2,12950,12961
5671,4,12953,12961
1770,2,12961,12987
7298,4,12961,12974
5101,0,12966,13016
1390,1,12968,12974
4485,1,12974,13018
840,4,12974,12983
1600,3,12982,13002
4138,4,12983,13014
7642,2,12987,13021
9590,3,13002,13051
8751,4,13014,13043
4913,0,13016,13027
9244,1,13018,13056
5363,2,13021,13028
6418,0,13027,13040
2182,2,13028,13040
4177,0,13040,13088
8977,2,13040,13088
3510,4,13043,13064
4973,3,13051,13066
2947,1,13056,13089
6224,4,13064,13077
9390,3,13066,13091
3411,4,13077,13109
3327,0,13088,13101
6508,2,13088,13098
8987,1,13089,13112
9824,3,13091,13101
4150,2,13098,13130
4725,0,13101,13111
163,3,13101,13124
7555,4,13109,13146
3000,0,13111,13157
6243,1,13112,13122
1695,1,13122,13166
7871,3,13124,13152
4553,2,13130,13142
8330,2,13142,13163
6713,4,13146,13160
3916,3,13152,13167
9262,0,13157,13191
3218,4,13160,13201
486,2,13163,13207
2302,1,13166,13175
766,3,13167,13195
3559,1,13175,13183
8562,1,13183,13188
3202,1,13188,13210
8976,0,13191,13208
5986,3,13195,13221
9192,4,13201,13239
4016,2,13207,13227
4292,0,13208,13224
8851,1,13210,13243
7592,3,13221,13252
3835,0,13224,13262
5665,2,13227,13276
8041,4,13239,13283
9625,1,13243,13285
1249,3,13252,13258
9066,3,13258,13280
16,0,13262,13269
5127,0,13269,13319
9540,2,13276,13288
1480,3,13280,13286
5026,4,13283,13333
6986,1,13285,13325
6457,3,13286,13300
4867,2,13288,13320
8698,3,13300,13311
9985,3,13311,13349
7959,0,13319,13355
1344,2,13320,13356
6996,1,13325,13350
4089,4,13333,13342
515,4,13342,13353
8715,3,13349,13359
397,1,13350,13381
1440,4,13353,13376
1208,0,13355,13377
1246,2,13356,13380
9403,3,13359,13389
9596,4,13376,13402
9404,0,13377,13418
3929,2,13380,13429
2350,1,13381,13401
8304,3,13389,13404
9087,1,13401,13451
2691,4,13402,13423
5040,3,13404,13445
2387,0,13418,13450
3430,4,13423,13447
4050,2,13429,13462
996,3,13445,13482
6737,4,13447,13477
5209,0,13450,13498
986,1,13451,13456
2914,1,13456,13491
9565,2,13462,13497
1475,4,13477,13502
1077,3,13482,13503
4984,1,13491,13501
4647,2,13497,13542
8122,0,13498,13506
9664,1,13501,13511
9647,4,13502,13540
9233,3,13503,13550
32,0,13506,13546
3242,1,13511,13555
9386,4,13540,13570
6276,2,13542,13565
1333,0,13546,13571
1582,3,13550,13588
1029,1,13555,13569
2100,2,13565,13596
9891,1,13569,13586
6938,4,13570,13591
4092,0,13571,13621
6269,1,13586,13618
3429,3,13588,13593
7075,4,13591,13632
7,3,13593,13605
9570,2,13596,13628
6314,3,13605,13631
6030,1,13618,13656
4417,0,13621,13629
535,2,13628,13637
7081,0,13629,13639
8554,3,13631,13673
2886,4,13632,13641
1168,2,13637,13681
238,0,13639,13665
9038,4,13641,13664
9682,1,13656,13663
2730,1,13663,13680
9023,4,13664,13704
6750,0,13665,13672
3452,0,13672,13683
9830,3,13673,13698
5219,1,13680,13696
9091,2,13681,13731
3931,0,13683,13727
3312,1,13696,13709
9962,3,13698,13743
1901,4,13704,13713
9587,1,13709,13747
9974,4,13713,13718
7422,4,13718,13753
1100,0,13727,13766
9325,2,13731,13773
8315,3,13743,13748
4790,1,13747,13789
1622,3,13748,13763
1406,4,13753,13765
7261,3,13763,13783
623,4,13765,13794
4013,0,13766,13805
4354,2,13773,13814
3423,3,13783,13792
6949,1,13789,13802
550,3,13792,13806
435,4,13794,13821
6402,1,13802,13816
5248,0,13805,13843
8986,3,13806,13856
2414,2,13814,13840
5218,1,13816,13863
359,4,13821,13860
6960,2,13840,13870
6807,0,13843,13880
504,3,13856,13867
9373,4,13860,13903
6674,1,13863,13870
156,3,13867,13882
7100,1,13870,13902
632,2,13870,13902
9447,0,13880,13911
1987,3,13882,13905
4108,1,13902,13937
3769,2,13902,13919
2370,4,13903,13924
816,3,13905,13928
371,0,13911,13941
6577,2,13919,13924
3011,2,13924,13929
3111,4,13924,13971
7078,3,13928,13950
3757,2,13929,13956
1663,1,13937,13969
5010,0,13941,13983
3005,3,13950,13973
483,2,13956,13983
6706,1,13969,13990
9204,4,13971,13995
8898,3,13973,14019
52,0,13983,14001
2788,2,13983,14007
5479,1,13990,14013
7410,4,13995,14019
8908,0,14001,14032
7339,2,14007,14031
8479,1,14013,14034
4823,3,14019,14033
8900,4,14019,14063
2074,2,14031,14072
7543,0,14032,14038
9134,3,14033,14083
1702,1,14034,14070
8486,0,14038,14063
82,0,14063,14074
2903,4,14063,14080
8947,1,14070,14085
8807,2,14072,14102
8970,0,14074,14091
3418,4,14080,14118
7658,3,14083,14119
8944,1,14085,14108
5825,0,14091,14113
7704,2,14102,14143
2408,1,14108,14154
4289,0,14113,14154
443,4,14118,14156
1288,3,14119,14149
9248,2,14143,14172
9510,3,14149,14161
6622,0,14154,14202
3307,1,14154,14179
3685,4,14156,14204
6281,3,14161,14185
5098,2,14172,14200
3735,1,14179,14226
8298,3,14185,14223
9986,2,14200,14240
6557,0,14202,14243
939,4,14204,14218
7152,4,14218,14227
842,3,14223,14268
1855,1,14226,14251
8409,4,14227,14232
9687,4,14232,14237
8502,4,14237,14279
9128,2,14240,14277
7148,0,14243,14261
5247,1,14251,14261
7516,0,14261,14276
4468,1,14261,14278
661,3,14268,14288
5062,0,14276,14285
1511,2,14277,14325
8963,1,14278,14288
6514,4,14279,14313
6661,0,14285,14312
4846,1,14288,14300
8939,3,14288,14327
9589,1,14300,14318
5811,0,14312,14324
4019,4,14313,14337
1113,1,14318,14342
6463,0,14324,14368
1310,2,14325,14337
5179,3,14327,14334
4560,3,14334,14376
5829,2,14337,14370
9063,4,14337,14379
2965,1,14342,14368
6873,0,14368,14376
9920,1,14368,14385
2131,2,14370,14382
8644,0,14376,14400
7533,3,14376,14391
7876,4,14379,14409
7732,2,14382,14415
600,1,14385,14391
3382,1,14391,14412
4279,3,14391,14410
2599,0,14400,14429
103,4,14409,14437
7638,3,14410,14448
8814,1,14412,14455
7834,2,14415,14464
7868,0,14429,14452
6202,4,14437,14476
2770,3,14448,14493
2037,0,14452,14457
2395,1,14455,14499
2992,0,14457,14484
4996,2,14464,14497
7394,4,14476,14494
2718,0,14484,14528
9971,3,14493,14502
7855,4,14494,14522
43,2,14497,14531
6801,1,14499,14547
5565,3,14502,14524
783,4,14522,14571
6656,3,14524,14536
3002,0,14528,14540
1502,2,14531,14554
6373,3,14536,14563
8772,0,14540,14555
1514,1,14547,14573
2557,2,14554,14597
1169,0,14555,14588
279,3,14563,14605
7432,4,14571,14596
7591,1,14573,14591
2244,0,14588,14596
7840,1,14591,14631
9582,0,14596,14603
2547,4,14596,14606
9742,2,14597,14620
8031,0,14603,14653
5033,3,14605,14633
5576,4,14606,14616
2084,4,14616,14632
6747,2,14620,14625
4258,2,14625,14640
3030,1,14631,14665
2347,4,14632,14655
4107,3,14633,14657
7013,2,14640,14654
2854,0,14653,14678
1586,2,14654,14702
643,4,14655,14699
4145,3,14657,14699
3665,1,14665,14705
4464,0,14678,14687
7975,0,14687,14713
2739,3,14699,14713
2278,4,14699,14708
7397,2,14702,14746
5690,1,14705,14734
1958,4,14708,14725
3465,0,14713,14718
355,3,14713,14745
7028,0,14718,14749
5722,4,14725,14746
9082,1,14734,14750
5743,3,14745,14759
2232,2,14746,14776
8048,4,14746,14767
1239,0,14749,14760
2051,1,14750,14766
913,3,14759,14795
8839,0,14760,14790
485,1,14766,14783
2801,4,14767,14789
5837,2,14776,14826
6132,1,14783,14793
928,4,14789,14837
1001,0,14790,14808
9024,1,14793,14827
1970,3,14795,14844
222,0,14808,14827
3955,2,14826,14855
5280,0,14827,14843
1678,1,14827,14868
2849,4,14837,14859
6393,0,14843,14877
3569,3,14844,14882
5856,2,14855,14886
3752,4,14859,14869
5187,1,14868,14881
3592,4,14869,14898
4066,0,14877,14908
1551,1,14881,14928
1780,3,14882,14916
1917,2,14886,14918
150,4,14898,14937
6829,0,14908,14916
894,0,14916,14926
7387,3,14916,14958
8405,2,14918,14958
4949,0,14926,14962
4332,1,14928,14961
955,4,14937,14946
5298,4,14946,14971
6919,2,14958,14993
9174,3,14958,15000
1634,1,14961,14985
5958,0,14962,14969
3347,0,14969,14980
4073,4,14971,15014
1610,0,14980,15015
2252,1,14985,15014
7399,2,14993,15006
5325,3,15000,15016
1522,2,15006,15021
467,1,15014,15046
9722,4,15014,15029
3881,0,15015,15022
5615,3,15016,15053
1446,2,15021,15066
4176,0,15022,15058
4616,4,15029,15079
9695,1,15046,15075
5535,3,15053,15069
3701,0,15058,15087
4820,2,15066,15083
3239,3,15069,15111
7264,1,15075,15122
1727,4,15079,15105
6263,2,15083,15102
54,0,15087,15093
3862,0,15093,15105
4563,2,15102,15114
9264,0,15105,15120
2355,4,15105,15115
4752,3,15111,15155
6022,2,15114,15135
6371,4,15115,15159
8068,0,15120,15158
2366,1,15122,15171
5976,2,15135,15154
8591,2,15154,15164
3652,3,15155,15168
8108,0,15158,15190
7689,4,15159,15175
4402,2,15164,15170
4002,3,15168,15181
4574,2,15170,15180
7494,1,15171,15218
1816,4,15175,15191
7420,2,15180,15219
2689,3,15181,15210
5799,0,15190,15201
9643,4,15191,15211
519,0,15201,15220
7076,3,15210,15220
1567,4,15211,15221
3506,1,15218,15227
172,2,15219,15264
4516,0,15220,15233
1179,3,15220,15235
965,4,15221,15254
4500,1,15227,15267
9102,0,15233,15246
7382,3,15235,15277
5638,0,15246,15290
6473,4,15254,15261
8344,4,15261,15288
3568,2,15264,15312
3714,1,15267,15286
752,3,15277,15312
9751,1,15286,15305
5243,4,15288,15302
952,0,15290,15322
5877,4,15302,15342
8370,1,15305,15332
9770,2,15312,15354
4591,3,15312,15327
7225,0,15322,15362
4597,3,15327,15337
8539,1,15332,15341
7421,3,15337,15367
9978,1,15341,15362
8873,4,15342,15357
6088,2,15354,15360
3864,4,15357,15370
4064,2,15360,15387
6531,0,15362,15395
8016,1,15362,15390
4513,3,15367,15392
7178,4,15370,15414
2595,2,15387,15435
8371,1,15390,15398
3097,3,15392,15416
1832,0,15395,15429
8646,1,15398,15404
4961,1,15404,15440
7507,4,15414,15440
6166,3,15416,15466
1258,0,15429,15443
5578,2,15435,15470
4350,1,15440,15455
338,4,15440,15478
8792,0,15443,15460
3493,1,15455,15492
556,0,15460,15495
3211,3,15466,15504
8300,2,15470,15483
7514,4,15478,15488
5279,2,15483,15492
596,4,15488,15514
4333,1,15492,15537
1134,2,15492,15497
6762,0,15495,15543
8069,2,15497,15534
872,3,15504,15511
2329,3,15511,15542
3316,4,15514,15558
4048,2,15534,15567
8543,1,15537,15578
4741,3,15542,15562
9853,0,15543,15559
9152,4,15558,15584
5580,0,15559,15568
9106,3,15562,15596
4365,2,15567,15596
1637,0,15568,15577
6849,0,15577,15617
551,1,15578,15608
5356,4,15584,15610
6413,2,15596,15633
241,3,15596,15631
6273,1,15608,15619
998,4,15610,15635
1008,0,15617,15642
536,1,15619,15646
2200,3,15631,15662
4724,2,15633,15658
7467,4,15635,15650
4288,0,15642,15653
7227,1,15646,15681
5309,4,15650,15662
49,0,15653,15670
1904,2,15658,15668
4119,3,15662,15710
2521,4,15662,15690
383,2,15668,15702
5350,0,15670,15678
6053,0,15678,15697
3388,1,15681,15700
9805,4,15690,15738
827,0,15697,15729
1846,1,15700,15718
5120,2,15702,15734
1396,3,15710,15754
836,1,15718,15731
3833,0,15729,15735
5633,1,15731,15742
3469,2,15734,15750
123,0,15735,15770
7323,4,15738,15782
2469,1,15742,15765
8364,2,15750,15777
5387,3,15754,15797
7189,1,15765,15806
426,0,15770,15792
1568,2,15777,15803
8151,4,15782,15832
2814,0,15792,15798
9412,3,15797,15834
6607,0,15798,15847
1729,2,15803,15840
9318,1,15806,15837
1408,4,15832,15857
4128,3,15834,15861
8800,1,15837,15848
4170,2,15840,15846
9435,2,15846,15887
6230,0,15847,15872
9191,1,15848,15872
2186,4,15857,15897
990,3,15861,15893
6887,0,15872,15897
2318,1,15872,15888
999,2,15887,15917
7747,1,15888,15894
9864,3,15893,15906
7912,1,15894,15929
7838,0,15897,15947
4023,4,15897,15915
8292,3,15906,15911
6851,3,15911,15933
8750,4,15915,15951
6778,2,15917,15943
1111,1,15929,15965
2230,3,15933,15979
2894,2,15943,15963
4406,0,15947,15974
5885,4,15951,15995
8609,2,15963,16012
4291,1,15965,15987
8439,0,15974,16020
6596,3,15979,16028
4710,1,15987,16018
9639,4,15995,16040
2499,2,16012,16021
7424,1,16018,16033
1272,0,16020,16038
862,2,16021,16037
1069,3,16028,16056
8841,1,16033,16082
201,2,16037,16057
3366,0,16038,16057
5626,4,16040,16046
3537,4,16046,16053
9733,4,16053,16062
3183,3,16056,16066
8021,0,16057,16094
5709,2,16057,16072
3273,4,16062,16098
3277,3,16066,16097
2204,2,16072,16111
378,1,16082,16122
2098,0,16094,16141
509,3,16097,16139
6791,4,16098,16127
6766,2,16111,16150
5421,1,16122,16170
4959,4,16127,16133
8357,4,16133,16161
4990,3,16139,16153
5177,0,16141,16159
1097,2,16150,16184
3161,3,16153,16203
1245,0,16159,16200
9778,4,16161,16196
6493,1,16170,16201
5060,2,16184,16200
3866,4,16196,16234
3283,0,16200,16212
7818,2,16200,16237
5501,1,16201,16235
2140,3,16203,16224
7019,0,16212,16217
183,0,16217,16233
516,3,16224,16267
1800,0,16233,16259
1902,4,16234,16267
9227,1,16235,16266
2358,2,16237,16253
8647,2,16253,16262
6225,0,16259,16295
8728,2,16262,16268
423,1,16266,16281
8815,4,16267,16301
6403,3,16267,16282
2394,2,16268,16290
6676,1,16281,16290
3392,3,16282,16309
8059,1,16290,16334
2203,2,16290,16320
4165,0,16295,16306
3814,4,16301,16314
1286,0,16306,16315
4826,3,16309,16342
3193,4,16314,16346
8353,0,16315,16330
4283,2,16320,16352
2029,0,16330,16372
9071,1,16334,16341
8236,1,16341,16348
4151,3,16342,16361
1068,4,16346,16360
8453,1,16348,16369
7219,2,16352,16367
314,4,16360,16395
5844,3,16361,16374
6379,2,16367,16395
9949,1,16369,16406
2241,0,16372,16401
9370,3,16374,16382
6011,3,16382,16422
1091,2,16395,16423
3615,4,16395,16416
7069,0,16401,16447
4127,1,16406,16443
7369,4,16416,16437
7893,3,16422,16428
3968,2,16423,16467
3631,3,16428,16455
4545,4,16437,16449
3317,1,16443,16464
4141,0,16447,16478
981,4,16449,16470
7806,3,16455,16487
9984,1,16464,16505
7547,2,16467,16491
396,4,16470,16481
2233,0,16478,16485
5273,4,16481,16496
5072,0,16485,16501
5285,3,16487,16510
8613,2,16491,16508
4975,4,16496,16514
7325,0,16501,16525
2174,1,16505,16513
1804,2,16508,16544
2085,3,16510,16543
716,1,16513,16562
3673,4,16514,16540
7439,0,16525,16547
2520,4,16540,16554
7106,3,16543,16549
8186,2,16544,16589
946,0,16547,16559
638,3,16549,16596
8875,4,16554,16592
3754,0,16559,16582
8901,1,16562,16588
447,0,16582,16631
6317,1,16588,16629
2482,2,16589,16607
7785,4,16592,16636
6356,3,16596,16607
2427,2,16607,16634
1037,3,16607,16635
613,1,16629,16650
2325,0,16631,16644
3228,2,16634,16650
3689,3,16635,16645
239,4,16636,16657
6630,0,16644,16667
5980,3,16645,16669
4184,1,16650,16671
9476,2,16650,16679
282,4,16657,16699
1711,0,16667,16705
5355,3,16669,16695
8660,1,16671,16699
9157,2,16679,16722
5791,3,16695,16745
5066,1,16699,16714
4096,4,16699,16749
6779,0,16705,16744
6939,1,16714,16758
3173,2,16722,16772
6298,0,16744,16787
6789,3,16745,16790
1429,4,16749,16785
2208,1,16758,16780
4001,2,16772,16807
9225,1,16780,16812
5024,4,16785,16829
7459,0,16787,16798
7952,3,16790,16811
5087,0,16798,16840
754,2,16807,16837
3214,3,16811,16826
3053,1,16812,16845
4774,3,16826,16876
895,4,16829,16861
9201,2,16837,16872
1116,0,16840,16868
2740,1,16845,16871
8113,4,16861,16892
4034,0,16868,16892
2322,1,16871,16909
2944,2,16872,16884
2465,3,16876,16907
4964,2,16884,16898
5656,0,16892,16929
161,4,16892,16941
12,2,16898,16914
252,3,16907,16947
6323,1,16909,16924
5741,2,16914,16922
3416,2,16922,16938
1452,1,16924,16968
2046,0,16929,16936
7781,0,16936,16958
4628,2,16938,16959
5938,4,16941,16974
3821,3,16947,16991
9323,0,16958,16991
4962,2,16959,16987
6944,1,16968,16994
8148,4,16974,16982
134,4,16982,16994
727,2,16987,17022
7797,0,16991,17029
3043,3,16991,17036
8725,1,16994,17006
7729,4,16994,17031
7958,1,17006,17021
4117,1,17021,17071
5393,2,17022,17066
2943,0,17029,17064
5727,4,17031,17068
394,3,17036,17057
1603,3,17057,17068
2530,0,17064,17073
5371,2,17066,17106
6292,4,17068,17099
4397,3,17068,17102
8244,1,17071,17078
6924,0,17073,17087
3969,1,17078,17115
7238,0,17087,17112
3220,4,17099,17111
8578,3,17102,17108
7109,2,17106,17138
6558,3,17108,17143
4765,4,17111,17129
1321,0,17112,17134
5878,1,17115,17150
1253,4,17129,17137
7461,0,17134,17150
6236,4,17137,17149
3478,2,17138,17149
7154,3,17143,17148
9371,3,17148,17195
6881,2,17149,17160
6680,4,17149,17188
8291,0,17150,17170
3924,1,17150,17175
8229,2,17160,17191
592,0,17170,17210
5414,1,17175,17187
9474,1,17187,17198
9432,4,17188,17236
627,2,17191,17232
520,3,17195,17209
9123,1,17198,17221
6699,3,17209,17241
6785,0,17210,17223
6266,1,17221,17247
1049,0,17223,17264
5486,2,17232,17249
4466,4,17236,17272
106,3,17241,17251
9269,1,17247,17276
5485,2,17249,17265
5215,3,17251,17265
6391,0,17264,17310
9366,2,17265,17272
4839,3,17265,17295
127,2,17272,17301
7324,4,17272,17281
8574,1,17276,17317
9529,4,17281,17290
7605,4,17290,17333
2655,3,17295,17302
5269,2,17301,17312
9078,3,17302,17345
3309,0,17310,17339
4032,2,17312,17330
5180,1,17317,17360
1796,2,17330,17374
9256,4,17333,17345
2237,0,17339,17346
7060,4,17345,17374
433,3,17345,17390
4845,0,17346,17370
5344,1,17360,17401
6344,0,17370,17398
5416,4,17374,17387
6827,2,17374,17399
1540,4,17387,17396
6060,3,17390,17399
2741,4,17396,17418
9281,0,17398,17431
1209,2,17399,17448
7055,3,17399,17440
2693,1,17401,17406
9753,1,17406,17424
1778,4,17418,17424
2050,1,17424,17472
6383,4,17424,17439
7469,0,17431,17453
9124,4,17439,17472
6451,3,17440,17483
3524,2,17448,17454
1184,0,17453,17466
4068,2,17454,17476
6099,0,17466,17510
4878,1,17472,17481
8104,4,17472,17477
8395,2,17476,17511
9774,4,17477,17519
970,1,17481,17502
5257,3,17483,17507
9382,1,17502,17550
5645,3,17507,17552
7034,0,17510,17531
2185,2,17511,17518
2378,2,17518,17525
2132,4,17519,17547
9200,2,17525,17566
2354,0,17531,17570
7629,4,17547,17582
5227,1,17550,17584
5070,3,17552,17582
8477,2,17566,17580
7445,0,17570,17607
1293,2,17580,17630
4246,4,17582,17625
8191,3,17582,17595
9395,1,17584,17614
1236,3,17595,17628
3656,0,17607,17638
1743,1,17614,17658
3556,4,17625,17636
9410,3,17628,17640
8194,2,17630,17643
9672,4,17636,17674
5759,0,17638,17660
7966,3,17640,17651
4231,2,17643,17680
4657,3,17651,17668
3921,1,17658,17667
6477,0,17660,17693
9908,1,17667,17677
2764,3,17668,17678
9368,4,17674,17680
9947,1,17677,17709
7423,3,17678,17723
9,2,17680,17729
5836,4,17680,17685
8461,4,17685,17729
8316,0,17693,17738
6795,1,17709,17719
4923,1,17719,17763
1353,3,17723,17734
631,2,17729,17772
5704,4,17729,17738
9941,3,17734,17743
7095,0,17738,17754
8501,4,17738,17750
6032,3,17743,17786
4772,4,17750,17783
276,0,17754,17795
8541,1,17763,17778
8252,2,17772,17816
72,1,17778,17796
8820,4,17783,17831
7449,3,17786,17806
9513,0,17795,17829
3515,1,17796,17818
8995,3,17806,17829
8942,2,17816,17826
2226,1,17818,17853
4679,2,17826,17852
8279,0,17829,17879
1277,3,17829,17861
6240,4,17831,17860
7820,2,17852,17866
480,1,17853,17859
9155,1,17859,17866
3601,4,17860,17894
968,3,17861,17884
6567,2,17866,17882
9501,1,17866,17913
7358,0,17879,17928
9219,2,17882,17914
4985,3,17884,17894
4152,4,17894,17922
9060,3,17894,17900
375,3,17900,17945
8896,1,17913,17946
7946,2,17914,17932
4806,4,17922,17964
7145,0,17928,17943
8457,2,17932,17976
403,0,17943,17977
8778,3,17945,17971
8302,1,17946,17972
9528,4,17964,18000
3076,3,17971,18007
9469,1,17972,18014
812,2,17976,18002
4316,0,17977,18025
6589,4,18000,18024
3922,2,18002,18047
9296,3,18007,18057
7144,1,18014,18030
3877,4,18024,18054
6475,0,18025,18060
6219,1,18030,18079
7620,2,18047,18054
2736,4,18054,18074
7046,2,18054,18064
6912,3,18057,18086
6771,0,18060,18103
3151,2,18064,18088
9426,4,18074,18101
2506,1,18079,18092
3517,3,18086,18100
7483,2,18088,18117
6414,1,18092,18107
6662,3,18100,18111
5201,4,18101,18133
1755,0,18103,18108
2715,1,18107,18131
4430,0,18108,18134
4804,3,18111,18142
2769,2,18117,18165
2795,1,18131,18146
5753,4,18133,18148
8033,0,18134,18177
7776,3,18142,18181
5251,1,18146,18187
1621,4,18148,18184
7005,2,18165,18191
459,0,18177,18185
9006,3,18181,18216
6068,4,18184,18219
2637,0,18185,18192
1238,1,18187,18205
9838,2,18191,18219
9674,0,18192,18209
7524,1,18205,18212
8653,0,18209,18259
8949,1,18212,18257
6528,3,18216,18225
1056,4,18219,18250
9645,2,18219,18234
5108,3,18225,18250
9074,2,18234,18246
7188,2,18246,18259
1667,4,18250,18273
3765,3,18250,18258
2481,1,18257,18285
3374,3,18258,18295
568,0,18259,18275
5232,2,18259,18289
495,4,18273,18303
1849,0,18275,18324
6009,1,18285,18293
4133,2,18289,18310
4183,1,18293,18327
6879,3,18295,18330
1703,4,18303,18316
4623,2,18310,18356
3330,4,18316,18344
5178,0,18324,18363
7065,1,18327,18334
5960,3,18330,18339
9844,1,18334,18339
7266,1,18339,18382
1942,3,18339,18363
8993,4,18344,18354
2442,4,18354,18394
8633,2,18356,18402
2130,0,18363,18389
5065,3,18363,18373
2921,3,18373,18414
5584,1,18382,18410
4492,0,18389,18426
2717,4,18394,18404
1133,2,18402,18416
5488,4,18404,18434
4554,1,18410,18428
4394,3,18414,18436
7754,2,18416,18434
9870,0,18426,18436
7254,1,18428,18472
3658,4,18434,18473
7647,2,18434,18467
6160,0,18436,18480
3756,3,18436,18477
6573,2,18467,18510
8015,1,18472,18513
6556,4,18473,18498
6696,3,18477,18508
1443,0,18480,18509
8692,4,18498,18519
2160,3,18508,18540
6643,0,18509,18529
8631,2,18510,18519
7588,1,18513,18556
8795,4,18519,18562
9389,2,18519,18551
450,0,18529,18558
40,3,18540,18552
3973,2,18551,18576
3888,3,18552,18584
8433,1,18556,18569
8763,0,18558,18581
5730,4,18562,18593
4260,1,18569,18582
1822,2,18576,18594
6260,0,18581,18596
2229,1,18582,18610
4410,3,18584,18613
2923,4,18593,18608
6248,2,18594,18625
8422,0,18596,18607
4518,0,18607,18612
1373,4,18608,18618
1104,1,18610,18640
1094,0,18612,18623
8060,3,18613,18639
8450,4,18618,18629
9013,0,18623,18673
9518,2,18625,18673
3982,4,18629,18645
2017,3,18639,18680
7556,1,18640,18665
1040,4,18645,18680
2043,1,18665,18687
8610,0,18673,18680
3870,2,18673,18696
3635,0,18680,18723
8512,4,18680,18729
4376,3,18680,18698
2178,1,18687,18707
9475,2,18696,18726
5978,3,18698,18737
1858,1,18707,18736
4587,0,18723,18772
921,2,18726,18739
937,4,18729,18760
1701,1,18736,18743
7138,3,18737,18759
679,2,18739,18765
4631,1,18743,18781
9816,3,18759,18798
8413,4,18760,18780
5930,2,18765,18771
9768,2,18771,18806
7915,0,18772,18777
5733,0,18777,18803
7347,4,18780,18809
1159,1,18781,18811
7296,3,18798,18810
9859,0,18803,18810
5914,2,18806,18814
7359,4,18809,18826
8141,0,18810,18825
4053,3,18810,18816
5937,1,18811,18823
9531,2,18814,18845
8342,3,18816,18858
2421,1,18823,18849
8426,0,18825,18845
5068,4,18826,18858
1478,0,18845,18851
1546,2,18845,18870
8593,1,18849,18867
6712,0,18851,18897
7898,4,18858,18904
5399,3,18858,18894
6164,1,18867,18909
8709,2,18870,18901
8079,3,18894,18928
307,0,18897,18932
4044,2,18901,18949
8960,4,18904,18919
9211,1,18909,18923
7766,4,18919,18943
7224,1,18923,18972
8176,3,18928,18955
8164,0,18932,18963
9117,4,18943,18968
614,2,18949,18954
7640,2,18954,18973
804,3,18955,18960
8707,3,18960,19009
581,0,18963,18993
9339,4,18968,19011
1200,1,18972,18988
9116,2,18973,19023
7727,1,18988,18997
9208,0,18993,19008
9964,1,18997,19042
5505,0,19008,19056
1456,3,19009,19028
4807,4,19011,19042
5224,2,19023,19044
1720,3,19028,19041
7943,3,19041,19084
7020,4,19042,19061
1388,1,19042,19090
9833,2,19044,19074
5679,0,19056,19101
5982,4,19061,19074
1308,4,19074,19085
8972,2,19074,19102
3848,3,19084,19130
8711,4,19085,19121
5088,1,19090,19113
4525,0,19101,19136
988,2,19102,19116
1441,1,19113,19121
153,2,19116,19163
8548,4,19121,19126
9678,1,19121,19161
864,4,19126,19135
7419,3,19130,19140
2335,4,19135,19141
7691,0,19136,19157
4887,3,19140,19164
3678,4,19141,19172
2626,0,19157,19202
2536,1,19161,19167
5520,2,19163,19194
9808,3,19164,19201
9821,1,19167,19173
4429,4,19172,19194
7104,1,19173,19220
6616,4,19194,19214
9813,2,19194,19226
6509,3,19201,19239
5562,0,19202,19232
2432,4,19214,19235
2501,1,19220,19253
2884,2,19226,19263
3368,0,19232,19240
2581,4,19235,19261
7850,3,19239,19276
4678,0,19240,19288
8027,1,19253,19280
4568,4,19261,19291
7805,2,19263,19291
2684,3,19276,19304
8697,1,19280,19307
7437,0,19288,19313
1397,4,19291,19338
6972,2,19291,19302
2117,2,19302,19340
3299,3,19304,19342
7813,1,19307,19353
2125,0,19313,19333
7675,0,19333,19339
2071,4,19338,19356
2316,0,19339,19357
1742,2,19340,19378
9721,3,19342,19360
768,1,19353,19364
4349,4,19356,19370
350,0,19357,19390
5031,3,19360,19406
2407,1,19364,19402
7447,4,19370,19396
4419,2,19378,19384
187,2,19384,19429
612,0,19390,19412
4521,4,19396,19408
5144,1,19402,19446
8576,3,19406,19445
8661,4,19408,19445
6280,0,19412,19445
9394,2,19429,19469
6682,0,19445,19479
1329,4,19445,19461
9147,3,19445,19462
2181,1,19446,19476
8431,4,19461,19500
8264,3,19462,19473
8389,2,19469,19510
2444,3,19473,19523
1719,1,19476,19504
8286,0,19479,19492
4868,0,19492,19521
8552,4,19500,19513
8247,1,19504,19546
73,2,19510,19529
1035,4,19513,19561
2993,0,19521,19568
3468,3,19523,19541
2950,2,19529,19566
296,3,19541,19582
6417,1,19546,19592
7008,4,19561,19568
5881,2,19566,19605
9950,0,19568,19591
1709,4,19568,19582
4514,4,19582,19612
8295,3,19582,19607
6780,0,19591,19604
1369,1,19592,19612
9615,0,19604,19617
2272,2,19605,19638
9369,3,19607,19652
1693,4,19612,19631
686,1,19612,19637
6720,0,19617,19645
5055,4,19631,19648
6474,1,19637,19671
1694,2,19638,19648
5859,0,19645,19652
1164,4,19648,19671
2195,2,19648,19676
694,0,19652,19673
2424,3,19652,19690
7721,4,19671,19716
246,1,19671,19711
3373,0,19673,19713
77,2,19676,19723
5667,3,19690,19721
5131,1,19711,19732
6145,0,19713,19754
5396,4,19716,19726
2668,3,19721,19737
6117,2,19723,19751
1732,4,19726,19744
1393,1,19732,19749
3361,3,19737,19765
9493,4,19744,19788
4556,1,19749,19767
5358,2,19751,19769
7048,0,19754,19788
9315,3,19765,19790
7162,1,19767,19810
9442,2,19769,19814
1498,0,19788,19808
9362,4,19788,19796
4257,3,19790,19833
1854,4,19796,19841
2156,0,19808,19825
2020,1,19810,19823
2102,2,19814,19858
8703,1,19823,19849
7812,0,19825,19851
438,3,19833,19847
5458,4,19841,19871
8065,3,19847,19856
4559,1,19849,19880
4118,0,19851,19889
8253,3,19856,19882
2077,2,19858,19881
5812,4,19871,19892
5831,1,19880,19915
7009,2,19881,19915
9977,3,19882,19900
6350,0,19889,19905
8444,4,19892,19904
4004,3,19900,19917
8333,4,19904,19916
6740,0,19905,19942
8266,2,19915,19944
1024,1,19915,19953
2260,4,19916,19960
9690,3,19917,19963
6111,0,19942,19967
3570,2,19944,19958
8935,1,19953,19987
1980,2,19958,19981
4010,4,19960,19987
8261,3,19963,20013
7348,0,19967,19989
8447,2,19981,19997
4706,4,19987,20024
4175,1,19987,19997
954,0,19989,19998
1347,2,19997,20044
2518,1,19997,20030
3798,0,19998,20031
1191,3,20013,20036
3655,4,20024,20039
5642,1,20030,20040
7836,0,20031,20038
7457,3,20036,20062
4907,0,20038,20070
9990,4,20039,20064
3110,1,20040,20054
2961,2,20044,20083
6948,1,20054,20087
4244,3,20062,20074
3579,4,20064,20090
793,0,20070,20075
5290,3,20074,20093
4380,0,20075,20091
5952,2,20083,20089
4571,1,20087,20121
2332,2,20089,20106
8334,4,20090,20117
170,0,20091,20121
4729,3,20093,20127
9416,2,20106,20123
2781,4,20117,20151
6180,0,20121,20139
6864,1,20121,20130
4211,2,20123,20150
9626,3,20127,20149
646,1,20130,20169
790,0,20139,20145
1484,0,20145,20191
706,3,20149,20164
8872,2,20150,20187
2597,4,20151,20159
7911,4,20159,20173
7935,3,20164,20200
7827,1,20169,20183
1026,4,20173,20208
1993,1,20183,20189
2036,2,20187,20213
9738,1,20189,20196
2782,0,20191,20218
6050,1,20196,20240
3344,3,20200,20209
3424,4,20208,20220
9280,3,20209,20251
1643,2,20213,20221
4080,0,20218,20248
9569,4,20220,20254
6324,2,20221,20257
8181,1,20240,20289
9890,0,20248,20287
2201,3,20251,20291
6491,4,20254,20279
697,2,20257,20290
8766,4,20279,20293
6866,0,20287,20296
6007,1,20289,20305
2594,2,20290,20317
5153,3,20291,20296
5252,4,20293,20298
1330,0,20296,20336
5601,3,20296,20324
1445,4,20298,20318
9798,1,20305,20310
1949,1,20310,20345
7302,2,20317,20324
5011,4,20318,20324
273,2,20324,20334
7017,4,20324,20345
3768,3,20324,20329
532,3,20329,20339
9879,2,20334,20384
5887,0,20336,20341
5472,3,20339,20377
5796,0,20341,20376
1569,4,20345,20360
8392,1,20345,20364
7316,4,20360,20390
7530,1,20364,20408
9631,0,20376,20403
8085,3,20377,20391
5114,2,20384,20433
7289,4,20390,20431
8147,3,20391,20403
1971,0,20403,20421
4575,3,20403,20416
7291,1,20408,20420
1386,3,20416,20451
2292,1,20420,20432
5632,0,20421,20443
2806,4,20431,20448
757,1,20432,20442
9274,2,20433,20467
8200,1,20442,20478
4498,0,20443,20478
8284,4,20448,20487
838,3,20451,20489
4735,2,20467,20500
9887,0,20478,20522
5731,1,20478,20502
3070,4,20487,20503
8084,3,20489,20497
6838,3,20497,20526
5038,2,20500,20546
8213,1,20502,20515
3024,4,20503,20518
3477,1,20515,20529
4131,4,20518,20561
390,0,20522,20538
7998,3,20526,20532
5627,1,20529,20544
4143,3,20532,20557
9889,0,20538,20582
1485,1,20544,20555
5850,2,20546,20570
2308,1,20555,20567
7674,3,20557,20607
5474,4,20561,20588
4335,1,20567,20582
3865,2,20570,20590
5758,0,20582,20608
6023,1,20582,20621
8159,4,20588,20613
2121,2,20590,20607
9556,2,20607,20632
6837,3,20607,20654
7247,0,20608,20654
9367,4,20613,20628
7393,1,20621,20662
291,4,20628,20664
7108,2,20632,20677
346,0,20654,20689
708,3,20654,20683
8589,1,20662,20679
4063,4,20664,20679
9224,2,20677,20701
3014,4,20679,20703
4149,1,20679,20704
7567,3,20683,20689
5933,0,20689,20705
1821,3,20689,20699
5579,3,20699,20714
3274,2,20701,20740
5928,4,20703,20718
9059,1,20704,20711
8249,0,20705,20712
3868,1,20711,20760
5842,0,20712,20750
2463,3,20714,20731
1860,4,20718,20727
1206,4,20727,20771
9053,3,20731,20742
6856,2,20740,20746
3127,3,20742,20760
3226,2,20746,20758
8351,0,20750,20770
1966,2,20758,20771
3198,3,20760,20809
8887,1,20760,20774
5948,0,20770,20809
6884,4,20771,20819
7275,2,20771,20789
6832,1,20774,20780
9534,1,20780,20830
3682,2,20789,20824
8276,0,20809,20846
398,3,20809,20848
4014,4,20819,20833
2021,2,20824,20867
4981,1,20830,20871
7652,4,20833,20848
5752,0,20846,20861
6052,4,20848,20865
4694,3,20848,20853
605,3,20853,20873
4721,0,20861,20908
7474,4,20865,20874
9398,2,20867,20915
3585,1,20871,20897
4626,3,20873,20892
9431,4,20874,20919
7992,3,20892,20927
3976,1,20897,20903
1771,1,20903,20923
3356,0,20908,20940
7218,2,20915,20955
76,4,20919,20930
166,1,20923,20967
5079,3,20927,20967
2548,4,20930,20946
7344,0,20940,20961
1746,4,20946,20966
2078,2,20955,20964
8023,0,20961,21003
5778,2,20964,20993
9636,4,20966,21009
9139,3,20967,21011
5564,1,20967,21008
8965,2,20993,21012
2909,0,21003,21028
9166,1,21008,21035
1302,4,21009,21040
475,3,21011,21057
8854,2,21012,21055
2807,0,21028,21049
4620,1,21035,21077
3448,4,21040,21088
5373,0,21049,21063
8420,2,21055,21103
7683,3,21057,21091
7924,0,21063,21069
4320,0,21069,21102
2092,1,21077,21127
4755,4,21088,21120
1020,3,21091,21134
4130,0,21102,21142
8430,2,21103,21132
372,4,21120,21157
7310,1,21127,21142
8203,2,21132,21166
2480,3,21134,21168
7668,0,21142,21163
2348,1,21142,21177
5299,4,21157,21207
3098,0,21163,21177
8074,2,21166,21215
2151,3,21168,21173
4754,3,21173,21214
4488,0,21177,21188
1356,1,21177,21190
9203,0,21188,21235
3008,1,21190,21224
3445,4,21207,21232
8128,3,21214,21243
4776,2,21215,21245
6472,1,21224,21247
7090,4,21232,21245
8103,0,21235,21273
572,3,21243,21283
8835,4,21245,21288
1071,2,21245,21294
2929,1,21247,21291
6065,0,21273,21282
9359,0,21282,21305
7117,3,21283,21313
6408,4,21288,21299
8355,1,21291,21299
5132,2,21294,21313
3323,4,21299,21315
7163,1,21299,21340
8638,0,21305,21320
3540,2,21313,21361
5498,3,21313,21353
8669,4,21315,21327
2643,0,21320,21368
7044,4,21327,21349
4061,1,21340,21390
4069,4,21349,21382
7669,3,21353,21393
2673,2,21361,21402
1105,0,21368,21412
7798,4,21382,21419
8483,1,21390,21407
8152,3,21393,21422
3776,2,21402,21415
722,1,21407,21427
4522,0,21412,21462
6585,2,21415,21426
9131,4,21419,21467
4573,3,21422,21438
286,2,21426,21443
1361,1,21427,21454
213,3,21438,21450
2223,2,21443,21477
9297,3,21450,21460
8436,1,21454,21489
8892,3,21460,21466
7232,0,21462,21467
745,3,21466,21473
513,0,21467,21473
5652,4,21467,21502
9926,0,21473,21495
9602,3,21473,21501
95,2,21477,21492
7030,1,21489,21522
5636,2,21492,21529
1294,0,21495,21543
5602,3,21501,21546
1802,4,21502,21549
4274,1,21522,21542
1042,2,21529,21561
3260,1,21542,21579
5768,0,21543,21586
97,3,21546,21583
3514,4,21549,21571
6510,2,21561,21590
2040,4,21571,21618
3272,1,21579,21592
6048,3,21583,21598
4955,0,21586,21607
7326,2,21590,21617
4595,1,21592,21635
8366,3,21598,21626
5570,0,21607,21636
1573,2,21617,21637
6354,4,21618,21640
3246,3,21626,21648
3145,1,21635,21682
1341,0,21636,21685
6033,2,21637,21651
764,4,21640,21688
9249,3,21648,21680
1060,2,21651,21695
8165,3,21680,21692
6659,1,21682,21689
449,0,21685,21698
2800,4,21688,21731
3460,1,21689,21721
3511,3,21692,21704
1986,2,21695,21741
8569,0,21698,21709
7961,3,21704,21718
7562,0,21709,21732
8684,3,21718,21751
7006,1,21721,21763
1664,4,21731,21756
4932,0,21732,21761
4067,2,21741,21766
8860,3,21751,21782
7446,4,21756,21804
9340,0,21761,21796
1053,1,21763,21811
4369,2,21766,21782
9360,2,21782,21828
6025,3,21782,21800
5015,0,21796,21801
7745,3,21800,21815
732,0,21801,21826
5391,4,21804,21813
8017,1,21811,21848
2713,4,21813,21834
9951,3,21815,21855
8768,0,21826,21835
2816,2,21828,21853
9699,4,21834,21872
778,0,21835,21878
1400,1,21848,21864
1677,2,21853,21887
8290,3,21855,21868
3318,1,21864,21883
5054,3,21868,21873
9843,4,21872,21918
2310,3,21873,21886
543,0,21878,21913
4904,1,21883,21900
5307,3,21886,21928
1160,2,21887,21929
71,1,21900,21931
683,0,21913,21943
9279,4,21918,21955
1204,3,21928,21977
9336,2,21929,21968
3455,1,21931,21978
6254,0,21943,21990
8982,4,21955,21976
9331,2,21968,21982
5310,4,21976,21981
3326,3,21977,21989
1392,1,21978,21996
431,4,21981,21995
6817,2,21982,22029
1794,3,21989,22030
7969,0,21990,22009
6541,4,21995,22035
2093,1,21996,22041
7779,0,22009,22026
1852,0,22026,22048
2892,2,22029,22065
3694,3,22030,22079
1762,4,22035,22067
2141,1,22041,22074
6635,0,22048,22079
3662,2,22065,22102
6917,4,22067,22093
3832,1,22074,22120
7976,0,22079,22089
8785,3,22079,22113
384,0,22089,22106
1259,4,22093,22120
5915,2,22102,22111
4603,0,22106,22134
1405,2,22111,22122
7050,3,22113,22126
3446,4,22120,22141
1576,1,22120,22169
8142,2,22122,22165
8537,3,22126,22145
4026,0,22134,22151
5869,4,22141,22151
7458,3,22145,22156
284,4,22151,22157
3184,0,22151,22199
6458,3,22156,22204
96,4,22157,22169
6101,2,22165,22198
9205,4,22169,22179
9032,1,22169,22211
9328,4,22179,22197
573,4,22197,22241
9659,2,22198,22225
2400,0,22199,22212
9409,3,22204,22231
8917,1,22211,22236
4078,0,22212,22225
7558,0,22225,22270
6061,2,22225,22262
9723,3,22231,22273
5786,1,22236,22276
3843,4,22241,22269
2187,2,22262,22300
1959,4,22269,22280
8688,0,22270,22308
2415,3,22273,22318
9029,1,22276,22319
7848,4,22280,22311
5833,2,22300,22342
1421,0,22308,22319
9194,4,22311,22317
6815,4,22317,22344
7110,3,22318,22341
6683,0,22319,22332
7913,1,22319,22331
9748,1,22331,22353
6658,0,22332,22343
9047,3,22341,22356
7196,2,22342,22374
5683,0,22343,22353
5203,4,22344,22362
3105,0,22353,22382
526,1,22353,22396
3025,3,22356,22375
5785,4,22362,22388
711,2,22374,22381
5611,3,22375,22418
9378,2,22381,22424
45,0,22382,22404
4592,4,22388,22399
119,1,22396,22403
672,4,22399,22425
9893,1,22403,22436
465,0,22404,22446
9372,3,22418,22424
4029,2,22424,22456
4276,3,22424,22431
6634,4,22425,22438
6476,3,22431,22436
9020,3,22436,22449
3767,1,22436,22442
4621,4,22438,22450
1257,1,22442,22456
1524,0,22446,22496
2270,3,22449,22477
1241,4,22450,22490
5798,2,22456,22483
6407,1,22456,22490
2638,3,22477,22488
3223,2,22483,22498
851,3,22488,22534
4322,4,22490,22537
437,1,22490,22516
3082,0,22496,22524
7528,2,22498,22525
5368,1,22516,22560
8666,0,22524,22531
3386,2,22525,22535
5807,0,22531,22552
9938,3,22534,22558
5816,2,22535,22557
5258,4,22537,22559
9490,0,22552,22561
2108,2,22557,22579
8054,3,22558,22588
4843,4,22559,22594
1226,1,22560,22584
7821,0,22561,22576
9309,0,22576,22606
2375,2,22579,22617
488,1,22584,22594
2327,3,22588,22606
4670,4,22594,22643
3482,1,22594,22618
6073,0,22606,22647
7165,3,22606,22637
1314,2,22617,22624
9033,1,22618,22658
4901,2,22624,22667
9463,3,22637,22673
2701,4,22643,22691
7621,0,22647,22689
3412,1,22658,22707
5475,2,22667,22714
7004,3,22673,22715
9187,0,22689,22702
2633,4,22691,22697
5875,4,22697,22738
6697,0,22702,22745
5762,1,22707,22717
3394,2,22714,22749
1602,3,22715,22735
849,1,22717,22755
4082,3,22735,22783
4203,4,22738,22750
6027,0,22745,22771
6081,2,22749,22771
8885,4,22750,22764
2439,1,22755,22781
9289,4,22764,22778
5754,0,22771,22776
56,2,22771,22781
5663,0,22776,22805
2411,4,22778,22802
2422,2,22781,22790
8320,1,22781,22809
3481,3,22783,22802
7268,2,22790,22839
124,4,22802,22848
6735,3,22802,22816
7987,0,22805,22844
1887,1,22809,22847
9644,3,22816,22860
6985,2,22839,22865
1636,0,22844,22863
2630,1,22847,22853
734,4,22848,22881
2339,1,22853,22893
3563,3,22860,22888
8256,0,22863,22886
1439,2,22865,22913
2371,4,22881,22922
3808,0,22886,22894
1507,3,22888,22902
8938,1,22893,22908
8506,0,22894,22937
5790,3,22902,22937
9169,1,22908,22922
6342,2,22913,22948
5819,4,22922,22950
3165,1,22922,22954
6590,0,22937,22948
4524,3,22937,22985
3794,2,22948,22988
7505,0,22948,22977
41,4,22950,22986
885,1,22954,22959
1028,1,22959,22964
4885,1,22964,22985
9567,0,22977,22987
2383,3,22985,23035
5049,1,22985,23027
1127,4,22986,22991
6899,0,22987,23036
1138,2,22988,23004
6540,4,22991,23007
4318,2,23004,23044
2303,4,23007,23030
4423,1,23027,23077
1936,4,23030,23045
8114,3,23035,23055
1287,0,23036,23083
2867,2,23044,23083
3937,4,23045,23072
1886,3,23055,23079
8720,4,23072,23112
8855,1,23077,23122
4633,3,23079,23101
2752,2,23083,23103
7174,0,23083,23131
230,3,23101,23115
2991,2,23103,23124
1736,4,23112,23147
2945,3,23115,23164
5197,1,23122,23169
3920,2,23124,23134
330,0,23131,23157
608,2,23134,23148
7919,4,23147,23172
1972,2,23148,23157
6122,2,23157,23193
7330,0,23157,23199
8056,3,23164,23196
4433,1,23169,23208
5364,4,23172,23214
1706,2,23193,23206
5793,3,23196,23220
3508,0,23199,23246
1853,2,23206,23221
4730,1,23208,23236
1011,4,23214,23256
7203,3,23220,23242
9399,2,23221,23237
7688,1,23236,23251
46,2,23237,23244
663,3,23242,23247
1470,2,23244,23283
5216,0,23246,23251
6144,3,23247,23285
1335,0,23251,23267
9810,1,23251,23301
2952,4,23256,23303
9903,0,23267,23305
1074,2,23283,23313
8581,3,23285,23321
3503,1,23301,23325
3681,4,23303,23345
428,0,23305,23315
5518,2,23313,23360
2054,0,23315,23342
7235,3,23321,23345
866,1,23325,23333
2985,1,23333,23343
9209,0,23342,23376
6913,1,23343,23392
7953,4,23345,23376
533,3,23345,23367
8672,2,23360,23365
4814,2,23365,23392
5260,3,23367,23401
4967,4,23376,23424
8222,0,23376,23403
5134,2,23392,23399
1751,1,23392,23430
5141,2,23399,23410
3541,3,23401,23441
4761,0,23403,23423
2514,2,23410,23453
4745,0,23423,23469
5682,4,23424,23437
1533,1,23430,23456
5001,4,23437,23455
832,3,23441,23478
2440,2,23453,23500
2428,4,23455,23473
6170,1,23456,23500
2809,0,23469,23489
899,4,23473,23505
5390,3,23478,23522
5894,0,23489,23513
1989,2,23500,23521
5045,1,23500,23514
1556,4,23505,23555
2006,0,23513,23544
6357,1,23514,23539
5800,2,23521,23566
7930,3,23522,23561
4399,1,23539,23578
4832,0,23544,23555
9675,4,23555,23562
3790,0,23555,23564
2157,3,23561,23582
1866,4,23562,23608
5997,0,23564,23610
1528,2,23566,23595
7509,1,23578,23585
563,3,23582,23600
3839,1,23585,23610
8749,2,23595,23629
3046,3,23600,23644
4699,4,23608,23652
1867,0,23610,23626
2791,1,23610,23630
8397,0,23626,23661
4038,2,23629,23657
8713,1,23630,23653
4482,3,23644,23650
364,3,23650,23663
1461,4,23652,23695
7648,1,23653,23673
3258,2,23657,23702
5770,0,23661,23708
6930,3,23663,23689
6315,1,23673,23691
2533,3,23689,23712
1833,1,23691,23696
8828,4,23695,23703
1342,1,23696,23706
7180,2,23702,23709
1875,4,23703,23718
4683,1,23706,23732
9600,0,23708,23729
7977,2,23709,23726
6684,3,23712,23762
2426,4,23718,23737
7462,2,23726,23737
8625,0,23729,23775
8825,1,23732,23769
1994,4,23737,23781
2697,2,23737,23753
8314,2,23753,23779
7506,3,23762,23803
6100,1,23769,23781
9877,0,23775,23787
6021,2,23779,23796
4719,4,23781,23807
8592,1,23781,23828
1999,0,23787,23823
6885,2,23796,23832
9287,3,23803,23829
2751,4,23807,23832
1365,0,23823,23860
7765,1,23828,23863
8348,3,23829,23840
1625,4,23832,23867
1414,2,23832,23856
9806,3,23840,23872
4791,2,23856,23887
8586,0,23860,23871
1075,1,23863,23891
5934,4,23867,23893
3582,0,23871,23887
7329,3,23872,23882
8098,3,23882,23923
2749,2,23887,23894
1381,0,23887,23901
7780,1,23891,23937
8398,4,23893,23935
1950,2,23894,23915
2392,0,23901,23912
949,0,23912,23945
6319,2,23915,23921
1923,2,23921,23955
444,3,23923,23963
2248,4,23935,23949
6469,1,23937,23978
7623,0,23945,23966
7465,4,23949,23961
1527,2,23955,23981
9058,4,23961,23979
3603,3,23963,24006
1766,0,23966,23997
4536,1,23978,24003
9858,4,23979,24010
4253,2,23981,24027
7539,0,23997,24019
5154,1,24003,24050
2786,3,24006,24028
5686,4,24010,24036
1251,0,24019,24030
9901,2,24027,24063
6352,3,24028,24069
7158,0,24030,24036
6632,4,24036,24055
5777,0,24036,24060
368,1,24050,24071
9487,4,24055,24060
8327,4,24060,24105
6339,0,24060,24081
1613,2,24063,24098
6437,3,24069,24077
6976,1,24071,24120
9867,3,24077,24107
7068,0,24081,24086
9599,0,24086,24116
3385,2,24098,24126
4515,4,24105,24131
6969,3,24107,24122
3986,0,24116,24123
6253,1,24120,24162
1515,3,24122,24155
9107,0,24123,24133
4146,2,24126,24164
7659,4,24131,24144
3377,0,24133,24142
7355,0,24142,24159
4383,4,24144,24158
7826,3,24155,24195
4523,4,24158,24192
6963,0,24159,24192
7307,1,24162,24180
4831,2,24164,24191
4059,1,24180,24225
1513,2,24191,24205
6719,4,24192,24213
3512,0,24192,24210
184,3,24195,24244
8804,2,24205,24245
7997,0,24210,24222
5514,4,24213,24244
1242,0,24222,24270
193,1,24225,24231
1256,1,24231,24242
6374,1,24242,24255
2343,4,24244,24279
7222,3,24244,24293
1834,2,24245,24271
2859,1,24255,24299
6419,0,24270,24298
4345,2,24271,24309
2510,4,24279,24304
7040,3,24293,24308
4884,0,24298,24342
5342,1,24299,24309
7343,4,24304,24311
4916,3,24308,24338
9945,2,24309,24334
2966,1,24309,24315
545,4,24311,24316
963,1,24315,24330
7041,4,24316,24331
6064,1,24330,24336
4601,4,24331,24381
2860,2,24334,24355
3075,1,24336,24368
9958,3,24338,24371
3009,0,24342,24354
5440,0,24354,24385
5337,2,24355,24397
332,1,24368,24390
2949,3,24371,24378
3528,3,24378,24385
6426,4,24381,24430
8805,0,24385,24405
6641,3,24385,24415
4931,1,24390,24412
2430,2,24397,24415
3622,0,24405,24435
8400,1,24412,24440
67,2,24415,24460
7466,3,24415,24458
5161,4,24430,24475
5775,0,24435,24479
8096,1,24440,24472
5118,3,24458,24471
7885,2,24460,24466
3666,2,24466,24474
1656,3,24471,24484
7309,1,24472,24497
8816,2,24474,24509
4859,4,24475,24490
498,0,24479,24487
6624,3,24484,24501
6394,0,24487,24510
5018,4,24490,24526
6581,1,24497,24541
5620,3,24501,24550
3270,2,24509,24558
9861,0,24510,24528
3598,4,24526,24537
1062,0,24528,24575
8870,4,24537,24547
2324,1,24541,24561
4773,4,24547,24572
9384,3,24550,24578
4058,2,24558,24566
3699,1,24561,24608
2362,2,24566,24578
8219,4,24572,24598
1123,0,24575,24620
7602,2,24578,24606
1926,3,24578,24606
6277,4,24598,24611
8635,2,24606,24616
6611,3,24606,24643
7489,1,24608,24621
8865,4,24611,24619
656,2,24616,24663
1199,4,24619,24634
3249,0,24620,24631
2448,1,24621,24632
660,0,24631,24653
3473,1,24632,24650
7660,4,24634,24655
8723,3,24643,24668
5231,1,24650,24664
3605,0,24653,24668
6534,4,24655,24701
7560,2,24663,24683
1101,1,24664,24697
8358,0,24668,24682
1558,3,24668,24695
2099,0,24682,24726
3824,2,24683,24723
7866,3,24695,24734
724,1,24697,24740
1570,4,24701,24744
8943,2,24723,24770
4169,0,24726,24747
2899,3,24734,24778
4974,1,24740,24789
759,4,24744,24760
1312,0,24747,24762
6693,4,24760,24788
3057,0,24762,24803
2191,2,24770,24804
1120,3,24778,24795
929,4,24788,24796
5592,1,24789,24839
8494,3,24795,24804
7215,4,24796,24820
4486,0,24803,24849
7684,2,24804,24825
9148,3,24804,24816
6736,3,24816,24834
4263,4,24820,24857
2789,2,24825,24834
6293,2,24834,24882
3932,3,24834,24839
8550,3,24839,24844
8081,1,24839,24871
418,3,24844,24890
8508,0,24849,24872
1087,4,24857,24862
9338,4,24862,24877
1925,1,24871,24899
1869,0,24872,24919
8934,4,24877,24910
8696,2,24882,24905
3988,3,24890,24903
5581,1,24899,24928
5841,3,24903,24916
4104,2,24905,24940
1790,4,24910,24960
1721,3,24916,24921
2629,0,24919,24965
610,3,24921,24933
5666,1,24928,24966
7578,3,24933,24981
7944,2,24940,24974
5455,4,24960,24990
4590,0,24965,25002
919,1,24966,24988
9424,2,24974,25014
5412,3,24981,25029
4896,1,24988,24994
8240,4,24990,25011
6188,1,24994,25019
6714,0,25002,25009
5202,0,25009,25057
3103,4,25011,25040
7143,2,25014,25061
2628,1,25019,25060
4660,3,25029,25057
8716,4,25040,25045
1747,4,25045,25085
4780,0,25057,25079
3708,3,25057,25089
7519,1,25060,25076
1896,2,25061,25083
5563,1,25076,25095
9300,0,25079,25089
413,2,25083,25092
8910,4,25085,25106
1940,0,25089,25109
8232,3,25089,25100
979,2,25092,25106
1931,1,25095,25108
7817,3,25100,25112
6444,2,25106,25116
1564,4,25106,25140
1512,1,25108,25151
6741,0,25109,25115
1763,3,25112,25155
3558,0,25115,25150
6569,2,25116,25142
3458,4,25140,25158
8568,2,25142,25160
7491,0,25150,25176
3721,1,25151,25180
5696,3,25155,25181
145,4,25158,25207
5557,2,25160,25166
813,2,25166,25180
648,0,25176,25188
3410,2,25180,25229
8255,1,25180,25209
457,3,25181,25208
927,0,25188,25206
2568,0,25206,25236
4234,4,25207,25232
6289,3,25208,25247
3457,1,25209,25225
9471,1,25225,25247
4098,2,25229,25268
1768,4,25232,25260
5899,0,25236,25264
6051,3,25247,25291
5597,1,25247,25258
7120,1,25258,25279
3998,4,25260,25279
5076,0,25264,25309
704,2,25268,25274
5208,2,25274,25292
2138,4,25279,25312
7815,1,25279,25328
2941,3,25291,25315
5229,2,25292,25333
4978,0,25309,25357
582,4,25312,25350
3362,3,25315,25359
3203,1,25328,25368
7551,2,25333,25355
3133,4,25350,25390
3991,2,25355,25379
837,0,25357,25399
9515,3,25359,25387
6337,1,25368,25385
4892,2,25379,25423
6302,1,25385,25392
4871,3,25387,25395
3099,4,25390,25426
8623,1,25392,25433
867,3,25395,25416
9182,0,25399,25448
37,3,25416,25424
5539,2,25423,25437
6297,3,25424,25448
6742,4,25426,25471
8978,1,25433,25439
2833,2,25437,25442
1876,1,25439,25482
4392,2,25442,25452
902,0,25448,25461
1290,3,25448,25462
4838,2,25452,25473
7597,0,25461,25477
5700,3,25462,25475
392,4,25471,25479
688,2,25473,25508
2215,3,25475,25493
5947,0,25477,25511
9803,4,25479,25488
760,1,25482,25501
3620,4,25488,25538
9597,3,25493,25520
5847,1,25501,25510
8621,2,25508,25557
2804,1,25510,25543
552,0,25511,25547
5483,3,25520,25545
3399,4,25538,25577
6074,1,25543,25568
9454,3,25545,25586
6422,0,25547,25589
4191,2,25557,25566
5925,2,25566,25586
537,1,25568,25611
4539,4,25577,25590
6689,2,25586,25610
2361,3,25586,25616
8365,0,25589,25624
645,4,25590,25595
3926,4,25595,25609
6718,4,25609,25656
7934,2,25610,25657
2001,1,25611,25655
7118,3,25616,25646
2646,0,25624,25647
3065,3,25646,25677
2193,0,25647,25652
6824,0,25652,25669
4100,1,25655,25668
3195,4,25656,25685
6291,2,25657,25683
1696,1,25668,25697
1197,0,25669,25701
4187,3,25677,25714
9065,2,25683,25709
9961,4,25685,25706
7589,1,25697,25703
553,0,25701,25739
4047,1,25703,25749
7371,4,25706,25750
2438,2,25709,25759
8701,3,25714,25754
6920,0,25739,25753
1055,1,25749,25796
5096,4,25750,25755
6999,0,25753,25762
6964,3,25754,25803
7208,4,25755,25777
3026,2,25759,25802
1748,0,25762,25772
6709,0,25772,25813
5493,4,25777,25808
4060,1,25796,25823
7270,2,25802,25812
1769,3,25803,25823
3247,4,25808,25852
1099,2,25812,25829
7829,0,25813,25844
5388,3,25823,25841
8559,1,25823,25847
1326,2,25829,25838
9681,2,25838,25876
185,3,25841,25855
4391,0,25844,25874
3279,1,25847,25862
9987,4,25852,25876
606,3,25855,25881
4646,1,25862,25908
6914,0,25874,25915
2971,2,25876,25883
806,4,25876,25920
1174,3,25881,25900
5365,2,25883,25907
5604,3,25900,25906
5651,3,25906,25950
3911,2,25907,25918
9022,1,25908,25954
7628,0,25915,25934
9519,2,25918,25956
3755,4,25920,25925
5538,4,25925,25956
6220,0,25934,25957
5773,3,25950,25957
8899,1,25954,25995
7409,2,25956,25979
4020,4,25956,25970
5533,0,25957,25974
1676,3,25957,25985
3487,4,25970,25997
2746,0,25974,25987
7861,2,25979,25987
878,3,25985,26011
8001,2,25987,26017
7926,0,25987,26008
1491,1,25995,26045
6135,4,25997,26032
5719,0,26008,26019
5166,3,26011,26046
9605,2,26017,26037
3353,0,26019,26030
3555,0,26030,26072
8932,4,26032,26074
1427,2,26037,26074
9026,1,26045,26078
7529,3,26046,26085
3687,0,26072,26113
9505,2,26074,26118
463,4,26074,26107
6812,1,26078,26121
9028,3,26085,26099
8857,3,26099,26126
3786,4,26107,26149
9238,0,26113,26159
8674,2,26118,26154
6290,1,26121,26131
6774,3,26126,26154
3690,1,26131,26141
9439,1,26141,26163
9670,4,26149,26192
1135,2,26154,26159
4596,3,26154,26171
9995,2,26159,26171
7816,0,26159,26177
9153,1,26163,26170
2276,1,26170,26177
969,2,26171,26186
4179,3,26171,26179
5598,0,26177,26192
146,1,26177,26208
2627,3,26179,26222
5319,2,26186,26204
3845,4,26192,26234
2336,0,26192,26228
2205,2,26204,26215
767,1,26208,26258
9796,2,26215,26253
9789,3,26222,26238
159,0,26228,26262
4540,4,26234,26270
6903,3,26238,26288
5324,2,26253,26275
859,1,26258,26307
7027,0,26262,26272
7559,4,26270,26295
9104,0,26272,26287
6816,2,26275,26291
1735,0,26287,26323
2567,3,26288,26307
4239,2,26291,26319
2194,4,26295,26307
7130,4,26307,26349
8676,3,26307,26350
4510,1,26307,26315
4470,1,26315,26359
7644,2,26319,26339
8323,0,26323,26370
2936,2,26339,26388
1660,4,26349,26360
1669,3,26350,26380
3281,1,26359,26374
8328,4,26360,26403
3013,0,26370,26407
5221,1,26374,26394
9537,3,26380,26400
1413,2,26388,26402
6777,1,26394,26406
3654,3,26400,26431
7982,2,26402,26431
1170,4,26403,26427
7687,1,26406,26426
2389,0,26407,26413
5988,0,26413,26453
2293,1,26426,26439
2352,4,26427,26454
5804,2,26431,26468
1638,3,26431,26469
1697,1,26439,26453
3207,0,26453,26458
5264,1,26453,26458
5744,4,26454,26461
8312,0,26458,26490
209,1,26458,26477
3169,4,26461,26504
9422,2,26468,26494
7875,3,26469,26488
6072,1,26477,26517
244,3,26488,26500
7079,0,26490,26526
2271,2,26494,26520
4529,3,26500,26539
1214,4,26504,26522
511,1,26517,26541
2495,2,26520,26542
6008,4,26522,26548
9275,0,26526,26542
7136,3,26539,26576
8774,1,26541,26588
5530,0,26542,26554
1137,2,26542,26571
8269,4,26548,26579
7468,0,26554,26575
4456,2,26571,26600
3552,0,26575,26602
7403,3,26576,26593
2470,4,26579,26625
6125,1,26588,26636
7124,3,26593,26616
5402,2,26600,26607
261,0,26602,26624
6010,2,26607,26649
6183,3,26616,26664
2916,0,26624,26647
847,4,26625,26642
8936,1,26636,26646
7835,4,26642,26658
5308,1,26646,26669
1066,0,26647,26657
2523,2,26649,26663
9555,0,26657,26704
7285,4,26658,26673
2588,2,26663,26690
9749,3,26664,26691
4342,1,26669,26711
7282,4,26673,26687
2096,4,26687,26737
7448,2,26690,26734
916,3,26691,26714
4987,0,26704,26719
6670,1,26711,26725
379,3,26714,26748
2409,0,26719,26740
69,1,26725,26740
7054,2,26734,26751
5124,4,26737,26745
642,0,26740,26749
5372,1,26740,26788
6953,4,26745,26754
4238,3,26748,26771
1783,0,26749,26783
3531,2,26751,26781
8024,4,26754,26801
7452,3,26771,26777
3918,3,26777,26793
9031,2,26781,26802
9835,0,26783,26803
1579,1,26788,26799
6941,3,26793,26836
3453,1,26799,26814
9785,4,26801,26846
5445,2,26802,26823
6882,0,26803,26819
3342,1,26814,26845
883,0,26819,26845
6438,2,26823,26869
539,3,26836,26847
9310,0,26845,26880
674,1,26845,26873
5086,4,26846,26883
8393,3,26847,26883
6079,2,26869,26907
7619,1,26873,26922
2838,0,26880,26911
1409,4,26883,26895
8545,3,26883,26910
2962,4,26895,26904
1292,4,26904,26934
2934,2,26907,26933
3040,3,26910,26922
4586,0,26911,26947
148,3,26922,26944
2110,1,26922,26935
3434,2,26933,26970
3092,4,26934,26940
3280,1,26935,26979
8632,4,26940,26971
2065,3,26944,26984
6154,0,26947,26978
197,2,26970,26979
7663,4,26971,27008
6069,0,26978,27023
278,2,26979,27020
9535,1,26979,26995
7184,3,26984,27008
2733,1,26995,27004
1108,1,27004,27026
6568,4,27008,27027
9271,3,27008,27031
4411,2,27020,27068
3827,0,27023,27048
2431,1,27026,27060
6769,4,27027,27061
9259,3,27031,27056
6235,0,27048,27092
2484,3,27056,27075
4715,1,27060,27075
9601,4,27061,27088
6387,2,27068,27115
5849,3,27075,27107
7150,1,27075,27096
2978,4,27088,27138
4160,0,27092,27108
1084,1,27096,27133
9027,3,27107,27141
2553,0,27108,27131
9594,2,27115,27153
5035,0,27131,27172
9415,1,27133,27138
9969,4,27138,27187
3087,1,27138,27177
2490,3,27141,27146
7057,3,27146,27188
2023,2,27153,27179
950,0,27172,27218
7367,1,27177,27196
8753,2,27179,27214
3901,4,27187,27192
777,3,27188,27203
715,4,27192,27203
2918,1,27196,27232
6612,4,27203,27233
6988,3,27203,27248
3697,2,27214,27248
664,0,27218,27245
1372,1,27232,27265
2103,4,27233,27257
869,0,27245,27265
1850,2,27248,27292
6264,3,27248,27257
634,4,27257,27287
6507,3,27257,27279
5003,0,27265,27310
7341,1,27265,27282
8601,3,27279,27319
5082,1,27282,27300
4114,4,27287,27312
7127,2,27292,27302
8196,1,27300,27332
2756,2,27302,27340
9380,0,27310,27353
5437,4,27312,27347
890,3,27319,27357
6094,1,27332,27358
7364,2,27340,27364
7412,4,27347,27353
8489,4,27353,27359
9878,0,27353,27366
2995,3,27357,27373
651,1,27358,27407
6070,4,27359,27369
4494,2,27364,27385
5297,0,27366,27381
2935,4,27369,27381
283,3,27373,27409
855,4,27381,27406
8557,0,27381,27413
3190,2,27385,27406
807,4,27406,27429
7029,2,27406,27422
5910,1,27407,27437
6462,3,27409,27417
7121,0,27413,27459
5907,3,27417,27425
500,2,27422,27452
5808,3,27425,27474
1791,4,27429,27468
99,1,27437,27466
8019,2,27452,27472
8026,0,27459,27506
8895,1,27466,27513
7073,4,27468,27507
6250,2,27472,27504
9814,3,27474,27511
4112,2,27504,27520
9199,0,27506,27535
3004,4,27507,27529
8073,3,27511,27534
7022,1,27513,27538
177,2,27520,27559
2972,4,27529,27566
7595,3,27534,27567
9731,0,27535,27540
1665,1,27538,27585
9608,0,27540,27583
9202,2,27559,27582
5643,4,27566,27610
3197,3,27567,27585
1968,2,27582,27631
9793,0,27583,27618
6163,3,27585,27603
3732,1,27585,27633
9183,3,27603,27619
1276,4,27610,27658
9130,0,27618,27633
3887,3,27619,27626
7521,3,27626,27668
7699,2,27631,27636
4890,0,27633,27660
3589,1,27633,27658
1284,2,27636,27644
5077,2,27644,27689
1738,4,27658,27688
9388,1,27658,27682
175,0,27660,27682
5710,3,27668,27710
10000,0,27682,27718
3243,1,27682,27714
2954,4,27688,27704
5669,2,27689,27716
2307,4,27704,27722
5312,3,27710,27760
9076,1,27714,27758
6018,2,27716,27754
8139,0,27718,27744
247,4,27722,27744
5241,4,27744,27793
9099,0,27744,27750
4816,0,27750,27793
6937,2,27754,27783
1161,1,27758,27800
8230,3,27760,27805
1474,2,27783,27829
2458,4,27793,27840
7794,0,27793,27835
2423,1,27800,27826
4230,3,27805,27843
5902,1,27826,27873
8588,2,27829,27839
7388,0,27835,27844
8168,2,27839,27846
6082,4,27840,27879
4077,3,27843,27865
1837,0,27844,27868
2266,2,27846,27854
7731,2,27854,27863
7737,2,27863,27910
4869,3,27865,27913
3489,0,27868,27883
2126,1,27873,27888
6572,4,27879,27892
2212,0,27883,27921
5506,1,27888,27931
980,4,27892,27911
8132,2,27910,27945
4565,4,27911,27945
1779,3,27913,27958
9001,0,27921,27928
225,0,27928,27963
1716,1,27931,27961
6268,4,27945,27973
344,2,27945,27971
3018,3,27958,27978
7744,1,27961,28008
429,0,27963,28007
8055,2,27971,28018
4280,4,27973,27994
8235,3,27978,28022
5658,4,27994,27999
4421,4,27999,28025
334,0,28007,28018
4457,1,28008,28035
8111,2,28018,28044
4888,0,28018,28045
7844,3,28022,28051
2445,4,28025,28031
4180,4,28031,28043
2525,1,28035,28075
682,4,28043,28083
7295,2,28044,28084
4611,0,28045,28050
2128,0,28050,28093
2136,3,28051,28072
3802,3,28072,28098
53,1,28075,28121
2152,4,28083,28093
9685,2,28084,28127
2812,4,28093,28137
1103,0,28093,28138
7340,3,28098,28110
288,3,28110,28132
380,1,28121,28152
8089,2,28127,28142
1216,3,28132,28174
4865,4,28137,28182
3048,0,28138,28180
9692,2,28142,28160
9272,1,28152,28194
5205,2,28160,28165
5547,2,28165,28197
9276,3,28174,28186
6421,0,28180,28202
7748,4,28182,28209
7561,3,28186,28195
3624,1,28194,28223
2613,3,28195,28223
5406,2,28197,28217
522,0,28202,28223
960,4,28209,28233
9235,2,28217,28247
5496,0,28223,28253
1107,3,28223,28273
9646,1,28223,28248
2708,4,28233,28280
7883,2,28247,28296
6406,1,28248,28280
2559,0,28253,28279
1898,3,28273,28284
6326,0,28279,28298
9357,4,28280,28320
8648,1,28280,28329
2105,3,28284,28327
1027,2,28296,28345
5346,0,28298,28347
6638,4,28320,28334
9320,3,28327,28349
1325,1,28329,28378
4695,4,28334,28370
7865,2,28345,28388
961,0,28347,28387
8691,3,28349,28393
3479,4,28370,28420
7803,1,28378,28410
8852,0,28387,28413
2593,2,28388,28417
6158,3,28393,28416
3320,1,28410,28447
7905,0,28413,28419
2565,3,28416,28462
2586,2,28417,28463
3359,0,28419,28444
6159,4,28420,28430
448,4,28430,28478
9981,0,28444,28490
3028,1,28447,28491
5140,3,28462,28482
7617,2,28463,28483
9286,4,28478,28500
1124,3,28482,28507
6107,2,28483,28498
3758,0,28490,28511
9255,1,28491,28501
9786,2,28498,28504
4388,4,28500,28531
7614,1,28501,28536
5863,2,28504,28535
4438,3,28507,28555
1686,0,28511,28556
1910,4,28531,28577
5009,2,28535,28560
7902,1,28536,28586
5809,3,28555,28596
9464,0,28556,28590
5607,2,28560,28594
8861,4,28577,28624
4164,1,28586,28616
7679,0,28590,28619
7056,2,28594,28603
3516,3,28596,28606
1666,2,28603,28622
4097,3,28606,28620
8520,1,28616,28662
6615,0,28619,28633
9419,3,28620,28648
1232,2,28622,28670
2313,4,28624,28639
9173,0,28633,28638
9352,0,28638,28646
6515,4,28639,28680
4312,0,28646,28660
8171,3,28648,28688
2494,0,28660,28700
4930,1,28662,28700
1021,2,28670,28700
5469,4,28680,28706
904,3,28688,28719
852,2,28700,28727
9043,0,28700,28742
6044,1,28700,28720
3979,4,28706,28723
6698,3,28719,28734
9708,1,28720,28735
3219,4,28723,28759
2404,2,28727,28745
7900,3,28734,28784
3740,1,28735,28758
363,0,28742,28762
1946,2,28745,28763
8265,1,28758,28796
4003,4,28759,28791
1202,0,28762,28800
4256,2,28763,28799
2143,3,28784,28791
7523,4,28791,28831
7788,3,28791,28837
1455,1,28796,28815
8406,2,28799,28836
4374,0,28800,28833
4711,1,28815,28864
8538,4,28831,28852
2509,0,28833,28866
2010,2,28836,28857
2615,3,28837,28875
8957,4,28852,28867
8150,2,28857,28888
647,1,28864,28905
5603,0,28866,28910
3062,4,28867,28875
6140,4,28875,28885
2294,3,28875,28913
4022,4,28885,28930
9591,2,28888,28915
7190,1,28905,28924
2866,0,28910,28929
3032,3,28913,28943
6071,2,28915,28948
7481,1,28924,28966
51,0,28929,28978
1088,4,28930,28941
3343,4,28941,28985
1728,3,28943,28961
3078,2,28948,28989
9005,3,28961,28967
2887,1,28966,29008
3891,3,28967,28992
3728,0,28978,29000
7084,4,28985,29019
7478,2,28989,29037
1034,3,28992,28998
1128,3,28998,29017
9511,0,29000,29015
1924,1,29008,29025
6595,0,29015,29042
9657,3,29017,29026
7049,4,29019,29048
1217,1,29025,29065
1900,3,29026,29031
367,3,29031,29066
9237,2,29037,29044
8331,0,29042,29087
8871,2,29044,29061
9883,4,29048,29079
6564,2,29061,29066
7182,1,29065,29115
1438,2,29066,29092
2692,3,29066,29107
6412,4,29079,29129
8305,0,29087,29102
3759,2,29092,29134
765,0,29102,29131
1188,3,29107,29129
1698,1,29115,29156
7280,4,29129,29143
3616,3,29129,29147
4950,0,29131,29144
7903,2,29134,29143
7000,4,29143,29155
7696,2,29143,29164
3602,0,29144,29159
9229,3,29147,29179
7350,4,29155,29192
7319,1,29156,29202
9841,0,29159,29186
6853,2,29164,29211
9113,3,29179,29209
2609,0,29186,29205
8248,4,29192,29228
8241,1,29202,29216
3310,0,29205,29244
3068,3,29209,29217
8262,2,29211,29220
4055,1,29216,29222
4720,3,29217,29250
2106,2,29220,29244
8130,1,29222,29270
8992,4,29228,29258
4298,2,29244,29267
4648,0,29244,29294
6758,3,29250,29255
5405,3,29255,29270
7502,4,29258,29290
884,2,29267,29306
9014,3,29270,29300
8840,1,29270,29320
1319,4,29290,29301
6839,0,29294,29336
7233,3,29300,29322
6390,4,29301,29341
1807,2,29306,29317
811,2,29317,29333
2783,1,29320,29339
792,3,29322,29329
1448,3,29329,29364
5896,2,29333,29382
7570,0,29336,29367
2938,1,29339,29357
9572,4,29341,29355
6704,4,29355,29387
8337,1,29357,29389
4511,3,29364,29379
308,0,29367,29399
9559,3,29379,29395
2964,2,29382,29401
8504,4,29387,29426
1499,1,29389,29428
9252,3,29395,29434
2250,0,29399,29430
5544,2,29401,29444
6480,4,29426,29447
5832,1,29428,29441
3372,0,29430,29440
615,3,29434,29445
8919,0,29440,29464
7177,1,29441,29485
2544,2,29444,29481
8075,3,29445,29461
6499,4,29447,29484
9845,3,29461,29468
6362,0,29464,29489
6692,3,29468,29492
4232,2,29481,29527
4046,4,29484,29496
3180,1,29485,29512
6376,0,29489,29511
2488,3,29492,29541
1599,4,29496,29528
8683,0,29511,29540
3746,1,29512,29522
2282,1,29522,29560
6889,2,29527,29556
4343,4,29528,29552
1423,0,29540,29565
2255,3,29541,29582
2042,4,29552,29595
933,2,29556,29599
5186,1,29560,29575
7428,0,29565,29581
8146,1,29575,29620
4435,0,29581,29594
7205,3,29582,29616
1745,0,29594,29644
9868,4,29595,29644
6309,2,29599,29610
6565,2,29610,29656
3225,3,29616,29627
5567,1,29620,29666
9707,3,29627,29651
4103,4,29644,29682
8455,0,29644,29669
8718,3,29651,29698
9832,2,29656,29678
718,1,29666,29712
1205,0,29669,29709
4625,2,29678,29686
7360,4,29682,29694
9462,2,29686,29708
2792,4,29694,29722
8790,3,29698,29709
6058,2,29708,29731
8456,0,29709,29723
4693,3,29709,29732
9533,1,29712,29760
5223,4,29722,29772
7632,0,29723,29742
3945,2,29731,29746
157,3,29732,29778
796,0,29742,29754
7043,2,29746,29791
1861,0,29754,29781
7161,1,29760,29789
2636,4,29772,29777
5304,4,29777,29815
5126,3,29778,29827
9557,0,29781,29792
1346,1,29789,29800
1083,2,29791,29797
6401,0,29792,29814
6382,2,29797,29811
749,1,29800,29814
1881,2,29811,29823
9728,0,29814,29854
6787,1,29814,29858
3379,4,29815,29830
8381,2,29823,29867
4478,3,29827,29840
4682,4,29830,29843
3720,3,29840,29875
458,4,29843,29882
8571,0,29854,29889
2115,1,29858,29904
576,2,29867,29900
2634,3,29875,29885
7574,4,29882,29919
3052,3,29885,29896
6192,0,29889,29908
1403,3,29896,29924
425,2,29900,29912
5163,1,29904,29947
1352,0,29908,29945
781,2,29912,29928
4531,4,29919,29938
1447,3,29924,29955
9459,2,29928,29974
9585,4,29938,29950
841,0,29945,29961
6109,1,29947,29968
4835,4,29950,29992
7384,3,29955,29999
1758,0,29961,29970
2192,1,29968,29991
1591,0,29970,30003
7649,2,29974,30008
5182,1,29991,30000
771,4,29992,30034
7416,3,29999,30019
2219,1,30000,30032
460,0,30003,30016
8042,2,30008,30050
590,0,30016,30027
7211,3,30019,30043
3071,0,30027,30047
3957,1,30032,30059
6488,4,30034,30065
5774,3,30043,30064
6852,0,30047,30087
7389,2,30050,30069
4051,1,30059,30101
2757,3,30064,30105
7086,4,30065,30102
1235,2,30069,30084
9628,2,30084,30122
4036,0,30087,30119
21,1,30101,30136
7634,4,30102,30148
2080,3,30105,30149
5918,0,30119,30137
1463,2,30122,30132
1274,2,30132,30171
4301,1,30136,30152
5012,0,30137,30175
2258,4,30148,30198
5326,3,30149,30183
7587,1,30152,30163
2028,1,30163,30211
9679,2,30171,30188
5545,0,30175,30203
3669,3,30183,30233
9144,2,30188,30198
1581,2,30198,30240
5431,4,30198,30220
3836,0,30203,30213
6600,1,30211,30256
3712,0,30213,30229
8710,4,30220,30253
4688,0,30229,30277
6601,3,30233,30278
584,2,30240,30280
7003,4,30253,30285
5728,1,30256,30306
1543,0,30277,30327
1224,3,30278,30315
2563,2,30280,30324
9579,4,30285,30326
420,1,30306,30313
4219,1,30313,30327
9114,3,30315,30331
8890,2,30324,30352
5705,4,30326,30376
1541,0,30327,30360
6619,1,30327,30348
6080,3,30331,30379
2847,1,30348,30392
5806,2,30352,30398
8338,0,30360,30386
6940,4,30376,30385
7768,3,30379,30387
1740,4,30385,30433
8154,0,30386,30431
9548,3,30387,30394
1906,1,30392,30437
8897,3,30394,30419
9578,2,30398,30441
1830,3,30419,30461
558,0,30431,30481
5828,4,30433,30453
358,1,30437,30456
7626,2,30441,30461
305,4,30453,30480
9884,1,30456,30496
1013,2,30461,30484
1079,3,30461,30490
7874,4,30480,30513
235,0,30481,30524
1417,2,30484,30508
6333,3,30490,30506
5555,1,30496,30529
6212,3,30506,30512
6977,2,30508,30521
7252,3,30512,30547
8352,4,30513,30537
6726,2,30521,30543
9350,0,30524,30562
370,1,30529,30563
9335,4,30537,30559
2541,2,30543,30548
3595,3,30547,30565
3007,2,30548,30594
4551,4,30559,30584
3033,0,30562,30581
74,1,30563,30586
4784,3,30565,30612
4624,0,30581,30603
4190,4,30584,30630
6490,1,30586,30603
4643,2,30594,30617
8988,0,30603,30629
7738,1,30603,30611
3846,1,30611,30636
5255,3,30612,30660
5446,2,30617,30626
63,2,30626,30666
5083,0,30629,30676
1283,4,30630,30674
3302,1,30636,30663
255,3,30660,30684
2159,1,30663,30691
8849,2,30666,30682
8239,4,30674,30681
6136,0,30676,30716
2784,4,30681,30719
3936,2,30682,30691
5448,3,30684,30709
9547,2,30691,30740
3727,1,30691,30740
3224,3,30709,30739
6141,0,30716,30731
5244,4,30719,30763
8369,0,30731,30744
1476,3,30739,30764
4414,2,30740,30782
5116,1,30740,30763
7654,0,30744,30779
521,4,30763,30788
3927,1,30763,30786
9650,3,30764,30788
2823,0,30779,30800
9522,2,30782,30818
8210,1,30786,30816
6034,4,30788,30811
2772,3,30788,30816
2990,0,30800,30826
5670,4,30811,30848
2996,1,30816,30861
5117,3,30816,30841
3894,2,30818,30854
2397,0,30826,30854
5621,3,30841,30868
9866,4,30848,30882
6902,2,30854,30891
8321,0,30854,30885
6772,1,30861,30882
8498,3,30868,30904
3975,4,30882,30905
6435,1,30882,30908
8411,0,30885,30892
3737,2,30891,30911
7604,0,30892,30906
4768,3,30904,30946
7568,4,30905,30913
7464,0,30906,30948
6330,1,30908,30951
1006,2,30911,30958
3606,4,30913,30963
9792,3,30946,30975
1065,0,30948,30968
1076,1,30951,30961
4882,2,30958,30979
6384,1,30961,30973
881,4,30963,30976
8155,0,30968,31018
5926,1,30973,30986
1348,3,30975,30987
9872,4,30976,31002
3679,2,30979,31024
9773,1,30986,30996
2846,3,30987,31033
579,1,30996,31004
1674,4,31002,31023
369,1,31004,31011
7258,1,31011,31045
6432,0,31018,31032
256,4,31023,31060
4386,2,31024,31065
3734,0,31032,31042
3447,3,31033,31063
1992,0,31042,31047
3444,1,31045,31079
8158,0,31047,31087
3080,4,31060,31099
2755,3,31063,31081
709,2,31065,31112
747,1,31079,31094
7265,3,31081,31128
6416,0,31087,31116
3433,1,31094,31114
8047,4,31099,31128
8106,2,31112,31126
6271,1,31114,31137
978,0,31116,31134
8940,2,31126,31155
5192,4,31128,31149
4673,3,31128,31136
4634,0,31134,31173
6831,3,31136,31150
2334,1,31137,31156
7098,4,31149,31179
2190,3,31150,31171
1415,2,31155,31180
5802,1,31156,31173
5063,3,31171,31216
2413,0,31173,31183
8914,1,31173,31179
7431,4,31179,31207
9863,1,31179,31212
9933,2,31180,31207
5589,0,31183,31201
1529,0,31201,31240
1175,4,31207,31252
2596,2,31207,31215
1263,1,31212,31249
7206,2,31215,31244
6251,3,31216,31243
8178,0,31240,31262
7210,3,31243,31270
3917,2,31244,31263
5971,1,31249,31272
629,4,31252,31278
4940,0,31262,31291
414,2,31263,31282
9577,3,31270,31294
1343,1,31272,31281
653,4,31278,31300
7921,1,31281,31293
8008,2,31282,31314
8903,0,31291,31328
2577,1,31293,31300
5080,3,31294,31307
2114,4,31300,31336
337,1,31300,31336
7726,3,31307,31312
2373,3,31312,31324
9035,2,31314,31333
6893,3,31324,31340
2905,0,31328,31362
2083,2,31333,31383
5389,4,31336,31348
4552,1,31336,31361
5595,3,31340,31349
9739,4,31348,31380
8354,3,31349,31398
373,1,31361,31395
8989,0,31362,31395
3782,4,31380,31392
7061,2,31383,31406
9907,4,31392,31437
9465,0,31395,31441
3157,1,31395,31413
4662,3,31398,31413
1007,2,31406,31445
1559,3,31413,31443
5155,1,31413,31454
2790,4,31437,31476
9820,0,31441,31461
8224,3,31443,31488
9326,2,31445,31478
7404,1,31454,31491
427,0,31461,31481
1810,4,31476,31492
4800,2,31478,31511
5268,0,31481,31524
4746,3,31488,31501
3954,1,31491,31533
5171,4,31492,31513
4357,3,31501,31523
5814,2,31511,31527
5061,4,31513,31552
8282,3,31523,31553
5692,0,31524,31551
9831,2,31527,31566
3113,1,31533,31574
9761,0,31551,31581
260,4,31552,31560
6764,3,31553,31564
7736,4,31560,31602
9994,3,31564,31613
4979,2,31566,31595
1562,1,31574,31587
6825,0,31581,31587
4434,0,31587,31628
8362,1,31587,31620
5029,2,31595,31602
5750,4,31602,31627
4911,2,31602,31637
207,3,31613,31635
8912,1,31620,31646
6184,4,31627,31640
8215,0,31628,31634
985,0,31634,31670
6717,3,31635,31677
6793,2,31637,31646
5477,4,31640,31673
4142,2,31646,31654
3856,1,31646,31661
3539,2,31654,31690
6978,1,31661,31686
725,0,31670,31716
9576,4,31673,31689
8087,3,31677,31712
5965,1,31686,31711
8006,4,31689,31724
5748,2,31690,31720
7213,1,31711,31718
419,3,31712,31742
5776,0,31716,31735
1909,1,31718,31761
712,2,31720,31742
8053,4,31724,31763
1889,0,31735,31785
3153,2,31742,31751
8263,3,31742,31759
42,2,31751,31777
5516,3,31759,31770
3391,1,31761,31795
7031,4,31763,31793
1384,3,31770,31777
5288,2,31777,31822
6470,3,31777,31784
1289,3,31784,31804
7948,0,31785,31815
5858,4,31793,31807
7456,1,31795,31822
5818,3,31804,31854
9413,4,31807,31832
1064,0,31815,31824
1407,2,31822,31865
7336,1,31822,31858
9438,0,31824,31856
340,4,31832,31853
8717,4,31853,31887
7378,3,31854,31887
1840,0,31856,31871
7334,1,31858,31904
6155,2,31865,31900
4983,0,31871,31894
6194,4,31887,31908
9523,3,31887,31893
9303,3,31893,31932
4617,0,31894,31941
8966,2,31900,31919
8556,1,31904,31943
2295,4,31908,31921
9283,2,31919,31967
2582,4,31921,31946
6933,3,31932,31954
4323,0,31941,31987
9138,1,31943,31977
9954,4,31946,31987
4572,3,31954,31981
5702,2,31967,32000
2644,1,31977,31991
897,3,31981,32006
5956,4,31987,32013
9305,0,31987,31997
3155,1,31991,32037
8051,0,31997,32019
6038,2,32000,32011
9085,3,32006,32032
2956,2,32011,32047
9873,4,32013,32057
1585,0,32019,32058
9267,3,32032,32067
2124,1,32037,32042
4195,1,32042,32066
2491,2,32047,32094
9825,4,32057,32102
4972,0,32058,32072
3390,1,32066,32071
8756,3,32067,32072
6484,1,32071,32092
4159,0,32072,32112
7884,3,32072,32114
6108,1,32092,32113
3476,2,32094,32126
9697,4,32102,32119
5614,0,32112,32127
3351,1,32113,32144
2959,3,32114,32121
2206,4,32119,32128
742,3,32121,32159
3163,2,32126,32138
251,0,32127,32172
5454,4,32128,32169
8630,2,32138,32164
9397,1,32144,32150
4443,1,32150,32172
324,3,32159,32201
4075,2,32164,32171
5591,4,32169,32207
2464,2,32171,32208
6063,0,32172,32210
2617,1,32172,32190
6047,1,32190,32229
1526,3,32201,32242
4546,4,32207,32220
8347,2,32208,32228
7074,0,32210,32218
3664,0,32218,32261
453,4,32220,32244
1095,2,32228,32245
8517,1,32229,32263
8378,3,32242,32290
1339,4,32244,32272
7216,2,32245,32257
9179,2,32257,32284
1309,0,32261,32309
7430,1,32263,32298
4198,4,32272,32283
4630,4,32283,32316
6199,2,32284,32308
133,3,32290,32316
2045,1,32298,32316
8686,2,32308,32338
8076,0,32309,32357
4758,4,32316,32339
4162,3,32316,32343
2331,1,32316,32359
5870,2,32338,32366
8135,4,32339,32353
3882,3,32343,32386
5534,4,32353,32382
1713,0,32357,32382
8933,1,32359,32399
329,2,32366,32394
1093,4,32382,32423
7512,0,32382,32396
4801,3,32386,32394
5158,2,32394,32434
8476,3,32394,32433
8953,0,32396,32406
26,1,32399,32422
5499,0,32406,32423
6609,1,32422,32449
5889,4,32423,32453
4463,0,32423,32438
5413,3,32433,32444
8195,2,32434,32471
876,0,32438,32452
944,3,32444,32486
7063,1,32449,32471
1125,0,32452,32501
6494,4,32453,32483
566,2,32471,32510
6272,1,32471,32481
6916,1,32481,32525
9391,4,32483,32517
6790,3,32486,32507
6233,0,32501,32521
502,3,32507,32532
5641,2,32510,32549
3294,4,32517,32525
6578,0,32521,32533
6147,4,32525,32536
7914,1,32525,32567
7608,3,32532,32572
3893,0,32533,32580
9150,4,32536,32548
4956,4,32548,32585
7230,2,32549,32567
129,2,32567,32605
1544,1,32567,32577
6321,3,32572,32586
408,1,32577,32623
7228,0,32580,32618
4898,4,32585,32595
5765,3,32586,32601
3581,4,32595,32637
7368,3,32601,32637
6783,2,32605,32655
2808,0,32618,32628
9634,1,32623,32637
8118,0,32628,32674
741,4,32637,32644
1425,3,32637,32678
6642,1,32637,32664
1046,4,32644,32689
7257,2,32655,32669
2127,1,32664,32680
9112,2,32669,32714
6130,0,32674,32696
5738,3,32678,32712
4671,1,32680,32720
6359,4,32689,32724
8585,0,32696,32744
9015,3,32712,32762
6126,2,32714,32760
1186,1,32720,32736
8183,4,32724,32747
4424,1,32736,32749
9882,0,32744,32779
888,4,32747,32759
3115,1,32749,32783
7873,4,32759,32796
4458,2,32760,32789
3548,3,32762,32803
4902,0,32779,32809
3813,1,32783,32803
622,2,32789,32815
621,4,32796,32838
4736,3,32803,32834
1978,1,32803,32849
1945,0,32809,32841
8287,2,32815,32831
9720,2,32831,32869
4567,3,32834,32860
5075,4,32838,32874
3623,0,32841,32850
7950,1,32849,32885
7094,0,32850,32895
7889,3,32860,32892
8237,2,32869,32875
8514,4,32874,32920
5515,2,32875,32906
1433,1,32885,32926
101,3,32892,32901
4377,0,32895,32942
6377,3,32901,32926
4137,2,32906,32936
2587,4,32920,32958
5353,3,32926,32941
2844,1,32926,32971
8105,2,32936,32984
529,3,32941,32980
8859,0,32942,32978
3750,4,32958,32989
8921,1,32971,32987
5451,0,32978,33014
7401,3,32980,33027
1340,2,32984,33031
8094,1,32987,33003
8937,4,32989,33037
2649,1,33003,33024
8336,0,33014,33024
9347,0,33024,33065
9223,1,33024,33057
6973,3,33027,33039
3449,2,33031,33066
2075,4,33037,33082
1473,3,33039,33052
7601,3,33052,33059
2970,1,33057,33068
4436,3,33059,33074
1941,0,33065,33095
8254,2,33066,33082
5955,1,33068,33094
4011,3,33074,33116
650,4,33082,33117
4702,2,33082,33131
6967,1,33094,33137
4161,0,33095,33110
8810,0,33110,33153
7927,3,33116,33148
4017,4,33117,33151
6705,2,33131,33180
2044,1,33137,33165
2119,3,33148,33180
3594,4,33151,33176
5639,0,33153,33171
7062,1,33165,33207
9737,0,33171,33213
4650,4,33176,33195
2146,2,33180,33196
1552,3,33180,33197
3352,4,33195,33206
9449,2,33196,33219
6042,3,33197,33216
5151,4,33206,33241
5757,1,33207,33219
8469,0,33213,33239
5331,3,33216,33254
1462,2,33219,33234
588,1,33219,33234
8888,2,33234,33248
8372,1,33234,33284
6209,0,33239,33284
5708,4,33241,33252
7066,2,33248,33273
9254,4,33252,33272
171,3,33254,33271
7991,3,33271,33295
9677,4,33272,33295
1270,2,33273,33282
9777,2,33282,33322
8967,0,33284,33325
6146,1,33284,33311
668,4,33295,33327
2815,3,33295,33343
8734,1,33311,33350
2650,2,33322,33366
3322,0,33325,33346
5821,4,33327,33377
147,3,33343,33354
6301,0,33346,33386
7777,1,33350,33357
4919,3,33354,33399
7746,1,33357,33390
3812,2,33366,33372
6854,2,33372,33382
1213,4,33377,33396
2719,2,33382,33404
6365,0,33386,33435
499,1,33390,33410
2453,4,33396,33434
1819,3,33399,33446
7290,2,33404,33433
7171,1,33410,33440
8811,2,33433,33474
8187,4,33434,33459
6205,0,33435,33448
4054,1,33440,33452
2917,3,33446,33482
1349,0,33448,33496
9270,1,33452,33460
6954,4,33459,33472
5678,1,33460,33477
9075,4,33472,33485
3350,2,33474,33508
3811,1,33477,33503
4261,3,33482,33519
4030,4,33485,33515
4837,0,33496,33542
10,1,33503,33519
6993,2,33508,33556
5536,4,33515,33523
7909,1,33519,33536
1912,3,33519,33557
5711,4,33523,33569
9508,1,33536,33545
901,0,33542,33569
7198,1,33545,33570
6380,2,33556,33575
4663,3,33557,33592
4760,4,33569,33583
5600,0,33569,33604
6128,1,33570,33580
7782,2,33575,33592
1571,1,33580,33614
6255,4,33583,33593
8612,2,33592,33640
9632,3,33592,33628
1765,4,33593,33626
6274,0,33604,33639
5315,1,33614,33631
7366,4,33626,33673
9817,3,33628,33667
1620,1,33631,33662
787,0,33639,33664
9966,2,33640,33657
1031,2,33657,33671
1118,1,33662,33676
2989,0,33664,33711
4792,3,33667,33695
624,2,33671,33705
9428,4,33673,33679
4326,1,33676,33689
6096,4,33679,33696
5594,1,33689,33696
936,3,33695,33710
5582,4,33696,33737
4787,1,33696,33740
8998,2,33705,33737
9521,3,33710,33759
4327,0,33711,33736
9443,0,33736,33756
5624,4,33737,33763
9079,2,33737,33756
401,1,33740,33777
6992,2,33756,33800
3006,0,33756,33794
2147,3,33759,33766
1824,4,33763,33773
4363,3,33766,33798
9538,4,33773,33794
9869,1,33777,33806
4235,4,33794,33818
3876,0,33794,33821
5386,3,33798,33820
3992,2,33800,33811
4743,1,33806,33853
5230,2,33811,33823
2748,4,33818,33841
6121,3,33820,33844
7841,0,33821,33831
7321,2,33823,33832
795,0,33831,33874
2381,2,33832,33864
94,4,33841,33886
6792,3,33844,33878
4328,1,33853,33897
6392,2,33864,33882
4921,0,33874,33896
8961,3,33878,33887
3840,2,33882,33897
2393,4,33886,33904
892,3,33887,33910
2726,0,33896,33919
2856,2,33897,33925
5133,1,33897,33935
8702,4,33904,33915
1387,3,33910,33925
7887,4,33915,33935
4805,0,33919,33959
4425,2,33925,33934
3841,3,33925,33947
3829,2,33934,33945
4093,4,33935,33951
848,1,33935,33956
9361,2,33945,33962
8878,3,33947,33996
4505,4,33951,33958
8761,1,33956,34001
6247,4,33958,33995
8481,0,33959,33999
265,2,33962,33998
738,4,33995,34026
3643,3,33996,34038
7814,2,33998,34048
5940,0,33999,34034
2082,1,34001,34009
3187,1,34009,34026
854,4,34026,34042
4129,1,34026,34066
2695,0,34034,34040
5094,3,34038,34056
5864,0,34040,34082
4359,4,34042,34085
824,2,34048,34094
7979,3,34056,34094
6182,1,34066,34075
9989,1,34075,34080
4452,1,34080,34107
5303,0,34082,34106
3244,4,34085,34125
5916,2,34094,34137
7655,3,34094,34138
4422,0,34106,34146
6562,1,34107,34115
7986,1,34115,34163
4728,4,34125,34141
8101,2,34137,34186
809,3,34138,34186
5974,4,34141,34170
2774,0,34146,34163
389,0,34163,34204
3618,1,34163,34212
1285,4,34170,34181
1592,4,34181,34191
4796,2,34186,34234
1788,3,34186,34203
7083,4,34191,34209
2608,3,34203,34241
6934,0,34204,34227
6506,4,34209,34222
5662,1,34212,34235
5767,4,34222,34247
3200,0,34227,34265
9072,2,34234,34252
3990,1,34235,34255
753,3,34241,34265
5112,4,34247,34263
5090,2,34252,34279
4462,1,34255,34305
7390,4,34263,34309
1147,0,34265,34299
8544,3,34265,34308
3324,2,34279,34291
4604,2,34291,34301
374,0,34299,34340
4086,2,34301,34334
2450,1,34305,34318
1422,3,34308,34326
5459,4,34309,34336
1712,1,34318,34354
6489,3,34326,34366
507,2,34334,34376
4088,4,34336,34376
5554,0,34340,34358
7338,1,34354,34397
9430,0,34358,34389
1798,3,34366,34410
1506,4,34376,34403
1382,2,34376,34410
176,0,34389,34394
7772,0,34394,34417
603,1,34397,34437
3119,4,34403,34412
7042,2,34410,34419
2451,3,34410,34426
5526,4,34412,34462
8285,0,34417,34448
7739,2,34419,34461
424,3,34426,34432
9126,3,34432,34470
1757,1,34437,34450
4599,0,34448,34474
3691,1,34450,34492
8492,2,34461,34479
8390,4,34462,34488
5225,3,34470,34509
5761,0,34474,34496
5571,2,34479,34522
3306,4,34488,34510
6620,1,34492,34523
3504,0,34496,34521
616,3,34509,34519
564,4,34510,34537
9593,3,34519,34541
803,0,34521,34534
8162,2,34522,34549
2436,1,34523,34543
1428,0,34534,34578
9195,4,34537,34567
4894,3,34541,34580
8850,1,34543,34557
104,2,34549,34562
7476,1,34557,34581
2700,2,34562,34579
1823,4,34567,34581
8335,0,34578,34628
2279,2,34579,34611
3044,3,34580,34616
3951,4,34581,34624
2793,1,34581,34594
2492,1,34594,34636
3576,2,34611,34661
6579,3,34616,34649
9637,4,34624,34657
9787,0,34628,34656
126,1,34636,34663
2870,3,34649,34688
4853,0,34656,34677
6338,4,34657,34662
1195,2,34661,34687
5213,4,34662,34677
3358,1,34663,34713
8399,4,34677,34714
8412,0,34677,34727
1623,2,34687,34709
122,3,34688,34707
8973,3,34707,34749
5568,2,34709,34714
5984,1,34713,34738
549,4,34714,34744
8418,2,34714,34754
5883,0,34727,34745
951,1,34738,34749
2245,4,34744,34776
4358,0,34745,34790
9827,1,34749,34775
3288,3,34749,34780
2167,2,34754,34769
9875,2,34769,34779
3339,1,34775,34819
4499,4,34776,34795
7984,2,34779,34815
9536,3,34780,34793
8607,0,34790,34825
6287,3,34793,34830
469,4,34795,34835
9346,2,34815,34827
2522,1,34819,34832
4910,0,34825,34835
6157,2,34827,34864
1714,3,34830,34859
4748,1,34832,34871
4346,4,34835,34848
5826,0,34835,34853
6997,4,34848,34888
6653,0,34853,34897
6468,3,34859,34907
436,2,34864,34876
6492,1,34871,34886
9365,2,34876,34909
8553,1,34886,34905
1336,4,34888,34911
8227,0,34897,34909
6015,1,34905,34911
2268,3,34907,34924
7441,2,34909,34931
2745,0,34909,34959
7259,4,34911,34942
561,1,34911,34951
2857,3,34924,34962
8729,2,34931,34952
6299,4,34942,34973
9726,1,34951,34970
4749,2,34952,35002
2008,0,34959,34979
5206,3,34962,34989
1483,1,34970,35014
4167,4,34973,34997
6867,0,34979,35024
6629,3,34989,34998
879,4,34997,35010
6945,3,34998,35040
886,2,35002,35046
9461,4,35010,35020
7888,1,35014,35024
1880,4,35020,35044
6187,0,35024,35031
1883,1,35024,35054
442,0,35031,35062
5835,3,35040,35059
7671,4,35044,35089
5810,2,35046,35060
3641,1,35054,35075
8289,3,35059,35103
5771,2,35060,35101
5074,0,35062,35080
4465,1,35075,35110
3396,0,35080,35104
4313,4,35089,35098
318,4,35098,35139
9496,2,35101,35118
1454,3,35103,35110
5713,0,35104,35150
8010,1,35110,35116
8983,3,35110,35133
8979,1,35116,35148
8755,2,35118,35139
8853,3,35133,35178
7968,4,35139,35155
4532,2,35139,35179
7103,1,35148,35154
8866,0,35150,35159
1944,1,35154,35196
8359,4,35155,35177
1872,0,35159,35164
6311,0,35164,35180
7763,4,35177,35223
9652,3,35178,35219
4348,2,35179,35224
8440,0,35180,35210
7141,1,35196,35217
1057,0,35210,35230
7181,1,35217,35244
5051,3,35219,35266
6228,4,35223,35254
5646,2,35224,35273
8407,0,35230,35265
2704,1,35244,35284
8748,4,35254,35290
8779,0,35265,35286
8745,3,35266,35277
6504,2,35273,35297
6989,3,35277,35284
4848,3,35284,35312
478,1,35284,35318
349,0,35286,35293
1080,4,35290,35314
5242,0,35293,35312
9282,2,35297,35321
3355,0,35312,35344
7482,3,35312,35362
517,4,35314,35342
2904,1,35318,35355
3647,2,35321,35327
9478,2,35327,35365
1870,4,35342,35379
4615,0,35344,35388
1180,1,35355,35382
7051,3,35362,35387
5900,2,35365,35400
9583,4,35379,35402
3612,1,35382,35408
1371,3,35387,35410
7411,0,35388,35414
4863,2,35400,35441
8432,4,35402,35439
3152,1,35408,35453
8971,3,35410,35447
3663,0,35414,35430
4941,0,35430,35438
8893,0,35438,35456
3884,4,35439,35477
7487,2,35441,35490
3554,3,35447,35477
8603,1,35453,35474
6516,0,35456,35477
1121,1,35474,35503
2305,4,35477,35523
9797,0,35477,35510
1142,3,35477,35505
8044,2,35490,35506
9170,1,35503,35549
2678,3,35505,35525
528,2,35506,35529
1271,0,35510,35544
3871,4,35523,35550
9948,3,35525,35537
2754,2,35529,35535
2908,2,35535,35557
6802,3,35537,35564
8682,0,35544,35567
3381,1,35549,35581
5200,4,35550,35592
8311,2,35557,35588
3815,3,35564,35592
3981,0,35567,35605
9054,1,35581,35590
110,2,35588,35620
7374,1,35590,35637
8123,4,35592,35615
8214,3,35592,35607
3633,0,35605,35611
2592,3,35607,35635
3483,0,35611,35644
3480,4,35615,35651
215,2,35620,35629
4866,2,35629,35642
3637,3,35635,35659
3084,1,35637,35685
805,2,35642,35665
2220,0,35644,35694
9159,4,35651,35676
5783,3,35659,35685
1357,2,35665,35694
6733,4,35676,35708
9207,3,35685,35711
8066,1,35685,35708
1835,0,35694,35722
7380,2,35694,35731
2479,4,35708,35724
8471,1,35708,35731
8777,3,35711,35744
2236,0,35722,35735
9846,4,35724,35730
7886,4,35730,35739
304,2,35731,35772
2399,1,35731,35774
1919,0,35735,35771
4783,4,35739,35752
5893,3,35744,35751
4269,3,35751,35763
4395,4,35752,35776
1760,3,35763,35781
8786,0,35771,35790
9782,2,35772,35790
1018,1,35774,35810
5840,4,35776,35808
8930,3,35781,35815
3189,2,35790,35799
7320,0,35790,35795
3779,0,35795,35814
8443,2,35799,35848
1139,4,35808,35837
7618,1,35810,35835
5992,0,35814,35820
7195,3,35815,35841
3770,0,35820,35841
7775,1,35835,35877
4803,4,35837,35872
7680,0,35841,35857
9162,3,35841,35882
7406,2,35848,35881
7566,0,35857,35892
4250,4,35872,35918
1156,1,35877,35910
8500,2,35881,35924
9093,3,35882,35897
2542,0,35892,35924
224,3,35897,35914
9332,1,35910,35929
2647,3,35914,35938
2070,4,35918,35964
7750,0,35924,35964
7299,2,35924,35944
7764,1,35929,35952
2267,3,35938,35958
210,2,35944,35976
3850,1,35952,35959
7910,3,35958,35995
8634,1,35959,35989
2231,4,35964,35979
7544,0,35964,35980
280,2,35976,35996
5905,4,35979,35993
7940,0,35980,35989
4512,0,35989,36033
6666,1,35989,36009
4371,4,35993,36043
5196,3,35995,36040
2694,2,35996,36008
1723,2,36008,36031
7463,1,36009,36051
3095,2,36031,36040
644,0,36033,36064
1767,2,36040,36065
5740,3,36040,36068
9913,4,36043,36076
4653,1,36051,36081
4110,0,36064,36108
1399,2,36065,36090
8488,3,36068,36094
6775,4,36076,36101
5099,1,36081,36118
8736,2,36090,36123
9955,3,36094,36140
3364,4,36101,36141
7490,0,36108,36152
8020,1,36118,36130
357,2,36123,36152
9899,1,36130,36162
3067,3,36140,36188
6404,4,36141,36175
2433,0,36152,36191
1885,2,36152,36191
2835,1,36162,36169
2240,1,36169,36205
5919,4,36175,36208
9343,3,36188,36207
858,0,36191,36208
7272,2,36191,36219
3826,1,36205,36234
2667,3,36207,36241
4968,4,36208,36236
540,0,36208,36245
3899,2,36219,36224
7356,2,36224,36232
6947,2,36232,36269
9662,1,36234,36273
1019,4,36236,36259
2304,3,36241,36281
3636,0,36245,36281
2107,4,36259,36300
8604,2,36269,36315
1774,1,36273,36320
1684,0,36281,36287
8781,3,36281,36310
2457,0,36287,36298
9137,0,36298,36333
3896,4,36300,36338
4794,3,36310,36338
3897,2,36315,36345
5491,1,36320,36354
9018,0,36333,36360
9904,4,36338,36375
5300,3,36338,36344
3749,3,36344,36383
1303,2,36345,36373
8207,1,36354,36375
7376,0,36360,36390
3255,2,36373,36391
7635,4,36375,36398
3406,1,36375,36383
9651,3,36383,36406
4193,1,36383,36403
9902,0,36390,36405
5084,2,36391,36406
8283,4,36398,36436
5675,1,36403,36424
4582,0,36405,36417
2222,2,36406,36415
7667,3,36406,36422
3470,2,36415,36421
9115,0,36417,36429
3265,2,36421,36429
3461,3,36422,36448
8540,1,36424,36457
7263,0,36429,36479
139,2,36429,36440
1863,4,36436,36442
8309,2,36440,36445
1041,4,36442,36484
7611,2,36445,36475
6716,3,36448,36476
9741,1,36457,36499
7918,2,36475,36480
3215,3,36476,36522
1073,0,36479,36505
9918,2,36480,36496
416,4,36484,36525
6448,2,36496,36514
3303,1,36499,36523
4654,0,36505,36525
7831,2,36514,36520
4827,2,36520,36567
8765,3,36522,36545
6927,1,36523,36546
3262,4,36525,36548
9215,0,36525,36531
70,0,36531,36578
461,3,36545,36558
2714,1,36546,36579
5360,4,36548,36592
5635,3,36558,36580
6150,2,36567,36584
1486,0,36578,36624
1307,1,36579,36626
50,3,36580,36612
8663,2,36584,36606
4090,4,36592,36633
7072,2,36606,36633
9470,3,36612,36625
3705,0,36624,36664
9317,3,36625,36670
9910,1,36626,36676
6,4,36633,36668
6218,2,36633,36676
751,0,36664,36698
9354,4,36668,36716
4477,3,36670,36713
1952,2,36676,36700
6054,1,36676,36686
6046,1,36686,36725
1692,0,36698,36743
4742,2,36700,36712
9839,2,36712,36745
9210,3,36713,36740
5623,4,36716,36739
316,1,36725,36742
5846,4,36739,36777
6203,3,36740,36759
3702,1,36742,36764
1176,0,36743,36766
6546,2,36745,36763
6835,3,36759,36791
3696,2,36763,36801
1726,1,36764,36786
4576,0,36766,36805
233,4,36777,36810
8416,1,36786,36824
452,3,36791,36799
4366,3,36799,36807
4558,2,36801,36839
9999,0,36805,36835
5701,3,36807,36843
7743,4,36810,36840
9509,1,36824,36870
2449,0,36835,36863
8657,2,36839,36864
6530,4,36840,36853
1614,3,36843,36850
9874,3,36850,36884
9641,4,36853,36869
1982,0,36863,36899
9930,2,36864,36883
5521,4,36869,36895
4656,1,36870,36892
9090,2,36883,36930
5436,3,36884,36902
8419,1,36892,36900
6245,4,36895,36919
1985,0,36899,36911
4450,1,36900,36936
1618,3,36902,36927
2810,0,36911,36950
6497,4,36919,36931
7783,3,36927,36972
4583,2,36930,36972
5004,4,36931,36980
5975,1,36936,36970
6453,0,36950,36995
464,1,36970,37002
9097,2,36972,36994
1689,3,36972,37017
8519,4,36980,37016
1410,2,36994,37019
6346,0,36995,37032
1596,1,37002,37040
2723,4,37016,37030
4640,3,37017,37056
8907,2,37019,37041
8511,4,37030,37073
9083,0,37032,37061
9500,1,37040,37067
4834,2,37041,37059
1301,3,37056,37061
1708,2,37059,37099
6610,0,37061,37073
4339,3,37061,37097
8582,1,37067,37086
3178,4,37073,37094
1305,0,37073,37108
3179,1,37086,37116
570,4,37094,37143
8478,3,37097,37119
3724,2,37099,37119
9268,0,37108,37131
9623,1,37116,37161
2386,2,37119,37166
2674,3,37119,37128
2729,3,37128,37140
7767,0,37131,37138
2365,0,37138,37166
5470,3,37140,37146
3525,4,37143,37168
1050,3,37146,37163
6485,1,37161,37192
5142,3,37163,37180
8417,0,37166,37173
1122,2,37166,37198
1067,4,37168,37209
2780,0,37173,37204
1434,3,37180,37201
9094,1,37192,37213
3575,2,37198,37212
4412,3,37201,37221
9818,0,37204,37245
3146,4,37209,37225
8260,2,37212,37251
8046,1,37213,37246
932,3,37221,37247
3401,4,37225,37248
2882,0,37245,37291
2390,1,37246,37271
8847,3,37247,37289
3102,4,37248,37269
3474,2,37251,37278
3405,4,37269,37318
8587,1,37271,37309
5950,2,37278,37298
3533,3,37289,37316
8826,0,37291,37299
7880,2,37298,37348
6372,0,37299,37309
8883,0,37309,37346
3285,1,37309,37335
6757,3,37316,37358
2675,4,37318,37348
8911,1,37335,37365
5456,0,37346,37392
1539,4,37348,37383
9313,2,37348,37396
8611,3,37358,37375
4496,1,37365,37403
7276,3,37375,37416
3054,4,37383,37407
6915,0,37392,37431
3314,2,37396,37435
4420,1,37403,37448
2973,4,37407,37440
249,3,37416,37429
8149,3,37429,37450
4899,0,37431,37455
4227,2,37435,37446
412,4,37440,37486
4491,2,37446,37485
4709,1,37448,37482
3250,3,37450,37491
3056,0,37455,37469
3966,0,37469,37519
5574,1,37482,37490
1612,2,37485,37515
7480,4,37486,37500
6353,1,37490,37514
8339,3,37491,37535
3745,4,37500,37531
1237,1,37514,37550
9952,2,37515,37540
4951,0,37519,37544
2135,4,37531,37557
8837,3,37535,37577
2569,2,37540,37585
2576,0,37544,37569
6553,1,37550,37569
7978,4,37557,37587
9771,0,37569,37601
8367,1,37569,37608
8002,3,37577,37624
5519,2,37585,37596
9611,4,37587,37608
3066,2,37596,37618
9228,0,37601,37609
6582,4,37608,37618
6239,1,37608,37654
6539,0,37609,37620
6613,4,37618,37647
345,2,37618,37646
8030,0,37620,37646
6958,3,37624,37669
5246,0,37646,37654
702,2,37646,37693
5,4,37647,37677
5685,0,37654,37672
9661,1,37654,37683
4330,3,37669,37712
6427,0,37672,37678
3257,4,37677,37726
3546,0,37678,37717
5419,1,37683,37731
609,2,37693,37739
4134,3,37712,37720
8190,0,37717,37763
5935,3,37720,37738
2263,4,37726,37762
5170,1,37731,37781
4202,3,37738,37768
7246,2,37739,37780
6059,4,37762,37800
6651,0,37763,37784
5963,3,37768,37817
1291,2,37780,37805
9784,1,37781,37796
3143,0,37784,37812
4302,1,37796,37809
8307,4,37800,37849
7749,2,37805,37816
5964,1,37809,37846
6860,0,37812,37856
9030,2,37816,37841
4759,3,37817,37850
1250,2,37841,37868
7819,1,37846,37884
8759,4,37849,37870
9736,3,37850,37855
1306,3,37855,37899
6500,0,37856,37882
6886,2,37868,37913
2217,4,37870,37894
7255,0,37882,37901
352,1,37884,37890
1267,1,37890,37918
4005,4,37894,37932
9142,3,37899,37910
2585,0,37901,37923
8956,3,37910,37958
1976,2,37913,37952
4200,1,37918,37963
149,0,37923,37947
4664,4,37932,37957
34,0,37947,37994
6566,2,37952,37979
7594,4,37957,37990
8099,3,37958,38001
6781,1,37963,38013
8091,2,37979,37990
863,4,37990,38014
5453,2,37990,38036
9850,0,37994,38024
9566,3,38001,38036
4854,1,38013,38062
9334,4,38014,38042
7002,0,38024,38039
7398,2,38036,38059
6097,3,38036,38044
8572,0,38039,38089
6112,4,38042,38063
14,3,38044,38092
5979,2,38059,38080
1048,1,38062,38098
2055,4,38063,38072
6049,4,38072,38088
5289,2,38080,38118
4541,4,38088,38117
7435,0,38089,38130
415,3,38092,38131
6002,1,38098,38115
7488,1,38115,38144
4584,4,38117,38126
1014,2,38118,38129
1555,4,38126,38134
2072,2,38129,38162
5450,0,38130,38168
4684,3,38131,38179
1254,4,38134,38145
339,1,38144,38151
3463,4,38145,38152
4081,1,38151,38168
4857,4,38152,38193
8243,2,38162,38188
6261,0,38168,38205
7606,1,38168,38184
4850,3,38179,38220
7682,1,38184,38192
6001,2,38188,38193
9574,1,38192,38237
3604,4,38193,38209
320,2,38193,38243
9127,0,38205,38240
3711,4,38209,38220
1803,4,38220,38253
4476,3,38220,38255
4079,1,38237,38277
1879,0,38240,38261
3651,2,38243,38254
1136,4,38253,38302
173,2,38254,38262
7575,3,38255,38266
4635,0,38261,38268
4914,2,38262,38280
972,3,38266,38312
1215,0,38268,38274
1375,0,38274,38302
4101,1,38277,38300
9181,2,38280,38308
7532,1,38300,38309
228,4,38302,38329
1354,0,38302,38350
681,2,38308,38341
6303,1,38309,38349
7962,3,38312,38357
4717,4,38329,38367
713,2,38341,38364
6639,1,38349,38379
84,0,38350,38383
3234,3,38357,38406
1705,2,38364,38384
2398,4,38367,38392
1273,1,38379,38407
253,0,38383,38422
7021,2,38384,38421
5560,4,38392,38402
7541,4,38402,38430
7877,3,38406,38449
4272,1,38407,38430
1786,2,38421,38441
597,0,38422,38470
6305,4,38430,38479
1759,1,38430,38439
85,1,38439,38456
591,2,38441,38454
2489,3,38449,38492
3793,2,38454,38504
7963,1,38456,38484
6221,0,38470,38493
4995,4,38479,38516
5362,1,38484,38528
4249,3,38492,38528
7164,0,38493,38529
6178,2,38504,38528
9592,4,38516,38542
5462,2,38528,38560
8464,3,38528,38573
7740,1,38528,38559
7454,0,38529,38579
2284,4,38542,38568
5862,1,38559,38565
9916,2,38560,38603
2441,1,38565,38584
4185,4,38568,38601
6550,3,38573,38603
5432,0,38579,38589
9568,1,38584,38629
3851,0,38589,38597
658,0,38597,38606
4577,4,38601,38627
8198,2,38603,38643
6998,3,38603,38639
931,0,38606,38645
587,4,38627,38637
9190,1,38629,38669
321,4,38637,38686
7852,3,38639,38645
1497,2,38643,38667
6335,0,38645,38668
214,3,38645,38676
9598,2,38667,38704
6216,0,38668,38702
8902,1,38669,38675
1750,1,38675,38725
8858,3,38676,38706
9295,4,38686,38718
7471,0,38702,38710
8169,2,38704,38725
2575,3,38706,38716
530,0,38710,38715
9532,0,38715,38756
5443,3,38716,38735
1009,4,38718,38753
1836,2,38725,38760
8301,1,38725,38755
3304,3,38735,38770
6694,4,38753,38771
8629,1,38755,38768
2328,0,38756,38794
7170,2,38760,38789
1198,1,38768,38813
2828,3,38770,38798
7702,4,38771,38820
8402,2,38789,38810
4140,0,38794,38817
3365,3,38798,38808
3331,3,38808,38833
7995,2,38810,38834
3830,1,38813,38840
2317,0,38817,38866
1385,4,38820,38833
3407,4,38833,38870
1550,3,38833,38847
2287,2,38834,38848
2734,1,38840,38848
1436,3,38847,38854
6907,2,38848,38879
7553,1,38848,38858
3875,3,38854,38879
887,1,38858,38903
6118,0,38866,38893
5168,4,38870,38900
6355,2,38879,38905
3400,3,38879,38884
2356,3,38884,38915
4083,0,38893,38943
9848,4,38900,38925
964,1,38903,38933
9344,2,38905,38949
7248,3,38915,38923
542,3,38923,38931
8830,4,38925,38957
1577,3,38931,38964
3171,1,38933,38945
4747,0,38943,38960
1444,1,38945,38953
8465,2,38949,38985
910,1,38953,38999
3644,4,38957,38975
2939,0,38960,38985
7789,3,38964,38974
1501,3,38974,39022
8288,4,38975,38988
2368,0,38985,39000
142,2,38985,39022
393,4,38988,39014
6486,1,38999,39030
1873,0,39000,39013
9622,0,39013,39062
7860,4,39014,39056
607,2,39022,39062
6723,3,39022,39049
7901,1,39030,39049
7692,1,39049,39068
4547,3,39049,39088
6213,4,39056,39079
2456,0,39062,39078
2216,2,39062,39095
3259,1,39068,39096
8640,0,39078,39115
250,4,39079,39107
617,3,39088,39116
8112,2,39095,39111
6888,1,39096,39108
3337,4,39107,39134
3443,1,39108,39115
2811,2,39111,39148
6075,0,39115,39161
717,1,39115,39125
4455,3,39116,39150
2591,1,39125,39147
8743,4,39134,39175
6752,1,39147,39176
9002,2,39148,39183
3,3,39150,39195
8245,0,39161,39183
1005,4,39175,39193
4344,1,39176,39181
4311,1,39181,39210
1839,0,39183,39202
1593,2,39183,39188
906,2,39188,39193
7666,4,39193,39225
4877,2,39193,39219
7080,3,39195,39241
1225,0,39202,39224
3440,1,39210,39225
3003,2,39219,39252
3607,0,39224,39264
2323,4,39225,39259
2170,1,39225,39269
6445,3,39241,39257
9525,2,39252,39281
3128,3,39257,39305
4306,4,39259,39279
6190,0,39264,39291
8136,1,39269,39309
4578,4,39279,39317
974,2,39281,39318
1722,0,39291,39333
4739,3,39305,39341
5848,1,39309,39331
4009,4,39317,39345
7990,2,39318,39365
6911,1,39331,39352
2207,0,39333,39344
7269,3,39341,39356
2062,0,39344,39392
4813,4,39345,39370
194,1,39352,39393
6318,3,39356,39399
9756,2,39365,39375
8212,4,39370,39379
8721,2,39375,39394
6799,4,39379,39411
310,0,39392,39399
2574,1,39393,39419
9780,2,39394,39399
5511,0,39399,39447
1508,2,39399,39424
6040,3,39399,39446
4331,4,39411,39460
2005,1,39419,39465
7058,2,39424,39464
192,3,39446,39483
5931,0,39447,39492
8120,4,39460,39467
825,2,39464,39510
2088,1,39465,39479
4209,4,39467,39473
9452,4,39473,39499
6197,1,39479,39489
8507,3,39483,39494
2405,1,39489,39495
4770,0,39492,39516
5732,3,39494,39524
7470,1,39495,39535
5172,4,39499,39511
2924,2,39510,39530
2863,4,39511,39560
4948,0,39516,39534
8909,3,39524,39529
2333,3,39529,39550
4566,2,39530,39556
9988,0,39534,39567
8007,1,39535,39580
3584,3,39550,39569
3772,2,39556,39590
7260,4,39560,39573
1183,0,39567,39600
5735,3,39569,39603
7035,4,39573,39589
7251,1,39580,39626
1981,4,39589,39597
730,2,39590,39614
1934,4,39597,39602
4340,0,39600,39616
846,4,39602,39639
7293,3,39603,39613
8680,3,39613,39652
9980,2,39614,39631
822,0,39616,39623
6844,0,39623,39666
9713,1,39626,39634
9546,2,39631,39645
9070,1,39634,39679
2116,4,39639,39688
9732,2,39645,39665
9762,3,39652,39679
7837,2,39665,39693
7267,0,39666,39703
4543,1,39679,39696
4998,3,39679,39726
3064,4,39688,39735
1915,2,39693,39709
1023,1,39696,39739
7792,0,39703,39743
9088,2,39709,39751
3164,3,39726,39735
3574,4,39735,39763
2742,3,39735,39760
1495,1,39739,39753
1311,0,39743,39755
7396,2,39751,39781
1126,1,39753,39795
406,0,39755,39801
5939,3,39760,39789
7308,4,39763,39785
9676,2,39781,39786
8503,4,39785,39834
3162,2,39786,39825
7811,3,39789,39836
2603,1,39795,39844
353,0,39801,39842
5320,2,39825,39834
1601,4,39834,39866
68,2,39834,39843
300,3,39836,39841
9783,3,39841,39846
3227,0,39842,39866
9479,2,39843,39858
9809,1,39844,39893
534,3,39846,39893
7639,2,39858,39897
8583,4,39866,39906
5625,0,39866,39909
7552,1,39893,39902
3972,3,39893,39922
6016,2,39897,39922
7728,1,39902,39941
3275,4,39906,39932
7207,0,39909,39942
3210,2,39922,39970
8639,3,39922,39937
1532,4,39932,39973
86,3,39937,39942
5286,1,39941,39983
5354,0,39942,39991
5441,3,39942,39973
30,2,39970,40005
311,4,39973,40006
6542,3,39973,39981
2851,3,39981,40010
2312,1,39983,40007
1431,0,39991,40031
5789,2,40005,40045
7077,4,40006,40013
5340,1,40007,40012
7630,3,40010,40049
7223,1,40012,40033
8204,4,40013,40060
35,0,40031,40065
5953,1,40033,40047
4562,2,40045,40072
3023,1,40047,40074
2198,3,40049,40099
9709,4,40060,40069
1130,0,40065,40084
1166,4,40069,40115
9135,2,40072,40088
322,1,40074,40107
1190,0,40084,40117
8228,2,40088,40102
6083,3,40099,40115
6570,2,40102,40125
6512,1,40107,40115
3282,4,40115,40140
7183,1,40115,40121
8192,3,40115,40164
7863,0,40117,40128
1811,1,40121,40170
2877,2,40125,40175
7693,0,40128,40163
3775,4,40140,40146
4744,4,40146,40190
5467,0,40163,40194
5017,3,40164,40176
5815,1,40170,40203
9025,2,40175,40209
8760,3,40176,40212
9156,4,40190,40225
58,0,40194,40220
9121,1,40203,40226
943,2,40209,40259
8813,3,40212,40240
4407,0,40220,40237
3704,4,40225,40246
203,1,40226,40265
6249,0,40237,40252
3958,3,40240,40287
1220,4,40246,40289
3719,0,40252,40276
6875,2,40259,40300
5745,1,40265,40272
925,1,40272,40315
1496,0,40276,40316
4992,3,40287,40327
9455,4,40289,40298
1412,4,40298,40322
1146,2,40300,40334
6076,1,40315,40358
116,0,40316,40335
8036,4,40322,40334
8787,3,40327,40339
4416,4,40334,40383
6833,2,40334,40345
9658,0,40335,40380
1017,3,40339,40366
3431,2,40345,40364
6623,1,40358,40394
571,2,40364,40410
676,3,40366,40407
6526,0,40380,40420
5830,4,40383,40416
8806,1,40394,40434
8981,3,40407,40434
547,2,40410,40422
4883,4,40416,40441
5888,0,40420,40435
5270,2,40422,40433
9881,2,40433,40454
4474,1,40434,40474
2025,3,40434,40457
285,0,40435,40459
7185,4,40441,40451
5302,4,40451,40489
6105,2,40454,40487
5328,3,40457,40475
8975,0,40459,40485
1110,1,40474,40480
492,3,40475,40523
9172,1,40480,40521
9922,0,40485,40527
898,2,40487,40525
1320,4,40489,40529
2410,1,40521,40532
6098,3,40523,40572
5559,2,40525,40547
6751,0,40527,40576
4495,4,40529,40563
7332,1,40532,40555
4771,2,40547,40568
2987,1,40555,40602
1737,4,40563,40595
618,2,40568,40576
3660,3,40572,40622
2367,0,40576,40608
575,2,40576,40616
5585,4,40595,40627
9618,1,40602,40612
5823,0,40608,40624
7846,1,40612,40660
6814,2,40616,40645
4644,3,40622,40672
3491,0,40624,40644
7526,4,40627,40671
6842,0,40644,40651
3834,2,40645,40650
861,2,40650,40668
9103,0,40651,40678
8095,1,40660,40671
6559,2,40668,40710
7895,4,40671,40696
9387,1,40671,40705
1426,3,40672,40702
4226,0,40678,40693
9151,0,40693,40725
5427,4,40696,40745
3778,3,40702,40728
6415,1,40705,40724
3914,2,40710,40751
7455,1,40724,40746
3263,0,40725,40767
3041,3,40728,40764
4527,4,40745,40787
1322,1,40746,40769
5857,2,40751,40798
227,3,40764,40812
4691,0,40767,40774
5989,1,40769,40800
4449,0,40774,40799
2163,4,40787,40816
4938,2,40798,40827
8117,0,40799,40806
1196,1,40800,40846
9481,0,40806,40812
232,0,40812,40834
15,3,40812,40822
3185,4,40816,40863
4070,3,40822,40867
8242,2,40827,40876
8090,0,40834,40882
3485,1,40846,40895
9160,4,40863,40887
2118,3,40867,40911
1516,2,40876,40926
1964,0,40882,40914
2022,4,40887,40904
323,1,40895,40922
1563,4,40904,40943
9828,3,40911,40942
4655,0,40914,40961
5403,1,40922,40942
8547,2,40926,40958
4135,1,40942,40989
5332,3,40942,40986
9503,4,40943,40971
3230,2,40958,40990
6296,0,40961,41004
4460,4,40971,41003
1965,3,40986,41028
4123,1,40989,41035
5027,2,40990,41004
2975,4,41003,41039
5359,0,41004,41042
9067,2,41004,41051
6193,3,41028,41034
4099,3,41034,41079
9764,1,41035,41057
9111,4,41039,41073
5370,0,41042,41075
6729,2,41051,41098
7945,1,41057,41102
2249,4,41073,41090
2982,0,41075,41124
3572,3,41079,41128
7363,4,41090,41125
7527,2,41098,41106
3717,1,41102,41129
6442,2,41106,41124
6952,0,41124,41135
4786,2,41124,41144
3799,4,41125,41165
9603,3,41128,41150
7786,1,41129,41144
6649,0,41135,41149
602,2,41144,41163
8694,1,41144,41188
9617,0,41149,41193
3577,3,41150,41197
7598,2,41163,41177
3867,4,41165,41180
6908,2,41177,41191
3116,4,41180,41221
3086,1,41188,41229
6813,2,41191,41226
1741,0,41193,41234
135,3,41197,41228
2893,4,41221,41253
7624,2,41226,41233
5660,3,41228,41249
5071,1,41229,41277
4526,2,41233,41240
417,0,41234,41274
8521,2,41240,41280
9198,3,41249,41279
8040,4,41253,41269
5028,4,41269,41279
9330,0,41274,41324
7383,1,41277,41296
2616,4,41279,41294
9241,3,41279,41293
3497,2,41280,41310
9735,3,41293,41321
5105,4,41294,41328
6436,1,41296,41337
8459,2,41310,41315
685,2,41315,41363
1194,3,41321,41338
7517,0,41324,41360
6256,4,41328,41337
7705,4,41337,41343
4432,1,41337,41342
4589,3,41338,41387
9942,1,41342,41379
6258,4,41343,41350
4372,4,41350,41369
6522,0,41360,41385
114,2,41363,41400
2288,4,41369,41405
5042,1,41379,41399
8308,0,41385,41433
1207,3,41387,41421
5583,1,41399,41436
9837,2,41400,41450
5998,4,41405,41411
6478,4,41411,41430
3837,3,41421,41439
3393,4,41430,41439
926,0,41433,41462
2915,1,41436,41481
3796,4,41439,41448
1435,3,41439,41464
6308,4,41448,41467
7166,2,41450,41497
6898,0,41462,41498
2035,3,41464,41509
9656,4,41467,41496
8273,1,41481,41522
4236,4,41496,41528
115,2,41497,41517
1668,0,41498,41527
9008,3,41509,41543
9927,2,41517,41556
3016,1,41522,41529
1178,0,41527,41559
3108,4,41528,41548
9243,1,41529,41578
9909,3,41543,41562
221,4,41548,41555
3109,4,41555,41591
5404,2,41556,41591
4608,0,41559,41594
2926,3,41562,41579
6928,1,41578,41594
2651,3,41579,41593
808,4,41591,41621
3137,2,41591,41616
8473,3,41593,41636
1262,0,41594,41620
9250,1,41594,41614
7101,1,41614,41648
1092,2,41616,41658
9983,0,41620,41640
2531,4,41621,41659
1916,3,41636,41666
3205,0,41640,41654
5376,1,41648,41655
7504,0,41654,41677
1812,1,41655,41681
9963,2,41658,41664
9004,4,41659,41695
880,2,41664,41685
1201,3,41666,41710
3716,0,41677,41684
1644,1,41681,41688
7753,0,41684,41716
4602,2,41685,41713
9906,1,41688,41726
7495,4,41695,41707
5284,4,41707,41719
9284,3,41710,41741
4614,2,41713,41731
2254,0,41716,41765
7132,4,41719,41751
489,1,41726,41740
9385,2,41731,41748
8948,1,41740,41761
4172,3,41741,41783
750,2,41748,41793
6527,4,41751,41792
9760,1,41761,41801
6142,0,41765,41802
8163,3,41783,41830
2879,4,41792,41815
4196,2,41793,41842
9222,1,41801,41850
8172,0,41802,41829
9017,4,41815,41847
8415,0,41829,41875
2610,3,41830,41839
2855,3,41839,41862
4373,2,41842,41851
4666,4,41847,41854
8092,1,41850,41858
5640,2,41851,41873
3073,4,41854,41868
1203,1,41858,41907
151,3,41862,41896
3535,4,41868,41888
6279,2,41873,41908
3500,0,41875,41886
3536,0,41886,41906
1787,4,41888,41936
3293,3,41896,41941
5880,0,41906,41925
5995,1,41907,41935
5480,2,41908,41956
1953,0,41925,41940
2015,1,41935,41954
7484,4,41936,41943
5069,0,41940,41955
2446,3,41941,41984
1317,4,41943,41961
628,1,41954,41960
3369,0,41955,41999
5749,2,41956,41985
9109,1,41960,41970
6411,4,41961,42007
6464,1,41970,42010
6246,3,41984,42022
5904,2,41985,42007
7584,0,41999,42015
5588,4,42007,42038
3629,2,42007,42038
3980,1,42010,42025
9586,0,42015,42022
3695,0,42022,42030
5357,3,42022,42061
8764,1,42025,42058
4251,0,42030,42054
8182,4,42038,42082
6116,2,42038,42056
655,0,42054,42067
4970,2,42056,42103
3906,1,42058,42086
1615,3,42061,42079
2345,0,42067,42076
2527,0,42076,42122
8446,3,42079,42112
8526,4,42082,42125
9163,1,42086,42132
1673,2,42103,42108
5392,2,42108,42128
132,3,42112,42145
6113,0,42122,42172
5335,4,42125,42155
7045,2,42128,42157
2024,1,42132,42143
5946,1,42143,42171
7715,3,42145,42188
6685,4,42155,42200
7896,2,42157,42193
3139,1,42171,42211
3122,0,42172,42217
874,3,42188,42196
8926,2,42193,42242
5198,3,42196,42220
7864,4,42200,42236
8962,1,42211,42253
4472,0,42217,42226
1488,3,42220,42231
4264,0,42226,42258
4969,3,42231,42279
2546,4,42236,42242
6970,4,42242,42257
2286,2,42242,42256
7126,1,42253,42293
9642,2,42256,42296
2686,4,42257,42272
7192,0,42258,42288
9544,4,42272,42317
4789,3,42279,42316
2403,0,42288,42316
4163,1,42293,42338
3965,2,42296,42321
422,0,42316,42342
3081,3,42316,42330
3905,4,42317,42330
1389,2,42321,42336
8628,4,42330,42356
4408,3,42330,42380
577,2,42336,42369
8438,1,42338,42348
1619,0,42342,42351
2663,1,42348,42394
5014,0,42351,42388
9973,4,42356,42377
3944,2,42369,42401
4310,4,42377,42424
7294,3,42380,42422
4405,0,42388,42423
5851,1,42394,42434
1679,2,42401,42426
9101,3,42422,42447
6897,0,42423,42468
8783,4,42424,42460
8997,2,42426,42465
4300,1,42434,42463
4473,3,42447,42474
4502,4,42460,42484
4622,1,42463,42484
411,2,42465,42482
9616,0,42468,42481
1640,3,42474,42486
2360,0,42481,42490
1182,2,42482,42526
7542,4,42484,42512
4507,1,42484,42500
6104,3,42486,42513
4815,0,42490,42527
6306,1,42500,42520
5048,4,42512,42545
4976,3,42513,42548
388,1,42520,42539
1704,2,42526,42556
264,0,42527,42543
5169,1,42539,42559
5967,0,42543,42566
1907,4,42545,42574
4027,3,42548,42556
3106,2,42556,42605
8767,3,42556,42605
4537,1,42559,42594
6322,0,42566,42602
8722,4,42574,42602
3271,1,42594,42641
1961,4,42602,42649
8376,0,42602,42633
8928,2,42605,42634
4893,3,42605,42639
455,0,42633,42644
5313,2,42634,42677
1370,3,42639,42682
4446,1,42641,42679
3061,0,42644,42664
9312,4,42649,42686
3860,0,42664,42692
8980,2,42677,42718
1988,1,42679,42705
7579,3,42682,42727
3874,4,42686,42733
1658,0,42692,42723
3015,1,42705,42753
4404,2,42718,42734
8551,0,42723,42739
154,3,42727,42768
3971,4,42733,42758
130,2,42734,42769
89,0,42739,42756
3141,1,42753,42788
3994,0,42756,42803
8530,4,42758,42797
5053,3,42768,42805
956,2,42769,42818
5628,1,42788,42796
3653,1,42796,42834
4924,4,42797,42831
6905,0,42803,42833
1072,3,42805,42834
9915,2,42818,42861
1465,4,42831,42878
678,0,42833,42872
2858,1,42834,42846
2059,3,42834,42869
4767,1,42846,42853
6576,1,42853,42873
5549,2,42861,42883
3174,3,42869,42908
9745,0,42872,42917
5210,1,42873,42900
2091,4,42878,42904
9177,2,42883,42932
8724,1,42900,42930
3031,4,42904,42947
6784,3,42908,42920
3590,0,42917,42953
8086,3,42920,42961
3805,1,42930,42941
9715,2,42932,42947
7653,1,42941,42964
744,4,42947,42957
4445,2,42947,42990
9246,0,42953,42960
512,4,42957,42964
3648,0,42960,42966
4094,3,42961,42976
456,4,42964,43003
7862,1,42964,43010
3471,0,42966,43002
3029,3,42976,43006
9188,2,42990,43026
7957,0,43002,43040
7762,4,43003,43015
4508,3,43006,43055
8193,1,43010,43022
5972,4,43015,43041
7582,1,43022,43058
7346,2,43026,43058
6626,0,43040,43088
6636,4,43041,43056
977,3,43055,43069
8670,4,43056,43070
4144,2,43058,43072
6981,1,43058,43106
8797,3,43069,43105
7405,4,43070,43105
3168,2,43072,43116
4661,0,43088,43132
6753,4,43105,43142
4442,3,43105,43121
9081,1,43106,43144
6665,2,43116,43149
8049,3,43121,43167
6896,0,43132,43153
6880,4,43142,43186
7128,1,43144,43194
1607,2,43149,43190
2134,0,43153,43200
2437,3,43167,43199
7923,4,43186,43220
2983,2,43190,43236
7967,1,43194,43221
8598,3,43199,43210
6545,0,43200,43230
9960,3,43210,43232
3134,4,43220,43257
381,1,43221,43251
5780,0,43230,43270
4999,3,43232,43266
5032,2,43236,43249
7799,2,43249,43258
8735,1,43251,43282
2561,4,43257,43300
5716,2,43258,43280
9614,3,43266,43291
9050,0,43270,43286
9171,2,43280,43311
2660,1,43282,43309
5434,0,43286,43298
518,3,43291,43315
1350,0,43298,43345
3557,4,43300,43339
2797,1,43309,43339
8297,2,43311,43356
1724,3,43315,43352
7071,4,43339,43384
9928,1,43339,43348
7115,0,43345,43374
7955,1,43348,43387
1492,3,43352,43379
6738,2,43356,43394
6151,0,43374,43401
8740,3,43379,43395
8747,4,43384,43434
3783,1,43387,43403
13,2,43394,43441
2946,3,43395,43444
6358,0,43401,43432
3542,1,43403,43425
494,1,43425,43436
3903,0,43432,43476
662,4,43434,43473
8985,1,43436,43454
2351,2,43441,43485
7697,3,43444,43455
4224,1,43454,43461
1856,3,43455,43471
5927,1,43461,43503
6329,3,43471,43510
6288,4,43473,43500
7839,0,43476,43485
4028,0,43485,43496
4281,2,43485,43504
2619,0,43496,43546
5822,4,43500,43517
8218,1,43503,43549
4308,2,43504,43553
3248,3,43510,43539
821,4,43517,43550
8533,3,43539,43583
270,0,43546,43562
9791,1,43549,43583
7832,4,43550,43583
4506,2,43553,43599
4501,0,43562,43593
9448,4,43583,43597
739,1,43583,43590
5672,3,43583,43621
1391,1,43590,43615
3609,0,43593,43611
1947,4,43597,43647
1378,2,43599,43626
7665,0,43611,43639
3252,1,43615,43635
9905,3,43621,43659
3956,2,43626,43633
5103,2,43633,43647
7735,1,43635,43659
5420,0,43639,43656
9288,4,43647,43659
8874,2,43647,43692
2865,0,43656,43667
7085,4,43659,43696
3387,1,43659,43676
9473,3,43659,43667
6732,0,43667,43690
410,3,43667,43682
857,1,43676,43706
306,3,43682,43700
9257,0,43690,43720
794,2,43692,43733
743,4,43696,43706
6036,3,43700,43722
1500,4,43706,43722
5715,1,43706,43720
4534,0,43720,43742
9084,1,43720,43725
1699,4,43722,43745
3284,3,43722,43764
8188,1,43725,43736
3953,2,43733,43768
6584,1,43736,43780
5181,0,43742,43789
4305,4,43745,43759
5341,4,43759,43799
1185,3,43764,43794
4181,2,43768,43776
7370,2,43776,43818
2349,1,43780,43822
5366,0,43789,43827
4174,3,43794,43841
8856,4,43799,43821
7373,2,43818,43861
3806,4,43821,43867
2519,1,43822,43861
4864,0,43827,43863
6667,3,43841,43862
1675,2,43861,43901
7713,1,43861,43894
158,3,43862,43889
9216,0,43863,43877
3456,4,43867,43905
9213,0,43877,43895
9049,3,43889,43939
8616,1,43894,43933
2850,0,43895,43911
3182,2,43901,43908
5085,4,43905,43944
9337,2,43908,43942
915,0,43911,43948
6285,1,43933,43971
8127,3,43939,43955
3526,2,43942,43991
8809,4,43944,43959
5795,0,43948,43957
5109,3,43955,43968
1318,0,43957,44004
196,4,43959,43980
992,3,43968,43995
3923,1,43971,44003
6284,4,43980,44013
5612,2,43991,44040
4237,3,43995,44012
292,1,44003,44022
7734,0,44004,44027
9294,3,44012,44040
120,4,44013,44033
5990,1,44022,44069
997,0,44027,44065
6745,4,44033,44081
705,2,44040,44067
7928,3,44040,44090
2058,0,44065,44115
181,2,44067,44085
2683,1,44069,44089
1685,4,44081,44124
1784,2,44085,44117
8920,1,44089,44117
6561,3,44090,44105
5865,3,44105,44133
3253,0,44115,44124
2466,2,44117,44154
8769,1,44117,44123
6087,1,44123,44166
2145,4,44124,44164
2645,0,44124,44154
7089,3,44133,44149
5473,3,44149,44179
3706,0,44154,44186
9772,2,44154,44178
7613,4,44164,44214
2532,1,44166,44187
9003,2,44178,44192
5495,3,44179,44195
7099,0,44186,44201
9811,1,44187,44219
6137,2,44192,44215
3938,3,44195,44231
2033,0,44201,44239
5316,4,44214,44221
205,2,44215,44229
4045,1,44219,44245
7186,4,44221,44254
3819,2,44229,44257
1793,3,44231,44249
4216,0,44239,44280
3947,1,44245,44288
680,3,44249,44258
8035,4,44254,44286
1890,2,44257,44301
3340,3,44258,44275
8251,3,44275,44322
7607,0,44280,44320
5128,4,44286,44319
8160,1,44288,44328
9278,2,44301,44342
9056,4,44319,44334
2583,0,44320,44367
9607,3,44322,44352
5135,1,44328,44368
4,4,44334,44345
1538,2,44342,44370
190,4,44345,44369
6931,3,44352,44382
8499,0,44367,44400
1979,1,44368,44374
5552,4,44369,44394
4533,2,44370,44408
4440,1,44374,44392
2654,3,44382,44403
9620,1,44392,44442
3010,4,44394,44440
1419,0,44400,44441
6115,3,44403,44436
7694,2,44408,44456
8827,3,44436,44474
5959,4,44440,44480
8659,0,44441,44484
8984,1,44442,44476
1106,2,44456,44463
8379,2,44463,44498
5968,3,44474,44486
5729,1,44476,44500
5892,4,44480,44507
8974,0,44484,44499
2196,3,44486,44516
9052,2,44498,44545
1888,0,44499,44540
9034,1,44500,44534
376,4,44507,44540
626,3,44516,44563
7625,1,44534,44542
7804,4,44540,44554
9571,0,44540,44566
4122,1,44542,44574
6664,2,44545,44590
7440,4,44554,44573
762,3,44563,44577
7199,0,44566,44577
9648,4,44573,44623
1661,1,44574,44618
4206,0,44577,44610
7677,3,44577,44625
1098,2,44590,44617
5734,0,44610,44647
690,2,44617,44655
9573,1,44618,44630
9161,4,44623,44630
7972,3,44625,44647
6201,4,44630,44645
9630,1,44630,44669
4247,4,44645,44694
871,0,44647,44666
4718,3,44647,44673
160,2,44655,44665
699,2,44665,44670
7426,0,44666,44674
8959,1,44669,44714
105,2,44670,44713
6345,3,44673,44678
3432,0,44674,44699
3650,3,44678,44703
4953,4,44694,44734
2997,0,44699,44736
4076,3,44703,44750
2227,2,44713,44738
3736,1,44714,44751
6283,4,44734,44743
5379,0,44736,44786
9197,2,44738,44771
6627,4,44743,44759
2166,3,44750,44757
8480,1,44751,44778
9663,3,44757,44789
3995,4,44759,44801
2246,2,44771,44805
524,1,44778,44783
2705,1,44783,44833
7450,0,44786,44827
3859,3,44789,44833
3513,4,44801,44811
665,2,44805,44821
1466,4,44811,44846
2817,2,44821,44834
3831,0,44827,44868
7357,1,44833,44860
7010,3,44833,44839
546,2,44834,44870
7052,3,44839,44868
905,4,44846,44874
5037,1,44860,44867
746,1,44867,44894
1820,0,44868,44875
7091,3,44868,44881
9086,2,44870,44895
3787,4,44874,44922
5689,0,44875,44913
4965,3,44881,44895
5500,1,44894,44943
57,2,44895,44937
2922,3,44895,44919
5283,0,44913,44920
5333,3,44919,44957
9180,0,44920,44941
7757,4,44922,44955
6655,2,44937,44951
8868,0,44941,44983
5398,1,44943,44974
3130,2,44951,44964
3573,4,44955,44969
6177,3,44957,45007
6588,2,44964,44991
8485,4,44969,45001
6370,1,44974,44994
7119,0,44983,44997
8294,2,44991,45022
4606,1,44994,45041
2262,0,44997,45024
1984,4,45001,45047
9710,3,45007,45016
2049,3,45016,45040
7916,2,45022,45060
4286,0,45024,45034
6156,0,45034,45066
3201,3,45040,45045
5214,1,45041,45074
7947,3,45045,45092
9108,4,45047,45084
2951,2,45060,45101
7007,0,45066,45114
8924,1,45074,45085
4918,4,45084,45133
6226,1,45085,45135
2435,3,45092,45123
6091,2,45101,45125
505,0,45114,45138
4775,3,45123,45129
7771,2,45125,45159
5349,3,45129,45152
9541,4,45133,45173
6587,1,45135,45180
934,0,45138,45184
2342,3,45152,45187
3853,2,45159,45174
8166,4,45173,45186
2760,2,45174,45209
7513,1,45180,45208
5957,0,45184,45198
5619,4,45186,45219
5987,3,45187,45225
2090,0,45198,45210
3241,1,45208,45231
9458,2,45209,45243
3934,0,45210,45258
5661,4,45219,45249
2048,3,45225,45274
7375,1,45231,45258
2529,2,45243,45260
9781,4,45249,45284
9640,0,45258,45304
9392,1,45258,45276
6024,2,45260,45266
5095,2,45266,45295
3630,3,45274,45324
3296,1,45276,45291
6078,4,45284,45299
8454,1,45291,45329
2621,2,45295,45312
4819,4,45299,45338
4605,0,45304,45337
6055,2,45312,45359
3518,3,45324,45362
4870,1,45329,45372
993,0,45337,45355
2969,4,45338,45345
2094,4,45345,45385
5100,0,45355,45374
7328,2,45359,45395
9584,3,45362,45384
2933,1,45372,45411
6650,0,45374,45415
8737,3,45384,45427
5249,4,45385,45402
3438,2,45395,45441
5064,4,45402,45423
2763,1,45411,45460
4007,0,45415,45437
3124,4,45423,45457
8225,3,45427,45468
4685,0,45437,45459
2777,2,45441,45481
7988,4,45457,45497
7580,0,45459,45487
3900,1,45460,45505
6703,3,45468,45478
4041,3,45478,45483
5553,2,45481,45493
5587,3,45483,45509
4841,0,45487,45495
9779,2,45493,45520
4393,0,45495,45508
2840,4,45497,45519
6138,1,45505,45546
2064,0,45508,45536
7202,3,45509,45538
1059,4,45519,45568
3496,2,45520,45545
4223,0,45536,45585
2737,3,45538,45576
8272,2,45545,45571
896,1,45546,45564
8532,1,45564,45607
2839,4,45568,45603
7937,2,45571,45576
7038,2,45576,45614
5044,3,45576,45619
7581,0,45585,45599
1739,0,45599,45623
342,4,45603,45638
9308,1,45607,45653
4389,2,45614,45625
2041,3,45619,45644
1795,0,45623,45673
2511,2,45625,45671
2799,4,45638,45683
6307,3,45644,45650
5949,3,45650,45689
6198,1,45653,45682
5418,2,45671,45711
9291,0,45673,45714
4171,1,45682,45730
7590,4,45683,45717
957,3,45689,45700
5314,3,45700,45705
2761,3,45705,45716
1690,2,45711,45757
1913,0,45714,45736
6891,3,45716,45764
7229,4,45717,45737
9484,1,45730,45745
2551,0,45736,45770
7425,4,45737,45768
8310,1,45745,45790
4638,2,45757,45800
1649,3,45764,45787
9790,4,45768,45802
870,0,45770,45813
8231,3,45787,45814
4220,1,45790,45838
6174,2,45800,45829
1212,4,45802,45820
5572,0,45813,45847
731,3,45814,45864
9997,4,45820,45834
2459,2,45829,45852
5138,4,45834,45874
1616,1,45838,45880
189,0,45847,45875
2606,2,45852,45890
6806,3,45864,45894
1380,4,45874,45909
4039,0,45875,45919
3439,1,45880,45905
294,2,45890,45929
8005,3,45894,45926
78,1,45905,45939
5433,4,45909,45946
9042,0,45919,45956
5058,3,45926,45963
7361,2,45929,45937
3852,2,45937,45982
3744,1,45939,45959
6257,4,45946,45987
5714,0,45956,45992
8951,1,45959,45986
60,3,45963,46011
1627,2,45982,46029
9673,1,45986,46026
4319,4,45987,46029
7770,0,45992,46005
6085,0,46005,46030
5165,3,46011,46016
9429,3,46016,46038
8534,1,46026,46063
8062,4,46029,46062
9855,2,46029,46045
819,0,46030,46080
7646,3,46038,46082
9321,2,46045,46092
4255,4,46062,46081
2291,1,46063,46076
2696,1,46076,46083
2543,0,46080,46100
6037,4,46081,46100
9613,3,46082,46097
2580,1,46083,46109
3632,2,46092,46121
9759,3,46097,46128
8360,4,46100,46125
8918,0,46100,46106
8563,0,46106,46119
8846,1,46109,46150
6471,0,46119,46138
9689,2,46121,46171
8380,4,46125,46152
3904,3,46128,46151
8945,0,46138,46165
2534,1,46150,46156
6876,3,46151,46193
1670,4,46152,46171
2907,1,46156,46190
6006,0,46165,46177
1829,4,46171,46193
1605,2,46171,46216
92,0,46177,46206
1143,1,46190,46214
4189,4,46193,46230
4799,3,46193,46216
5490,0,46206,46247
2878,1,46214,46248
5527,2,46216,46237
6169,3,46216,46256
1565,4,46230,46244
5411,2,46237,46282
3154,4,46244,46269
2425,0,46247,46292
4777,1,46248,46257
2086,3,46256,46281
87,1,46257,46294
7096,4,46269,46289
6796,3,46281,46300
7327,2,46282,46302
6014,4,46289,46298
7710,0,46292,46302
3578,1,46294,46328
272,4,46298,46309
2648,3,46300,46323
8058,0,46302,46326
9299,2,46302,46334
6459,4,46309,46355
2047,3,46323,46370
7415,0,46326,46371
4271,1,46328,46351
3166,2,46334,46362
7847,1,46351,46395
1332,4,46355,46397
5528,2,46362,46382
9763,3,46370,46407
6103,0,46371,46389
234,2,46382,46398
6761,0,46389,46420
7610,1,46395,46402
911,4,46397,46426
8886,2,46398,46436
1611,1,46402,46408
6331,3,46407,46431
7315,1,46408,46450
6883,0,46420,46452
2901,4,46426,46463
7854,3,46431,46447
569,2,46436,46443
1789,2,46443,46449
4102,3,46447,46494
2967,2,46449,46468
3820,1,46450,46473
5494,0,46452,46460
9767,0,46460,46504
223,4,46463,46473
6987,2,46468,46498
5047,4,46473,46503
6208,1,46473,46497
4192,3,46494,46524
4509,1,46497,46527
1631,2,46498,46515
7241,4,46503,46542
164,0,46504,46515
3142,0,46515,46536
2505,2,46515,46556
3069,3,46524,46572
9477,1,46527,46549
729,0,46536,46543
9823,4,46542,46587
9306,0,46543,46568
7722,1,46549,46574
2968,2,46556,46572
5742,0,46568,46574
6425,2,46572,46604
8493,3,46572,46579
2528,0,46574,46602
703,1,46574,46616
4958,3,46579,46598
3217,4,46587,46628
740,3,46598,46632
1632,0,46602,46646
2228,2,46604,46633
5164,1,46616,46649
8421,4,46628,46638
8693,3,46632,46655
9880,2,46633,46672
3847,4,46638,46657
8808,0,46646,46683
4071,1,46649,46680
1939,3,46655,46666
1764,4,46657,46673
9847,3,46666,46687
9956,2,46672,46682
7641,4,46673,46720
5383,1,46680,46729
8894,2,46682,46703
845,0,46683,46693
3475,3,46687,46710
8513,0,46693,46736
93,2,46703,46736
117,3,46710,46725
776,4,46720,46752
4703,3,46725,46731
2081,1,46729,46748
8843,3,46731,46754
775,0,46736,46764
9467,2,46736,46768
1818,1,46748,46782
4900,4,46752,46787
8267,3,46754,46781
9514,0,46764,46785
8384,2,46768,46806
8752,3,46781,46801
2981,1,46782,46832
1629,0,46785,46826
5194,4,46787,46815
6979,3,46801,46829
2357,2,46806,46849
8535,4,46815,46857
6669,0,46826,46857
9516,3,46829,46871
8280,1,46832,46853
4006,2,46849,46885
7576,1,46853,46865
9189,4,46857,46902
343,0,46857,46864
4469,0,46864,46880
7964,1,46865,46887
8833,3,46871,46909
312,0,46880,46912
2960,2,46885,46926
3941,1,46887,46937
3522,4,46902,46907
2779,4,46907,46945
4437,3,46909,46930
144,0,46912,46958
5839,2,46926,46946
6548,3,46930,46967
8134,1,46937,46968
8448,4,46945,46990
9175,2,46946,46974
2004,0,46958,46980
1773,3,46967,47013
1842,1,46968,46975
8043,2,46974,46995
9080,1,46975,47024
3472,0,46980,46998
7354,4,46990,47029
5397,2,46995,47042
6675,0,46998,47039
7250,3,47013,47044
7352,1,47024,47052
8153,4,47029,47039
491,4,47039,47055
6739,0,47039,47046
301,2,47042,47088
7012,3,47044,47064
9221,0,47046,47079
3545,1,47052,47080
6129,4,47055,47068
7716,3,47064,47110
7025,4,47068,47105
1228,0,47079,47089
987,1,47080,47129
6349,2,47088,47122
6901,0,47089,47139
1036,4,47105,47125
6312,3,47110,47127
5746,2,47122,47131
6603,4,47125,47169
2027,3,47127,47165
7033,1,47129,47168
5605,2,47131,47169
5855,0,47139,47189
5378,3,47165,47211
3089,1,47168,47200
2416,4,47169,47207
2625,2,47169,47193
327,0,47189,47214
9483,2,47193,47208
5507,1,47200,47218
7881,4,47207,47233
6461,2,47208,47254
348,3,47211,47258
1082,0,47214,47222
9836,1,47218,47265
9563,0,47222,47269
3419,4,47233,47242
5606,4,47242,47285
4727,2,47254,47301
4570,3,47258,47273
4811,1,47265,47301
4125,0,47269,47289
7985,3,47273,47287
6450,4,47285,47308
9553,3,47287,47299
938,0,47289,47323
4208,3,47299,47343
8614,2,47301,47316
2564,1,47301,47319
9730,4,47308,47340
9125,2,47316,47361
8788,1,47319,47347
5481,0,47323,47334
4659,0,47334,47379
9247,4,47340,47350
5854,3,47343,47363
7872,1,47347,47366
8789,4,47350,47370
3036,2,47361,47397
6728,3,47363,47412
8516,1,47366,47383
2716,4,47370,47391
5693,0,47379,47402
6351,1,47383,47388
3129,1,47388,47418
4555,4,47391,47411
5253,2,47397,47416
3490,0,47402,47451
2758,4,47411,47441
1752,3,47412,47450
5351,2,47416,47426
6148,1,47418,47437
8275,2,47426,47449
8555,1,47437,47478
7752,4,47441,47482
9944,2,47449,47485
503,3,47450,47478
2235,0,47451,47485
2169,1,47478,47504
758,3,47478,47488
3192,4,47482,47511
4351,0,47485,47506
2836,2,47485,47520
6554,3,47488,47528
9758,1,47504,47531
9251,0,47506,47523
9327,4,47511,47539
9747,2,47520,47551
1442,0,47523,47571
2011,3,47528,47559
4991,1,47531,47548
6966,4,47539,47569
2635,1,47548,47560
6275,2,47551,47593
654,3,47559,47594
6671,1,47560,47571
8602,4,47569,47601
817,0,47571,47615
4680,1,47571,47599
6647,2,47593,47641
4712,3,47594,47638
6552,1,47599,47623
1150,4,47601,47646
5281,0,47615,47631
976,1,47623,47636
1588,0,47631,47671
2087,1,47636,47674
8913,3,47638,47685
4270,2,47641,47689
5650,4,47646,47683
8032,0,47671,47693
1519,1,47674,47704
9979,4,47683,47701
4528,3,47685,47705
140,2,47689,47739
3001,0,47693,47740
4158,4,47701,47731
3762,1,47704,47730
8801,3,47705,47734
2957,1,47730,47772
8445,4,47731,47771
5287,3,47734,47765
180,2,47739,47747
8386,0,47740,47752
2925,2,47747,47766
2579,0,47752,47788
8600,3,47765,47815
2314,2,47766,47805
7899,4,47771,47800
2641,1,47772,47793
8515,0,47788,47801
4669,1,47793,47809
669,4,47800,47837
2549,0,47801,47830
1520,2,47805,47835
3608,1,47809,47829
1777,3,47815,47865
8045,1,47829,47868
2827,0,47830,47842
7522,2,47835,47872
9302,4,47837,47848
8542,0,47842,47875
5395,4,47848,47880
2172,3,47865,47884
7400,1,47868,47912
4936,2,47872,47882
5834,0,47875,47902
9638,4,47880,47901
9936,2,47882,47922
5465,3,47884,47914
8441,4,47901,47951
2471,0,47902,47951
6808,1,47912,47960
4788,3,47914,47954
7800,2,47922,47952
6498,4,47951,47997
275,0,47951,47995
4756,2,47952,47972
2503,3,47954,47998
328,1,47960,48001
3792,2,47972,48005
786,0,47995,48044
3236,4,47997,48040
853,3,47998,48027
3544,1,48001,48023
3597,2,48005,48042
2418,1,48023,48052
3766,3,48027,48053
2842,4,48040,48056
9965,2,48042,48076
9982,0,48044,48088
9068,1,48052,48091
5908,3,48053,48089
4228,4,48056,48101
5468,2,48076,48095
5345,0,48088,48112
9136,3,48089,48108
3502,1,48091,48124
4317,2,48095,48124
6423,4,48101,48126
6102,3,48108,48142
7131,0,48112,48150
9696,2,48124,48174
4926,1,48124,48140
4362,4,48126,48140
4490,4,48140,48176
6517,1,48140,48176
3908,3,48142,48166
1229,0,48150,48168
4031,3,48166,48187
3289,0,48168,48185
6700,2,48174,48180
9374,4,48176,48183
3909,1,48176,48221
6599,2,48180,48202
2434,4,48183,48194
1895,0,48185,48226
4598,3,48187,48219
3771,4,48194,48219
5343,2,48202,48246
2999,4,48219,48266
1509,3,48219,48264
5622,1,48221,48228
4844,0,48226,48234
1646,1,48228,48245
395,0,48234,48252
8318,1,48245,48250
4946,2,48246,48277
9311,1,48250,48262
2374,0,48252,48297
8458,1,48262,48308
7395,3,48264,48293
7971,4,48266,48308
9957,2,48277,48290
3804,2,48290,48336
477,3,48293,48335
3538,0,48297,48321
6363,4,48308,48357
2225,1,48308,48358
1595,0,48321,48327
1928,0,48327,48371
3521,3,48335,48379
8140,2,48336,48354
4530,2,48354,48367
9804,4,48357,48388
6892,1,48358,48385
347,2,48367,48374
2762,0,48371,48419
4542,2,48374,48400
6334,3,48379,48395
8650,1,48385,48431
3191,4,48388,48395
4381,4,48395,48428
6502,3,48395,48425
4588,2,48400,48438
7301,0,48419,48451
9176,3,48425,48457
2552,4,48428,48475
5668,1,48431,48444
735,2,48438,48468
5911,1,48444,48491
7545,0,48451,48479
4428,3,48457,48475
9807,2,48468,48503
7137,4,48475,48511
5945,3,48475,48505
1459,0,48479,48497
7951,1,48491,48532
4431,0,48497,48523
4652,2,48503,48548
257,3,48505,48537
3639,4,48511,48557
6858,0,48523,48533
7698,1,48532,48582
287,0,48533,48550
3492,3,48537,48562
7102,2,48548,48589
5631,0,48550,48598
6511,4,48557,48568
6186,3,48562,48606
6399,4,48568,48586
3698,1,48582,48615
2876,4,48586,48603
3209,2,48589,48627
5167,0,48598,48641
9725,4,48603,48637
4692,3,48606,48632
9840,1,48615,48650
1363,2,48627,48657
2014,3,48632,48665
6810,4,48637,48679
8738,0,48641,48659
8915,1,48650,48679
3791,2,48657,48689
1141,0,48659,48666
2890,3,48665,48714
4109,0,48666,48678
7498,0,48678,48719
3300,4,48679,48702
7345,1,48679,48700
3420,2,48689,48727
8013,1,48700,48717
9714,4,48702,48720
1162,3,48714,48764
8818,1,48717,48765
2743,0,48719,48764
7809,4,48720,48755
7540,2,48727,48753
1561,2,48753,48783
8687,4,48755,48804
3797,0,48764,48792
1557,3,48764,48806
2052,1,48765,48811
8884,2,48783,48831
8268,0,48792,48837
6431,4,48804,48837
7039,3,48806,48855
6614,1,48811,48850
1304,2,48831,48866
555,4,48837,48854
5036,0,48837,48882
967,1,48850,48884
4194,4,48854,48870
2545,3,48855,48892
8206,2,48866,48914
5871,4,48870,48891
947,0,48882,48918
2380,1,48884,48925
64,4,48891,48919
6348,3,48892,48899
9542,3,48899,48941
2618,2,48914,48920
7256,0,48918,48958
1523,4,48919,48964
9077,2,48920,48936
2372,1,48925,48963
7133,2,48936,48979
2460,3,48941,48984
1974,0,48958,49008
2897,1,48963,48976
3562,4,48964,48971
4156,4,48971,48991
7125,1,48976,48985
4944,2,48979,49027
5400,3,48984,49021
7706,1,48985,49035
2376,4,48991,49006
8343,4,49006,49052
6066,0,49008,49047
3308,3,49021,49045
5772,2,49027,49035
7707,2,49035,49069
3334,1,49035,49060
3739,3,49045,49081
487,0,49047,49060
7810,4,49052,49070
5664,0,49060,49090
7414,1,49060,49100
4707,2,49069,49111
5929,4,49070,49085
6004,3,49081,49097
2605,4,49085,49114
1536,0,49090,49116
7970,3,49097,49138
1153,1,49100,49111
8121,2,49111,49117
7273,1,49111,49124
3038,4,49114,49149
1932,0,49116,49163
5093,2,49117,49155
303,1,49124,49142
6455,3,49138,49156
3789,1,49142,49179
8836,4,49149,49158
2676,2,49155,49168
7585,3,49156,49173
169,4,49158,49164
7784,0,49163,49209
2537,4,49164,49198
6176,2,49168,49204
1604,3,49173,49209
7460,1,49179,49221
5125,4,49198,49210
112,2,49204,49227
9746,0,49209,49224
4594,3,49209,49232
7717,4,49210,49240
9911,1,49221,49257
3677,0,49224,49251
7931,2,49227,49262
5677,3,49232,49272
5417,4,49240,49282
4697,0,49251,49257
5239,0,49257,49305
1395,1,49257,49279
5566,2,49262,49283
3999,3,49272,49304
4065,1,49279,49313
1590,4,49282,49306
5039,2,49283,49315
2290,3,49304,49348
6106,0,49305,49313
2056,4,49306,49341
9925,0,49313,49357
7497,1,49313,49348
5845,2,49315,49336
3398,2,49336,49382
3268,4,49341,49381
1172,1,49348,49379
635,3,49348,49373
178,0,49357,49400
4891,3,49373,49378
8848,3,49378,49398
8363,1,49379,49385
2319,4,49381,49412
7733,2,49382,49391
4493,1,49385,49416
6045,2,49391,49419
770,3,49398,49446
5348,0,49400,49438
4214,4,49412,49420
5429,1,49416,49431
7983,2,49419,49456
6447,4,49420,49441
4943,1,49431,49438
1044,0,49438,49487
8525,1,49438,49477
7236,4,49441,49491
3935,3,49446,49495
9450,2,49456,49466
3760,2,49466,49495
5890,1,49477,49497
2517,0,49487,49496
1219,4,49491,49515
6843,2,49495,49504
1574,3,49495,49505
5523,0,49496,49518
1710,1,49497,49544
4207,2,49504,49540
3949,3,49505,49525
5323,4,49515,49539
6950,0,49518,49565
9096,3,49525,49536
5655,3,49536,49571
165,4,49539,49555
5517,2,49540,49550
9854,1,49544,49582
1650,2,49550,49581
7867,4,49555,49583
4370,0,49565,49573
1109,3,49571,49576
5193,0,49573,49615
5613,3,49576,49582
2775,2,49581,49627
3233,1,49582,49623
3763,3,49582,49620
8109,4,49583,49588
2805,4,49588,49626
8665,0,49615,49636
6095,3,49620,49656
940,1,49623,49632
2920,4,49626,49673
8189,2,49627,49670
6077,1,49632,49659
9580,0,49636,49673
102,3,49656,49661
6580,1,49659,49668
6652,3,49661,49699
677,1,49668,49688
211,2,49670,49717
8528,4,49673,49702
5654,0,49673,49702
5824,1,49688,49713
6942,3,49699,49734
4579,4,49702,49747
302,0,49702,49751
7973,1,49713,49724
7092,2,49717,49767
5737,1,49724,49773
2363,3,49734,49781
7858,4,49747,49786
9560,0,49751,49777
23,2,49767,49808
2144,1,49773,49811
5644,0,49777,49819
6134,3,49781,49816
240,4,49786,49829
9453,2,49808,49817
3733,1,49811,49851
1086,3,49816,49865
5912,2,49817,49847
5698,0,49819,49835
6668,4,49829,49834
5596,4,49834,49863
7906,0,49835,49870
2632,2,49847,49864
4629,1,49851,49870
6961,4,49863,49909
3404,2,49864,49887
2273,3,49865,49908
1578,0,49870,49919
3264,1,49870,49911
5913,2,49887,49897
3231,2,49897,49947
8350,3,49908,49951
2274,4,49909,49950
8064,1,49911,49942
994,0,49919,49966
639,1,49942,49949
2656,2,49947,49981
2412,1,49949,49997
80,4,49950,49973
2452,3,49951,49967
8771,0,49966,49980
1187,3,49967,49997
4259,4,49973,50009
1032,0,49980,50030
8205,2,49981,50006
2560,1,49997,50028
6640,3,49997,50039
6551,2,50006,50026
3035,4,50009,50029
2101,2,50026,50069
1244,1,50028,50055
4012,4,50029,50053
9073,0,50030,50049
8161,3,50039,50060
7274,0,50049,50098
5909,4,50053,50072
1884,1,50055,50101
1155,3,50060,50099
6767,2,50069,50087
5876,4,50072,50084
3686,4,50084,50126
6688,2,50087,50115
1038,0,50098,50134
4105,3,50099,50149
3580,1,50101,50139
4285,2,50115,50136
7751,4,50126,50141
8116,0,50134,50182
2067,2,50136,50149
7436,1,50139,50187
8220,4,50141,50168
7546,2,50149,50161
493,3,50149,50156
3627,3,50156,50191
6360,2,50161,50170
3895,4,50168,50216
1648,2,50170,50200
9819,0,50182,50229
6756,1,50187,50202
9000,3,50191,50240
3055,2,50200,50219
4833,1,50202,50232
523,4,50216,50263
3123,2,50219,50226
9621,2,50226,50232
2234,0,50229,50256
5717,2,50232,50265
9119,1,50232,50261
9865,3,50240,50274
3943,0,50256,50295
400,1,50261,50271
9405,4,50263,50295
9261,2,50265,50314
7681,1,50271,50293
8518,3,50274,50316
5137,1,50293,50307
3873,4,50295,50336
7168,0,50295,50334
3286,1,50307,50348
5471,2,50314,50351
578,3,50316,50342
1918,0,50334,50376
55,4,50336,50354
7151,3,50342,50350
2874,1,50348,50359
8641,3,50350,50366
6830,2,50351,50393
5322,4,50354,50402
7993,1,50359,50404
962,3,50366,50390
4731,0,50376,50420
8281,3,50390,50412
785,2,50393,50411
6691,4,50402,50407
9036,1,50404,50420
8622,4,50407,50457
2341,2,50411,50416
66,3,50412,50461
4461,2,50416,50441
2940,0,50420,50443
594,1,50420,50451
3902,2,50441,50450
6341,0,50443,50463
8482,2,50450,50455
912,1,50451,50489
3985,2,50455,50468
1058,4,50457,50480
4876,3,50461,50507
269,0,50463,50480
1298,2,50468,50505
7572,4,50480,50501
5447,0,50480,50528
4971,1,50489,50529
313,4,50501,50524
3657,2,50505,50551
6932,3,50507,50536
6702,4,50524,50565
128,0,50528,50551
9273,1,50529,50576
9734,3,50536,50571
3863,0,50551,50594
4658,2,50551,50576
5648,4,50565,50583
1597,3,50571,50577
2419,2,50576,50619
3466,1,50576,50620
8039,3,50577,50597
2976,4,50583,50599
7645,0,50594,50602
3301,3,50597,50617
1775,4,50599,50641
4265,0,50602,50615
7194,0,50615,50648
9253,3,50617,50636
3970,2,50619,50628
4132,1,50620,50662
6521,2,50628,50670
4378,3,50636,50676
3619,4,50641,50687
4111,0,50648,50689
9655,1,50662,50712
2257,2,50670,50705
5439,3,50676,50710
7936,4,50687,50737
9383,0,50689,50707
5046,2,50705,50731
9788,0,50707,50716
2142,3,50710,50756
1808,1,50712,50732
541,0,50716,50766
4632,2,50731,50764
2796,1,50732,50761
4860,4,50737,50742
4681,4,50742,50748
773,4,50748,50787
6968,3,50756,50783
4538,1,50761,50779
6959,2,50764,50796
3488,0,50766,50816
4245,1,50779,50813
835,3,50783,50833
2871,4,50787,50823
3336,2,50796,50839
826,1,50813,50842
3325,0,50816,50840
2747,4,50823,50848
9039,3,50833,50855
4585,2,50839,50857
8404,0,50840,50862
2825,1,50842,50862
471,4,50848,50890
5295,3,50855,50896
6207,2,50857,50899
2264,0,50862,50900
2928,1,50862,50903
6449,4,50890,50930
3338,3,50896,50929
5548,2,50899,50919
7365,0,50900,50929
6133,1,50903,50912
62,1,50912,50938
2095,2,50919,50957
583,0,50929,50972
7278,3,50929,50952
6440,4,50930,50949
2988,1,50938,50962
4360,4,50949,50977
3037,3,50952,50962
9226,2,50957,51007
1163,1,50962,51002
6730,3,50962,51002
5394,0,50972,51018
7088,4,50977,50982
6460,4,50982,51030
4453,1,51002,51039
2900,3,51002,51036
7093,2,51007,51027
1131,0,51018,51031
2256,2,51027,51074
7730,4,51030,51043
3072,0,51031,51073
7538,3,51036,51073
9671,1,51039,51067
922,4,51043,51048
7657,4,51048,51091
625,1,51067,51079
3049,0,51073,51117
2977,3,51073,51099
2911,2,51074,51107
9488,1,51079,51095
4672,4,51091,51115
6267,1,51095,51140
9355,3,51099,51141
1553,2,51107,51144
3946,4,51115,51127
2720,0,51117,51144
3780,4,51127,51156
1374,1,51140,51187
8690,3,51141,51190
7718,0,51144,51179
2888,2,51144,51169
2209,4,51156,51201
7451,2,51169,51208
1809,0,51179,51225
113,1,51187,51199
4636,3,51190,51238
259,1,51199,51242
2253,4,51201,51231
989,2,51208,51246
8497,0,51225,51250
8425,4,51231,51256
7349,3,51238,51257
6804,1,51242,51255
6759,2,51246,51284
693,0,51250,51279
341,1,51255,51299
9489,4,51256,51297
2296,3,51257,51263
903,3,51263,51281
354,0,51279,51297
2068,3,51281,51300
5593,2,51284,51304
995,4,51297,51306
242,0,51297,51338
2963,1,51299,51315
2306,3,51300,51335
6648,2,51304,51309
3725,4,51306,51348
7869,2,51309,51322
4418,1,51315,51358
4467,2,51322,51364
1145,3,51335,51373
4934,0,51338,51385
782,4,51348,51376
2462,1,51358,51401
6181,2,51364,51404
5923,3,51373,51387
5122,4,51376,51412
3083,0,51385,51434
1580,3,51387,51419
3039,1,51401,51438
7622,2,51404,51430
4248,4,51412,51420
3494,3,51419,51437
6162,4,51420,51465
8034,2,51430,51455
3942,0,51434,51458
2158,3,51437,51461
7824,1,51438,51461
2337,2,51455,51496
2153,0,51458,51506
9351,1,51461,51506
3402,3,51461,51492
168,4,51465,51505
4309,3,51492,51539
5296,2,51496,51520
5275,4,51505,51512
4409,0,51506,51537
8490,1,51506,51533
8617,4,51512,51531
4977,2,51520,51537
3715,4,51531,51541
8770,1,51533,51566
8167,0,51537,51563
6637,2,51537,51543
9900,3,51539,51553
4015,4,51541,51587
5384,2,51543,51554
2183,3,51553,51572
2771,2,51554,51587
1227,0,51563,51606
6865,1,51566,51604
198,3,51572,51587
9712,4,51587,51632
8904,2,51587,51597
8185,3,51587,51636
6946,2,51597,51643
4651,1,51604,51643
9098,0,51606,51650
1859,4,51632,51661
6310,3,51636,51643
5478,2,51643,51666
2299,1,51643,51688
5327,3,51643,51664
4341,0,51650,51692
4113,4,51661,51684
7402,3,51664,51700
1691,2,51666,51712
7427,4,51684,51715
3454,1,51688,51711
2919,0,51692,51706
2326,3,51700,51729
5891,0,51706,51728
4732,1,51711,51751
8762,2,51712,51755
7525,4,51715,51765
3383,0,51728,51770
9667,3,51729,51753
3349,1,51751,51776
8882,3,51753,51771
1061,2,51755,51793
6575,4,51765,51774
801,0,51770,51807
9937,3,51771,51820
2298,4,51774,51782
3077,1,51776,51810
6110,4,51782,51800
4403,2,51793,51802
4872,4,51800,51807
361,2,51802,51837
8946,0,51807,51818
6409,4,51807,51843
2,1,51810,51823
6232,0,51818,51849
5551,3,51820,51826
2385,1,51823,51837
3156,3,51826,51860
2880,2,51837,51851
4471,1,51837,51853
9717,4,51843,51875
3543,0,51849,51864
5317,2,51851,51870
6605,1,51853,51886
5882,3,51860,51866
4609,0,51864,51894
9633,3,51866,51904
6313,2,51870,51903
1260,4,51875,51922
9414,1,51886,51909
9129,0,51894,51911
2073,2,51903,51938
1045,3,51904,51939
1785,1,51909,51928
2173,0,51911,51923
5438,4,51922,51953
5954,0,51923,51930
9499,1,51928,51971
2013,0,51930,51940
6877,2,51938,51952
557,3,51939,51948
3680,0,51940,51969
1401,3,51948,51983
4483,2,51952,51991
565,4,51953,51993
2061,0,51969,51994
510,1,51971,51990
8180,3,51983,51989
9044,3,51989,52039
5944,1,51990,51996
9193,2,51991,52031
3963,4,51993,51999
636,0,51994,52022
1230,1,51996,52021
2180,4,51999,52021
3803,4,52021,52063
3886,1,52021,52061
6786,0,52022,52068
1560,2,52031,52060
2829,3,52039,52081
1154,2,52060,52104
6361,1,52061,52111
3993,4,52063,52079
9440,0,52068,52105
3751,4,52079,52104
254,3,52081,52124
5259,4,52104,52116
7787,2,52104,52150
3675,0,52105,52124
1584,1,52111,52124
9057,4,52116,52166
3311,0,52124,52148
3415,1,52124,52172
3199,3,52124,52140
4607,3,52140,52182
2571,0,52148,52165
6057,2,52150,52170
5817,0,52165,52174
7304,4,52166,52199
2504,2,52170,52192
8474,1,52172,52188
8996,0,52174,52191
7636,1,52188,52237
470,0,52191,52199
2406,2,52192,52227
7627,4,52199,52209
4415,0,52199,52230
2958,4,52209,52252
8925,2,52227,52255
4769,0,52230,52257
5005,1,52237,52287
109,4,52252,52282
4085,2,52255,52292
9290,0,52257,52303
6965,4,52282,52294
4273,1,52287,52318
7537,2,52292,52319
7438,4,52294,52313
6400,0,52303,52340
695,4,52313,52334
6089,1,52318,52359
7791,2,52319,52329
118,2,52329,52352
959,4,52334,52340
4233,0,52340,52373
7023,4,52340,52370
2687,2,52352,52400
9217,4,52370,52419
2280,0,52373,52405
5159,2,52400,52415
5674,0,52405,52448
2199,2,52415,52432
3588,4,52419,52454
5030,2,52432,52447
9876,2,52447,52469
4018,0,52448,52457
2111,4,52454,52477
8838,0,52457,52482
5226,2,52469,52494
8324,4,52477,52511
7508,0,52482,52530
3096,2,52494,52536
4766,4,52511,52556
9775,0,52530,52558
8472,2,52536,52544
2573,2,52544,52553
6195,2,52553,52600
2120,4,52556,52586
1744,0,52558,52602
1761,4,52586,52610
3809,2,52600,52650
5220,0,52602,52611
4980,4,52610,52628
362,0,52611,52653
4355,4,52628,52665
5718,2,52650,52671
497,0,52653,52698
9829,4,52665,52694
1379,2,52671,52690
7890,2,52690,52736
1471,4,52694,52740
5513,0,52698,52746
2079,2,52736,52785
2710,4,52740,52763
2508,0,52746,52768
8784,4,52763,52806
98,0,52768,52782
6420,0,52782,52829
3710,2,52785,52815
6594,4,52806,52842
3333,2,52815,52845
2852,0,52829,52834
2069,0,52834,52866
7500,4,52842,52878
7070,2,52845,52893
8387,0,52866,52885
1645,4,52878,52890
5917,0,52885,52894
8931,4,52890,52919
7857,2,52893,52903
8277,0,52894,52929
909,2,52903,52915
4886,2,52915,52950
6535,4,52919,52964
8071,0,52929,52955
6707,2,52950,52964
5347,0,52955,53003
4091,4,52964,53003
6722,2,52964,53002
4945,2,53002,53030
3915,0,53003,53045
9549,4,53003,53025
2955,4,53025,53054
1921,2,53030,53058
90,0,53045,53063
780,4,53054,53070
3238,2,53058,53091
6878,0,53063,53099
3671,4,53070,53102
199,2,53091,53135
797,0,53099,53135
6041,4,53102,53126
2097,4,53126,53134
506,4,53134,53182
5156,0,53135,53168
2344,2,53135,53172
736,0,53168,53192
4665,2,53172,53220
7116,4,53182,53192
152,0,53192,53222
7486,4,53192,53210
9348,4,53210,53240
4750,2,53220,53252
7024,0,53222,53251
9743,4,53240,53283
6020,0,53251,53268
9314,2,53252,53269
9258,0,53268,53316
6715,2,53269,53304
4398,4,53283,53298
5487,4,53298,53318
5318,2,53304,53315
5993,2,53315,53337
4021,0,53316,53357
6090,4,53318,53361
5195,2,53337,53363
7114,0,53357,53391
6397,4,53361,53366
3659,2,53363,53403
9021,4,53366,53392
9492,0,53391,53422
3857,4,53392,53416
4154,2,53403,53439
1252,4,53416,53433
7564,0,53422,53459
554,4,53433,53475
4874,2,53439,53451
5866,2,53451,53483
3050,0,53459,53492
5329,4,53475,53524
7157,2,53483,53501
9051,0,53492,53501
6518,0,53501,53533
7708,2,53501,53550
4675,4,53524,53570
829,0,53533,53548
7097,0,53548,53580
4613,2,53550,53580
666,4,53570,53576
2340,4,53576,53626
7907,0,53580,53611
9444,2,53580,53625
8969,0,53611,53618
1300,0,53618,53625
1962,0,53625,53674
65,2,53625,53669
5428,4,53626,53675
4385,2,53669,53674
2666,0,53674,53718
5695,2,53674,53692
593,4,53675,53715
5779,2,53692,53706
3149,2,53706,53751
5637,4,53715,53730
6204,0,53718,53732
2311,4,53730,53751
1662,0,53732,53757
8522,4,53751,53787
7472,2,53751,53798
6563,0,53757,53786
7670,0,53786,53834
8306,4,53787,53828
1566,2,53798,53848
5430,4,53828,53851
5276,0,53834,53840
1493,0,53840,53875
3354,2,53848,53885
6606,4,53851,53858
7759,4,53858,53875
7391,0,53875,53916
2472,4,53875,53912
219,2,53885,53907
723,2,53907,53931
6583,4,53912,53960
6727,0,53916,53962
7240,2,53931,53966
3208,4,53960,53965
6794,0,53962,54009
8025,4,53965,54013
9132,2,53966,53971
7335,2,53971,54000
2155,2,54000,54016
6859,0,54009,54015
6744,4,54013,54041
6828,0,54015,54062
4879,2,54016,54053
1838,4,54041,54065
3194,2,54053,54067
7351,0,54062,54108
1990,4,54065,54087
7709,2,54067,54095
2475,4,54087,54121
9856,0,54108,54118
9552,0,54118,54140
7317,4,54121,54148
2032,0,54140,54146
7172,0,54146,54166
5374,4,54148,54181
1278,0,54166,54190
7305,4,54181,54228
4897,0,54190,54196
6222,0,54196,54213
5237,0,54213,54248
9604,4,54228,54255
2813,0,54248,54254
2188,0,54254,54293
3962,4,54255,54294
5577,0,54293,54302
9967,4,54294,54342
1114,0,54302,54318
248,0,54318,54332
2611,0,54332,54379
823,4,54342,54359
3777,4,54359,54364
315,4,54364,54374
5788,4,54374,54405
28,0,54379,54427
6513,4,54405,54450
815,0,54427,54449
3413,0,54449,54473
1991,4,54450,54496
4201,0,54473,54508
2832,4,54496,54516
2478,0,54508,54519
7140,4,54516,54548
8296,0,54519,54551
9991,4,54548,54596
2798,0,54551,54601
1575,4,54596,54629
3964,0,54601,54623
6369,0,54623,54642
440,4,54629,54637
8831,4,54637,54673
7408,0,54642,54678
2038,4,54673,54718
7853,0,54678,54710
3693,0,54710,54740
7586,4,54718,54762
4074,0,54740,54751
9842,0,54751,54768
4480,4,54762,54788
1351,0,54768,54783
4361,0,54783,54795
2133,4,54788,54821
5610,0,54795,54833
2841,4,54821,54853
2420,0,54833,54881
941,4,54853,54887
4779,0,54881,54907
2640,4,54887,54920
9953,0,54907,54939
8050,4,54920,54945
3313,0,54939,54989
8396,4,54945,54985
167,4,54985,55012
6890,0,54989,55021
3059,4,55012,55049
6017,0,55021,55051
8138,4,55049,55089
8636,0,55051,55080
1814,0,55080,55089
1983,0,55089,55137
3781,4,55089,55125
2455,4,55125,55167
295,0,55137,55161
1606,0,55161,55200
8832,4,55167,55200
8487,0,55200,55227
236,4,55200,55208
3910,4,55208,55248
7362,0,55227,55249
4520,4,55248,55281
1261,0,55249,55290
7769,4,55281,55324
5311,0,55290,55295
7651,0,55295,55300
9914,0,55300,55349
1862,4,55324,55345
687,4,55345,55353
5502,0,55349,55394
9686,4,55353,55362
1376,4,55362,55400
7245,0,55394,55427
107,4,55400,55407
1715,4,55407,55421
1129,4,55421,55451
1398,0,55427,55457
4325,4,55451,55486
6367,0,55457,55468
1460,0,55468,55517
7283,4,55486,55517
2330,0,55517,55548
8115,4,55517,55532
9265,4,55532,55538
3138,4,55538,55544
4199,4,55544,55587
9750,0,55548,55553
525,0,55553,55570
4337,0,55570,55617
8173,4,55587,55609
6454,4,55609,55635
2612,0,55617,55640
2388,4,55635,55655
6591,0,55640,55647
7808,0,55647,55695
4182,4,55655,55705
5160,0,55695,55706
5148,4,55705,55748
1467,0,55706,55735
1655,0,55735,55780
258,4,55748,55797
4903,0,55780,55798
4284,4,55797,55816
2485,0,55798,55841
2535,4,55816,55833
4649,4,55833,55853
2113,0,55841,55890
2184,4,55853,55899
3042,0,55890,55932
1025,4,55899,55932
4880,0,55932,55940
9110,4,55932,55943
7531,0,55940,55952
4909,4,55943,55989
8468,0,55952,56001
4356,4,55989,56027
8057,0,56001,56034
186,4,56027,56072
8509,0,56034,56077
559,4,56072,56101
7473,0,56077,56125
1956,4,56101,56151
8110,0,56125,56165
6923,4,56151,56197
7996,0,56165,56210
3126,4,56197,56232
8730,0,56210,56253
1920,4,56232,56240
2881,4,56240,56270
2681,0,56253,56296
7169,4,56270,56276
8645,4,56276,56309
5874,0,56296,56342
560,4,56309,56337
7300,4,56337,56373
1152,0,56342,56380
8078,4,56373,56423
3120,0,56380,56418
6925,0,56418,56459
2896,4,56423,56449
3384,4,56449,56499
1933,0,56459,56486
7904,0,56486,56497
604,0,56497,56531
3807,4,56499,56512
1033,4,56512,56533
4690,0,56531,56575
5150,4,56533,56558
7842,4,56558,56604
9897,0,56575,56605
7286,4,56604,56641
7593,0,56605,56632
3170,0,56632,56640
4205,0,56640,56681
2030,4,56641,56665
9307,4,56665,56691
5102,0,56681,56723
7485,4,56691,56703
6821,4,56703,56709
6904,4,56709,56758
1003,0,56723,56742
1877,0,56742,56764
9445,4,56758,56788
404,0,56764,56790
6092,4,56788,56831
1681,0,56790,56838
8491,4,56831,56859
5129,0,56838,56872
9931,4,56859,56893
5726,0,56872,56921
843,4,56893,56914
7960,0,56921,56965
8726,0,56965,56993
59,0,56993,57014
2176,0,57014,57053
2261,0,57053,57089
2461,0,57089,57129
3196,0,57129,57164
7685,0,57164,57199
9917,0,57199,57221
2384,0,57221,57239
6731,0,57239,57279
2515,0,57279,57307
6654,0,57307,57352
7974,0,57352,57392
4217,0,57392,57439
5184,0,57439,57448
5306,0,57448,57464
3774,0,57464,57484
3795,0,57484,57505
4095,0,57505,57512
1871,0,57512,57528
2112,0,57528,57538
3021,0,57538,57569
4008,0,57569,57586
9629,0,57586,57624
3417,0,57624,57673
6909,0,57673,57722
8385,0,57722,57766
5676,0,57766,57816
5107,0,57816,57844
5266,0,57844,57868
7954,0,57868,57904
3509,0,57904,57940
4929,0,57940,57981
2590,0,57981,57995
