task_id,resource_id,start_time,finish_time
313,0,0,23
7334,3,0,46
8316,4,0,45
9886,1,0,6
5554,2,0,18
7276,1,6,47
6456,2,18,56
8212,0,23,32
9053,0,32,43
7484,0,43,50
8593,4,45,63
8398,3,46,88
8367,1,47,86
2537,0,50,84
9032,2,56,98
8828,4,63,71
7457,4,71,97
8015,0,84,125
4611,1,86,91
5506,3,88,131
131,1,91,112
3298,4,97,120
3963,2,98,104
7934,2,104,151
4486,1,112,158
1326,4,120,129
3623,0,125,134
5404,4,129,164
4233,3,131,164
4846,0,134,146
4204,0,146,166
6819,2,151,161
6686,1,158,173
6380,2,161,180
9527,3,164,204
1198,4,164,209
6719,0,166,187
9046,1,173,217
3242,2,180,224
8873,0,187,202
8321,0,202,233
111,3,204,211
1709,4,209,223
8969,3,211,218
944,1,217,259
8917,3,218,243
1081,4,223,239
1662,2,224,249
6931,0,233,263
1151,4,239,248
4119,3,243,291
4828,4,248,295
9164,2,249,295
19,1,259,302
6077,0,263,290
7742,0,290,304
768,3,291,302
9612,4,295,311
318,2,295,336
5286,1,302,344
819,3,302,352
6580,0,304,313
8048,4,311,332
6331,0,313,337
3793,4,332,382
9021,2,336,362
940,0,337,346
2870,1,344,383
2276,0,346,353
2854,3,352,377
4601,0,353,403
5434,2,362,374
5230,2,374,386
2856,3,377,405
2327,4,382,400
9423,1,383,412
2793,2,386,399
8660,2,399,427
2102,4,400,444
3762,0,403,429
4238,3,405,428
2037,1,412,417
6803,1,417,427
1738,1,427,457
6349,2,427,461
5734,3,428,465
3492,0,429,454
6876,4,444,486
1146,0,454,488
856,1,457,482
2232,2,461,491
8189,3,465,508
7413,1,482,490
806,4,486,530
6160,0,488,532
6312,1,490,507
9605,2,491,511
4266,1,507,556
4451,3,508,558
1264,2,511,531
6749,4,530,543
3049,2,531,575
989,0,532,570
5389,4,543,555
1378,4,555,582
1795,1,556,606
8950,3,558,588
3998,0,570,589
7086,2,575,612
9746,4,582,597
9867,3,588,618
6332,0,589,602
8349,4,597,621
1094,0,602,613
9064,1,606,614
3328,2,612,651
9545,0,613,627
3334,1,614,639
6613,3,618,647
4430,4,621,647
4658,0,627,652
9209,1,639,673
9031,3,647,668
9002,4,647,682
5561,2,651,683
8898,0,652,698
8171,3,668,708
519,1,673,692
4992,4,682,722
9580,2,683,720
5035,1,692,733
389,0,698,739
4468,3,708,725
9502,2,720,730
11,4,722,758
2866,3,725,744
647,2,730,771
4600,1,733,764
3608,0,739,759
2976,3,744,760
3852,4,758,803
4513,0,759,784
3366,3,760,779
8970,1,764,781
2333,2,771,792
3697,3,779,813
6104,1,781,808
3884,0,784,822
2605,2,792,821
2646,4,803,826
958,1,808,839
5655,3,813,848
4297,2,821,840
1679,0,822,847
8711,4,826,862
3520,1,839,856
3558,2,840,875
4930,0,847,885
5675,3,848,869
9446,1,856,895
4698,4,862,881
8249,3,869,876
3754,2,875,898
7978,3,876,906
4013,4,881,920
1846,0,885,903
2257,1,895,930
7596,2,898,945
9476,0,903,932
2396,3,906,922
5391,4,920,929
7123,3,922,928
714,3,928,966
8012,4,929,975
1453,1,930,971
8846,0,932,973
1207,2,945,979
1360,3,966,997
4897,1,971,977
1875,0,973,988
736,4,975,999
725,1,977,1023
8904,2,979,989
8788,0,988,1016
8164,2,989,1020
1105,3,997,1041
5887,4,999,1004
6685,4,1004,1049
9926,0,1016,1038
5096,2,1020,1025
4395,1,1023,1047
9395,2,1025,1055
3489,0,1038,1053
1010,3,1041,1073
1440,1,1047,1070
1488,4,1049,1060
7094,0,1053,1098
477,2,1055,1097
6095,4,1060,1096
6777,1,1070,1082
2649,3,1073,1094
2766,1,1082,1129
7074,3,1094,1102
5735,4,1096,1130
4261,2,1097,1134
8477,0,1098,1112
4499,3,1102,1121
6482,0,1112,1144
9936,3,1121,1161
575,1,1129,1169
1561,4,1130,1160
3696,2,1134,1172
7983,0,1144,1181
7722,4,1160,1185
3393,3,1161,1170
3580,1,1169,1207
4541,3,1170,1199
817,2,1172,1216
5258,0,1181,1203
952,4,1185,1217
1265,3,1199,1223
1008,0,1203,1228
1691,1,1207,1253
7699,2,1216,1221
5430,4,1217,1240
773,2,1221,1260
6961,3,1223,1269
4781,0,1228,1275
6767,4,1240,1258
4887,1,1253,1277
4692,4,1258,1284
6412,2,1260,1310
423,3,1269,1284
3739,0,1275,1311
7222,1,1277,1326
2608,3,1284,1322
2403,4,1284,1312
3385,2,1310,1338
2755,0,1311,1329
983,4,1312,1334
8191,3,1322,1335
992,1,1326,1353
322,0,1329,1362
5534,4,1334,1363
4023,3,1335,1353
5560,2,1338,1348
5687,2,1348,1384
7800,1,1353,1383
2214,3,1353,1360
6047,3,1360,1399
3444,0,1362,1396
3854,4,1363,1397
9450,1,1383,1393
298,2,1384,1403
5575,1,1393,1408
1760,0,1396,1414
9895,4,1397,1424
3878,3,1399,1418
4558,2,1403,1441
2434,1,1408,1419
7105,0,1414,1426
2493,3,1418,1452
9172,1,1419,1460
7409,4,1424,1447
255,0,1426,1450
1578,2,1441,1490
1529,4,1447,1486
9674,0,1450,1467
7454,3,1452,1502
9935,1,1460,1487
7687,0,1467,1487
6671,4,1486,1497
2544,0,1487,1524
2248,1,1487,1501
8186,2,1490,1535
3902,4,1497,1506
8997,1,1501,1540
1089,3,1502,1512
6042,4,1506,1525
7271,3,1512,1540
3435,0,1524,1567
9673,4,1525,1565
5356,2,1535,1561
7552,3,1540,1549
4102,1,1540,1587
2312,3,1549,1573
8586,2,1561,1572
5559,4,1565,1587
7863,0,1567,1578
5058,2,1572,1609
7713,3,1573,1606
697,0,1578,1611
1142,1,1587,1615
289,4,1587,1608
6882,3,1606,1622
1221,4,1608,1637
45,2,1609,1631
6810,0,1611,1653
358,1,1615,1634
8350,3,1622,1665
4111,2,1631,1672
1794,1,1634,1675
8556,4,1637,1676
6342,0,1653,1688
5838,3,1665,1681
7490,2,1672,1716
6914,1,1675,1716
6247,4,1676,1713
4358,3,1681,1726
4393,0,1688,1701
94,0,1701,1746
4128,4,1713,1740
9180,2,1716,1737
8834,1,1716,1725
2375,1,1725,1763
9042,3,1726,1763
4722,2,1737,1751
7558,4,1740,1785
9657,0,1746,1755
4933,2,1751,1784
6045,0,1755,1783
4925,3,1763,1785
1990,1,1763,1785
7404,0,1783,1820
2971,2,1784,1791
6118,3,1785,1812
1,4,1785,1832
9094,1,1785,1806
5116,2,1791,1814
934,1,1806,1852
3964,3,1812,1834
6926,2,1814,1860
4456,0,1820,1849
6076,4,1832,1875
3227,3,1834,1858
9494,0,1849,1857
7126,1,1852,1892
460,0,1857,1870
5373,3,1858,1872
6661,2,1860,1887
1551,0,1870,1917
558,3,1872,1922
4622,4,1875,1896
6025,2,1887,1905
5146,1,1892,1904
3452,4,1896,1907
1189,1,1904,1939
9367,2,1905,1920
4349,4,1907,1921
9731,0,1917,1922
1289,2,1920,1940
2123,4,1921,1943
664,0,1922,1949
5450,3,1922,1960
495,1,1939,1969
4015,2,1940,1986
6976,4,1943,1992
8963,0,1949,1959
9146,0,1959,1966
5952,3,1960,1966
7292,0,1966,1996
6825,3,1966,1972
588,1,1969,1984
2627,3,1972,2015
4664,1,1984,2009
355,2,1986,2018
3159,4,1992,1999
7010,0,1996,2002
4966,4,1999,2023
1845,0,2002,2012
2985,1,2009,2019
3677,0,2012,2039
7268,3,2015,2064
6035,2,2018,2035
3758,1,2019,2040
5528,4,2023,2043
3693,2,2035,2065
8500,0,2039,2082
8945,1,2040,2067
9129,4,2043,2060
3527,4,2060,2076
430,3,2064,2076
2475,2,2065,2099
1283,1,2067,2111
3853,3,2076,2091
6138,4,2076,2117
3124,0,2082,2116
6681,3,2091,2140
1381,2,2099,2113
9252,1,2111,2150
582,2,2113,2151
3053,0,2116,2149
3755,4,2117,2122
325,4,2122,2160
2774,3,2140,2157
4641,0,2149,2161
7354,1,2150,2189
5218,2,2151,2198
3868,3,2157,2206
2192,4,2160,2183
7736,0,2161,2203
7118,4,2183,2213
9221,1,2189,2222
6929,2,2198,2217
8734,0,2203,2242
4406,3,2206,2233
6275,4,2213,2255
2417,2,2217,2227
9978,1,2222,2243
6771,2,2227,2270
5769,3,2233,2272
6404,0,2242,2276
1734,1,2243,2283
7446,4,2255,2303
7930,2,2270,2309
534,3,2272,2319
9296,0,2276,2326
1733,1,2283,2320
9593,4,2303,2325
6575,2,2309,2318
6492,2,2318,2333
227,3,2319,2367
7008,1,2320,2327
3180,4,2325,2352
5210,0,2326,2353
6861,1,2327,2334
3945,2,2333,2348
3094,1,2334,2381
2973,2,2348,2381
8125,4,2352,2397
2317,0,2353,2402
7107,3,2367,2401
9767,2,2381,2425
6570,1,2381,2404
809,4,2397,2445
8949,3,2401,2446
6940,0,2402,2411
8280,1,2404,2425
4900,0,2411,2446
3644,2,2425,2443
3524,1,2425,2431
3908,1,2431,2455
8413,2,2443,2463
1808,4,2445,2465
641,0,2446,2465
3862,3,2446,2458
5947,1,2455,2489
3531,3,2458,2488
8793,2,2463,2490
5193,0,2465,2507
673,4,2465,2478
4269,4,2478,2490
8705,3,2488,2506
6033,1,2489,2503
4731,2,2490,2534
4058,4,2490,2498
8955,4,2498,2524
1559,1,2503,2533
6414,3,2506,2521
9478,0,2507,2545
1658,3,2521,2552
3660,4,2524,2574
8792,1,2533,2550
522,2,2534,2555
3848,0,2545,2591
2038,1,2550,2595
7066,3,2552,2577
4655,2,2555,2602
2992,4,2574,2601
8637,3,2577,2582
7982,3,2582,2611
2179,0,2591,2617
4632,1,2595,2628
3424,4,2601,2613
4072,2,2602,2615
1502,3,2611,2634
8860,4,2613,2644
756,2,2615,2665
7050,0,2617,2630
5112,1,2628,2644
600,0,2630,2636
2939,3,2634,2659
2097,0,2636,2644
4849,0,2644,2665
9892,1,2644,2650
1417,4,2644,2668
2796,1,2650,2679
6991,3,2659,2694
7991,0,2665,2689
6387,2,2665,2712
5084,4,2668,2683
4240,1,2679,2690
8154,4,2683,2728
6919,0,2689,2724
1432,1,2690,2732
7434,3,2694,2716
8779,2,2712,2733
2060,3,2716,2759
4985,0,2724,2734
8330,4,2728,2749
3809,1,2732,2782
3514,2,2733,2755
6641,0,2734,2764
4239,4,2749,2777
8281,2,2755,2777
3391,3,2759,2793
2943,0,2764,2799
3210,2,2777,2825
6688,4,2777,2805
69,1,2782,2797
7963,3,2793,2821
7624,1,2797,2804
506,0,2799,2847
3900,1,2804,2849
8572,4,2805,2855
9779,3,2821,2848
3464,2,2825,2838
3724,2,2838,2858
7369,0,2847,2868
2762,3,2848,2896
1471,1,2849,2895
2978,4,2855,2905
6724,2,2858,2897
6992,0,2868,2912
9062,1,2895,2945
4668,3,2896,2908
7984,2,2897,2933
9501,4,2905,2952
991,3,2908,2936
7970,0,2912,2953
10000,2,2933,2969
7015,3,2936,2941
6867,3,2941,2986
1996,1,2945,2964
5950,4,2952,2972
7641,0,2953,3000
7048,1,2964,2998
7043,2,2969,3014
7808,4,2972,3020
6662,3,2986,2997
1004,3,2997,3021
794,1,2998,3039
5815,0,3000,3033
5407,2,3014,3047
5537,4,3020,3032
2556,3,3021,3059
3822,4,3032,3041
6963,0,3033,3066
1465,1,3039,3086
6635,4,3041,3072
1857,2,3047,3068
5689,3,3059,3097
7778,0,3066,3112
9754,2,3068,3074
3987,4,3072,3113
9005,2,3074,3080
8531,2,3080,3130
6892,1,3086,3113
9702,3,3097,3110
5697,3,3110,3144
4575,0,3112,3125
9800,1,3113,3131
4624,4,3113,3135
668,0,3125,3157
918,2,3130,3154
4524,1,3131,3179
5008,4,3135,3162
6912,3,3144,3173
2410,2,3154,3165
1654,0,3157,3191
998,4,3162,3187
4744,2,3165,3209
3273,3,3173,3209
8940,1,3179,3208
8406,4,3187,3224
2391,0,3191,3210
9256,1,3208,3220
2683,2,3209,3229
1316,3,3209,3234
4615,0,3210,3254
6390,1,3220,3260
450,4,3224,3253
8371,2,3229,3237
2086,3,3234,3259
9530,2,3237,3280
8543,4,3253,3294
9773,0,3254,3264
4676,3,3259,3273
1522,1,3260,3275
7739,0,3264,3306
2439,3,3273,3299
8129,1,3275,3315
7888,2,3280,3290
6598,2,3290,3296
7894,4,3294,3299
486,2,3296,3340
6764,3,3299,3310
801,4,3299,3336
4927,0,3306,3329
4321,3,3310,3325
3728,1,3315,3337
483,3,3325,3352
8136,0,3329,3369
7006,4,3336,3378
3629,1,3337,3368
5845,2,3340,3361
1287,3,3352,3399
2212,2,3361,3399
4360,1,3368,3396
8376,0,3369,3400
6142,4,3378,3415
908,1,3396,3438
5682,2,3399,3412
1694,3,3399,3409
5824,0,3400,3425
552,3,3409,3445
1226,2,3412,3436
3480,4,3415,3451
7116,0,3425,3435
5065,0,3435,3445
3235,2,3436,3459
1556,1,3438,3488
6290,0,3445,3455
3064,3,3445,3492
2090,4,3451,3463
6253,0,3455,3497
9420,2,3459,3487
5916,4,3463,3506
1870,2,3487,3524
6227,1,3488,3507
3321,3,3492,3542
5705,0,3497,3547
2519,4,3506,3545
3160,1,3507,3531
1017,2,3524,3551
6372,1,3531,3541
7083,1,3541,3559
303,3,3542,3560
4098,4,3545,3584
8713,0,3547,3570
5627,2,3551,3566
1974,1,3559,3609
1163,3,3560,3600
364,2,3566,3579
4175,0,3570,3580
2448,2,3579,3590
7044,0,3580,3602
965,4,3584,3617
6405,2,3590,3631
4880,3,3600,3608
2061,0,3602,3627
5732,3,3608,3638
4475,1,3609,3641
2557,4,3617,3660
2833,0,3627,3632
5353,2,3631,3646
7729,0,3632,3669
3037,3,3638,3648
3738,1,3641,3668
1911,2,3646,3694
9689,3,3648,3698
5501,4,3660,3694
3179,1,3668,3698
4741,0,3669,3689
9983,0,3689,3709
6540,2,3694,3710
206,4,3694,3738
6291,3,3698,3724
3834,1,3698,3703
4151,1,3703,3722
77,0,3709,3756
8737,2,3710,3753
5941,1,3722,3752
1764,3,3724,3740
6741,4,3738,3744
2166,3,3740,3747
8232,4,3744,3755
3181,3,3747,3756
948,1,3752,3770
1011,2,3753,3795
8221,4,3755,3765
669,0,3756,3793
6812,3,3756,3799
4559,4,3765,3796
9700,1,3770,3813
677,0,3793,3813
670,2,3795,3814
5106,4,3796,3805
1030,3,3799,3847
4106,4,3805,3841
896,0,3813,3831
9066,1,3813,3835
636,2,3814,3842
3352,0,3831,3842
6442,1,3835,3853
4768,4,3841,3883
8014,0,3842,3859
1627,2,3842,3889
4645,3,3847,3853
6461,3,3853,3899
9469,1,3853,3895
1514,0,3859,3885
604,4,3883,3917
6888,0,3885,3897
498,2,3889,3897
4756,1,3895,3915
5722,0,3897,3918
6046,2,3897,3936
6479,3,3899,3910
4646,3,3910,3956
4534,1,3915,3937
5292,4,3917,3957
6518,0,3918,3950
5973,2,3936,3949
4418,1,3937,3980
2116,2,3949,3998
3536,0,3950,3970
8694,3,3956,4000
1201,4,3957,4001
2445,0,3970,3976
6792,0,3976,4010
5545,1,3980,4008
7827,2,3998,4012
4915,3,4000,4008
2206,4,4001,4010
8542,3,4008,4041
5605,1,4008,4046
8459,0,4010,4015
4205,4,4010,4051
1437,2,4012,4019
8454,0,4015,4053
1071,2,4019,4068
5398,3,4041,4072
2462,1,4046,4089
9117,4,4051,4076
6004,0,4053,4069
7109,2,4068,4100
3270,0,4069,4118
8088,3,4072,4085
2296,4,4076,4082
887,4,4082,4127
7938,3,4085,4100
1989,1,4089,4110
4195,2,4100,4124
5881,3,4100,4139
5324,1,4110,4132
9103,0,4118,4145
1100,2,4124,4163
172,4,4127,4172
6410,1,4132,4178
1947,3,4139,4189
7076,0,4145,4155
1743,0,4155,4199
9896,2,4163,4211
1953,4,4172,4187
4801,1,4178,4186
1256,1,4186,4197
2005,4,4187,4233
8577,3,4189,4235
5446,1,4197,4206
5681,0,4199,4217
4161,1,4206,4221
2051,2,4211,4227
3153,0,4217,4226
6770,1,4221,4267
6944,0,4226,4252
6670,2,4227,4241
2211,4,4233,4255
5003,3,4235,4280
3804,2,4241,4287
5440,0,4252,4283
1580,4,4255,4287
9575,1,4267,4275
2068,1,4275,4294
2419,3,4280,4323
1156,0,4283,4316
6273,2,4287,4298
4727,4,4287,4334
4714,1,4294,4307
601,2,4298,4328
8119,1,4307,4317
7856,0,4316,4329
2364,1,4317,4325
1486,3,4323,4369
2456,1,4325,4341
2310,2,4328,4341
688,0,4329,4364
2591,4,4334,4356
9739,2,4341,4373
3921,1,4341,4350
8563,1,4350,4363
1787,4,4356,4404
3290,1,4363,4397
1678,0,4364,4405
8400,3,4369,4397
6020,2,4373,4390
2970,2,4390,4401
7686,3,4397,4444
5711,1,4397,4443
9672,2,4401,4439
6924,4,4404,4418
4140,0,4405,4428
9900,4,4418,4432
5812,0,4428,4449
9796,4,4432,4470
3342,2,4439,4470
5109,1,4443,4456
4399,3,4444,4483
2130,0,4449,4475
1328,1,4456,4482
5539,2,4470,4484
3454,4,4470,4493
1980,0,4475,4498
6346,1,4482,4519
9833,3,4483,4513
2860,2,4484,4505
8096,4,4493,4525
4502,0,4498,4522
4725,2,4505,4515
4416,3,4513,4562
1891,2,4515,4521
814,1,4519,4531
190,2,4521,4545
7405,0,4522,4557
2641,4,4525,4546
8611,1,4531,4548
712,2,4545,4567
3633,4,4546,4552
7281,1,4548,4560
7701,4,4552,4567
4562,0,4557,4584
4241,1,4560,4590
4697,3,4562,4568
5726,2,4567,4616
6184,4,4567,4580
8978,3,4568,4574
6415,3,4574,4593
4546,4,4580,4593
3959,0,4584,4596
2791,1,4590,4610
1599,3,4593,4625
7882,4,4593,4608
7937,0,4596,4601
9676,0,4601,4606
8514,0,4606,4652
4421,4,4608,4634
757,1,4610,4620
746,2,4616,4643
8910,1,4620,4641
1498,3,4625,4645
2226,4,4634,4669
1422,1,4641,4659
7101,2,4643,4677
6536,3,4645,4677
832,0,4652,4689
6103,1,4659,4677
1758,4,4669,4678
9161,3,4677,4684
2159,2,4677,4705
9091,1,4677,4727
2201,4,4678,4718
5129,3,4684,4718
947,0,4689,4725
3688,2,4705,4715
2261,2,4715,4751
9891,3,4718,4735
4217,4,4718,4765
8246,0,4725,4765
5750,1,4727,4752
1306,3,4735,4779
9461,2,4751,4761
7295,1,4752,4792
169,2,4761,4767
5649,0,4765,4786
2442,4,4765,4805
9925,2,4767,4811
3906,3,4779,4807
2724,0,4786,4801
9139,1,4792,4836
5186,0,4801,4816
7328,4,4805,4841
9368,3,4807,4813
2819,2,4811,4819
5866,3,4813,4845
9637,0,4816,4849
8347,2,4819,4839
3612,1,4836,4862
3174,2,4839,4878
217,4,4841,4858
9584,3,4845,4867
308,0,4849,4881
1318,4,4858,4905
8596,1,4862,4872
7913,3,4867,4879
219,1,4872,4894
8732,2,4878,4900
1746,3,4879,4899
1517,0,4881,4926
4299,1,4894,4922
407,3,4899,4949
4613,2,4900,4930
1370,4,4905,4948
516,1,4922,4965
3625,0,4926,4934
6444,2,4930,4940
3015,0,4934,4982
9242,2,4940,4987
5045,4,4948,4962
5701,3,4949,4985
1882,4,4962,4993
7394,1,4965,4983
1672,0,4982,5003
3798,1,4983,5016
9566,3,4985,5020
3263,2,4987,5029
5127,4,4993,5043
1613,0,5003,5038
4394,1,5016,5038
3832,3,5020,5066
1632,2,5029,5073
8608,0,5038,5043
9755,1,5038,5072
6759,0,5043,5081
5449,4,5043,5060
6822,4,5060,5093
7402,3,5066,5102
4785,1,5072,5088
402,2,5073,5109
4355,0,5081,5118
8532,1,5088,5131
8562,4,5093,5098
8073,4,5098,5121
2467,3,5102,5115
4674,2,5109,5157
4027,3,5115,5123
1906,0,5118,5163
3398,4,5121,5167
431,3,5123,5137
9741,1,5131,5173
3380,3,5137,5146
5368,3,5146,5190
8533,2,5157,5201
4057,0,5163,5183
8035,4,5167,5199
5882,1,5173,5179
3431,1,5179,5198
2435,0,5183,5214
5643,3,5190,5234
1848,1,5198,5227
3234,4,5199,5248
3676,2,5201,5209
8351,2,5209,5229
5727,0,5214,5251
5937,1,5227,5239
831,2,5229,5234
2292,2,5234,5246
7316,3,5234,5264
2835,1,5239,5246
4793,2,5246,5281
4518,1,5246,5251
9431,4,5248,5293
3712,0,5251,5267
4382,1,5251,5265
2190,3,5264,5285
1888,1,5265,5306
650,0,5267,5302
6458,2,5281,5329
842,3,5285,5330
7275,4,5293,5311
2638,0,5302,5313
6909,1,5306,5355
2526,4,5311,5323
1215,0,5313,5319
1048,0,5319,5355
5114,4,5323,5372
1188,2,5329,5351
6507,3,5330,5352
9324,2,5351,5379
5551,3,5352,5358
1640,0,5355,5367
3118,1,5355,5404
6628,3,5358,5364
1986,3,5364,5410
7274,0,5367,5416
3664,4,5372,5415
7655,2,5379,5423
84,1,5404,5437
3796,3,5410,5419
4910,4,5415,5425
7912,0,5416,5451
7136,3,5419,5456
9294,2,5423,5451
4067,4,5425,5450
9830,1,5437,5462
1286,4,5450,5459
4685,0,5451,5473
9937,2,5451,5500
8964,3,5456,5489
1418,4,5459,5485
6972,1,5462,5473
2917,0,5473,5509
5630,1,5473,5502
880,4,5485,5506
9266,3,5489,5510
5302,2,5500,5538
3960,1,5502,5523
144,4,5506,5552
9992,0,5509,5520
2972,3,5510,5547
7486,0,5520,5538
7892,1,5523,5560
3511,0,5538,5550
312,2,5538,5570
4809,3,5547,5585
7559,0,5550,5575
2846,4,5552,5598
3418,1,5560,5598
1692,2,5570,5615
9405,0,5575,5607
9814,3,5585,5622
5565,1,5598,5620
8526,4,5598,5641
7645,0,5607,5615
3341,0,5615,5648
9388,2,5615,5639
7567,1,5620,5626
2314,3,5622,5661
3509,1,5626,5662
8485,2,5639,5671
6820,4,5641,5674
9728,0,5648,5688
1072,3,5661,5690
7628,1,5662,5681
1305,2,5671,5706
4800,4,5674,5707
3199,1,5681,5697
8415,0,5688,5734
6878,3,5690,5726
9499,2,5706,5749
1804,4,5707,5743
565,3,5726,5766
7097,0,5734,5766
8475,4,5743,5793
7161,2,5749,5778
8169,0,5766,5787
160,3,5766,5776
5069,3,5776,5791
1036,2,5778,5798
7992,0,5787,5822
4929,3,5791,5832
4717,4,5793,5831
3803,2,5798,5840
8743,0,5822,5863
9466,4,5831,5846
7081,3,5832,5842
5823,2,5840,5856
9721,3,5842,5860
5507,4,5846,5864
8354,2,5856,5905
3745,3,5860,5891
6122,0,5863,5899
2590,4,5864,5878
3399,4,5878,5917
5436,3,5891,5909
4852,0,5899,5939
7640,2,5905,5924
9332,3,5909,5928
4926,4,5917,5933
9018,2,5924,5951
3516,3,5928,5938
9394,4,5933,5973
8030,3,5938,5964
5593,0,5939,5959
7918,2,5951,5956
1079,2,5956,5985
3445,0,5959,5984
8721,3,5964,5983
6443,4,5973,5982
843,4,5982,6003
6143,3,5983,6010
6648,0,5984,5989
1180,2,5985,6012
3992,0,5989,6000
4982,0,6000,6033
4134,4,6003,6011
589,3,6010,6027
4767,4,6011,6018
4004,2,6012,6029
6449,4,6018,6058
4669,3,6027,6043
3479,2,6029,6079
829,0,6033,6048
2782,0,6048,6075
9154,0,6075,6100
3969,2,6079,6116
1789,0,6100,6106
4951,0,6106,6131
5371,2,6116,6156
4022,0,6131,6176
9121,2,6156,6179
2354,0,6176,6215
1383,2,6179,6215
8265,0,6215,6253
8474,2,6215,6231
8091,2,6231,6242
2108,2,6242,6264
3749,0,6253,6292
9244,2,6264,6302
6459,0,6292,6338
8570,2,6302,6327
2303,2,6327,6350
7358,0,6338,6387
2342,2,6350,6385
1190,2,6385,6418
409,0,6387,6437
6089,2,6418,6459
9260,0,6437,6453
5425,0,6453,6500
9201,2,6459,6494
8801,2,6494,6523
9577,0,6500,6524
9460,0,6524,6570
9138,0,6570,6604
93,0,6604,6637
7618,0,6637,6662
6552,0,6662,6686
7533,0,6686,6701
5323,0,6701,6725
3532,0,6725,6730
6811,0,6730,6751
6902,0,6751,6788
9809,0,6788,6837
7869,0,6837,6850
4683,0,6850,6876
2778,0,6876,6914
5771,0,6914,6955
3378,0,6955,6978
3350,0,6978,7012
8460,0,7012,7047
5115,0,7047,7054
4821,0,7054,7091
6109,0,7091,7112
7973,0,7112,7123
8906,0,7123,7128
1896,0,7128,7150
7433,0,7150,7158
6612,0,7158,7188
8294,0,7188,7219
852,0,7219,7246
7570,0,7246,7277
9212,0,7277,7311
4812,0,7311,7318
2857,0,7318,7356
68,0,7356,7365
3371,0,7365,7373
273,0,7373,7383
7799,0,7383,7392
5215,0,7392,7406
9913,0,7406,7439
1505,0,7439,7472
1779,0,7472,7517
3950,0,7517,7560
7907,0,7560,7591
9591,0,7591,7618
8549,0,7618,7651
6712,0,7651,7697
4973,0,7697,7712
8428,0,7712,7759
6153,0,7759,7774
6621,0,7774,7823
4902,0,7823,7853
7868,0,7853,7876
512,0,7876,7883
7003,0,7883,7915
6593,0,7915,7949
3311,0,7949,7973
8565,0,7973,8001
2224,0,8001,8013
7255,0,8013,8032
3443,0,8032,8039
5212,0,8039,8045
7108,0,8045,8090
5250,0,8090,8098
7748,0,8098,8125
7585,0,8125,8142
731,0,8142,8192
6642,0,8192,8219
4574,0,8219,8229
9348,0,8229,8259
9905,0,8259,8297
616,0,8297,8307
9879,0,8307,8357
6012,0,8357,8372
3428,0,8372,8387
2219,0,8387,8419
9748,0,8419,8441
1300,0,8441,8448
1973,0,8448,8492
9352,0,8492,8500
6437,0,8500,8508
4149,0,8508,8533
6307,0,8533,8539
7548,0,8539,8572
2039,0,8572,8600
9520,0,8600,8606
5707,0,8606,8630
2666,0,8630,8674
3830,0,8674,8701
3506,0,8701,8710
1978,0,8710,8756
8886,0,8756,8794
9195,0,8794,8824
8470,0,8824,8867
1962,0,8867,8916
9173,0,8916,8921
5876,0,8921,8933
3880,0,8933,8952
6251,0,8952,8979
2750,0,8979,9002
6966,0,9002,9032
4554,0,9032,9050
6589,0,9050,9074
8867,0,9074,9093
1399,0,9093,9118
4831,0,9118,9145
8395,0,9145,9180
9114,0,9180,9196
573,0,9196,9240
5810,0,9240,9254
4763,0,9254,9269
3147,0,9269,9296
56,0,9296,9306
3409,0,9306,9332
9743,0,9332,9375
6136,0,9375,9415
5267,0,9415,9437
5010,0,9437,9479
7270,0,9479,9489
9617,0,9489,9533
6455,0,9533,9551
5427,0,9551,9600
6204,0,9600,9614
5139,0,9614,9659
2820,0,9659,9683
4220,0,9683,9731
4397,0,9731,9765
6439,0,9765,9789
2699,0,9789,9810
1949,0,9810,9845
6005,0,9845,9853
8923,0,9853,9866
2015,0,9866,9885
5337,0,9885,9927
5737,0,9927,9976
9350,0,9976,10014
4850,0,10014,10055
6740,0,10055,10092
649,0,10092,10133
9235,0,10133,10163
2818,0,10163,10171
5935,0,10171,10189
7831,0,10189,10195
1216,0,10195,10237
3135,0,10237,10251
3288,0,10251,10282
1245,0,10282,10323
8905,0,10323,10356
3637,0,10356,10380
5690,0,10380,10409
9899,0,10409,10441
2144,0,10441,10479
3255,0,10479,10497
2720,0,10497,10524
9192,0,10524,10562
5249,0,10562,10579
864,0,10579,10588
7727,0,10588,10597
4489,0,10597,10608
2635,0,10608,10620
581,0,10620,10650
9246,0,10650,10657
9954,0,10657,10698
8040,0,10698,10714
3275,0,10714,10740
4089,0,10740,10749
5469,0,10749,10775
3892,0,10775,10798
4895,0,10798,10826
6083,0,10826,10842
9759,0,10842,10873
5758,0,10873,10899
5487,0,10899,10919
9889,0,10919,10963
5072,0,10963,10979
4398,0,10979,10994
5360,0,10994,11038
3905,0,11038,11051
1646,0,11051,11068
4011,0,11068,11110
6430,0,11110,11151
3733,0,11151,11191
6563,0,11191,11220
8555,0,11220,11261
6646,0,11261,11269
9599,0,11269,11299
1039,0,11299,11341
6271,0,11341,11364
1712,0,11364,11400
1549,0,11400,11446
5468,0,11446,11465
3790,0,11465,11474
2246,0,11474,11508
9157,0,11508,11551
5820,0,11551,11557
418,0,11557,11603
4718,0,11603,11629
8029,0,11629,11662
634,0,11662,11692
7200,0,11692,11716
1228,0,11716,11726
5055,0,11726,11743
3604,0,11743,11759
689,0,11759,11780
3744,0,11780,11800
729,0,11800,11807
4629,0,11807,11826
8496,0,11826,11856
3844,0,11856,11865
4588,0,11865,11903
2215,0,11903,11921
5001,0,11921,11939
8833,0,11939,11977
3111,0,11977,12024
7832,0,12024,12057
4504,0,12057,12089
7135,0,12089,12104
8806,0,12104,12144
4877,0,12144,12170
9587,0,12170,12208
7670,0,12208,12256
3128,0,12256,12304
4104,0,12304,12339
4620,0,12339,12381
3970,0,12381,12390
7819,0,12390,12428
9932,0,12428,12458
2783,0,12458,12477
1997,0,12477,12496
5401,0,12496,12536
7612,0,12536,12552
4120,0,12552,12560
1604,0,12560,12596
2335,0,12596,12602
9,0,12602,12651
8854,0,12651,12694
9579,0,12694,12735
8151,0,12735,12785
1487,0,12785,12823
7953,0,12823,12854
3896,0,12854,12892
8429,0,12892,12932
6000,0,12932,12950
5873,0,12950,12983
4133,0,12983,13004
6489,0,13004,13044
4467,0,13044,13086
5209,0,13086,13134
7762,0,13134,13146
9630,0,13146,13185
1917,0,13185,13217
8434,0,13217,13229
6335,0,13229,13252
5967,0,13252,13275
1695,0,13275,13319
4044,0,13319,13367
9204,0,13367,13391
2628,0,13391,13432
3388,0,13432,13451
205,0,13451,13465
112,0,13465,13488
6721,0,13488,13507
3300,0,13507,13530
5056,0,13530,13572
448,0,13572,13620
5785,0,13620,13646
3264,0,13646,13687
3416,0,13687,13703
6868,0,13703,13725
3561,0,13725,13738
9507,0,13738,13755
6948,0,13755,13788
6407,0,13788,13822
8486,0,13822,13847
1916,0,13847,13877
5905,0,13877,13891
8781,0,13891,13920
413,0,13920,13929
6428,0,13929,13977
3704,0,13977,13998
6360,0,13998,14007
7526,0,14007,14051
1594,0,14051,14083
9940,0,14083,14100
4222,0,14100,14142
7865,0,14142,14185
3285,0,14185,14211
6357,0,14211,14236
9582,0,14236,14243
9806,0,14243,14275
497,0,14275,14320
5085,0,14320,14359
2506,0,14359,14372
8683,0,14372,14401
7248,0,14401,14409
5746,0,14409,14418
7535,0,14418,14463
7330,0,14463,14505
2993,0,14505,14552
6234,0,14552,14601
8511,0,14601,14644
9765,0,14644,14649
622,0,14649,14675
1220,0,14675,14718
6383,0,14718,14733
5066,0,14733,14748
6090,0,14748,14791
4594,0,14791,14814
975,0,14814,14821
7658,0,14821,14857
7672,0,14857,14883
6737,0,14883,14913
6397,0,14913,14918
9467,0,14918,14950
7802,0,14950,14974
193,0,14974,14980
8534,0,14980,15017
726,0,15017,15033
1728,0,15033,15051
1629,0,15051,15092
2890,0,15092,15141
5369,0,15141,15161
4577,0,15161,15187
6838,0,15187,15216
9434,0,15216,15227
3139,0,15227,15267
9128,0,15267,15304
6292,0,15304,15335
5276,0,15335,15341
9602,0,15341,15369
4572,0,15369,15396
8104,0,15396,15401
9596,0,15401,15427
3236,0,15427,15470
3719,0,15470,15494
542,0,15494,15502
4507,0,15502,15518
466,0,15518,15532
3457,0,15532,15548
5677,0,15548,15588
4330,0,15588,15631
9993,0,15631,15652
2968,0,15652,15668
4088,0,15668,15708
2981,0,15708,15758
6855,0,15758,15799
8300,0,15799,15812
4780,0,15812,15834
9823,0,15834,15879
8184,0,15879,15918
1237,0,15918,15954
3857,0,15954,15978
587,0,15978,15988
950,0,15988,16034
3856,0,16034,16049
7120,0,16049,16070
8134,0,16070,16101
8469,0,16101,16127
4921,0,16127,16149
4817,0,16149,16167
2316,0,16167,16185
537,0,16185,16228
6827,0,16228,16253
8976,0,16253,16270
5780,0,16270,16310
4003,0,16310,16342
7546,0,16342,16354
4814,0,16354,16381
8269,0,16381,16412
234,0,16412,16428
967,0,16428,16462
6930,0,16462,16488
8754,0,16488,16518
6239,0,16518,16564
1102,0,16564,16588
1641,0,16588,16608
2945,0,16608,16657
6424,0,16657,16682
5569,0,16682,16717
1887,0,16717,16755
2952,0,16755,16802
5743,0,16802,16816
8137,0,16816,16860
9541,0,16860,16900
8442,0,16900,16936
1563,0,16936,16975
4320,0,16975,17008
2151,0,17008,17013
5486,0,17013,17030
6895,0,17030,17072
5251,0,17072,17113
4206,0,17113,17146
6303,0,17146,17186
749,0,17186,17200
7203,0,17200,17222
246,0,17222,17262
3548,0,17262,17303
8990,0,17303,17332
5819,0,17332,17360
9432,0,17360,17408
8331,0,17408,17453
101,0,17453,17462
3017,0,17462,17481
6434,0,17481,17523
7811,0,17523,17570
9071,0,17570,17577
7563,0,17577,17598
6376,0,17598,17620
1392,0,17620,17638
6146,0,17638,17665
8458,0,17665,17711
3999,0,17711,17743
5806,0,17743,17789
9542,0,17789,17831
8894,0,17831,17852
2787,0,17852,17870
9804,0,17870,17901
238,0,17901,17927
7442,0,17927,17968
8132,0,17968,18003
4166,0,18003,18042
7263,0,18042,18092
7309,0,18092,18117
2119,0,18117,18149
7302,0,18149,18156
7594,0,18156,18189
6298,0,18189,18232
8444,0,18232,18244
8546,0,18244,18249
3930,0,18249,18274
394,0,18274,18295
7483,0,18295,18324
2386,0,18324,18371
6885,0,18371,18407
1448,0,18407,18442
4796,0,18442,18490
5098,0,18490,18518
3237,0,18518,18560
4251,0,18560,18584
9369,0,18584,18629
1816,0,18629,18645
1110,0,18645,18651
9301,0,18651,18668
1161,0,18668,18710
1252,0,18710,18727
2621,0,18727,18744
4753,0,18744,18772
8463,0,18772,18811
550,0,18811,18825
5448,0,18825,18850
2325,0,18850,18863
2392,0,18863,18874
803,0,18874,18887
5157,0,18887,18905
7391,0,18905,18946
6586,0,18946,18994
4231,0,18994,19031
797,0,19031,19067
4939,0,19067,19104
2034,0,19104,19133
8745,0,19133,19144
60,0,19144,19192
4146,0,19192,19230
164,0,19230,19241
621,0,19241,19283
9924,0,19283,19304
5906,0,19304,19336
2545,0,19336,19373
122,0,19373,19392
1868,0,19392,19418
7110,0,19418,19441
3797,0,19441,19469
9556,0,19469,19494
6475,0,19494,19529
1493,0,19529,19564
7005,0,19564,19590
3472,0,19590,19608
676,0,19608,19649
2290,0,19649,19693
8510,0,19693,19735
5714,0,19735,19771
4100,0,19771,19784
6709,0,19784,19825
9719,0,19825,19830
1177,0,19830,19866
9737,0,19866,19908
8791,0,19908,19943
4252,0,19943,19949
6831,0,19949,19963
906,0,19963,19968
7100,0,19968,20000
2797,0,20000,20030
994,0,20030,20077
9205,0,20077,20087
7427,0,20087,20118
264,0,20118,20134
504,0,20134,20145
7941,0,20145,20176
3330,0,20176,20204
3971,0,20204,20229
6371,0,20229,20273
707,0,20273,20287
3564,0,20287,20327
6198,0,20327,20356
6032,0,20356,20399
1603,0,20399,20410
8304,0,20410,20425
5566,0,20425,20446
4598,0,20446,20478
3188,0,20478,20488
8623,0,20488,20529
4424,0,20529,20542
9995,0,20542,20554
6453,0,20554,20599
2594,0,20599,20626
5175,0,20626,20676
7714,0,20676,20714
6545,0,20714,20744
1334,0,20744,20793
2062,0,20793,20841
1130,0,20841,20860
5782,0,20860,20893
5380,0,20893,20905
1815,0,20905,20918
1501,0,20918,20966
6602,0,20966,21014
8122,0,21014,21022
4117,0,21022,21072
3882,0,21072,21115
8377,0,21115,21143
693,0,21143,21172
1063,0,21172,21217
4389,0,21217,21228
2250,0,21228,21259
8250,0,21259,21284
6120,0,21284,21314
6727,0,21314,21360
4829,0,21360,21404
5837,0,21404,21454
6537,0,21454,21465
8931,0,21465,21494
5861,0,21494,21542
7106,0,21542,21548
7174,0,21548,21596
9425,0,21596,21608
152,0,21608,21638
1135,0,21638,21643
4891,0,21643,21648
1164,0,21648,21671
4447,0,21671,21716
5936,0,21716,21764
7080,0,21764,21810
4806,0,21810,21852
9857,0,21852,21866
8368,0,21866,21916
6718,0,21916,21963
6515,0,21963,22004
2979,0,22004,22036
5914,0,22036,22044
635,0,22044,22069
3486,0,22069,22089
1600,0,22089,22109
2675,0,22109,22139
9483,0,22139,22154
776,0,22154,22186
4212,0,22186,22194
2777,0,22194,22234
8535,0,22234,22276
739,0,22276,22283
7662,0,22283,22330
554,0,22330,22372
8847,0,22372,22414
8120,0,22414,22421
5325,0,22421,22437
333,0,22437,22463
6406,0,22463,22495
9288,0,22495,22507
6502,0,22507,22537
7470,0,22537,22577
8286,0,22577,22590
37,0,22590,22598
6857,0,22598,22605
8571,0,22605,22640
8638,0,22640,22655
8332,0,22655,22667
1745,0,22667,22717
3703,0,22717,22765
4784,0,22765,22812
3351,0,22812,22843
2170,0,22843,22887
9069,0,22887,22913
2300,0,22913,22933
8848,0,22933,22953
6283,0,22953,22962
4566,0,22962,22988
1693,0,22988,23007
2390,0,23007,23032
7540,0,23032,23058
1212,0,23058,23076
4599,0,23076,23102
8825,0,23102,23139
9715,0,23139,23154
1490,0,23154,23184
5138,0,23184,23224
7183,0,23224,23230
8481,0,23230,23270
3132,0,23270,23294
2906,0,23294,23330
4367,0,23330,23335
8068,0,23335,23373
5791,0,23373,23423
8512,0,23423,23472
5,0,23472,23502
5043,0,23502,23518
9245,0,23518,23537
6547,0,23537,23578
8589,0,23578,23595
9389,0,23595,23627
4357,0,23627,23649
2830,0,23649,23654
5329,0,23654,23703
770,0,23703,23751
2357,0,23751,23794
8064,0,23794,23825
5576,0,23825,23835
8826,0,23835,23843
6970,0,23843,23858
3651,0,23858,23869
3792,0,23869,23902
6859,0,23902,23908
9927,0,23908,23947
6287,0,23947,23984
1994,0,23984,24028
1697,0,24028,24042
2145,0,24042,24082
5972,0,24082,24108
999,0,24108,24138
2147,0,24138,24145
7796,0,24145,24160
3005,0,24160,24183
6250,0,24183,24215
7206,0,24215,24244
8720,0,24244,24284
9547,0,24284,24333
5100,0,24333,24352
986,0,24352,24357
7221,0,24357,24373
7642,0,24373,24407
3935,0,24407,24456
1409,0,24456,24468
8066,0,24468,24491
5530,0,24491,24503
7469,0,24503,24525
5021,0,24525,24567
4426,0,24567,24591
2935,0,24591,24603
9167,0,24603,24623
484,0,24623,24631
5849,0,24631,24663
1096,0,24663,24686
9653,0,24686,24736
3115,0,24736,24770
3773,0,24770,24819
5191,0,24819,24863
6864,0,24863,24872
4595,0,24872,24915
2553,0,24915,24938
7078,0,24938,24960
8200,0,24960,24996
5574,0,24996,25004
2784,0,25004,25042
4695,0,25042,25078
5228,0,25078,25117
8175,0,25117,25163
5338,0,25163,25183
6844,0,25183,25226
3567,0,25226,25234
6058,0,25234,25257
7020,0,25257,25276
9215,0,25276,25282
2780,0,25282,25313
4470,0,25313,25357
5666,0,25357,25395
2405,0,25395,25401
5999,0,25401,25407
2711,0,25407,25437
411,0,25437,25454
698,0,25454,25499
8985,0,25499,25517
4244,0,25517,25529
4073,0,25529,25572
8851,0,25572,25605
3152,0,25605,25650
3914,0,25650,25691
5933,0,25691,25707
6571,0,25707,25735
7184,0,25735,25759
1296,0,25759,25802
6156,0,25802,25834
6794,0,25834,25881
1607,0,25881,25922
9051,0,25922,25931
8840,0,25931,25981
3439,0,25981,26006
8145,0,26006,26011
9966,0,26011,26028
8292,0,26028,26033
126,0,26033,26060
6328,0,26060,26068
1387,0,26068,26083
7491,0,26083,26109
2726,0,26109,26132
461,0,26132,26145
7820,0,26145,26159
2828,0,26159,26187
424,0,26187,26193
9851,0,26193,26219
5355,0,26219,26245
263,0,26245,26260
4232,0,26260,26306
7836,0,26306,26313
5470,0,26313,26319
395,0,26319,26337
1118,0,26337,26351
721,0,26351,26392
2852,0,26392,26397
1002,0,26397,26447
4675,0,26447,26493
7629,0,26493,26528
7864,0,26528,26564
1541,0,26564,26597
1214,0,26597,26615
2592,0,26615,26643
5007,0,26643,26683
9697,0,26683,26700
4935,0,26700,26730
5683,0,26730,26740
699,0,26740,26745
4628,0,26745,26766
7351,0,26766,26812
1907,0,26812,26841
8604,0,26841,26887
3805,0,26887,26898
1574,0,26898,26908
2056,0,26908,26943
2907,0,26943,26977
7967,0,26977,27004
1125,0,27004,27053
230,0,27053,27067
9856,0,27067,27077
99,0,27077,27106
339,0,27106,27113
4565,0,27113,27147
2999,0,27147,27194
1462,0,27194,27209
979,0,27209,27223
6594,0,27223,27259
7735,0,27259,27283
6828,0,27283,27330
9690,0,27330,27376
1553,0,27376,27413
614,0,27413,27418
4495,0,27418,27452
4656,0,27452,27474
2096,0,27474,27524
6967,0,27524,27567
3600,0,27567,27572
8095,0,27572,27583
8165,0,27583,27595
7461,0,27595,27611
9711,0,27611,27647
9470,0,27647,27660
3949,0,27660,27680
690,0,27680,27718
8417,0,27718,27725
9096,0,27725,27736
3653,0,27736,27774
4053,0,27774,27780
479,0,27780,27791
6132,0,27791,27801
6549,0,27801,27821
3595,0,27821,27839
177,0,27839,27878
2149,0,27878,27897
9279,0,27897,27934
9740,0,27934,27954
760,0,27954,27973
6982,0,27973,28013
3775,0,28013,28019
7846,0,28019,28067
2821,0,28067,28079
6205,0,28079,28092
8313,0,28092,28105
3872,0,28105,28120
6920,0,28120,28134
3667,0,28134,28158
2636,0,28158,28163
9347,0,28163,28204
1608,0,28204,28234
4728,0,28234,28250
8275,0,28250,28273
3679,0,28273,28318
9339,0,28318,28361
2617,0,28361,28379
359,0,28379,28418
7027,0,28418,28428
6181,0,28428,28468
787,0,28468,28493
5974,0,28493,28522
3967,0,28522,28533
894,0,28533,28543
2426,0,28543,28562
5847,0,28562,28571
4981,0,28571,28612
6848,0,28612,28653
3465,0,28653,28658
7267,0,28658,28695
590,0,28695,28706
771,0,28706,28748
2278,0,28748,28757
9881,0,28757,28778
5703,0,28778,28792
3859,0,28792,28836
7544,0,28836,28852
6305,0,28852,28901
8448,0,28901,28946
9436,0,28946,28988
8861,0,28988,29035
7162,0,29035,29078
7315,0,29078,29120
8853,0,29120,29165
2117,0,29165,29203
2072,0,29203,29236
3737,0,29236,29256
8072,0,29256,29265
7622,0,29265,29291
4271,0,29291,29314
3789,0,29314,29351
7061,0,29351,29374
3006,0,29374,29412
4020,0,29412,29426
9562,0,29426,29470
7087,0,29470,29494
9952,0,29494,29519
304,0,29519,29560
2137,0,29560,29578
5949,0,29578,29617
9259,0,29617,29642
3588,0,29642,29677
8670,0,29677,29691
7543,0,29691,29697
3386,0,29697,29707
9013,0,29707,29757
3496,0,29757,29782
1690,0,29782,29828
2715,0,29828,29852
5871,0,29852,29873
6526,0,29873,29913
808,0,29913,29943
2575,0,29943,29953
9586,0,29953,29960
4901,0,29960,30003
666,0,30003,30009
4435,0,30009,30022
9979,0,30022,30040
5378,0,30040,30086
3195,0,30086,30115
8741,0,30115,30130
7355,0,30130,30147
8034,0,30147,30172
405,0,30172,30195
1775,0,30195,30237
9101,0,30237,30262
5878,0,30262,30297
5086,0,30297,30334
6241,0,30334,30384
2266,0,30384,30392
3222,0,30392,30413
7252,0,30413,30448
6816,0,30448,30464
1312,0,30464,30479
3003,0,30479,30512
561,0,30512,30552
5807,0,30552,30573
9573,0,30573,30585
7337,0,30585,30635
9552,0,30635,30657
7805,0,30657,30685
2563,0,30685,30729
5027,0,30729,30743
9489,0,30743,30784
6520,0,30784,30794
6633,0,30794,30832
3185,0,30832,30879
1915,0,30879,30895
2042,0,30895,30938
8983,0,30938,30961
88,0,30961,30966
9349,0,30966,31008
8409,0,31008,31013
553,0,31013,31051
1111,0,31051,31087
5243,0,31087,31101
2803,0,31101,31132
7238,0,31132,31157
5851,0,31157,31197
4989,0,31197,31247
2197,0,31247,31261
8268,0,31261,31306
5125,0,31306,31318
1128,0,31318,31337
8451,0,31337,31344
4221,0,31344,31364
7246,0,31364,31405
4172,0,31405,31447
6711,0,31447,31477
5024,0,31477,31521
9894,0,31521,31554
2853,0,31554,31588
8484,0,31588,31613
3184,0,31613,31661
5156,0,31661,31694
976,0,31694,31707
8379,0,31707,31742
5390,0,31742,31786
639,0,31786,31793
1863,0,31793,31799
8318,0,31799,31804
1000,0,31804,31812
472,0,31812,31848
6858,0,31848,31858
3720,0,31858,31893
5497,0,31893,31909
7725,0,31909,31917
8901,0,31917,31943
6024,0,31943,31949
2032,0,31949,31955
9996,0,31955,31994
7591,0,31994,32012
6576,0,32012,32032
9622,0,32032,32081
1293,0,32081,32131
7909,0,32131,32148
8605,0,32148,32159
2587,0,32159,32197
2956,0,32197,32233
2337,0,32233,32274
8674,0,32274,32310
5206,0,32310,32337
2516,0,32337,32381
4093,0,32381,32397
5235,0,32397,32414
2198,0,32414,32464
9243,0,32464,32513
5897,0,32513,32529
9475,0,32529,32559
8258,0,32559,32608
7914,0,32608,32650
2053,0,32650,32676
89,0,32676,32693
80,0,32693,32716
1335,0,32716,32732
6069,0,32732,32777
4328,0,32777,32821
5500,0,32821,32870
5015,0,32870,32875
7903,0,32875,32884
1507,0,32884,32898
5110,0,32898,32911
5432,0,32911,32921
8536,0,32921,32934
5387,0,32934,32977
6107,0,32977,32992
3081,0,32992,33006
6532,0,33006,33037
4381,0,33037,33070
5349,0,33070,33093
9125,0,33093,33138
2888,0,33138,33163
9223,0,33163,33196
2807,0,33196,33217
2050,0,33217,33265
4947,0,33265,33278
1057,0,33278,33298
9306,0,33298,33323
2412,0,33323,33371
9624,0,33371,33386
326,0,33386,33408
4322,0,33408,33455
4338,0,33455,33481
2738,0,33481,33520
3926,0,33520,33534
9440,0,33534,33571
6977,0,33571,33584
6928,0,33584,33600
840,0,33600,33609
916,0,33609,33632
1001,0,33632,33650
5870,0,33650,33678
7172,0,33678,33698
4603,0,33698,33726
2560,0,33726,33757
5296,0,33757,33781
4803,0,33781,33816
2181,0,33816,33846
6521,0,33846,33888
6525,0,33888,33932
7711,0,33932,33955
4759,0,33955,33988
7482,0,33988,34038
853,0,34038,34067
6091,0,34067,34091
4484,0,34091,34129
85,0,34129,34146
1543,0,34146,34196
8213,0,34196,34209
2313,0,34209,34224
6745,0,34224,34272
8642,0,34272,34290
9236,0,34290,34310
8196,0,34310,34342
5527,0,34342,34363
9946,0,34363,34369
146,0,34369,34400
8087,0,34400,34435
7113,0,34435,34457
4144,0,34457,34471
4854,0,34471,34520
3615,0,34520,34541
4153,0,34541,34584
1166,0,34584,34630
3806,0,34630,34676
9616,0,34676,34689
9516,0,34689,34731
2279,0,34731,34763
7058,0,34763,34803
2674,0,34803,34812
3813,0,34812,34832
4296,0,34832,34859
6413,0,34859,34896
4532,0,34896,34936
2052,0,34936,34982
6650,0,34982,35023
388,0,35023,35042
1849,0,35042,35091
2930,0,35091,35116
2353,0,35116,35122
6901,0,35122,35172
5668,0,35172,35185
3867,0,35185,35200
7910,0,35200,35237
2441,0,35237,35256
5640,0,35256,35278
6269,0,35278,35310
8432,0,35310,35347
7447,0,35347,35373
8179,0,35373,35382
2713,0,35382,35403
2730,0,35403,35420
4977,0,35420,35437
4924,0,35437,35471
3183,0,35471,35481
319,0,35481,35504
2421,0,35504,35530
6911,0,35530,35551
4114,0,35551,35576
8961,0,35576,35585
8403,0,35585,35605
3566,0,35605,35618
6879,0,35618,35653
2894,0,35653,35673
8817,0,35673,35679
4691,0,35679,35686
1263,0,35686,35723
3864,0,35723,35736
4746,0,35736,35749
6637,0,35749,35755
6998,0,35755,35791
8874,0,35791,35836
3702,0,35836,35858
2686,0,35858,35873
8946,0,35873,35884
1689,0,35884,35929
945,0,35929,35967
2859,0,35967,36011
8765,0,36011,36034
8763,0,36034,36057
8790,0,36057,36068
9724,0,36068,36114
1512,0,36114,36157
1278,0,36157,36181
2753,0,36181,36192
7311,0,36192,36216
6052,0,36216,36233
5479,0,36233,36256
8236,0,36256,36263
7127,0,36263,36273
2540,0,36273,36295
9150,0,36295,36307
3250,0,36307,36348
1582,0,36348,36386
4281,0,36386,36405
4955,0,36405,36426
4353,0,36426,36436
4071,0,36436,36467
3855,0,36467,36472
9327,0,36472,36500
5384,0,36500,36511
286,0,36511,36528
1009,0,36528,36563
6358,0,36563,36594
9118,0,36594,36621
7488,0,36621,36650
7715,0,36650,36693
3353,0,36693,36704
9904,0,36704,36741
6768,0,36741,36753
3307,0,36753,36778
4211,0,36778,36805
881,0,36805,36818
7156,0,36818,36836
3845,0,36836,36878
4024,0,36878,36905
2536,0,36905,36911
3028,0,36911,36955
3768,0,36955,36960
3767,0,36960,36966
9083,0,36966,36995
9471,0,36995,37017
5525,0,37017,37025
5615,0,37025,37062
3019,0,37062,37098
2150,0,37098,37107
6495,0,37107,37124
96,0,37124,37136
3167,0,37136,37167
7385,0,37167,37208
5459,0,37208,37235
8311,0,37235,37266
2340,0,37266,37316
3289,0,37316,37333
213,0,37333,37345
8783,0,37345,37381
3687,0,37381,37422
4181,0,37422,37430
285,0,37430,37454
5663,0,37454,37483
6615,0,37483,37497
1394,0,37497,37518
2474,0,37518,37565
5496,0,37565,37595
508,0,37595,37606
9439,0,37606,37628
4141,0,37628,37659
4573,0,37659,37675
7130,0,37675,37717
3556,0,37717,37728
8856,0,37728,37750
9317,0,37750,37795
9515,0,37795,37823
487,0,37823,37836
5428,0,37836,37885
2740,0,37885,37911
474,0,37911,37951
1822,0,37951,37969
4304,0,37969,37988
9790,0,37988,38022
9282,0,38022,38046
5685,0,38046,38064
216,0,38064,38098
963,0,38098,38113
8085,0,38113,38127
4510,0,38127,38135
3097,0,38135,38159
8769,0,38159,38165
9646,0,38165,38190
8436,0,38190,38225
7666,0,38225,38257
3985,0,38257,38270
6222,0,38270,38287
3641,0,38287,38308
9898,0,38308,38318
5457,0,38318,38323
2746,0,38323,38336
7209,0,38336,38369
5482,0,38369,38407
3741,0,38407,38426
2817,0,38426,38439
2280,0,38439,38471
9544,0,38471,38516
5784,0,38516,38528
8423,0,38528,38540
6386,0,38540,38567
8676,0,38567,38610
1115,0,38610,38656
3546,0,38656,38695
973,0,38695,38712
4602,0,38712,38740
7779,0,38740,38757
1843,0,38757,38789
1643,0,38789,38797
996,0,38797,38834
283,0,38834,38870
465,0,38870,38912
2345,0,38912,38921
371,0,38921,38951
6954,0,38951,38964
7932,0,38964,38982
2389,0,38982,38988
3933,0,38988,39000
3497,0,39000,39030
7610,0,39030,39037
5237,0,39037,39072
2765,0,39072,39081
7883,0,39081,39130
5578,0,39130,39165
5458,0,39165,39195
5164,0,39195,39228
4407,0,39228,39245
6736,0,39245,39263
3221,0,39263,39310
9883,0,39310,39341
61,0,39341,39384
8965,0,39384,39403
8060,0,39403,39429
2794,0,39429,39443
1969,0,39443,39448
1185,0,39448,39478
6774,0,39478,39506
4207,0,39506,39542
174,0,39542,39552
613,0,39552,39573
5438,0,39573,39604
8090,0,39604,39652
2319,0,39652,39683
2524,0,39683,39694
3345,0,39694,39742
920,0,39742,39772
802,0,39772,39804
3426,0,39804,39812
7703,0,39812,39828
5023,0,39828,39853
3291,0,39853,39880
3928,0,39880,39909
1126,0,39909,39951
8194,0,39951,39964
3700,0,39964,39977
6212,0,39977,39983
3780,0,39983,40012
1206,0,40012,40056
1092,0,40056,40098
2010,0,40098,40119
5767,0,40119,40144
379,0,40144,40178
538,0,40178,40188
9539,0,40188,40209
3212,0,40209,40228
7189,0,40228,40269
5637,0,40269,40284
1131,0,40284,40297
353,0,40297,40338
7477,0,40338,40348
5142,0,40348,40365
8664,0,40365,40401
5516,0,40401,40412
9458,0,40412,40446
202,0,40446,40458
5852,0,40458,40479
8431,0,40479,40518
6102,0,40518,40552
4975,0,40552,40570
846,0,40570,40607
197,0,40607,40616
8891,0,40616,40657
5892,0,40657,40684
8032,0,40684,40706
6175,0,40706,40733
2106,0,40733,40757
8816,0,40757,40792
4318,0,40792,40832
1109,0,40832,40837
3994,0,40837,40884
5798,0,40884,40911
593,0,40911,40951
2355,0,40951,40961
7584,0,40961,40977
2771,0,40977,41010
5025,0,41010,41018
3249,0,41018,41029
4038,0,41029,41057
1303,0,41057,41085
1861,0,41085,41112
6289,0,41112,41151
3876,0,41151,41178
5388,0,41178,41196
8522,0,41196,41232
2561,0,41232,41275
6281,0,41275,41299
8234,0,41299,41310
5792,0,41310,41325
660,0,41325,41347
439,0,41347,41380
4848,0,41380,41408
3663,0,41408,41424
3989,0,41424,41438
6258,0,41438,41445
4642,0,41445,41480
4169,0,41480,41501
1244,0,41501,41528
9853,0,41528,41544
9713,0,41544,41552
3038,0,41552,41587
9428,0,41587,41593
2910,0,41593,41603
1492,0,41603,41630
4716,0,41630,41640
2362,0,41640,41652
7440,0,41652,41671
6698,0,41671,41686
464,0,41686,41718
4425,0,41718,41727
3079,0,41727,41762
2267,0,41762,41782
1051,0,41782,41810
911,0,41810,41839
7671,0,41839,41884
2082,0,41884,41892
8797,0,41892,41928
6467,0,41928,41958
5049,0,41958,42000
6496,0,42000,42020
9455,0,42020,42029
6226,0,42029,42079
6418,0,42079,42092
3397,0,42092,42115
1449,0,42115,42125
3045,0,42125,42144
8006,0,42144,42179
7834,0,42179,42228
5756,0,42228,42243
9871,0,42243,42255
2813,0,42255,42261
6946,0,42261,42307
1268,0,42307,42348
3671,0,42348,42380
2676,0,42380,42393
2013,0,42393,42403
260,0,42403,42411
9041,0,42411,42448
2468,0,42448,42497
2311,0,42497,42518
4040,0,42518,42540
4867,0,42540,42572
8541,0,42572,42587
4743,0,42587,42634
3619,0,42634,42680
3643,0,42680,42722
551,0,42722,42752
2595,0,42752,42800
362,0,42800,42842
8717,0,42842,42876
6049,0,42876,42892
6433,0,42892,42904
2235,0,42904,42938
4302,0,42938,42951
6183,0,42951,42999
5817,0,42999,43008
3503,0,43008,43032
4734,0,43032,43055
2253,0,43055,43085
5462,0,43085,43117
5282,0,43117,43138
8733,0,43138,43164
5113,0,43164,43184
5577,0,43184,43193
7348,0,43193,43215
8587,0,43215,43253
7060,0,43253,43282
5795,0,43282,43291
5613,0,43291,43297
2862,0,43297,43320
4187,0,43320,43357
730,0,43357,43381
7154,0,43381,43386
7958,0,43386,43401
7920,0,43401,43414
6713,0,43414,43428
9360,0,43428,43474
3312,0,43474,43487
8052,0,43487,43530
1528,0,43530,43559
9322,0,43559,43566
571,0,43566,43612
1540,0,43612,43621
5366,0,43621,43659
3988,0,43659,43672
2601,0,43672,43694
8538,0,43694,43715
8362,0,43715,43748
8680,0,43748,43787
403,0,43787,43821
4094,0,43821,43836
5977,0,43836,43885
4702,0,43885,43934
6499,0,43934,43971
4267,0,43971,43976
9491,0,43976,44026
8306,0,44026,44067
5216,0,44067,44072
7675,0,44072,44078
9560,0,44078,44104
6519,0,44104,44146
651,0,44146,44195
6029,0,44195,44243
7847,0,44243,44287
9271,0,44287,44310
9635,0,44310,44332
8634,0,44332,44362
9387,0,44362,44396
4147,0,44396,44410
8143,0,44410,44443
9343,0,44443,44462
6124,0,44462,44494
8223,0,44494,44511
1867,0,44511,44527
2188,0,44527,44566
656,0,44566,44613
8540,0,44613,44646
5651,0,44646,44690
5478,0,44690,44713
9095,0,44713,44719
7475,0,44719,44767
653,0,44767,44789
5587,0,44789,44815
4515,0,44815,44841
1884,0,44841,44887
76,0,44887,44898
7474,0,44898,44907
9030,0,44907,44932
1404,0,44932,44948
5584,0,44948,44976
8616,0,44976,45015
5667,0,45015,45046
2582,0,45046,45071
5083,0,45071,45118
3320,0,45118,45155
4285,0,45155,45176
293,0,45176,45218
4735,0,45218,45251
6011,0,45251,45291
857,0,45291,45321
1435,0,45321,45346
4505,0,45346,45353
4905,0,45353,45363
6144,0,45363,45401
5899,0,45401,45429
8357,0,45429,45457
7432,0,45457,45482
7344,0,45482,45503
9413,0,45503,45528
6996,0,45528,45553
876,0,45553,45567
932,0,45567,45593
3245,0,45593,45639
8107,0,45639,45657
8762,0,45657,45700
4108,0,45700,45735
4160,0,45735,45751
8053,0,45751,45790
3756,0,45790,45831
6216,0,45831,45865
2700,0,45865,45882
1619,0,45882,45891
4428,0,45891,45909
4564,0,45909,45936
8047,0,45936,45965
8167,0,45965,45991
6329,0,45991,46030
539,0,46030,46041
8361,0,46041,46048
4408,0,46048,46098
7436,0,46098,46146
2178,0,46146,46166
1049,0,46166,46207
6261,0,46207,46244
3763,0,46244,46282
2951,0,46282,46323
1227,0,46323,46366
8106,0,46366,46380
9875,0,46380,46390
27,0,46390,46396
8093,0,46396,46421
72,0,46421,46439
3499,0,46439,46447
7438,0,46447,46466
4715,0,46466,46481
6706,0,46481,46502
9015,0,46502,46552
5895,0,46552,46577
5751,0,46577,46624
1433,0,46624,46665
1926,0,46665,46693
7418,0,46693,46740
6656,0,46740,46752
7181,0,46752,46779
8483,0,46779,46796
4547,0,46796,46835
5641,0,46835,46874
8590,0,46874,46882
1866,0,46882,46928
7197,0,46928,46942
901,0,46942,46969
5875,0,46969,47010
7367,0,47010,47029
4157,0,47029,47075
9007,0,47075,47093
2925,0,47093,47112
919,0,47112,47134
6015,0,47134,47140
3446,0,47140,47161
105,0,47161,47204
2597,0,47204,47212
8651,0,47212,47220
6388,0,47220,47270
8207,0,47270,47291
3811,0,47291,47317
9453,0,47317,47326
6649,0,47326,47340
955,0,47340,47349
5270,0,47349,47360
7971,0,47360,47402
2867,0,47402,47441
1827,0,47441,47482
4621,0,47482,47494
25,0,47494,47503
7453,0,47503,47530
5911,0,47530,47577
5342,0,47577,47587
765,0,47587,47616
1194,0,47616,47633
1444,0,47633,47641
8235,0,47641,47685
8124,0,47685,47691
476,0,47691,47716
6441,0,47716,47760
4557,0,47760,47777
1124,0,47777,47802
9705,0,47802,47823
1149,0,47823,47838
8453,0,47838,47859
6087,0,47859,47902
2995,0,47902,47918
4032,0,47918,47936
1485,0,47936,47947
51,0,47947,47996
432,0,47996,48017
8113,0,48017,48048
6971,0,48048,48077
2903,0,48077,48094
9947,0,48094,48126
7553,0,48126,48136
750,0,48136,48181
2126,0,48181,48196
5126,0,48196,48245
226,0,48245,48261
8857,0,48261,48288
1924,0,48288,48305
8892,0,48305,48311
5633,0,48311,48322
9163,0,48322,48368
9063,0,48368,48410
4403,0,48410,48419
6324,0,48419,48455
1114,0,48455,48471
7931,0,48471,48506
8673,0,48506,48556
6338,0,48556,48561
8644,0,48561,48585
5476,0,48585,48593
3023,0,48593,48620
5765,0,48620,48635
3268,0,48635,48675
3559,0,48675,48683
8841,0,48683,48732
6652,0,48732,48770
6880,0,48770,48814
2356,0,48814,48845
8653,0,48845,48895
9263,0,48895,48905
55,0,48905,48923
4249,0,48923,48959
1770,0,48959,48985
8058,0,48985,49009
6561,0,49009,49024
3419,0,49024,49033
5770,0,49033,49080
7502,0,49080,49112
7664,0,49112,49155
3898,0,49155,49188
8998,0,49188,49220
5505,0,49220,49268
818,0,49268,49298
3204,0,49298,49338
982,0,49338,49388
5236,0,49388,49404
1791,0,49404,49443
740,0,49443,49477
1781,0,49477,49488
8273,0,49488,49529
8520,0,49529,49575
2562,0,49575,49590
2094,0,49590,49630
2826,0,49630,49649
6010,0,49649,49691
9269,0,49691,49720
3098,0,49720,49734
2146,0,49734,49750
3846,0,49750,49775
7185,0,49775,49785
4446,0,49785,49823
7764,0,49823,49846
480,0,49846,49852
3498,0,49852,49900
6986,0,49900,49940
6824,0,49940,49957
5794,0,49957,50002
5019,0,50002,50048
8519,0,50048,50084
6887,0,50084,50109
102,0,50109,50114
956,0,50114,50163
6756,0,50163,50178
7763,0,50178,50224
3362,0,50224,50268
1159,0,50268,50298
1061,0,50298,50336
9972,0,50336,50346
9404,0,50346,50387
370,0,50387,50421
984,0,50421,50436
628,0,50436,50442
5518,0,50442,50489
3356,0,50489,50521
957,0,50521,50532
6942,0,50532,50567
9821,0,50567,50573
4420,0,50573,50618
3721,0,50618,50647
3722,0,50647,50655
3232,0,50655,50694
6907,0,50694,50725
9361,0,50725,50742
7759,0,50742,50759
4063,0,50759,50774
368,0,50774,50795
6606,0,50795,50802
9859,0,50802,50809
7208,0,50809,50831
6573,0,50831,50874
7325,0,50874,50898
3784,0,50898,50939
5825,0,50939,50961
1674,0,50961,50982
1586,0,50982,51030
3551,0,51030,51042
3203,0,51042,51082
9165,0,51082,51091
6135,0,51091,51126
2208,0,51126,51148
1864,0,51148,51174
248,0,51174,51188
2577,0,51188,51195
2732,0,51195,51224
1705,0,51224,51244
3374,0,51244,51281
4795,0,51281,51301
5238,0,51301,51350
3422,0,51350,51367
3943,0,51367,51406
9104,0,51406,51421
1167,0,51421,51440
4457,0,51440,51467
6468,0,51467,51515
8911,0,51515,51545
9033,0,51545,51585
6692,0,51585,51609
7319,0,51609,51655
2611,0,51655,51702
1336,0,51702,51725
261,0,51725,51747
9565,0,51747,51782
3569,0,51782,51820
2607,0,51820,51843
9774,0,51843,51885
2453,0,51885,51923
1366,0,51923,51942
6311,0,51942,51958
8133,0,51958,51978
5187,0,51978,51991
3827,0,51991,52016
9732,0,52016,52036
8140,0,52036,52054
2528,0,52054,52082
7704,0,52082,52123
9318,0,52123,52154
6141,0,52154,52169
8010,0,52169,52175
3102,0,52175,52196
3576,0,52196,52246
7815,0,52246,52295
3714,0,52295,52314
3592,0,52314,52343
4596,0,52343,52360
6790,0,52360,52381
4137,0,52381,52411
73,0,52411,52430
9207,0,52430,52456
8813,0,52456,52484
6027,0,52484,52510
5829,0,52510,52543
3060,0,52543,52585
5117,0,52585,52610
5704,0,52610,52619
5601,0,52619,52647
3955,0,52647,52676
6938,0,52676,52697
1572,0,52697,52719
2507,0,52719,52724
1874,0,52724,52743
2132,0,52743,52771
7017,0,52771,52792
1405,0,52792,52803
9203,0,52803,52850
9980,0,52850,52867
3218,0,52867,52908
4723,0,52908,52954
7146,0,52954,52996
79,0,52996,53013
4163,0,53013,53058
9716,0,53058,53108
9651,0,53108,53131
361,0,53131,53166
9784,0,53166,53181
3108,0,53181,53201
9874,0,53201,53235
3110,0,53235,53249
171,0,53249,53266
3732,0,53266,53314
1031,0,53314,53328
3163,0,53328,53340
6343,0,53340,53364
5978,0,53364,53403
8703,0,53403,53429
8260,0,53429,53468
30,0,53468,53503
2722,0,53503,53521
3095,0,53521,53530
6094,0,53530,53556
2880,0,53556,53570
6801,0,53570,53618
2472,0,53618,53655
5317,0,53655,53674
3865,0,53674,53694
350,0,53694,53727
28,0,53727,53775
900,0,53775,53787
1297,0,53787,53802
3215,0,53802,53848
284,0,53848,53854
7614,0,53854,53889
9422,0,53889,53915
4437,0,53915,53936
3815,0,53936,53964
2958,0,53964,54007
7688,0,54007,54022
9486,0,54022,54058
5804,0,54058,54095
6313,0,54095,54128
178,0,54128,54171
8439,0,54171,54217
637,0,54217,54226
8252,0,54226,54270
7149,0,54270,54277
7789,0,54277,54287
9546,0,54287,54301
9364,0,54301,54321
3579,0,54321,54347
3052,0,54347,54358
5658,0,54358,54363
518,0,54363,54387
5956,0,54387,54413
4329,0,54413,54453
657,0,54453,54477
4082,0,54477,54525
815,0,54525,54547
5650,0,54547,54584
7595,0,54584,54617
5564,0,54617,54658
119,0,54658,54665
7024,0,54665,54694
9372,0,54694,54700
8366,0,54700,54728
8305,0,54728,54743
6154,0,54743,54774
8626,0,54774,54803
4591,0,54803,54818
1569,0,54818,54833
8814,0,54833,54876
9443,0,54876,54896
5376,0,54896,54903
1357,0,54903,54932
2171,0,54932,54956
6953,0,54956,54965
2643,0,54965,55013
9636,0,55013,55056
1927,0,55056,55103
257,0,55103,55135
4708,0,55135,55144
5381,0,55144,55159
2378,0,55159,55166
1329,0,55166,55182
7926,0,55182,55203
1647,0,55203,55230
618,0,55230,55238
8480,0,55238,55265
3529,0,55265,55294
2673,0,55294,55335
6877,0,55335,55349
2363,0,55349,55396
1234,0,55396,55414
5843,0,55414,55438
7981,0,55438,55471
7875,0,55471,55490
9497,0,55490,55500
3448,0,55500,55548
8576,0,55548,55587
4482,0,55587,55593
1534,0,55593,55641
6833,0,55641,55652
9589,0,55652,55670
6556,0,55670,55695
4194,0,55695,55711
1834,0,55711,55737
3157,0,55737,55755
8944,0,55755,55778
2757,0,55778,55819
4833,0,55819,55849
5932,0,55849,55883
9678,0,55883,55923
8312,0,55923,55955
1282,0,55955,55967
3323,0,55967,55983
3216,0,55983,55995
7843,0,55995,56018
5773,0,56018,56025
1452,0,56025,56069
3901,0,56069,56074
9058,0,56074,56092
2073,0,56092,56127
8583,0,56127,56167
2220,0,56167,56217
9441,0,56217,56233
631,0,56233,56276
4661,0,56276,56320
2382,0,56320,56366
6927,0,56366,56389
9971,0,56389,56398
1085,0,56398,56409
6583,0,56409,56457
4234,0,56457,56482
6530,0,56482,56495
5307,0,56495,56537
7806,0,56537,56569
744,0,56569,56579
1670,0,56579,56598
4537,0,56598,56633
9514,0,56633,56654
7517,0,56654,56690
9695,0,56690,56719
9169,0,56719,56733
7604,0,56733,56747
4681,0,56747,56753
9561,0,56753,56792
8386,0,56792,56804
8002,0,56804,56851
592,0,56851,56891
7710,0,56891,56901
3505,0,56901,56927
9893,0,56927,56960
6134,0,56960,56995
7459,0,56995,57006
2511,0,57006,57052
1372,0,57052,57085
8438,0,57085,57095
150,0,57095,57134
7013,0,57134,57148
1699,0,57148,57171
2352,0,57171,57198
9594,0,57198,57236
7665,0,57236,57264
5659,0,57264,57289
3013,0,57289,57326
9366,0,57326,57333
4824,0,57333,57353
7797,0,57353,57391
3347,0,57391,57402
2527,0,57402,57448
5717,0,57448,57481
4202,0,57481,57511
6773,0,57511,57530
8842,0,57530,57566
7012,0,57566,57586
3278,0,57586,57612
8952,0,57612,57641
3847,0,57641,57660
3413,0,57660,57684
2457,0,57684,57695
5149,0,57695,57717
4639,0,57717,57740
4287,0,57740,57765
4679,0,57765,57791
5841,0,57791,57804
4994,0,57804,57846
3812,0,57846,57852
7396,0,57852,57882
3883,0,57882,57887
691,0,57887,57915
5315,0,57915,57932
5797,0,57932,57973
1466,0,57973,58008
3897,0,58008,58038
8677,0,58038,58069
9915,0,58069,58112
8716,0,58112,58117
7707,0,58117,58151
1516,0,58151,58201
6246,0,58201,58239
7731,0,58239,58248
7803,0,58248,58280
3787,0,58280,58328
275,0,58328,58372
3607,0,58372,58412
2849,0,58412,58434
4384,0,58434,58440
1090,0,58440,58462
870,0,58462,58505
1748,0,58505,58515
1086,0,58515,58564
3133,0,58564,58604
6743,0,58604,58632
8289,0,58632,58676
1450,0,58676,58718
159,0,58718,58752
778,0,58752,58795
2450,0,58795,58808
5850,0,58808,58832
6007,0,58832,58848
9035,0,58848,58867
4769,0,58867,58894
5466,0,58894,58905
8967,0,58905,58946
980,0,58946,58965
9563,0,58965,59012
4483,0,59012,59051
5192,0,59051,59072
9183,0,59072,59088
8888,0,59088,59102
5908,0,59102,59138
5111,0,59138,59146
6866,0,59146,59155
4452,0,59155,59182
9473,0,59182,59190
1931,0,59190,59203
7927,0,59203,59235
2175,0,59235,59246
3979,0,59246,59263
9532,0,59263,59304
3062,0,59304,59312
9057,0,59312,59362
5217,0,59362,59396
7313,0,59396,59416
1175,0,59416,59461
4822,0,59461,59500
4189,0,59500,59537
875,0,59537,59571
3410,0,59571,59620
2965,0,59620,59646
9503,0,59646,59674
4614,0,59674,59692
2114,0,59692,59728
6240,0,59728,59757
8127,0,59757,59773
8322,0,59773,59787
8037,0,59787,59812
1786,0,59812,59832
7825,0,59832,59855
1257,0,59855,59869
5907,0,59869,59877
1353,0,59877,59888
6997,0,59888,59928
2688,0,59928,59943
5961,0,59943,59964
22,0,59964,60003
6723,0,60003,60030
300,0,60030,60035
3890,0,60035,60041
1491,0,60041,60091
2616,0,60091,60106
6644,0,60106,60144
9417,0,60144,60157
4391,0,60157,60187
1238,0,60187,60205
7285,0,60205,60220
3030,0,60220,60254
9797,0,60254,60287
3213,0,60287,60321
2273,0,60321,60364
9390,0,60364,60389
7377,0,60389,60424
5523,0,60424,60446
4201,0,60446,60481
3596,0,60481,60517
9474,0,60517,60528
4875,0,60528,60536
7164,0,60536,60572
5694,0,60572,60610
8746,0,60610,60642
140,0,60642,60692
7949,0,60692,60707
9054,0,60707,60716
1812,0,60716,60742
7089,0,60742,60758
8942,0,60758,60768
8373,0,60768,60785
3450,0,60785,60800
1277,0,60800,60832
8279,0,60832,60882
5347,0,60882,60930
3200,0,60930,60968
6657,0,60968,61018
1988,0,61018,61044
3326,0,61044,61056
9826,0,61056,61067
6620,0,61067,61098
9022,0,61098,61144
5519,0,61144,61155
8643,0,61155,61176
6268,0,61176,61204
8529,0,61204,61210
7867,0,61210,61238
1587,0,61238,61278
4494,0,61278,61299
960,0,61299,61323
3437,0,61323,61337
1213,0,61337,61356
1821,0,61356,61366
9357,0,61366,61406
9406,0,61406,61430
3512,0,61430,61448
5321,0,61448,61495
6115,0,61495,61528
2006,0,61528,61559
2400,0,61559,61572
7611,0,61572,61602
5424,0,61602,61607
6288,0,61607,61634
1464,0,61634,61642
8855,0,61642,61687
781,0,61687,61703
6956,0,61703,61731
2684,0,61731,61759
1910,0,61759,61805
156,0,61805,61820
1823,0,61820,61834
6514,0,61834,61868
9548,0,61868,61875
2586,0,61875,61921
7698,0,61921,61971
231,0,61971,62018
9119,0,62018,62047
3407,0,62047,62084
1639,0,62084,62128
3668,0,62128,62142
2452,0,62142,62158
9989,0,62158,62163
1248,0,62163,62193
3463,0,62193,62200
7211,0,62200,62224
9076,0,62224,62268
7893,0,62268,62274
4400,0,62274,62310
2323,0,62310,62344
9115,0,62344,62356
9623,0,62356,62401
921,0,62401,62414
927,0,62414,62432
6391,0,62432,62478
2631,0,62478,62486
6949,0,62486,62499
2581,0,62499,62525
6680,0,62525,62564
5313,0,62564,62607
9380,0,62607,62650
180,0,62650,62658
3602,0,62658,62673
1841,0,62673,62712
977,0,62712,62726
4459,0,62726,62741
4368,0,62741,62780
2512,0,62780,62810
9151,0,62810,62842
4497,0,62842,62856
1899,0,62856,62878
9852,0,62878,62924
7314,0,62924,62935
7004,0,62935,62977
1112,0,62977,62993
4034,0,62993,63017
9012,0,63017,63042
9216,0,63042,63056
6933,0,63056,63078
1247,0,63078,63115
4184,0,63115,63136
4579,0,63136,63181
5964,0,63181,63218
7029,0,63218,63234
3603,0,63234,63277
1416,0,63277,63326
1027,0,63326,63375
9130,0,63375,63390
2801,0,63390,63412
5063,0,63412,63457
2843,0,63457,63476
7817,0,63476,63488
5548,0,63488,63508
4227,0,63508,63519
2107,0,63519,63560
2045,0,63560,63578
3657,0,63578,63624
1704,0,63624,63654
5220,0,63654,63663
7395,0,63663,63692
4208,0,63692,63736
1546,0,63736,63761
8962,0,63761,63803
1423,0,63803,63828
4953,0,63828,63868
6720,0,63868,63896
6016,0,63896,63921
4257,0,63921,63964
9805,0,63964,64012
3540,0,64012,64060
3173,0,64060,64110
6061,0,64110,64147
449,0,64147,64160
3447,0,64160,64190
2397,0,64190,64218
6208,0,64218,64242
456,0,64242,64281
7032,0,64281,64286
8335,0,64286,64336
6752,0,64336,64365
2256,0,64365,64412
4894,0,64412,64451
2747,0,64451,64476
543,0,64476,64511
1158,0,64511,64520
6150,0,64520,64537
6689,0,64537,64561
347,0,64561,64568
828,0,64568,64577
9088,0,64577,64619
5225,0,64619,64658
6093,0,64658,64696
8843,0,64696,64719
2913,0,64719,64724
9866,0,64724,64758
1076,0,64758,64768
311,0,64768,64801
5103,0,64801,64815
2055,0,64815,64824
9442,0,64824,64869
5910,0,64869,64899
8742,0,64899,64928
4037,0,64928,64946
301,0,64946,64992
4049,0,64992,65024
9812,0,65024,65068
8736,0,65068,65101
7357,0,65101,65128
8025,0,65128,65176
5512,0,65176,65196
8666,0,65196,65203
2315,0,65203,65236
3858,0,65236,65244
9997,0,65244,65258
6675,0,65258,65299
3616,0,65299,65317
3309,0,65317,65346
5556,0,65346,65383
9193,0,65383,65423
7497,0,65423,65458
6788,0,65458,65502
1073,0,65502,65528
1187,0,65528,65558
3918,0,65558,65574
7514,0,65574,65584
2157,0,65584,65605
2478,0,65605,65616
3208,0,65616,65621
7627,0,65621,65631
9284,0,65631,65662
1250,0,65662,65689
2027,0,65689,65727
5752,0,65727,65742
5848,0,65742,65764
3376,0,65764,65807
9255,0,65807,65817
1950,0,65817,65838
8146,0,65838,65883
7310,0,65883,65898
2533,0,65898,65921
8663,0,65921,65943
3535,0,65943,65963
9998,0,65963,66013
8217,0,66013,66025
8932,0,66025,66067
5664,0,66067,66097
9293,0,66097,66102
7989,0,66102,66143
8296,0,66143,66175
3182,0,66175,66182
7507,0,66182,66208
5514,0,66208,66239
4757,0,66239,66277
733,0,66277,66327
1943,0,66327,66350
5940,0,66350,66385
7038,0,66385,66423
8579,0,66423,66468
6322,0,66468,66504
7878,0,66504,66539
8584,0,66539,66573
8989,0,66573,66606
6636,0,66606,66621
9704,0,66621,66646
1560,0,66646,66675
8456,0,66675,66689
352,0,66689,66695
7689,0,66695,66711
6238,0,66711,66747
9292,0,66747,66760
2647,0,66760,66784
2815,0,66784,66832
1801,0,66832,66849
6169,0,66849,66889
5816,0,66889,66911
5097,0,66911,66932
5194,0,66932,66960
2200,0,66960,66991
9906,0,66991,67029
8430,0,67029,67058
9099,0,67058,67064
6318,0,67064,67107
6618,0,67107,67129
8671,0,67129,67140
6873,0,67140,67148
210,0,67148,67180
2446,0,67180,67223
3923,0,67223,67255
6438,0,67255,67301
7448,0,67301,67345
5533,0,67345,67362
7916,0,67362,67400
2798,0,67400,67450
9644,0,67450,67494
8079,0,67494,67528
2017,0,67528,67569
605,0,67569,67589
4052,0,67589,67611
6640,0,67611,67653
189,0,67653,67681
1571,0,67681,67715
8054,0,67715,67745
8656,0,67745,67786
6486,0,67786,67817
3665,0,67817,67857
7121,0,67857,67903
8283,0,67903,67941
400,0,67941,67951
9160,0,67951,67975
8109,0,67975,67980
57,0,67980,68022
3717,0,68022,68049
6473,0,68049,68056
9888,0,68056,68072
2022,0,68072,68089
5951,0,68089,68119
5396,0,68119,68129
9807,0,68129,68164
7412,0,68164,68170
8156,0,68170,68188
9725,0,68188,68222
8333,0,68222,68234
7390,0,68234,68280
4115,0,68280,68322
6263,0,68322,68341
7155,0,68341,68361
4673,0,68361,68369
2409,0,68369,68390
351,0,68390,68411
2383,0,68411,68461
6684,0,68461,68511
1995,0,68511,68519
6744,0,68519,68547
8755,0,68547,68568
7977,0,68568,68585
1375,0,68585,68613
6608,0,68613,68651
7213,0,68651,68658
5348,0,68658,68696
3689,0,68696,68706
5614,0,68706,68721
8399,0,68721,68758
9170,0,68758,68804
7235,0,68804,68828
491,0,68828,68844
7681,0,68844,68866
6550,0,68866,68896
348,0,68896,68943
528,0,68943,68966
6609,0,68966,68993
5793,0,68993,69017
15,0,69017,69027
8582,0,69027,69046
6139,0,69046,69077
9465,0,69077,69123
9105,0,69123,69159
6871,0,69159,69175
4439,0,69175,69222
7408,0,69222,69258
3032,0,69258,69288
6830,0,69288,69330
5715,0,69330,69344
7787,0,69344,69390
2152,0,69390,69400
6852,0,69400,69440
5137,0,69440,69454
2671,0,69454,69473
7505,0,69473,69502
6934,0,69502,69525
7343,0,69525,69532
8838,0,69532,69557
9558,0,69557,69576
8455,0,69576,69601
4739,0,69601,69637
8557,0,69637,69669
7291,0,69669,69681
2982,0,69681,69730
1905,0,69730,69749
7084,0,69749,69783
1154,0,69783,69827
2779,0,69827,69865
4065,0,69865,69899
7365,0,69899,69928
7360,0,69928,69940
7979,0,69940,69978
7668,0,69978,69999
632,0,69999,70031
8077,0,70031,70050
8897,0,70050,70075
6162,0,70075,70120
3031,0,70120,70163
5310,0,70163,70168
138,0,70168,70182
9340,0,70182,70217
5393,0,70217,70261
6249,0,70261,70276
7853,0,70276,70308
5241,0,70308,70357
6352,0,70357,70398
5702,0,70398,70431
858,0,70431,70448
2127,0,70448,70464
6832,0,70464,70470
3909,0,70470,70515
3375,0,70515,70528
8094,0,70528,70544
820,0,70544,70566
3456,0,70566,70604
8628,0,70604,70630
6843,0,70630,70639
5856,0,70639,70670
7659,0,70670,70683
6614,0,70683,70722
5464,0,70722,70739
314,0,70739,70774
5691,0,70774,70805
8098,0,70805,70846
8552,0,70846,70859
6108,0,70859,70880
8337,0,70880,70912
6666,0,70912,70932
7525,0,70932,70982
7009,0,70982,71016
6369,0,71016,71035
715,0,71035,71046
1838,0,71046,71070
8309,0,71070,71075
7513,0,71075,71103
5263,0,71103,71122
9312,0,71122,71159
6533,0,71159,71169
7804,0,71169,71183
1132,0,71183,71194
1117,0,71194,71222
3246,0,71222,71244
1618,0,71244,71269
8345,0,71269,71276
8852,0,71276,71302
6960,0,71302,71332
2255,0,71332,71373
2539,0,71373,71383
6918,0,71383,71416
4069,0,71416,71449
6336,0,71449,71485
8161,0,71485,71506
4074,0,71506,71517
3277,0,71517,71548
4443,0,71548,71570
9281,0,71570,71603
4604,0,71603,71613
9788,0,71613,71622
9836,0,71622,71669
4145,0,71669,71711
9126,0,71711,71749
1533,0,71749,71775
2293,0,71775,71788
8696,0,71788,71811
4776,0,71811,71841
2054,0,71841,71868
9718,0,71868,71882
8503,0,71882,71931
6244,0,71931,71968
7019,0,71968,71973
1181,0,71973,71984
5422,0,71984,72022
6544,0,72022,72059
1780,0,72059,72093
7693,0,72093,72128
9378,0,72128,72171
9974,0,72171,72176
6796,0,72176,72195
7975,0,72195,72221
3836,0,72221,72231
2428,0,72231,72249
7214,0,72249,72260
8375,0,72260,72270
7142,0,72270,72301
7317,0,72301,72328
5377,0,72328,72353
6188,0,72353,72378
8114,0,72378,72398
9140,0,72398,72448
2111,0,72448,72471
9123,0,72471,72494
297,0,72494,72512
6057,0,72512,72532
5938,0,72532,72565
7228,0,72565,72603
4298,0,72603,72626
3680,0,72626,72655
4083,0,72655,72705
3104,0,72705,72738
4825,0,72738,72760
5199,0,72760,72810
233,0,72810,72843
6626,0,72843,72891
9386,0,72891,72921
7589,0,72921,72927
1209,0,72927,72976
9780,0,72976,72981
6302,0,72981,72988
7373,0,72988,73031
7132,0,73031,73063
9699,0,73063,73101
4509,0,73101,73131
6776,0,73131,73153
9382,0,73153,73201
3731,0,73201,73247
6260,0,73247,73262
4706,0,73262,73299
8387,0,73299,73318
7389,0,73318,73337
1964,0,73337,73369
7210,0,73369,73396
3427,0,73396,73425
5598,0,73425,73440
8443,0,73440,73489
9237,0,73489,73496
5334,0,73496,73514
4014,0,73514,73528
1720,0,73528,73541
4940,0,73541,73570
2718,0,73570,73614
5180,0,73614,73657
6431,0,73657,73690
4438,0,73690,73738
3109,0,73738,73774
5602,0,73774,73819
3229,0,73819,73853
1902,0,73853,73886
8581,0,73886,73922
580,0,73922,73938
9338,0,73938,73953
966,0,73953,73960
9608,0,73960,74003
194,0,74003,74044
3655,0,74044,74059
7054,0,74059,74076
7580,0,74076,74104
2542,0,74104,74136
7602,0,74136,74164
2727,0,74164,74200
6538,0,74200,74232
5925,0,74232,74252
6129,0,74252,74265
4799,0,74265,74288
7616,0,74288,74302
6301,0,74302,74342
9177,0,74342,74391
1172,0,74391,74422
579,0,74422,74430
7305,0,74430,74477
8966,0,74477,74496
2926,0,74496,74513
4404,0,74513,74529
5374,0,74529,74562
8222,0,74562,74589
1368,0,74589,74614
4105,0,74614,74664
511,0,74664,74688
5331,0,74688,74726
4936,0,74726,74736
6553,0,74736,74755
335,0,74755,74777
7179,0,74777,74815
1972,0,74815,74824
5405,0,74824,74839
433,0,74839,74884
90,0,74884,74902
9149,0,74902,74934
377,0,74934,74965
3747,0,74965,74990
7257,0,74990,75004
6705,0,75004,75053
7303,0,75053,75086
9578,0,75086,75129
2546,0,75129,75135
1155,0,75135,75174
3634,0,75174,75188
3766,0,75188,75214
9220,0,75214,75220
7219,0,75220,75235
9842,0,75235,75252
8839,0,75252,75282
3231,0,75282,75332
3674,0,75332,75370
2295,0,75370,75383
9402,0,75383,75411
3453,0,75411,75426
82,0,75426,75437
7862,0,75437,75483
8075,0,75483,75499
9642,0,75499,75539
761,0,75539,75551
2075,0,75551,75596
1430,0,75596,75631
8389,0,75631,75672
9681,0,75672,75710
5800,0,75710,75755
6565,0,75755,75801
7999,0,75801,75831
5522,0,75831,75849
110,0,75849,75881
2685,0,75881,75907
1753,0,75907,75913
5060,0,75913,75929
8240,0,75929,75950
4371,0,75950,76000
4758,0,76000,76023
4347,0,76023,76053
8150,0,76053,76084
1351,0,76084,76099
9336,0,76099,76138
9359,0,76138,76161
6781,0,76161,76211
8226,0,76211,76236
3296,0,76236,76251
4871,0,76251,76259
2565,0,76259,76305
5219,0,76305,76321
1854,0,76321,76366
2348,0,76366,76401
2921,0,76401,76442
4198,0,76442,76453
2210,0,76453,76468
9533,0,76468,76516
1900,0,76516,76521
2346,0,76521,76554
8102,0,76554,76576
8067,0,76576,76621
8303,0,76621,76635
7921,0,76635,76647
2496,0,76647,76658
493,0,76658,76665
7449,0,76665,76685
393,0,76685,76711
9067,0,76711,76758
6274,0,76758,76793
7520,0,76793,76837
8328,0,76837,76880
3916,0,76880,76895
1113,0,76895,76919
6451,0,76919,76962
7384,0,76962,77006
5939,0,77006,77035
509,0,77035,77077
4818,0,77077,77100
7726,0,77100,77105
5610,0,77105,77143
9072,0,77143,77161
9922,0,77161,77203
774,0,77203,77231
6582,0,77231,77241
702,0,77241,77288
5281,0,77288,77304
4496,0,77304,77342
5203,0,77342,77360
9665,0,77360,77396
4291,0,77396,77418
2194,0,77418,77430
4361,0,77430,77442
6950,0,77442,77489
4583,0,77489,77531
7229,0,77531,77551
2413,0,77551,77561
3056,0,77561,77575
9430,0,77575,77606
6693,0,77606,77634
4334,0,77634,77656
1535,0,77656,77676
4865,0,77676,77721
8868,0,77721,77763
3430,0,77763,77787
4503,0,77787,77807
5699,0,77807,77832
3560,0,77832,77841
3593,0,77841,77883
8446,0,77883,77916
4336,0,77916,77960
6054,0,77960,77970
9862,0,77970,77976
2504,0,77976,77998
1380,0,77998,78033
4152,0,78033,78061
7168,0,78061,78100
4179,0,78100,78108
9777,0,78108,78148
9864,0,78148,78161
9855,0,78161,78177
6113,0,78177,78227
8689,0,78227,78271
2443,0,78271,78291
492,0,78291,78339
7321,0,78339,78348
9122,0,78348,78390
1070,0,78390,78410
8879,0,78410,78434
8554,0,78434,78476
9373,0,78476,78519
924,0,78519,78535
9865,0,78535,78569
3622,0,78569,78599
2547,0,78599,78609
1688,0,78609,78622
2420,0,78622,78670
9274,0,78670,78704
1456,0,78704,78723
8340,0,78723,78764
7845,0,78764,78794
655,0,78794,78807
8936,0,78807,78817
2541,0,78817,78822
9403,0,78822,78852
7621,0,78852,78894
7603,0,78894,78917
9911,0,78917,78953
8063,0,78953,78966
2531,0,78966,79004
8418,0,79004,79044
3036,0,79044,79080
2406,0,79080,79115
2089,0,79115,79150
9849,0,79150,79173
2466,0,79173,79210
2749,0,79210,79217
8282,0,79217,79247
6845,0,79247,79255
1333,0,79255,79280
8996,0,79280,79297
4884,0,79297,79341
5570,0,79341,79370
5294,0,79370,79387
3355,0,79387,79419
4779,0,79419,79445
1222,0,79445,79477
5781,0,79477,79498
3336,0,79498,79541
1106,0,79541,79548
5531,0,79548,79572
4839,0,79572,79602
4386,0,79602,79643
2660,0,79643,79670
7653,0,79670,79693
9311,0,79693,79705
1389,0,79705,79720
9604,0,79720,79747
3627,0,79747,79782
282,0,79782,79824
5654,0,79824,79853
9040,0,79853,79876
3433,0,79876,79896
9199,0,79896,79925
7393,0,79925,79966
8822,0,79966,79978
3526,0,79978,80027
6632,0,80027,80046
6829,0,80046,80054
3826,0,80054,80083
8925,0,80083,80111
2041,0,80111,80136
38,0,80136,80178
3982,0,80178,80194
8872,0,80194,80231
2289,0,80231,80261
7426,0,80261,80269
1673,0,80269,80274
2402,0,80274,80279
9835,0,80279,80299
5893,0,80299,80306
709,0,80306,80353
3260,0,80353,80390
1971,0,80390,80408
6542,0,80408,80416
9953,0,80416,80448
6161,0,80448,80479
8231,0,80479,80506
2320,0,80506,80533
5934,0,80533,80559
4060,0,80559,80586
3248,0,80586,80615
7770,0,80615,80628
9000,0,80628,80677
619,0,80677,80684
7528,0,80684,80711
1625,0,80711,80746
1327,0,80746,80784
3808,0,80784,80792
838,0,80792,80830
8560,0,80830,80852
6126,0,80852,80898
2028,0,80898,80946
9791,0,80946,80980
644,0,80980,81011
8024,0,81011,81058
9794,0,81058,81081
2404,0,81081,81099
4749,0,81099,81149
1836,0,81149,81184
6471,0,81184,81203
8007,0,81203,81248
6849,0,81248,81288
7205,0,81288,81322
8003,0,81322,81350
4548,0,81350,81361
7509,0,81361,81368
3842,0,81368,81384
5224,0,81384,81405
6814,0,81405,81434
5833,0,81434,81476
4193,0,81476,81496
9775,0,81496,81524
7838,0,81524,81574
3939,0,81574,81591
8358,0,81591,81605
6862,0,81605,81639
3661,0,81639,81659
4847,0,81659,81682
946,0,81682,81694
9955,0,81694,81740
1939,0,81740,81751
4950,0,81751,81764
9684,0,81764,81772
7501,0,81772,81786
7997,0,81786,81798
3673,0,81798,81824
436,0,81824,81836
7648,0,81836,81856
8800,0,81856,81867
9409,0,81867,81894
2115,0,81894,81940
3192,0,81940,81969
3286,0,81969,82010
1536,0,82010,82036
5998,0,82036,82042
3461,0,82042,82068
2831,0,82068,82079
9331,0,82079,82093
2433,0,82093,82132
2001,0,82132,82176
3708,0,82176,82208
3630,0,82208,82258
7752,0,82258,82299
6601,0,82299,82344
9967,0,82344,82392
7516,0,82392,82407
1482,0,82407,82445
3395,0,82445,82452
9632,0,82452,82488
4085,0,82488,82525
3791,0,82525,82557
7002,0,82557,82572
7578,0,82572,82620
6988,0,82620,82665
8548,0,82665,82670
7376,0,82670,82700
2423,0,82700,82726
1043,0,82726,82736
3316,0,82736,82780
9847,0,82780,82801
3765,0,82801,82809
1056,0,82809,82840
4131,0,82840,82883
7908,0,82883,82899
8569,0,82899,82910
1007,0,82910,82949
4810,0,82949,82960
2369,0,82960,82967
4026,0,82967,82984
1121,0,82984,83013
4514,0,83013,83043
9155,0,83043,83050
6558,0,83050,83085
2191,0,83085,83119
3962,0,83119,83158
3305,0,83158,83197
564,0,83197,83224
4300,0,83224,83253
4283,0,83253,83285
5014,0,83285,83322
1371,0,83322,83345
6677,0,83345,83379
1682,0,83379,83415
6695,0,83415,83429
3666,0,83429,83437
1615,0,83437,83455
5082,0,83455,83473
6584,0,83473,83517
4742,0,83517,83529
823,0,83529,83546
9240,0,83546,83570
6300,0,83570,83609
5741,0,83609,83617
3899,0,83617,83622
970,0,83622,83643
9959,0,83643,83669
5253,0,83669,83688
1957,0,83688,83694
7141,0,83694,83715
6691,0,83715,83720
8537,0,83720,83739
7406,0,83739,83772
2387,0,83772,83804
10,0,83804,83820
3777,0,83820,83825
1364,0,83825,83853
6508,0,83853,83863
612,0,83863,83885
7170,0,83885,83914
503,0,83914,83942
2901,0,83942,83979
9606,0,83979,83995
2872,0,83995,84042
4229,0,84042,84068
8049,0,84068,84114
7876,0,84114,84144
6922,0,84144,84183
7537,0,84183,84210
5868,0,84210,84252
9654,0,84252,84291
3313,0,84291,84341
8092,0,84341,84349
1762,0,84349,84381
9047,0,84381,84396
8267,0,84396,84423
4268,0,84423,84442
4923,0,84442,84486
8777,0,84486,84519
20,0,84519,84563
9585,0,84563,84575
5996,0,84575,84603
6164,0,84603,84645
3046,0,84645,84689
6566,0,84689,84716
9081,0,84716,84754
7356,0,84754,84762
7451,0,84762,84801
4343,0,84801,84825
4860,0,84825,84830
2487,0,84830,84856
5413,0,84856,84867
3327,0,84867,84880
151,0,84880,84914
8908,0,84914,84945
1622,0,84945,84960
421,0,84960,84975
1659,0,84975,84993
2874,0,84993,85004
3001,0,85004,85051
7780,0,85051,85097
455,0,85097,85108
8427,0,85108,85130
6009,0,85130,85138
9803,0,85138,85147
513,0,85147,85153
937,0,85153,85184
8659,0,85184,85227
5494,0,85227,85235
1652,0,85235,85285
8947,0,85285,85300
8421,0,85300,85310
755,0,85310,85355
2735,0,85355,85368
6890,0,85368,85400
4369,0,85400,85416
4949,0,85416,85452
8257,0,85452,85468
5596,0,85468,85497
3977,0,85497,85508
8103,0,85508,85546
3364,0,85546,85586
3093,0,85586,85599
8099,0,85599,85642
6381,0,85642,85664
2272,0,85664,85697
9964,0,85697,85742
3563,0,85742,85770
6683,0,85770,85783
3061,0,85783,85803
7791,0,85803,85813
6319,0,85813,85819
703,0,85819,85861
2509,0,85861,85894
6315,0,85894,85912
83,0,85912,85951
445,0,85951,85988
9248,0,85988,86017
4017,0,86017,86051
2262,0,86051,86078
2477,0,86078,86090
8818,0,86090,86138
5122,0,86138,86174
33,0,86174,86203
5182,0,86203,86212
1671,0,86212,86229
7993,0,86229,86274
3757,0,86274,86301
4561,0,86301,86335
9944,0,86335,86371
8688,0,86371,86409
6304,0,86409,86451
5747,0,86451,86470
5631,0,86470,86518
5034,0,86518,86539
1524,0,86539,86589
2734,0,86589,86597
5761,0,86597,86619
2549,0,86619,86648
5300,0,86648,86654
4485,0,86654,86698
2025,0,86698,86721
1446,0,86721,86766
769,0,86766,86803
214,0,86803,86834
6574,0,86834,86884
8218,0,86884,86930
7150,0,86930,86951
4048,0,86951,86984
367,0,86984,87019
763,0,87019,87026
1218,0,87026,87069
1323,0,87069,87085
1668,0,87085,87114
5788,0,87114,87145
3092,0,87145,87151
6513,0,87151,87196
4301,0,87196,87212
6125,0,87212,87260
7244,0,87260,87281
7510,0,87281,87312
1355,0,87312,87361
316,0,87361,87378
4797,0,87378,87414
7925,0,87414,87425
5205,0,87425,87430
5832,0,87430,87443
2329,0,87443,87474
3304,0,87474,87509
5721,0,87509,87532
8566,0,87532,87575
8636,0,87575,87604
8166,0,87604,87617
7880,0,87617,87667
6017,0,87667,87697
929,0,87697,87705
788,0,87705,87731
527,0,87731,87768
1605,0,87768,87813
4627,0,87813,87850
315,0,87850,87860
8126,0,87860,87909
5227,0,87909,87943
7743,0,87943,87973
9087,0,87973,88023
3590,0,88023,88059
6180,0,88059,88077
2893,0,88077,88109
1330,0,88109,88149
3140,0,88149,88175
35,0,88175,88209
6321,0,88209,88223
1347,0,88223,88270
9226,0,88270,88320
4853,0,88320,88341
8022,0,88341,88391
1814,0,88391,88400
9963,0,88400,88406
58,0,88406,88432
8130,0,88432,88480
2751,0,88480,88505
8691,0,88505,88549
2004,0,88549,88571
3080,0,88571,88610
5159,0,88610,88625
2832,0,88625,88645
3306,0,88645,88667
8518,0,88667,88709
5433,0,88709,88746
6564,0,88746,88751
118,0,88751,88774
9772,0,88774,88798
1457,0,88798,88825
7613,0,88825,88875
9315,0,88875,88900
5420,0,88900,88917
3247,0,88917,88961
3727,0,88961,89010
713,0,89010,89033
3578,0,89033,89067
4644,0,89067,89117
2365,0,89117,89145
1983,0,89145,89193
6755,0,89193,89237
5762,0,89237,89247
8476,0,89247,89286
5896,0,89286,89335
332,0,89335,89357
9877,0,89357,89369
1796,0,89369,89413
3460,0,89413,89445
8319,0,89445,89481
679,0,89481,89507
3981,0,89507,89545
1122,0,89545,89577
9610,0,89577,89617
891,0,89617,89663
458,0,89663,89702
7952,0,89702,89723
6973,0,89723,89735
2491,0,89735,89782
3555,0,89782,89824
2834,0,89824,89869
5017,0,89869,89881
4125,0,89881,89901
3544,0,89901,89923
640,0,89923,89939
8619,0,89939,89983
8393,0,89983,90019
46,0,90019,90026
5397,0,90026,90073
6531,0,90073,90106
391,0,90106,90136
4719,0,90136,90162
8695,0,90162,90186
9970,0,90186,90211
6607,0,90211,90260
5544,0,90260,90303
1991,0,90303,90349
7059,0,90349,90366
9006,0,90366,90401
5612,0,90401,90450
3521,0,90450,90494
4700,0,90494,90511
2864,0,90511,90539
2687,0,90539,90587
6203,0,90587,90606
6320,0,90606,90635
8026,0,90635,90682
9181,0,90682,90710
6082,0,90710,90749
3258,0,90749,90794
5671,0,90794,90802
6529,0,90802,90827
6726,0,90827,90849
8482,0,90849,90854
3491,0,90854,90874
7140,0,90874,90906
4738,0,90906,90928
2654,0,90928,90949
294,0,90949,90988
8170,0,90988,91038
1790,0,91038,91088
334,0,91088,91099
8880,0,91099,91108
7635,0,91108,91131
9837,0,91131,91181
5030,0,91181,91196
7095,0,91196,91212
266,0,91212,91260
2878,0,91260,91294
526,0,91294,91337
3048,0,91337,91379
6345,0,91379,91384
6734,0,91384,91394
1588,0,91394,91434
2059,0,91434,91469
1358,0,91469,91498
3261,0,91498,91509
128,0,91509,91532
1458,0,91532,91582
1774,0,91582,91629
7329,0,91629,91639
8364,0,91639,91666
716,0,91666,91715
7943,0,91715,91758
3785,0,91758,91798
2568,0,91798,91828
6211,0,91828,91873
8487,0,91873,91900
2298,0,91900,91908
9370,0,91908,91916
7411,0,91916,91942
7915,0,91942,91947
3297,0,91947,91957
7994,0,91957,92005
5454,0,92005,92046
1508,0,92046,92071
825,0,92071,92117
4158,0,92117,92147
915,0,92147,92184
2522,0,92184,92197
86,0,92197,92202
1069,0,92202,92230
2665,0,92230,92257
3825,0,92257,92275
3743,0,92275,92316
9991,0,92316,92364
9559,0,92364,92380
3681,0,92380,92422
1824,0,92422,92432
6908,0,92432,92446
6448,0,92446,92464
2199,0,92464,92481
3814,0,92481,92494
4652,0,92494,92539
438,0,92539,92553
7151,0,92553,92561
3000,0,92561,92607
871,0,92607,92626
5981,0,92626,92662
4964,0,92662,92676
295,0,92676,92700
3746,0,92700,92710
1606,0,92710,92749
7075,0,92749,92790
2440,0,92790,92837
5753,0,92837,92852
638,0,92852,92899
5604,0,92899,92905
4696,0,92905,92929
9876,0,92929,92951
3624,0,92951,92980
9178,0,92980,92990
6506,0,92990,93003
3387,0,93003,93020
943,0,93020,93070
2614,0,93070,93114
578,0,93114,93140
9036,0,93140,93156
6295,0,93156,93183
7579,0,93183,93228
9919,0,93228,93261
6572,0,93261,93274
5638,0,93274,93318
9321,0,93318,93365
5208,0,93365,93383
7090,0,93383,93396
1755,0,93396,93401
6655,0,93401,93415
5480,0,93415,93463
7858,0,93463,93502
5622,0,93502,93509
9239,0,93509,93548
6994,0,93548,93593
7265,0,93593,93640
3891,0,93640,93665
8707,0,93665,93714
6339,0,93714,93735
5580,0,93735,93744
2863,0,93744,93793
7597,0,93793,93809
8545,0,93809,93836
9519,0,93836,93874
9419,0,93874,93902
3226,0,93902,93914
7905,0,93914,93920
4092,0,93920,93970
3860,0,93970,93998
8775,0,93998,94034
8391,0,94034,94042
5499,0,94042,94059
7148,0,94059,94077
1601,0,94077,94109
7732,0,94109,94142
9485,0,94142,94184
7318,0,94184,94204
2490,0,94204,94209
1367,0,94209,94225
9268,0,94225,94248
6651,0,94248,94269
6747,0,94269,94274
5093,0,94274,94312
3459,0,94312,94333
3011,0,94333,94338
1614,0,94338,94345
594,0,94345,94376
496,0,94376,94395
8971,0,94395,94432
3154,0,94432,94457
2083,0,94457,94507
1363,0,94507,94537
9956,0,94537,94547
211,0,94547,94594
8778,0,94594,94620
5213,0,94620,94635
6111,0,94635,94660
3501,0,94660,94679
3018,0,94679,94699
4551,0,94699,94724
2949,0,94724,94731
4162,0,94731,94758
276,0,94758,94799
4556,0,94799,94817
683,0,94817,94847
3404,0,94847,94870
9613,0,94870,94885
5155,0,94885,94926
827,0,94926,94958
5929,0,94958,94973
6478,0,94973,94992
3116,0,94992,95033
5226,0,95033,95058
6834,0,95058,95094
624,0,95094,95128
6359,0,95128,95163
8370,0,95163,95190
5725,0,95190,95235
9707,0,95235,95259
8902,0,95259,95265
2264,0,95265,95303
6889,0,95303,95332
7676,0,95332,95357
168,0,95357,95397
5688,0,95397,95438
9241,0,95438,95452
2324,0,95452,95472
8497,0,95472,95497
5222,0,95497,95516
718,0,95516,95562
3396,0,95562,95586
4752,0,95586,95630
3475,0,95630,95653
8472,0,95653,95661
780,0,95661,95677
7243,0,95677,95720
2309,0,95720,95734
3810,0,95734,95744
5120,0,95744,95776
1993,0,95776,95782
4345,0,95782,95820
2737,0,95820,95858
6446,0,95858,95904
9068,0,95904,95943
7362,0,95943,95965
7773,0,95965,96012
7296,0,96012,96024
7717,0,96024,96054
8631,0,96054,96063
7615,0,96063,96101
2892,0,96101,96137
3875,0,96137,96162
5555,0,96162,96195
2936,0,96195,96244
2868,0,96244,96252
7873,0,96252,96289
4971,0,96289,96329
9061,0,96329,96334
6978,0,96334,96359
2138,0,96359,96392
4130,0,96392,96432
9211,0,96432,96446
4387,0,96446,96478
1987,0,96478,96501
9208,0,96501,96516
9611,0,96516,96537
8363,0,96537,96543
1809,0,96543,96589
209,0,96589,96608
7576,0,96608,96620
8254,0,96620,96636
7242,0,96636,96682
5943,0,96682,96718
4954,0,96718,96752
3096,0,96752,96794
4590,0,96794,96831
8209,0,96831,96853
9709,0,96853,96862
7833,0,96862,96895
4711,0,96895,96944
1575,0,96944,96977
2758,0,96977,97007
5965,0,97007,97032
7718,0,97032,97067
872,0,97067,97074
1321,0,97074,97096
1062,0,97096,97143
8893,0,97143,97161
7758,0,97161,97179
8567,0,97179,97186
1676,0,97186,97214
1945,0,97214,97246
5383,0,97246,97295
8139,0,97295,97321
7565,0,97321,97347
133,0,97347,97373
4830,0,97373,97401
620,0,97401,97449
5491,0,97449,97483
1612,0,97483,97513
4030,0,97513,97543
1141,0,97543,97550
42,0,97550,97576
8654,0,97576,97591
5095,0,97591,97620
8641,0,97620,97636
912,0,97636,97674
5088,0,97674,97697
4306,0,97697,97717
2941,0,97717,97741
8953,0,97741,97751
9463,0,97751,97787
1527,0,97787,97813
611,0,97813,97822
4528,0,97822,97842
9938,0,97842,97866
6501,0,97866,97888
376,0,97888,97921
7898,0,97921,97967
6100,0,97967,97979
3678,0,97979,98010
7068,0,98010,98015
5456,0,98015,98061
6084,0,98061,98097
1261,0,98097,98138
8960,0,98138,98153
1967,0,98153,98170
1202,0,98170,98208
6420,0,98208,98255
9914,0,98255,98304
8939,0,98304,98343
2569,0,98343,98388
7969,0,98388,98407
1406,0,98407,98419
4836,0,98419,98427
1923,0,98427,98461
2008,0,98461,98481
954,0,98481,98490
1497,0,98490,98514
6235,0,98514,98558
8564,0,98558,98594
8506,0,98594,98637
3837,0,98637,98655
7375,0,98655,98682
2204,0,98682,98721
5041,0,98721,98740
1186,0,98740,98756
6872,0,98756,98785
3725,0,98785,98827
2986,0,98827,98843
5948,0,98843,98882
9251,0,98882,98899
6435,0,98899,98925
4517,0,98925,98944
4855,0,98944,98950
6337,0,98950,98967
8658,0,98967,98997
962,0,98997,99021
2759,0,99021,99029
4990,0,99029,99043
6717,0,99043,99085
2573,0,99085,99094
4755,0,99094,99126
1714,0,99126,99155
4864,0,99155,99191
5311,0,99191,99196
3568,0,99196,99244
6917,0,99244,99270
3073,0,99270,99284
7849,0,99284,99291
1386,0,99291,99326
1503,0,99326,99349
3895,0,99349,99397
3924,0,99397,99422
987,0,99422,99471
5729,0,99471,99495
5813,0,99495,99511
678,0,99511,99550
8831,0,99550,99586
576,0,99586,99619
6619,0,99619,99640
3451,0,99640,99684
866,0,99684,99692
8274,0,99692,99715
3483,0,99715,99748
7651,0,99748,99753
5885,0,99753,99797
6805,0,99797,99839
6881,0,99839,99850
2429,0,99850,99889
3303,0,99889,99913
9056,0,99913,99928
356,0,99928,99957
9397,0,99957,99963
440,0,99963,99971
7719,0,99971,99979
8951,0,99979,100006
8994,0,100006,100037
6985,0,100037,100063
3833,0,100063,100069
5624,0,100069,100095
692,0,100095,100103
4729,0,100103,100137
868,0,100137,100150
8924,0,100150,100161
8610,0,100161,100168
5447,0,100168,100216
5616,0,100216,100240
9273,0,100240,100287
5562,0,100287,100317
8650,0,100317,100363
9457,0,100363,100389
8225,0,100389,100430
4481,0,100430,100452
3887,0,100452,100459
2953,0,100459,100502
9631,0,100502,100529
2275,0,100529,100555
9356,0,100555,100598
1473,0,100598,100611
6101,0,100611,100644
9305,0,100644,100654
2063,0,100654,100673
4327,0,100673,100698
1331,0,100698,100708
4956,0,100708,100745
175,0,100745,100767
4288,0,100767,100778
2802,0,100778,100797
5054,0,100797,100802
5207,0,100802,100819
9258,0,100819,100867
9200,0,100867,100908
4682,0,100908,100921
7218,0,100921,100961
6851,0,100961,100983
6585,0,100983,100994
3269,0,100994,101040
9334,0,101040,101068
2814,0,101068,101074
7224,0,101074,101123
7524,0,101123,101130
5538,0,101130,101161
4056,0,101161,101167
5372,0,101167,101215
4724,0,101215,101240
9778,0,101240,101275
2991,0,101275,101296
6846,0,101296,101343
7586,0,101343,101387
2186,0,101387,101427
4979,0,101427,101456
7598,0,101456,101470
4174,0,101470,101517
9789,0,101517,101533
9270,0,101533,101541
2850,0,101541,101557
6484,0,101557,101578
3931,0,101578,101622
7102,0,101622,101663
7378,0,101663,101696
9717,0,101696,101728
4055,0,101728,101734
7324,0,101734,101743
6213,0,101743,101766
8329,0,101766,101797
5652,0,101797,101832
1403,0,101832,101860
8374,0,101860,101909
6362,0,101909,101934
3654,0,101934,101965
8288,0,101965,101978
9059,0,101978,101985
1012,0,101985,102004
2760,0,102004,102039
3466,0,102039,102083
5214,0,102083,102116
2427,0,102116,102143
775,0,102143,102171
7336,0,102171,102207
6823,0,102207,102246
2380,0,102246,102287
5382,0,102287,102317
5656,0,102317,102354
9043,0,102354,102396
2177,0,102396,102410
5502,0,102410,102455
3788,0,102455,102470
6941,0,102470,102513
66,0,102513,102562
5628,0,102562,102570
6625,0,102570,102585
2632,0,102585,102602
1937,0,102602,102614
8001,0,102614,102644
8728,0,102644,102650
6658,0,102650,102661
5262,0,102661,102671
4526,0,102671,102678
4773,0,102678,102703
3591,0,102703,102717
4132,0,102717,102759
5976,0,102759,102778
8341,0,102778,102814
8699,0,102814,102847
792,0,102847,102854
9655,0,102854,102904
4348,0,102904,102949
4429,0,102949,102971
8646,0,102971,102977
5162,0,102977,103002
2922,0,103002,103026
8937,0,103026,103074
6399,0,103074,103092
5493,0,103092,103123
2875,0,103123,103150
7782,0,103150,103167
2361,0,103167,103197
4478,0,103197,103210
9308,0,103210,103256
6200,0,103256,103306
1521,0,103306,103323
9313,0,103323,103371
8188,0,103371,103382
7088,0,103382,103387
6523,0,103387,103415
705,0,103415,103442
9863,0,103442,103475
1260,0,103475,103522
287,0,103522,103539
383,0,103539,103573
2795,0,103573,103588
1103,0,103588,103633
859,0,103633,103682
469,0,103682,103722
7569,0,103722,103741
8756,0,103741,103746
5488,0,103746,103776
6179,0,103776,103819
5136,0,103819,103844
3361,0,103844,103872
7280,0,103872,103886
158,0,103886,103913
8991,0,103913,103938
9097,0,103938,103960
7307,0,103960,103978
1880,0,103978,104002
154,0,104002,104043
9878,0,104043,104056
6979,0,104056,104084
5774,0,104084,104105
3272,0,104105,104118
7025,0,104118,104155
1108,0,104155,104177
9354,0,104177,104225
6639,0,104225,104255
627,0,104255,104296
2305,0,104296,104342
9156,0,104342,104377
5038,0,104377,104423
6762,0,104423,104471
8639,0,104471,104486
6072,0,104486,104526
4480,0,104526,104552
8802,0,104552,104580
3363,0,104580,104616
9786,0,104616,104622
5394,0,104622,104668
4123,0,104668,104714
5071,0,104714,104762
272,0,104762,104773
6539,0,104773,104784
4136,0,104784,104791
2012,0,104791,104831
281,0,104831,104849
3186,0,104849,104871
3585,0,104871,104897
2717,0,104897,104907
574,0,104907,104936
4762,0,104936,104975
1243,0,104975,104980
5639,0,104980,104998
5889,0,104998,105028
5834,0,105028,105055
2070,0,105055,105101
5945,0,105101,105131
3824,0,105131,105171
8580,0,105171,105217
2074,0,105217,105258
1481,0,105258,105277
1735,0,105277,105313
7245,0,105313,105346
8675,0,105346,105357
3383,0,105357,105399
5789,0,105399,105439
813,0,105439,105453
3145,0,105453,105500
4460,0,105500,105532
256,0,105532,105569
5867,0,105569,105603
2449,0,105603,105631
6195,0,105631,105678
141,0,105678,105711
591,0,105711,105724
1803,0,105724,105757
4164,0,105757,105787
8598,0,105787,105798
2848,0,105798,105803
8760,0,105803,105839
7072,0,105839,105866
9619,0,105866,105900
6841,0,105900,105905
7582,0,105905,105941
5232,0,105941,105971
5696,0,105971,105997
4000,0,105997,106004
798,0,106004,106052
9191,0,106052,106076
3547,0,106076,106084
9669,0,106084,106112
4862,0,106112,106118
4961,0,106118,106154
6401,0,106154,106176
8425,0,106176,106201
7619,0,106201,106250
3211,0,106250,106288
8036,0,106288,106300
5900,0,106300,106335
7634,0,106335,106381
1436,0,106381,106388
9761,0,106388,106418
6957,0,106418,106463
9734,0,106463,106498
3205,0,106498,106512
7040,0,106512,106527
4340,0,106527,106543
8384,0,106543,106581
6932,0,106581,106610
4352,0,106610,106630
6590,0,106630,106641
5012,0,106641,106679
2961,0,106679,106718
39,0,106718,106767
3175,0,106767,106797
328,0,106797,106838
9958,0,106838,106871
3894,0,106871,106907
6562,0,106907,106915
2287,0,106915,106929
758,0,106929,106939
5475,0,106939,106986
8388,0,106986,107027
2792,0,107027,107055
4876,0,107055,107101
5803,0,107101,107142
9628,0,107142,107180
4612,0,107180,107226
1782,0,107226,107244
5759,0,107244,107266
5693,0,107266,107289
1064,0,107289,107298
1579,0,107298,107309
8539,0,107309,107318
5135,0,107318,107358
7287,0,107358,107380
4292,0,107380,107396
5790,0,107396,107431
1976,0,107431,107470
4819,0,107470,107509
3099,0,107509,107545
9948,0,107545,107557
7400,0,107557,107601
8729,0,107601,107622
5520,0,107622,107653
8744,0,107653,107700
7046,0,107700,107710
237,0,107710,107734
1359,0,107734,107759
1859,0,107759,107788
7487,0,107788,107837
3920,0,107837,107847
5880,0,107847,107866
6742,0,107866,107911
816,0,107911,107934
5271,0,107934,107944
598,0,107944,107964
5585,0,107964,107996
2816,0,107996,108021
5105,0,108021,108055
5636,0,108055,108092
3075,0,108092,108124
3610,0,108124,108167
2841,0,108167,108199
8203,0,108199,108233
1210,0,108233,108253
7178,0,108253,108297
2912,0,108297,108322
9816,0,108322,108361
9396,0,108361,108367
6690,0,108367,108391
6367,0,108391,108402
7290,0,108402,108431
3594,0,108431,108456
4993,0,108456,108466
951,0,108466,108477
8228,0,108477,108491
7458,0,108491,108502
764,0,108502,108550
7663,0,108550,108587
8086,0,108587,108628
1710,0,108628,108675
7733,0,108675,108684
8013,0,108684,108701
4002,0,108701,108714
8597,0,108714,108747
1856,0,108747,108763
834,0,108763,108776
1878,0,108776,108822
5754,0,108822,108827
7901,0,108827,108846
6837,0,108846,108893
5540,0,108893,108940
890,0,108940,108978
6839,0,108978,109020
1407,0,109020,109063
6224,0,109063,109076
7561,0,109076,109085
5074,0,109085,109103
5092,0,109103,109108
2940,0,109108,109131
5392,0,109131,109151
9358,0,109151,109179
602,0,109179,109198
4118,0,109198,109236
7754,0,109236,109254
1802,0,109254,109301
5710,0,109301,109343
4707,0,109343,109385
6317,0,109385,109426
1398,0,109426,109456
1721,0,109456,109461
196,0,109461,109482
2193,0,109482,109487
380,0,109487,109518
7841,0,109518,109528
5864,0,109528,109570
4974,0,109570,109619
2422,0,109619,109628
2133,0,109628,109661
3344,0,109661,109670
2696,0,109670,109677
5997,0,109677,109723
7069,0,109723,109769
454,0,109769,109775
6421,0,109775,109797
5588,0,109797,109828
360,0,109828,109835
5646,0,109835,109884
6365,0,109884,109933
7460,0,109933,109975
8836,0,109975,109984
7444,0,109984,110027
8835,0,110027,110070
8957,0,110070,110085
9607,0,110085,110115
8039,0,110115,110135
5921,0,110135,110144
4377,0,110144,110191
5070,0,110191,110221
5669,0,110221,110248
9769,0,110248,110298
2252,0,110298,110327
7423,0,110327,110372
1597,0,110372,110378
7919,0,110378,110403
7261,0,110403,110423
8827,0,110423,110461
2202,0,110461,110491
6738,0,110491,110529
4932,0,110529,110558
8089,0,110558,110573
7777,0,110573,110580
2164,0,110580,110622
2009,0,110622,110638
5590,0,110638,110648
4832,0,110648,110659
7051,0,110659,110684
5509,0,110684,110728
9764,0,110728,110750
7374,0,110750,110797
8661,0,110797,110834
9524,0,110834,110872
8065,0,110872,110881
8527,0,110881,110927
8251,0,110927,110974
6155,0,110974,111009
6870,0,111009,111018
2500,0,111018,111029
8082,0,111029,111044
5033,0,111044,111072
4969,0,111072,111120
3271,0,111120,111167
3436,0,111167,111173
1703,0,111173,111186
5423,0,111186,111205
6021,0,111205,111222
4150,0,111222,111254
5957,0,111254,111268
9341,0,111268,111299
2168,0,111299,111316
7852,0,111316,111322
9027,0,111322,111356
5303,0,111356,111380
5736,0,111380,111416
3257,0,111416,111465
6233,0,111465,111485
6382,0,111485,111499
9750,0,111499,111504
830,0,111504,111520
8382,0,111520,111558
2914,0,111558,111593
1545,0,111593,111607
1020,0,111607,111650
4586,0,111650,111686
9371,0,111686,111733
9127,0,111733,111768
6787,0,111768,111812
1460,0,111812,111861
4872,0,111861,111868
8632,0,111868,111899
5445,0,111899,111920
4991,0,111920,111937
2330,0,111937,111968
5718,0,111968,111989
5414,0,111989,112001
8253,0,112001,112027
4671,0,112027,112067
7536,0,112067,112111
2358,0,112111,112127
8648,0,112127,112176
8244,0,112176,112183
4454,0,112183,112200
6286,0,112200,112234
8609,0,112234,112283
6835,0,112283,112315
3748,0,112315,112344
9749,0,112344,112371
4168,0,112371,112401
2650,0,112401,112445
2418,0,112445,112474
5644,0,112474,112516
7721,0,112516,112561
2087,0,112561,112599
7037,0,112599,112624
9333,0,112624,112652
9712,0,112652,112697
1992,0,112697,112702
9055,0,112702,112743
737,0,112743,112750
6611,0,112750,112787
7771,0,112787,112821
4455,0,112821,112855
4538,0,112855,112873
9538,0,112873,112894
3672,0,112894,112944
8178,0,112944,112966
3171,0,112966,112978
3794,0,112978,113018
3648,0,113018,113024
2265,0,113024,113044
9634,0,113044,113058
8935,0,113058,113092
7899,0,113092,113121
2932,0,113121,113153
7575,0,113153,113164
5048,0,113164,113197
2064,0,113197,113225
5345,0,113225,113249
5542,0,113249,113292
8612,0,113292,113340
6984,0,113340,113388
4265,0,113388,113401
7656,0,113401,113448
124,0,113448,113494
5994,0,113494,113531
1075,0,113531,113559
8627,0,113559,113606
6975,0,113606,113625
4413,0,113625,113640
6555,0,113640,113645
3337,0,113645,113672
7786,0,113672,113687
7890,0,113687,113733
2578,0,113733,113759
8499,0,113759,113792
1014,0,113792,113803
1489,0,113803,113827
6604,0,113827,113857
8466,0,113857,113884
5749,0,113884,113913
1379,0,113913,113932
5846,0,113932,113970
525,0,113970,113987
1630,0,113987,114020
1439,0,114020,114068
183,0,114068,114084
681,0,114084,114117
75,0,114117,114155
4709,0,114155,114189
9751,0,114189,114208
7942,0,114208,114216
7705,0,114216,114222
1183,0,114222,114255
8761,0,114255,114300
1648,0,114300,114330
8684,0,114330,114363
9574,0,114363,114408
9620,0,114408,114458
1893,0,114458,114470
7600,0,114470,114478
6969,0,114478,114493
609,0,114493,114539
6874,0,114539,114558
4790,0,114558,114600
3301,0,114600,114620
8875,0,114620,114658
837,0,114658,114700
1197,0,114700,114732
719,0,114732,114757
7940,0,114757,114766
2203,0,114766,114796
6417,0,114796,114842
5290,0,114842,114861
2140,0,114861,114882
2576,0,114882,114907
9840,0,114907,114942
8559,0,114942,114966
1410,0,114966,114991
71,0,114991,115022
6170,0,115022,115066
6378,0,115066,115099
7131,0,115099,115137
173,0,115137,115145
6557,0,115145,115186
9908,0,115186,115196
4834,0,115196,115214
2148,0,115214,115224
6071,0,115224,115257
4856,0,115257,115301
680,0,115301,115310
2476,0,115310,115331
2703,0,115331,115366
2600,0,115366,115401
9551,0,115401,115436
7496,0,115436,115444
9601,0,115444,115471
2822,0,115471,115499
4436,0,115499,115514
610,0,115514,115526
1224,0,115526,115563
8682,0,115563,115586
6403,0,115586,115601
2415,0,115601,115646
2523,0,115646,115660
1136,0,115660,115709
9106,0,115709,115743
4091,0,115743,115782
2622,0,115782,115797
5460,0,115797,115837
5124,0,115837,115845
4332,0,115845,115878
8796,0,115878,115901
9824,0,115901,115911
3136,0,115911,115931
6026,0,115931,115951
8862,0,115951,115965
971,0,115965,115999
4156,0,115999,116019
9819,0,116019,116066
4907,0,116066,116098
562,0,116098,116103
993,0,116103,116121
2882,0,116121,116167
3008,0,116167,116201
4906,0,116201,116216
4941,0,116216,116224
7207,0,116224,116257
3973,0,116257,116282
6551,0,116282,116302
795,0,116302,116345
5492,0,116345,116390
2407,0,116390,116428
9625,0,116428,116470
4713,0,116470,116494
2451,0,116494,116510
3549,0,116510,116531
839,0,116531,116568
2098,0,116568,116615
3919,0,116615,116647
9379,0,116647,116653
5062,0,116653,116662
8954,0,116662,116687
4216,0,116687,116728
7644,0,116728,116748
4840,0,116748,116753
8748,0,116753,116789
935,0,116789,116802
5273,0,116802,116817
7096,0,116817,116837
5333,0,116837,116875
1981,0,116875,116883
7021,0,116883,116920
9839,0,116920,116953
2566,0,116953,116975
5079,0,116975,117015
7386,0,117015,117033
5444,0,117033,117073
2268,0,117073,117090
3348,0,117090,117098
7886,0,117098,117107
936,0,117107,117122
708,0,117122,117151
3881,0,117151,117158
6462,0,117158,117166
7220,0,117166,117194
8018,0,117194,117211
7212,0,117211,117233
9232,0,117233,117277
3802,0,117277,117303
8524,0,117303,117322
1184,0,117322,117335
1590,0,117335,117359
1304,0,117359,117394
1169,0,117394,117427
9550,0,117427,117444
4282,0,117444,117473
4710,0,117473,117504
375,0,117504,117549
5081,0,117549,117560
127,0,117560,117589
9982,0,117589,117633
2079,0,117633,117682
8685,0,117682,117720
6192,0,117720,117739
7381,0,117739,117751
3477,0,117751,117765
4549,0,117765,117792
8672,0,117792,117797
2645,0,117797,117827
4245,0,117827,117861
7625,0,117861,117869
2989,0,117869,117916
3995,0,117916,117958
2580,0,117958,117984
4967,0,117984,118032
6389,0,118032,118079
9518,0,118079,118127
1229,0,118127,118145
8859,0,118145,118181
1985,0,118181,118193
6038,0,118193,118204
7190,0,118204,118223
5067,0,118223,118233
8392,0,118233,118252
1751,0,118252,118290
64,0,118290,118318
1504,0,118318,118363
4054,0,118363,118375
4109,0,118375,118387
2889,0,118387,118397
766,0,118397,118425
6059,0,118425,118463
7359,0,118463,118480
7289,0,118480,118521
3359,0,118521,118546
3598,0,118546,118557
7700,0,118557,118584
7527,0,118584,118592
468,0,118592,118610
6152,0,118610,118647
5731,0,118647,118671
7171,0,118671,118701
1402,0,118701,118716
7712,0,118716,118732
7738,0,118732,118740
309,0,118740,118745
682,0,118745,118785
4890,0,118785,118812
130,0,118812,118847
7259,0,118847,118878
5550,0,118878,118911
8575,0,118911,118920
6264,0,118920,118929
2652,0,118929,118974
1208,0,118974,118996
4135,0,118996,119043
2902,0,119043,119048
5611,0,119048,119091
5660,0,119091,119112
2239,0,119112,119123
2916,0,119123,119146
941,0,119146,119180
2770,0,119180,119225
597,0,119225,119273
5452,0,119273,119280
6541,0,119280,119320
9957,0,119320,119333
2350,0,119333,119353
1530,0,119353,119402
103,0,119402,119430
7165,0,119430,119461
7262,0,119461,119505
6123,0,119505,119528
4337,0,119528,119575
2225,0,119575,119625
7182,0,119625,119675
4051,0,119675,119717
7383,0,119717,119736
2593,0,119736,119765
5662,0,119765,119788
9210,0,119788,119815
2093,0,119815,119860
5975,0,119860,119894
48,0,119894,119923
5474,0,119923,119950
6159,0,119950,119960
5328,0,119960,119978
9832,0,119978,120000
8383,0,120000,120033
5046,0,120033,120059
9921,0,120059,120076
826,0,120076,120105
9412,0,120105,120142
5963,0,120142,120191
1725,0,120191,120241
2640,0,120241,120274
8926,0,120274,120323
463,0,120323,120356
8551,0,120356,120372
7030,0,120372,120405
3929,0,120405,120454
9660,0,120454,120488
3130,0,120488,120501
7896,0,120501,120537
3293,0,120537,120582
323,0,120582,120609
6377,0,120609,120634
2085,0,120634,120667
397,0,120667,120698
8327,0,120698,120743
6591,0,120743,120750
2043,0,120750,120772
5589,0,120772,120790
1948,0,120790,120797
9462,0,120797,120819
3586,0,120819,120835
9070,0,120835,120880
1726,0,120880,120902
8019,0,120902,120922
8465,0,120922,120958
3710,0,120958,120988
8504,0,120988,121027
8009,0,121027,121035
2269,0,121035,121045
3065,0,121045,121076
8050,0,121076,121101
250,0,121101,121129
488,0,121129,121139
898,0,121139,121177
9720,0,121177,121215
6847,0,121215,121224
2484,0,121224,121243
4047,0,121243,121289
8585,0,121289,121337
8396,0,121337,121377
3877,0,121377,121407
2238,0,121407,121450
2612,0,121450,121473
5962,0,121473,121492
7801,0,121492,121503
7968,0,121503,121519
5485,0,121519,121535
5402,0,121535,121542
3054,0,121542,121566
5344,0,121566,121607
5778,0,121607,121636
9415,0,121636,121641
762,0,121641,121655
8270,0,121655,121694
9375,0,121694,121734
9951,0,121734,121774
8256,0,121774,121797
4090,0,121797,121838
203,0,121838,121877
9813,0,121877,121909
1686,0,121909,121954
2990,0,121954,121980
6308,0,121980,121999
4637,0,121999,122015
1656,0,122015,122028
2377,0,122028,122067
5455,0,122067,122097
241,0,122097,122132
4243,0,122132,122148
4888,0,122148,122175
5221,0,122175,122195
1139,0,122195,122224
1346,0,122224,122235
1708,0,122235,122275
200,0,122275,122298
3441,0,122298,122314
1853,0,122314,122329
7716,0,122329,122375
9817,0,122375,122414
6577,0,122414,122419
1427,0,122419,122456
7439,0,122456,122478
6679,0,122478,122523
2308,0,122523,122535
2195,0,122535,122563
2243,0,122563,122591
5293,0,122591,122610
7776,0,122610,122649
4617,0,122649,122696
1828,0,122696,122742
6018,0,122742,122780
3577,0,122780,122827
8784,0,122827,122870
4237,0,122870,122887
7297,0,122887,122923
9137,0,122923,122958
7282,0,122958,122972
9247,0,122972,122982
9860,0,122982,123005
1325,0,123005,123054
790,0,123054,123060
4256,0,123060,123096
3333,0,123096,123126
9588,0,123126,123156
6272,0,123156,123166
2603,0,123166,123215
7441,0,123215,123237
7532,0,123237,123246
9330,0,123246,123296
2929,0,123296,123340
3266,0,123340,123374
7387,0,123374,123416
7478,0,123416,123464
1495,0,123464,123478
270,0,123478,123494
5926,0,123494,123507
8172,0,123507,123534
8823,0,123534,123572
9981,0,123572,123618
4188,0,123618,123630
1872,0,123630,123635
4859,0,123635,123650
3889,0,123650,123666
9701,0,123666,123690
1352,0,123690,123727
3262,0,123727,123750
9299,0,123750,123782
1192,0,123782,123825
3866,0,123825,123863
9253,0,123863,123882
5481,0,123882,123893
7064,0,123893,123933
2271,0,123933,123959
9640,0,123959,124005
1558,0,124005,124032
3059,0,124032,124069
2924,0,124069,124089
3903,0,124089,124133
3983,0,124133,124171
9261,0,124171,124220
2644,0,124220,124234
6535,0,124234,124279
3481,0,124279,124298
6898,0,124298,124334
1581,0,124334,124376
6660,0,124376,124384
167,0,124384,124411
5801,0,124411,124418
1631,0,124418,124435
1217,0,124435,124475
4987,0,124475,124490
5513,0,124490,124538
9564,0,124538,124574
5777,0,124574,124598
117,0,124598,124613
8069,0,124613,124650
1240,0,124650,124662
7706,0,124662,124712
3113,0,124712,124753
7519,0,124753,124769
1443,0,124769,124798
8310,0,124798,124843
607,0,124843,124883
2825,0,124883,124903
5839,0,124903,124923
3993,0,124923,124939
1339,0,124939,124967
2162,0,124967,124999
5131,0,124999,125020
9377,0,125020,125040
2236,0,125040,125053
2230,0,125053,125099
6050,0,125099,125143
8138,0,125143,125183
4610,0,125183,125215
9400,0,125215,125236
2092,0,125236,125286
9662,0,125286,125325
166,0,125325,125369
3020,0,125369,125390
7353,0,125390,125433
3534,0,125433,125454
7939,0,125454,125461
7823,0,125461,125495
5679,0,125495,125540
195,0,125540,125584
7070,0,125584,125632
7572,0,125632,125653
1153,0,125653,125664
1251,0,125664,125675
7857,0,125675,125685
8968,0,125685,125720
8647,0,125720,125729
2501,0,125729,125762
6073,0,125762,125803
7647,0,125803,125836
9627,0,125836,125858
7467,0,125858,125873
4662,0,125873,125888
695,0,125888,125909
7247,0,125909,125955
6789,0,125955,126000
530,0,126000,126005
6629,0,126005,126014
9231,0,126014,126048
225,0,126048,126083
4378,0,126083,126123
5858,0,126123,126137
2341,0,126137,126142
9142,0,126142,126153
850,0,126153,126202
5592,0,126202,126252
4529,0,126252,126291
501,0,126291,126340
9999,0,126340,126370
9079,0,126370,126389
5160,0,126389,126400
9495,0,126400,126446
3638,0,126446,126469
6116,0,126469,126487
6588,0,126487,126514
1844,0,126514,126558
5673,0,126558,126596
6088,0,126596,126602
7144,0,126602,126618
4597,0,126618,126628
5986,0,126628,126654
8224,0,126654,126699
1046,0,126699,126744
4858,0,126744,126764
32,0,126764,126804
3276,0,126804,126844
6958,0,126844,126889
5853,0,126889,126933
3783,0,126933,126949
3086,0,126949,126990
9116,0,126990,127040
240,0,127040,127083
7643,0,127083,127088
381,0,127088,127118
1038,0,127118,127154
1842,0,127154,127161
6627,0,127161,127177
4519,0,127177,127200
2499,0,127200,127209
7571,0,127209,127235
7159,0,127235,127264
3968,0,127264,127308
9482,0,127308,127337
7944,0,127337,127371
4444,0,127371,127389
4103,0,127389,127427
7416,0,127427,127447
5047,0,127447,127477
2469,0,127477,127500
8573,0,127500,127549
747,0,127549,127564
5844,0,127564,127577
139,0,127577,127588
340,0,127588,127609
8206,0,127609,127657
7119,0,127657,127671
1564,0,127671,127705
4223,0,127705,127754
4250,0,127754,127800
3701,0,127800,127829
3106,0,127829,127878
1793,0,127878,127896
968,0,127896,127919
6422,0,127919,127961
8975,0,127961,127987
1767,0,127987,128012
2408,0,128012,128058
7403,0,128058,128075
4487,0,128075,128089
3239,0,128089,128131
7175,0,128131,128158
3074,0,128158,128206
4913,0,128206,128217
1620,0,128217,128248
2855,0,128248,128271
6597,0,128271,128306
9297,0,128306,128316
2242,0,128316,128365
1810,0,128365,128381
1233,0,128381,128392
157,0,128392,128438
9449,0,128438,128461
7959,0,128461,128497
6664,0,128497,128542
9109,0,128542,128552
8929,0,128552,128559
7023,0,128559,128589
9969,0,128589,128638
3574,0,128638,128666
930,0,128666,128688
228,0,128688,128715
5901,0,128715,128723
8649,0,128723,128746
9320,0,128746,128768
1451,0,128768,128798
9994,0,128798,128847
4477,0,128847,128890
2247,0,128890,128940
1754,0,128940,128945
4225,0,128945,128983
8974,0,128983,128998
5869,0,128998,129008
4295,0,129008,129026
743,0,129026,129036
3151,0,129036,129060
9344,0,129060,129104
5439,0,129104,129138
9976,0,129138,129161
2521,0,129161,129189
6278,0,129189,129215
1195,0,129215,129241
1904,0,129241,129251
2983,0,129251,129297
8320,0,129297,129325
7755,0,129325,129372
8895,0,129372,129419
2481,0,129419,129447
1718,0,129447,129492
3523,0,129492,129520
9363,0,129520,129534
2373,0,129534,129546
2033,0,129546,129584
4786,0,129584,129604
9100,0,129604,129612
9179,0,129612,129639
7881,0,129639,129665
9526,0,129665,129700
909,0,129700,129712
6964,0,129712,129761
2167,0,129761,129776
2026,0,129776,129820
5835,0,129820,129839
4704,0,129839,129859
5128,0,129859,129892
2728,0,129892,129909
7512,0,129909,129923
8692,0,129923,129944
9776,0,129944,129952
425,0,129952,129964
836,0,129964,129977
3991,0,129977,130001
4045,0,130001,130027
331,0,130027,130065
1687,0,130065,130112
8464,0,130112,130157
2763,0,130157,130206
9708,0,130206,130221
6704,0,130221,130253
3508,0,130253,130300
7138,0,130300,130322
5472,0,130322,130360
1912,0,130360,130398
1179,0,130398,130413
6780,0,130413,130426
3781,0,130426,130462
783,0,130462,130511
4087,0,130511,130533
8478,0,130533,130555
3734,0,130555,130565
2928,0,130565,130606
6707,0,130606,130620
2229,0,130620,130648
1476,0,130648,130673
9038,0,130673,130696
8870,0,130696,130706
2067,0,130706,130719
8237,0,130719,130725
9534,0,130725,130775
997,0,130775,130813
5104,0,130813,130851
5252,0,130851,130856
4886,0,130856,130891
7660,0,130891,130912
5075,0,130912,130948
4315,0,130948,130957
7822,0,130957,130997
4938,0,130997,131026
2245,0,131026,131058
5503,0,131058,131069
6363,0,131069,131118
3131,0,131118,131140
2667,0,131140,131174
1467,0,131174,131203
398,0,131203,131242
2263,0,131242,131278
599,0,131278,131305
8043,0,131305,131326
7835,0,131326,131342
1116,0,131342,131370
5000,0,131370,131382
7511,0,131382,131401
4061,0,131401,131451
1655,0,131451,131496
3034,0,131496,131516
2221,0,131516,131523
5028,0,131523,131533
6262,0,131533,131548
7232,0,131548,131553
5332,0,131553,131597
5927,0,131597,131639
5101,0,131639,131689
9933,0,131689,131716
6643,0,131716,131736
6610,0,131736,131748
149,0,131748,131772
6913,0,131772,131821
811,0,131821,131837
1015,0,131837,131845
9016,0,131845,131878
1747,0,131878,131918
6568,0,131918,131937
8101,0,131937,131986
2629,0,131986,132032
6980,0,132032,132044
1628,0,132044,132070
1938,0,132070,132105
4838,0,132105,132126
9600,0,132126,132147
7504,0,132147,132170
7590,0,132170,132204
2937,0,132204,132239
4543,0,132239,132256
8667,0,132256,132284
9753,0,132284,132302
6207,0,132302,132344
2455,0,132344,132386
277,0,132386,132406
7331,0,132406,132436
4305,0,132436,132450
451,0,132450,132500
9710,0,132500,132509
1869,0,132509,132556
6006,0,132556,132568
5269,0,132568,132579
3035,0,132579,132599
9557,0,132599,132610
3888,0,132610,132642
5179,0,132642,132649
6968,0,132649,132676
8786,0,132676,132695
5409,0,132695,132725
5051,0,132725,132772
6962,0,132772,132792
9391,0,132792,132826
4808,0,132826,132833
2585,0,132833,132855
5154,0,132855,132902
2000,0,132902,132913
710,0,132913,132926
6056,0,132926,132976
4210,0,132976,133002
9085,0,133002,133028
7201,0,133028,133060
2142,0,133060,133106
9174,0,133106,133148
9254,0,133148,133168
4005,0,133168,133206
4259,0,133206,133242
6722,0,133242,133280
7870,0,133280,133307
4653,0,133307,133337
8402,0,133337,133358
4465,0,133358,133393
9567,0,133393,133403
420,0,133403,133410
6631,0,133410,133420
7035,0,133420,133436
8832,0,133436,133469
9929,0,133469,133509
671,0,133509,133536
8866,0,133536,133545
2538,0,133545,133573
767,0,133573,133623
1084,0,133623,133660
9250,0,133660,133680
185,0,133680,133694
3849,0,133694,133718
8844,0,133718,133725
4262,0,133725,133732
3121,0,133732,133740
1583,0,133740,133769
1301,0,133769,133774
1811,0,133774,133823
505,0,133823,133847
1982,0,133847,133883
6751,0,133883,133932
5247,0,133932,133942
6702,0,133942,133983
6735,0,133983,133997
3217,0,133997,134038
1918,0,134038,134080
7639,0,134080,134119
596,0,134119,134145
3267,0,134145,134190
3083,0,134190,134239
8372,0,134239,134289
807,0,134289,134312
1835,0,134312,134340
4903,0,134340,134358
12,0,134358,134374
7239,0,134374,134394
9048,0,134394,134412
1023,0,134412,134455
9508,0,134455,134464
1525,0,134464,134496
2359,0,134496,134512
8993,0,134512,134522
4226,0,134522,134537
4351,0,134537,134558
893,0,134558,134579
5386,0,134579,134601
1889,0,134601,134651
6221,0,134651,134674
8378,0,134674,134722
9435,0,134722,134763
8360,0,134763,134788
9145,0,134788,134802
6891,0,134802,134850
4928,0,134850,134870
4680,0,134870,134898
3761,0,134898,134934
3948,0,134934,134955
8042,0,134955,134997
863,0,134997,135021
835,0,135021,135071
4062,0,135071,135084
8348,0,135084,135095
9407,0,135095,135116
9020,0,135116,135129
6983,0,135129,135169
6469,0,135169,135210
2891,0,135210,135259
7515,0,135259,135295
7399,0,135295,135308
7077,0,135308,135315
6133,0,135315,135324
1269,0,135324,135374
5279,0,135374,135383
4213,0,135383,135392
7756,0,135392,135400
3947,0,135400,135443
8278,0,135443,135448
1617,0,135448,135494
4308,0,135494,135543
2938,0,135543,135561
2659,0,135561,135583
2105,0,135583,135626
3817,0,135626,135671
4945,0,135671,135699
9688,0,135699,135746
4488,0,135746,135757
6279,0,135757,135792
2471,0,135792,135841
7661,0,135841,135868
4694,0,135868,135873
8933,0,135873,135913
6293,0,135913,135961
3609,0,135961,135979
2207,0,135979,135990
8344,0,135990,136017
8116,0,136017,136065
8869,0,136065,136076
8061,0,136076,136104
5223,0,136104,136154
1929,0,136154,136199
4823,0,136199,136213
3432,0,136213,136238
9202,0,136238,136261
2706,0,136261,136295
1649,0,136295,136318
7041,0,136318,136333
6765,0,136333,136353
545,0,136353,136358
1596,0,136358,136396
9408,0,136396,136431
2773,0,136431,136471
9961,0,136471,136492
8135,0,136492,136506
5304,0,136506,136544
1279,0,136544,136575
5686,0,136575,136601
8159,0,136601,136626
9039,0,136626,136648
7082,0,136648,136660
62,0,136660,136686
4031,0,136686,136707
9985,0,136707,136745
9572,0,136745,136759
2196,0,136759,136789
1683,0,136789,136835
3251,0,136835,136851
1369,0,136851,136871
7837,0,136871,136899
1921,0,136899,136927
236,0,136927,136935
4944,0,136935,136983
3421,0,136983,136989
2988,0,136989,137013
4246,0,137013,137056
7654,0,137056,137091
3910,0,137091,137131
7724,0,137131,137154
3863,0,137154,137197
2789,0,137197,137206
8420,0,137206,137254
8489,0,137254,137260
6280,0,137260,137293
985,0,137293,137329
7241,0,137329,137368
3584,0,137368,137387
1074,0,137387,137417
928,0,137417,137465
5416,0,137465,137478
7667,0,137478,137494
7753,0,137494,137526
6429,0,137526,137534
3778,0,137534,137560
5776,0,137560,137579
6128,0,137579,137589
2503,0,137589,137633
9225,0,137633,137665
9383,0,137665,137683
1429,0,137683,137719
6199,0,137719,137743
9188,0,137743,137779
2485,0,137779,137822
7956,0,137822,137830
1819,0,137830,137877
6647,0,137877,137925
8021,0,137925,137962
9381,0,137962,137999
1719,0,137999,138027
4531,0,138027,138046
5692,0,138046,138073
2101,0,138073,138116
572,0,138116,138156
1642,0,138156,138174
606,0,138174,138200
8435,0,138200,138208
685,0,138208,138256
4520,0,138256,138289
8502,0,138289,138331
3360,0,138331,138348
2185,0,138348,138355
1940,0,138355,138375
8907,0,138375,138397
9328,0,138397,138415
9337,0,138415,138449
5552,0,138449,138474
3618,0,138474,138523
7492,0,138523,138542
8751,0,138542,138571
1568,0,138571,138597
4346,0,138597,138610
5586,0,138610,138618
7000,0,138618,138630
4563,0,138630,138642
3238,0,138642,138675
1362,0,138675,138685
6039,0,138685,138710
8336,0,138710,138720
7554,0,138720,138767
1441,0,138767,138775
4277,0,138775,138819
390,0,138819,138835
489,0,138835,138849
4841,0,138849,138857
1021,0,138857,138887
3940,0,138887,138922
5261,0,138922,138942
9934,0,138942,138981
1377,0,138981,138999
1400,0,138999,139015
6254,0,139015,139062
9850,0,139062,139092
5623,0,139092,139115
3632,0,139115,139144
805,0,139144,139167
1338,0,139167,139210
1538,0,139210,139238
3043,0,139238,139283
2347,0,139283,139306
2241,0,139306,139335
9111,0,139335,139369
4323,0,139369,139415
8182,0,139415,139459
6939,0,139459,139503
7966,0,139503,139514
1294,0,139514,139562
9792,0,139562,139591
5295,0,139591,139632
9017,0,139632,139664
5268,0,139664,139707
9014,0,139707,139737
81,0,139737,139783
7830,0,139783,139815
658,0,139815,139824
4687,0,139824,139829
4203,0,139829,139841
9073,0,139841,139860
3125,0,139860,139879
4050,0,139879,139912
4984,0,139912,139922
5177,0,139922,139940
6325,0,139940,139979
7272,0,139979,140007
5057,0,140007,140037
7,0,140037,140049
3647,0,140049,140055
1555,0,140055,140063
9262,0,140063,140097
8614,0,140097,140112
9782,0,140112,140130
1591,0,140130,140163
5787,0,140163,140207
2534,0,140207,140213
2619,0,140213,140263
3308,0,140263,140287
3042,0,140287,140329
1883,0,140329,140359
4066,0,140359,140390
7026,0,140390,140412
4684,0,140412,140460
7456,0,140460,140487
5489,0,140487,140524
4018,0,140524,140533
2081,0,140533,140552
5011,0,140552,140558
6137,0,140558,140581
4289,0,140581,140622
6952,0,140622,140633
1087,0,140633,140638
1080,0,140638,140662
8343,0,140662,140708
2948,0,140708,140738
8426,0,140738,140758
2233,0,140758,140765
3770,0,140765,140786
5357,0,140786,140825
8245,0,140825,140847
8820,0,140847,140895
9675,0,140895,140902
1390,0,140902,140908
7522,0,140908,140945
6463,0,140945,140989
2113,0,140989,141038
7299,0,141038,141058
5915,0,141058,141067
4570,0,141067,141082
5108,0,141082,141107
2748,0,141107,141130
9827,0,141130,141156
9962,0,141156,141201
9965,0,141201,141235
3545,0,141235,141263
6252,0,141263,141301
4453,0,141301,141338
6512,0,141338,141346
7769,0,141346,141389
7347,0,141389,141418
4678,0,141418,141466
5018,0,141466,141502
6622,0,141502,141550
1249,0,141550,141556
9671,0,141556,141584
6673,0,141584,141611
8727,0,141611,141656
8622,0,141656,141706
4235,0,141706,141730
5745,0,141730,141737
63,0,141737,141777
7917,0,141777,141815
2139,0,141815,141820
1342,0,141820,141830
2344,0,141830,141867
490,0,141867,141902
4978,0,141902,141950
5665,0,141950,141999
1173,0,141999,142045
9488,0,142045,142061
4968,0,142061,142089
7531,0,142089,142101
6569,0,142101,142127
4789,0,142127,142164
5557,0,142164,142170
4835,0,142170,142212
1742,0,142212,142250
4820,0,142250,142267
6476,0,142267,142272
4253,0,142272,142318
1885,0,142318,142357
8625,0,142357,142403
1651,0,142403,142429
4376,0,142429,142447
1661,0,142447,142491
8468,0,142491,142540
13,0,142540,142587
3091,0,142587,142601
2919,0,142601,142615
2307,0,142615,142633
3339,0,142633,142677
6694,0,142677,142695
5888,0,142695,142710
8837,0,142710,142752
9858,0,142752,142783
8498,0,142783,142819
2035,0,142819,142864
1862,0,142864,142885
8863,0,142885,142890
8381,0,142890,142934
1768,0,142934,142962
2920,0,142962,143009
1478,0,143009,143015
2610,0,143015,143024
6255,0,143024,143034
9229,0,143034,143066
8148,0,143066,143074
541,0,143074,143124
654,0,143124,143159
7111,0,143159,143186
40,0,143186,143198
1461,0,143198,143241
5982,0,143241,143254
1519,0,143254,143284
8352,0,143284,143308
1191,0,143308,143331
625,0,143331,143343
9304,0,143343,143382
2069,0,143382,143414
3377,0,143414,143423
9555,0,143423,143470
6294,0,143470,143490
3698,0,143490,143523
8017,0,143523,143560
7278,0,143560,143583
7098,0,143583,143613
1225,0,143613,143635
3338,0,143635,143668
9536,0,143668,143681
6368,0,143681,143721
9438,0,143721,143753
3869,0,143753,143767
4286,0,143767,143777
5202,0,143777,143825
3911,0,143825,143836
8958,0,143836,143873
4081,0,143873,143890
2505,0,143890,143931
199,0,143931,143975
9421,0,143975,143991
3705,0,143991,144031
9745,0,144031,144076
8271,0,144076,144114
4665,0,144114,144162
54,0,144162,144168
6043,0,144168,144181
5326,0,144181,144215
9472,0,144215,144240
343,0,144240,144247
6400,0,144247,144284
1373,0,144284,144294
4113,0,144294,144317
9686,0,144317,144326
7583,0,144326,144363
4402,0,144363,144369
321,0,144369,144418
4411,0,144418,144466
3922,0,144466,144511
5278,0,144511,144547
8652,0,144547,144585
2513,0,144585,144604
913,0,144604,144640
8419,0,144640,144648
8057,0,144648,144681
1805,0,144681,144703
8525,0,144703,144742
6427,0,144742,144748
247,0,144748,144770
24,0,144770,144804
7935,0,144804,144840
9554,0,144840,144889
1958,0,144889,144906
2824,0,144906,144954
1385,0,144954,144967
8229,0,144967,144998
8752,0,144998,145018
2551,0,145018,145052
6798,0,145052,145092
6554,0,145092,145132
6267,0,145132,145177
2625,0,145177,145201
4255,0,145201,145220
4539,0,145220,145233
6037,0,145233,145252
6055,0,145252,145299
8198,0,145299,145339
7814,0,145339,145389
8045,0,145389,145428
3730,0,145428,145444
752,0,145444,145479
8687,0,145479,145528
7751,0,145528,145543
7198,0,145543,145568
2154,0,145568,145589
2690,0,145589,145607
3420,0,145607,145645
7839,0,145645,145654
2172,0,145654,145673
3406,0,145673,145681
478,0,145681,145715
3310,0,145715,145754
3978,0,145754,145775
3281,0,145775,145790
114,0,145790,145827
8142,0,145827,145870
6158,0,145870,145893
109,0,145893,145923
7633,0,145923,145972
1174,0,145972,145991
5918,0,145991,146009
8517,0,146009,146043
2967,0,146043,146062
4042,0,146062,146072
4663,0,146072,146107
116,0,146107,146126
5094,0,146126,146144
1542,0,146144,146174
3614,0,146174,146195
3684,0,146195,146224
9869,0,146224,146253
1593,0,146253,146258
687,0,146258,146266
4012,0,146266,146290
4392,0,146290,146300
1350,0,146300,146347
2432,0,146347,146368
4643,0,146368,146391
9190,0,146391,146431
1873,0,146431,146444
4142,0,146444,146452
4473,0,146452,146479
147,0,146479,146490
8509,0,146490,146533
4442,0,146533,146549
1425,0,146549,146590
5680,0,146590,146611
8044,0,146611,146627
5467,0,146627,146658
6667,0,146658,146679
2336,0,146679,146715
4736,0,146715,146746
4036,0,146746,146778
848,0,146778,146799
7249,0,146799,146841
1959,0,146841,146852
4893,0,146852,146886
97,0,146886,146923
6729,0,146923,146970
3207,0,146970,146975
2984,0,146975,146996
3191,0,146996,147003
9230,0,147003,147018
7955,0,147018,147057
5379,0,147057,147107
7950,0,147107,147143
892,0,147143,147166
434,0,147166,147200
4827,0,147200,147247
6060,0,147247,147256
3193,0,147256,147288
9153,0,147288,147295
6348,0,147295,147302
1219,0,147302,147326
2672,0,147326,147345
9037,0,147345,147367
6897,0,147367,147412
5231,0,147412,147426
5305,0,147426,147453
6266,0,147453,147479
3942,0,147479,147503
2678,0,147503,147523
9001,0,147523,147530
4619,0,147530,147577
2555,0,147577,147599
9410,0,147599,147611
9798,0,147611,147616
6809,0,147616,147632
6370,0,147632,147652
1182,0,147652,147696
2518,0,147696,147729
9194,0,147729,147735
4124,0,147735,147756
1717,0,147756,147765
121,0,147765,147806
9781,0,147806,147841
6493,0,147841,147872
5172,0,147872,147884
8307,0,147884,147933
8594,0,147933,147949
1239,0,147949,147960
6999,0,147960,147969
5571,0,147969,148012
280,0,148012,148032
849,0,148032,148070
8457,0,148070,148114
3552,0,148114,148141
7928,0,148141,148191
8521,0,148191,148231
3166,0,148231,148259
5240,0,148259,148273
8982,0,148273,148294
3068,0,148294,148302
7774,0,148302,148312
1650,0,148312,148343
3412,0,148343,148392
9329,0,148392,148404
7998,0,148404,148410
218,0,148410,148436
1035,0,148436,148484
6840,0,148484,148490
642,0,148490,148499
6147,0,148499,148510
5141,0,148510,148521
9152,0,148521,148547
8028,0,148547,148552
4375,0,148552,148558
8956,0,148558,148606
7792,0,148606,148646
2884,0,148646,148683
7379,0,148683,148713
2800,0,148713,148756
5799,0,148756,148767
8561,0,148767,148786
9529,0,148786,148795
8501,0,148795,148807
1666,0,148807,148826
7560,0,148826,148846
9144,0,148846,148856
5573,0,148856,148876
181,0,148876,148894
2318,0,148894,148910
1511,0,148910,148958
4931,0,148958,148980
6202,0,148980,149019
9802,0,149019,149067
5603,0,149067,149111
4896,0,149111,149117
7473,0,149117,149165
3058,0,149165,149201
1975,0,149201,149233
8812,0,149233,149239
1376,0,149239,149277
5755,0,149277,149290
7874,0,149290,149323
8291,0,149323,149343
6044,0,149343,149363
6716,0,149363,149391
7749,0,149391,149402
9335,0,149402,149424
5400,0,149424,149461
5498,0,149461,149501
1773,0,149501,149547
4335,0,149547,149562
3715,0,149562,149572
357,0,149572,149601
4183,0,149601,149635
3750,0,149635,149666
793,0,149666,149671
4311,0,149671,149700
8264,0,149700,149711
694,0,149711,149732
2494,0,149732,149772
8740,0,149772,149788
7236,0,149788,149838
8624,0,149838,149888
3617,0,149888,149898
8633,0,149898,149944
2806,0,149944,149961
6070,0,149961,149971
9615,0,149971,149984
1196,0,149984,150030
8083,0,150030,150049
6214,0,150049,150090
5229,0,150090,150131
514,0,150131,150181
9818,0,150181,150222
1270,0,150222,150231
5546,0,150231,150240
3751,0,150240,150265
8849,0,150265,150281
5902,0,150281,150328
9727,0,150328,150340
4750,0,150340,150372
6987,0,150372,150402
8829,0,150402,150420
9090,0,150420,150467
8995,0,150467,150490
8973,0,150490,150532
8110,0,150532,150572
5029,0,150572,150579
9687,0,150579,150584
7568,0,150584,150592
6974,0,150592,150615
6775,0,150615,150640
6466,0,150640,150688
9571,0,150688,150714
2460,0,150714,150757
4409,0,150757,150788
2837,0,150788,150829
5971,0,150829,150852
3759,0,150852,150894
9714,0,150894,150912
3449,0,150912,150947
786,0,150947,150996
1777,0,150996,151046
1961,0,151046,151093
6668,0,151093,151098
4584,0,151098,151107
847,0,151107,151124
7962,0,151124,151169
4039,0,151169,151213
1143,0,151213,151237
95,0,151237,151252
3088,0,151252,151295
8152,0,151295,151324
5158,0,151324,151364
7884,0,151364,151406
523,0,151406,151453
1107,0,151453,151503
5723,0,151503,151509
8588,0,151509,151519
1954,0,151519,151540
8016,0,151540,151568
9314,0,151568,151585
779,0,151585,151592
1739,0,151592,151616
16,0,151616,151623
3669,0,151623,151673
2438,0,151673,151723
3951,0,151723,151766
5796,0,151766,151801
6567,0,151801,151817
4748,0,151817,151856
2479,0,151856,151872
427,0,151872,151892
5535,0,151892,151908
6210,0,151908,151924
969,0,151924,151939
142,0,151939,151976
5526,0,151976,152026
6730,0,152026,152066
7186,0,152066,152099
8422,0,152099,152110
3254,0,152110,152144
5461,0,152144,152160
6351,0,152160,152165
6725,0,152165,152189
6687,0,152189,152224
7737,0,152224,152271
3495,0,152271,152303
1750,0,152303,152353
4844,0,152353,152361
3172,0,152361,152380
6064,0,152380,152386
4307,0,152386,152393
1928,0,152393,152437
1484,0,152437,152483
6497,0,152483,152495
7093,0,152495,152515
6899,0,152515,152564
8864,0,152564,152584
7673,0,152584,152628
9182,0,152628,152677
2994,0,152677,152697
3105,0,152697,152726
4659,0,152726,152771
191,0,152771,152795
2031,0,152795,152833
2723,0,152833,152847
2987,0,152847,152894
5161,0,152894,152939
1570,0,152939,152982
8730,0,152982,153025
1890,0,153025,153069
1434,0,153069,153090
7382,0,153090,153132
1424,0,153132,153141
2349,0,153141,153183
6993,0,153183,153231
4078,0,153231,153244
2579,0,153244,153280
4474,0,153280,153320
7338,0,153320,153363
1285,0,153363,153374
1715,0,153374,153388
5068,0,153388,153420
8655,0,153420,153438
9065,0,153438,153464
7680,0,153464,153480
5419,0,153480,153528
2623,0,153528,153549
8181,0,153549,153598
52,0,153598,153616
9227,0,153616,153647
8011,0,153647,153692
7042,0,153692,153701
1479,0,153701,153731
4999,0,153731,153765
7828,0,153765,153814
1645,0,153814,153826
7623,0,153826,153847
5953,0,153847,153861
8909,0,153861,153866
2942,0,153866,153903
4365,0,153903,153932
9901,0,153932,153968
9496,0,153968,153985
7332,0,153985,154008
4792,0,154008,154036
5257,0,154036,154060
4934,0,154060,154107
4581,0,154107,154139
6786,0,154139,154185
4127,0,154185,154222
8922,0,154222,154260
2946,0,154260,154309
8081,0,154309,154341
7702,0,154341,154390
6896,0,154390,154411
1513,0,154411,154425
9659,0,154425,154452
3980,0,154452,154467
9433,0,154467,154489
107,0,154489,154496
7766,0,154496,154520
1932,0,154520,154567
6715,0,154567,154602
9736,0,154602,154607
1193,0,154607,154629
7996,0,154629,154674
4525,0,154674,154709
8809,0,154709,154724
748,0,154724,154751
1881,0,154751,154763
549,0,154763,154793
4373,0,154793,154802
8574,0,154802,154843
9691,0,154843,154890
1547,0,154890,154935
4633,0,154935,154957
7419,0,154957,154967
36,0,154967,155013
244,0,155013,155025
2689,0,155025,155054
6223,0,155054,155071
5351,0,155071,155081
844,0,155081,155120
5874,0,155120,155166
5942,0,155166,155215
1752,0,155215,155253
4868,0,155253,155282
8187,0,155282,155307
5259,0,155307,155319
8959,0,155319,155364
1411,0,155364,155394
207,0,155394,155416
860,0,155416,155450
6334,0,155450,155466
1562,0,155466,155479
6130,0,155479,155501
1148,0,155501,155519
5827,0,155519,155557
5859,0,155557,155564
6341,0,155564,155584
9257,0,155584,155614
8876,0,155614,155634
6282,0,155634,155658
6863,0,155658,155704
7007,0,155704,155752
9086,0,155752,155777
7323,0,155777,155821
3628,0,155821,155857
556,0,155857,155892
8055,0,155892,155939
292,0,155939,155958
2681,0,155958,156001
3631,0,156001,156028
953,0,156028,156073
1698,0,156073,156114
444,0,156114,156154
6854,0,156154,156164
3047,0,156164,156171
7479,0,156171,156185
1847,0,156185,156203
1621,0,156203,156239
652,0,156239,156261
2900,0,156261,156295
1765,0,156295,156328
2517,0,156328,156337
5621,0,156337,156364
6034,0,156364,156387
4670,0,156387,156436
9621,0,156436,156442
8004,0,156442,156451
4775,0,156451,156457
1637,0,156457,156466
1616,0,156466,156508
754,0,156508,156538
4754,0,156538,156579
4084,0,156579,156594
3373,0,156594,156634
4957,0,156634,156663
5579,0,156663,156678
1851,0,156678,156685
7657,0,156685,156728
1903,0,156728,156738
5354,0,156738,156787
2767,0,156787,156816
2845,0,156816,156833
243,0,156833,156850
4405,0,156850,156885
3694,0,156885,156934
8247,0,156934,156976
648,0,156976,156988
3317,0,156988,157009
5412,0,157009,157057
7538,0,157057,157094
3274,0,157094,157133
235,0,157133,157176
4587,0,157176,157225
2634,0,157225,157235
6440,0,157235,157254
3821,0,157254,157298
4918,0,157298,157347
9384,0,157347,157375
50,0,157375,157407
8725,0,157407,157419
6068,0,157419,157454
4937,0,157454,157474
1242,0,157474,157522
9783,0,157522,157527
7410,0,157527,157551
6379,0,157551,157579
1162,0,157579,157629
4972,0,157629,157643
9735,0,157643,157671
9795,0,157671,157721
5318,0,157721,157732
3570,0,157732,157746
7746,0,157746,157779
2977,0,157779,157805
1675,0,157805,157845
2701,0,157845,157893
6894,0,157893,157900
7028,0,157900,157931
9451,0,157931,157945
3572,0,157945,157994
5768,0,157994,158037
1374,0,158037,158084
3119,0,158084,158093
3469,0,158093,158109
5044,0,158109,158152
7139,0,158152,158190
6772,0,158190,158211
9107,0,158211,158221
9787,0,158221,158249
7055,0,158249,158290
3372,0,158290,158300
2169,0,158300,158326
9416,0,158326,158343
645,0,158343,158348
8704,0,158348,158379
6191,0,158379,158402
8927,0,158402,158435
8992,0,158435,158465
7506,0,158465,158506
4070,0,158506,158551
1129,0,158551,158581
995,0,158581,158590
3442,0,158590,158616
2376,0,158616,158631
3525,0,158631,158656
2044,0,158656,158684
8507,0,158684,158695
3682,0,158695,158730
1152,0,158730,158768
667,0,158768,158779
1259,0,158779,158806
9264,0,158806,158821
215,0,158821,158830
8495,0,158830,158857
8277,0,158857,158892
3346,0,158892,158929
4733,0,158929,158966
8774,0,158966,159013
7692,0,159013,159032
1168,0,159032,159076
6355,0,159076,159102
7429,0,159102,159126
7134,0,159126,159137
2281,0,159137,159161
2454,0,159161,159202
3368,0,159202,159210
1150,0,159210,159255
7312,0,159255,159286
7191,0,159286,159299
7452,0,159299,159305
2495,0,159305,159327
2670,0,159327,159374
8979,0,159374,159406
8698,0,159406,159417
3870,0,159417,159440
9011,0,159440,159471
4500,0,159471,159511
6936,0,159511,159537
2258,0,159537,159587
5572,0,159587,159621
1633,0,159621,159649
1730,0,159649,159695
113,0,159695,159707
8183,0,159707,159730
3539,0,159730,159766
8285,0,159766,159797
354,0,159797,159815
3120,0,159815,159853
939,0,159853,159867
170,0,159867,159897
9355,0,159897,159939
9427,0,159939,159945
3284,0,159945,159987
897,0,159987,160012
6354,0,160012,160034
7498,0,160034,160075
1022,0,160075,160085
2134,0,160085,160132
6804,0,160132,160145
6842,0,160145,160152
9868,0,160152,160201
9082,0,160201,160217
1756,0,160217,160226
9141,0,160226,160237
5350,0,160237,160245
7320,0,160245,160250
6242,0,160250,160300
3158,0,160300,160342
7018,0,160342,160350
259,0,160350,160393
5983,0,160393,160423
8799,0,160423,160452
2165,0,160452,160468
9023,0,160468,160508
345,0,160508,160536
4325,0,160536,160571
7691,0,160571,160592
5786,0,160592,160632
922,0,160632,160637
1955,0,160637,160653
9810,0,160653,160703
7152,0,160703,160712
728,0,160712,160747
349,0,160747,160754
9222,0,160754,160803
7902,0,160803,160853
6243,0,160853,160863
6220,0,160863,160886
4778,0,160886,160931
4148,0,160931,160947
6925,0,160947,160988
2019,0,160988,161021
2905,0,161021,161055
5343,0,161055,161099
6559,0,161099,161141
3843,0,161141,161169
330,0,161169,161195
3718,0,161195,161235
4997,0,161235,161270
5979,0,161270,161291
2570,0,161291,161296
4802,0,161296,161308
5265,0,161308,161356
1684,0,161356,161362
3972,0,161362,161391
9505,0,161391,161435
1778,0,161435,161441
884,0,161441,161480
1016,0,161480,161530
3488,0,161530,161580
2416,0,161580,161618
9374,0,161618,161625
7859,0,161625,161649
3517,0,161649,161663
1053,0,161663,161711
1509,0,161711,161756
4450,0,161756,161792
5153,0,161792,161797
3225,0,161797,161808
3084,0,161808,161856
2124,0,161856,161861
6579,0,161861,161894
1480,0,161894,161900
8084,0,161900,161908
2488,0,161908,161957
5288,0,161957,162002
2954,0,162002,162018
1722,0,162018,162060
5987,0,162060,162098
5152,0,162098,162133
6187,0,162133,162140
1262,0,162140,162166
8117,0,162166,162173
9569,0,162173,162207
3112,0,162207,162255
789,0,162255,162282
4699,0,162282,162326
1032,0,162326,162376
1933,0,162376,162403
341,0,162403,162447
6500,0,162447,162473
8780,0,162473,162504
4110,0,162504,162548
4197,0,162548,162563
3434,0,162563,162600
1231,0,162600,162610
1205,0,162610,162650
1865,0,162650,162683
8168,0,162683,162690
4441,0,162690,162712
5196,0,162712,162757
3873,0,162757,162798
5285,0,162798,162821
6040,0,162821,162868
5802,0,162868,162885
3474,0,162885,162912
1040,0,162912,162947
9187,0,162947,162960
4783,0,162960,162973
1860,0,162973,162982
4568,0,162982,163012
5020,0,163012,163033
8214,0,163033,163048
7283,0,163048,163079
5988,0,163079,163119
2998,0,163119,163148
8033,0,163148,163191
3335,0,163191,163235
4965,0,163235,163249
4493,0,163249,163280
6995,0,163280,163296
4521,0,163296,163308
1291,0,163308,163333
6447,0,163333,163354
5581,0,163354,163383
2885,0,163383,163396
7848,0,163396,163427
3379,0,163427,163442
8112,0,163442,163458
2525,0,163458,163498
5078,0,163498,163525
1426,0,163525,163555
5626,0,163555,163561
6728,0,163561,163610
9206,0,163610,163656
7192,0,163656,163686
78,0,163686,163720
9265,0,163720,163726
1523,0,163726,163771
6802,0,163771,163798
1408,0,163798,163823
47,0,163823,163864
8890,0,163864,163892
8719,0,163892,163921
9278,0,163921,163962
3686,0,163962,164004
8115,0,164004,164019
8681,0,164019,164034
5529,0,164034,164059
3206,0,164059,164101
7301,0,164101,164133
2304,0,164133,164173
3230,0,164173,164205
7556,0,164205,164230
7480,0,164230,164244
7158,0,164244,164250
29,0,164250,164285
5924,0,164285,164307
7234,0,164307,164356
6230,0,164356,164381
4857,0,164381,164422
4086,0,164422,164455
7813,0,164455,164501
9302,0,164501,164512
6196,0,164512,164536
4096,0,164536,164586
7985,0,164586,164600
536,0,164600,164627
3150,0,164627,164651
4816,0,164651,164694
2879,0,164694,164717
6485,0,164717,164748
3772,0,164748,164782
8558,0,164782,164815
271,0,164815,164844
7063,0,164844,164866
1772,0,164866,164913
6472,0,164913,164936
5165,0,164936,164941
6,0,164941,164976
2804,0,164976,165009
9517,0,165009,165041
5006,0,165041,165055
6900,0,165055,165071
1784,0,165071,165103
6746,0,165103,165133
2514,0,165133,165176
9272,0,165176,165218
8757,0,165218,165243
5204,0,165243,165266
4870,0,165266,165309
7757,0,165309,165342
8210,0,165342,165372
5567,0,165372,165418
567,0,165418,165435
3138,0,165435,165441
4219,0,165441,165455
2637,0,165455,165462
8272,0,165462,165488
1395,0,165488,165510
6813,0,165510,165545
2136,0,165545,165566
4228,0,165566,165611
6151,0,165611,165638
3292,0,165638,165649
5993,0,165649,165671
5275,0,165671,165678
3518,0,165678,165716
4354,0,165716,165757
2620,0,165757,165773
3423,0,165773,165782
8173,0,165782,165804
3164,0,165804,165813
5912,0,165813,165843
9885,0,165843,165851
4200,0,165851,165896
6309,0,165896,165907
8738,0,165907,165925
7904,0,165925,165936
1919,0,165936,165972
3082,0,165972,166000
3299,0,166000,166038
8621,0,166038,166087
845,0,166087,166097
8437,0,166097,166114
6758,0,166114,166119
9424,0,166119,166159
7057,0,166159,166201
2602,0,166201,166239
6951,0,166239,166272
239,0,166272,166293
4199,0,166293,166336
6062,0,166336,166379
8712,0,166379,166391
1028,0,166391,166396
7016,0,166396,166441
8690,0,166441,166490
6248,0,166490,166521
6623,0,166521,166557
646,0,166557,166596
882,0,166596,166615
6504,0,166615,166639
7885,0,166639,166645
1104,0,166645,166675
2975,0,166675,166711
1567,0,166711,166721
2812,0,166721,166765
8323,0,166765,166812
8314,0,166812,166838
2209,0,166838,166883
7137,0,166883,166919
6638,0,166919,166933
9133,0,166933,166970
4861,0,166970,167005
9365,0,167005,167038
6883,0,167038,167070
1097,0,167070,167104
6672,0,167104,167154
1769,0,167154,167174
3690,0,167174,167184
585,0,167184,167210
7129,0,167210,167220
4946,0,167220,167251
7609,0,167251,167294
6454,0,167294,167320
7202,0,167320,167349
6836,0,167349,167378
4616,0,167378,167428
9987,0,167428,167452
1922,0,167452,167472
2786,0,167472,167494
2836,0,167494,167529
4462,0,167529,167579
3528,0,167579,167586
4390,0,167586,167600
4686,0,167600,167618
1826,0,167618,167643
1340,0,167643,167690
4422,0,167690,167730
6117,0,167730,167758
7541,0,167758,167786
6696,0,167786,167817
6990,0,167817,167840
1653,0,167840,167852
6856,0,167852,167858
2372,0,167858,167896
1850,0,167896,167940
1732,0,167940,167958
9124,0,167958,167991
447,0,167991,168040
925,0,168040,168083
4636,0,168083,168131
1901,0,168131,168140
2630,0,168140,168146
5989,0,168146,168177
2153,0,168177,168225
6921,0,168225,168275
6398,0,168275,168306
5913,0,168306,168316
2604,0,168316,168332
6910,0,168332,168370
4270,0,168370,168418
9595,0,168418,168430
4745,0,168430,168476
1817,0,168476,168504
5969,0,168504,168550
6989,0,168550,168557
5883,0,168557,168575
5195,0,168575,168601
2109,0,168601,168607
6423,0,168607,168632
106,0,168632,168642
6097,0,168642,168650
5740,0,168650,168678
2963,0,168678,168694
3626,0,168694,168709
3223,0,168709,168724
1284,0,168724,168732
3014,0,168732,168756
1314,0,168756,168763
7455,0,168763,168785
7062,0,168785,168827
3861,0,168827,168853
1797,0,168853,168880
5022,0,168880,168893
67,0,168893,168938
9910,0,168938,168988
4372,0,168988,169007
1463,0,169007,169017
374,0,169017,169058
9811,0,169058,169090
6534,0,169090,169136
5484,0,169136,169180
8723,0,169180,169205
3004,0,169205,169227
5087,0,169227,169269
4527,0,169269,169311
5168,0,169311,169341
1415,0,169341,169366
8008,0,169366,169398
4176,0,169398,169434
4186,0,169434,169469
7368,0,169469,169505
1019,0,169505,169528
734,0,169528,169561
2811,0,169561,169598
3440,0,169598,169613
5629,0,169613,169625
1806,0,169625,169637
2572,0,169637,169655
6067,0,169655,169676
9738,0,169676,169683
2040,0,169683,169730
6323,0,169730,169745
9897,0,169745,169775
6850,0,169775,169815
5980,0,169815,169839
5197,0,169839,169886
6793,0,169886,169895
4690,0,169895,169939
3620,0,169939,169989
686,0,169989,170014
6511,0,170014,170025
7349,0,170025,170044
2957,0,170044,170086
1047,0,170086,170109
617,0,170109,170137
2122,0,170137,170147
7812,0,170147,170173
108,0,170173,170199
5148,0,170199,170242
7468,0,170242,170263
9285,0,170263,170278
8578,0,170278,170284
2046,0,170284,170291
4180,0,170291,170303
4942,0,170303,170349
8772,0,170349,170364
6041,0,170364,170388
8163,0,170388,170435
6270,0,170435,170472
7855,0,170472,170500
4770,0,170500,170524
2459,0,170524,170547
249,0,170547,170560
7124,0,170560,170583
6426,0,170583,170632
2414,0,170632,170658
2388,0,170658,170678
2808,0,170678,170688
3117,0,170688,170736
5341,0,170736,170776
659,0,170776,170788
7990,0,170788,170835
4182,0,170835,170885
6048,0,170885,170900
3735,0,170900,170947
4129,0,170947,170987
1829,0,170987,171009
5036,0,171009,171054
5298,0,171054,171079
4751,0,171079,171090
3295,0,171090,171122
3283,0,171122,171134
135,0,171134,171165
6784,0,171165,171177
7264,0,171177,171224
9452,0,171224,171250
7891,0,171250,171273
8665,0,171273,171294
751,0,171294,171328
5826,0,171328,171346
8342,0,171346,171388
9136,0,171388,171407
2721,0,171407,171439
2283,0,171439,171470
7750,0,171470,171510
9492,0,171510,171541
3760,0,171541,171570
7795,0,171570,171609
978,0,171609,171627
6748,0,171627,171670
1469,0,171670,171692
9325,0,171692,171734
8773,0,171734,171748
9770,0,171748,171790
3907,0,171790,171817
3318,0,171817,171836
4342,0,171836,171878
4284,0,171878,171897
5410,0,171897,171908
2529,0,171908,171925
7339,0,171925,171949
4,0,171949,171960
2552,0,171960,172007
2658,0,172007,172036
1998,0,172036,172055
6231,0,172055,172070
1414,0,172070,172094
9693,0,172094,172118
8284,0,172118,172157
5992,0,172157,172163
6853,0,172163,172210
7607,0,172210,172250
2301,0,172250,172294
9799,0,172294,172306
5132,0,172306,172325
6955,0,172325,172343
2962,0,172343,172352
3635,0,172352,172395
1576,0,172395,172444
6356,0,172444,172455
5145,0,172455,172484
6450,0,172484,172507
6760,0,172507,172552
5385,0,172552,172592
8807,0,172592,172622
258,0,172622,172671
8595,0,172671,172712
2007,0,172712,172737
1711,0,172737,172775
2218,0,172775,172800
1474,0,172800,172846
1029,0,172846,172860
2234,0,172860,172887
7562,0,172887,172910
2677,0,172910,172928
7503,0,172928,172960
3470,0,172960,172966
4313,0,172966,172975
6676,0,172975,172984
2532,0,172984,173005
7346,0,173005,173037
7266,0,173037,173080
223,0,173080,173090
6297,0,173090,173114
964,0,173114,173144
4412,0,173144,173164
7593,0,173164,173191
3550,0,173191,173201
1419,0,173201,173242
877,0,173242,173255
8758,0,173255,173280
3537,0,173280,173287
136,0,173287,173294
5291,0,173294,173316
1624,0,173316,173333
4028,0,173333,173344
8679,0,173344,173377
5198,0,173377,173401
9480,0,173401,173443
5277,0,173443,173484
7327,0,173484,173504
3820,0,173504,173527
546,0,173527,173563
5201,0,173563,173595
6937,0,173595,173624
9984,0,173624,173665
1636,0,173665,173684
2909,0,173684,173709
2877,0,173709,173759
1083,0,173759,173765
87,0,173765,173802
4445,0,173802,173845
8208,0,173845,173880
8144,0,173880,173922
4585,0,173922,173940
3314,0,173940,173979
2606,0,173979,174017
1013,0,174017,174040
4293,0,174040,174065
1669,0,174065,174095
9456,0,174095,174125
1635,0,174125,174132
6353,0,174132,174156
4555,0,174156,174176
5877,0,174176,174216
6516,0,174216,174237
7872,0,174237,174256
8943,0,174256,174303
6257,0,174303,174344
5002,0,174344,174360
9696,0,174360,174410
252,0,174410,174450
8815,0,174450,174484
8123,0,174484,174507
7167,0,174507,174530
5171,0,174530,174551
3170,0,174551,174559
7573,0,174559,174581
8980,0,174581,174622
4608,0,174622,174657
7199,0,174657,174668
8204,0,174668,174715
2328,0,174715,174753
4553,0,174753,174765
2205,0,174765,174776
1388,0,174776,174824
4415,0,174824,174855
8766,0,174855,174869
1592,0,174869,174879
5594,0,174879,174886
2731,0,174886,174894
8668,0,174894,174909
6347,0,174909,174922
6256,0,174922,174931
2535,0,174931,174948
2213,0,174948,174978
7760,0,174978,175027
3990,0,175027,175047
6779,0,175047,175086
4963,0,175086,175093
753,0,175093,175117
3027,0,175117,175161
5490,0,175161,175202
372,0,175202,175239
9345,0,175239,175246
532,0,175246,175256
2931,0,175256,175294
2858,0,175294,175306
3502,0,175306,175339
1082,0,175339,175347
3639,0,175347,175393
2861,0,175393,175399
8197,0,175399,175419
4693,0,175419,175442
2996,0,175442,175487
3659,0,175487,175527
5828,0,175527,175547
387,0,175547,175573
408,0,175573,175619
4649,0,175619,175639
7125,0,175639,175648
3294,0,175648,175656
8243,0,175656,175682
1068,0,175682,175696
4185,0,175696,175729
1700,0,175729,175736
8553,0,175736,175755
8046,0,175755,175788
7790,0,175788,175830
6284,0,175830,175863
365,0,175863,175886
14,0,175886,175934
6732,0,175934,175957
5515,0,175957,175988
7900,0,175988,176038
6163,0,176038,176056
5064,0,176056,176077
1034,0,176077,176083
7826,0,176083,176123
1442,0,176123,176171
990,0,176171,176203
4760,0,176203,176217
8889,0,176217,176264
1274,0,176264,176303
1006,0,176303,176350
5766,0,176350,176386
4440,0,176386,176404
5886,0,176404,176427
851,0,176427,176473
8473,0,176473,176516
8080,0,176516,176559
6217,0,176559,176575
988,0,176575,176589
8471,0,176589,176612
4815,0,176612,176649
3176,0,176649,176667
9785,0,176667,176712
3658,0,176712,176751
3325,0,176751,176775
5340,0,176775,176780
7539,0,176780,176802
4851,0,176802,176832
8615,0,176832,176864
1348,0,176864,176876
1925,0,176876,176904
4290,0,176904,176928
4476,0,176928,176963
8986,0,176963,177013
4068,0,177013,177035
8118,0,177035,177081
6409,0,177081,177117
8411,0,177117,177124
7407,0,177124,177129
416,0,177129,177170
6182,0,177170,177179
3675,0,177179,177198
1800,0,177198,177224
9093,0,177224,177239
6416,0,177239,177268
4545,0,177268,177280
1892,0,177280,177313
8915,0,177313,177342
9960,0,177342,177364
7481,0,177364,177406
4845,0,177406,177430
2184,0,177430,177476
8220,0,177476,177503
1830,0,177503,177545
674,0,177545,177573
7508,0,177573,177621
43,0,177621,177655
7322,0,177655,177673
9418,0,177673,177690
4247,0,177690,177739
6782,0,177739,177760
4995,0,177760,177797
3134,0,177797,177834
5089,0,177834,177867
878,0,177867,177893
7424,0,177893,177908
7464,0,177908,177950
5102,0,177950,177992
1307,0,177992,178039
4618,0,178039,178075
8202,0,178075,178086
5361,0,178086,178135
2927,0,178135,178173
5242,0,178173,178192
1914,0,178192,178212
5821,0,178212,178262
4648,0,178262,178312
1447,0,178312,178343
9110,0,178343,178354
4766,0,178354,178399
4626,0,178399,178418
8157,0,178418,178460
5757,0,178460,178472
8599,0,178472,178521
3319,0,178521,178550
3636,0,178550,178586
1877,0,178586,178608
5176,0,178608,178621
4873,0,178621,178642
3331,0,178642,178667
1281,0,178667,178674
5370,0,178674,178707
8759,0,178707,178728
959,0,178728,178734
4276,0,178734,178741
5991,0,178741,178774
1723,0,178774,178797
745,0,178797,178804
2339,0,178804,178844
1396,0,178844,178888
772,0,178888,178893
1133,0,178893,178907
5653,0,178907,178943
5879,0,178943,178971
1003,0,178971,178990
2156,0,178990,179007
8290,0,179007,179020
4892,0,179020,179064
3202,0,179064,179086
5855,0,179086,179136
7493,0,179136,179165
7844,0,179165,179194
7684,0,179194,179215
9535,0,179215,179231
4294,0,179231,179269
8298,0,179269,179307
1623,0,179307,179329
7807,0,179329,179377
148,0,179377,179399
1438,0,179399,179425
1288,0,179425,179455
5264,0,179455,179460
8607,0,179460,179495
5411,0,179495,179540
6008,0,179540,179566
873,0,179566,179593
5118,0,179593,179606
378,0,179606,179646
8602,0,179646,179678
1598,0,179678,179715
7011,0,179715,179731
7014,0,179731,179781
5928,0,179781,179796
7986,0,179796,179844
1078,0,179844,179871
3510,0,179871,179892
5863,0,179892,179923
903,0,179923,179941
1459,0,179941,179959
8900,0,179959,180003
8714,0,180003,180027
799,0,180027,180064
1171,0,180064,180073
5289,0,180073,180111
7972,0,180111,180133
9346,0,180133,180145
8038,0,180145,180181
2691,0,180181,180202
9677,0,180202,180225
4883,0,180225,180250
8810,0,180250,180293
5037,0,180293,180300
5742,0,180300,180306
6066,0,180306,180345
4310,0,180345,180392
3818,0,180392,180419
9484,0,180419,180434
5854,0,180434,180454
6488,0,180454,180485
3067,0,180485,180533
6232,0,180533,180564
201,0,180564,180584
1025,0,180584,180617
5099,0,180617,180654
4516,0,180654,180667
8938,0,180667,180682
4379,0,180682,180715
1852,0,180715,180737
6206,0,180737,180761
9553,0,180761,180773
3954,0,180773,180815
3779,0,180815,180834
7254,0,180834,180878
8710,0,180878,180911
2712,0,180911,180920
5532,0,180920,180937
8239,0,180937,180944
8805,0,180944,180964
2964,0,180964,180983
7824,0,180983,181006
8718,0,181006,181053
2338,0,181053,181063
5239,0,181063,181111
5080,0,181111,181124
1832,0,181124,181158
4427,0,181158,181164
4512,0,181164,181208
3554,0,181208,181238
1963,0,181238,181287
1941,0,181287,181317
9197,0,181317,181350
8603,0,181350,181371
329,0,181371,181399
7216,0,181399,181411
1681,0,181411,181459
7768,0,181459,181467
232,0,181467,181489
1091,0,181489,181517
7810,0,181517,181535
3055,0,181535,181554
9077,0,181554,181570
7251,0,181570,181616
8722,0,181616,181644
21,0,181644,181679
7153,0,181679,181702
8928,0,181702,181731
3438,0,181731,181777
9351,0,181777,181822
8488,0,181822,181848
1913,0,181848,181870
3411,0,181870,181902
296,0,181902,181943
2259,0,181943,181948
5836,0,181948,181953
7592,0,181953,181984
6517,0,181984,182020
6817,0,182020,182067
3582,0,182067,182083
9943,0,182083,182095
2897,0,182095,182108
4016,0,182108,182128
3597,0,182128,182165
5170,0,182165,182215
706,0,182215,182230
8100,0,182230,182245
584,0,182245,182285
6276,0,182285,182308
4592,0,182308,182319
7547,0,182319,182343
7682,0,182343,182351
7923,0,182351,182385
4677,0,182385,182395
3640,0,182395,182428
6149,0,182428,182466
3557,0,182466,182505
4986,0,182505,182537
5984,0,182537,182562
1005,0,182562,182580
7237,0,182580,182614
4099,0,182614,182659
2482,0,182659,182677
2574,0,182677,182703
2016,0,182703,182751
4689,0,182751,182778
2306,0,182778,182813
7422,0,182813,182848
279,0,182848,182890
4215,0,182890,182908
4383,0,182908,182922
623,0,182922,182951
3039,0,182951,182988
6396,0,182988,183010
1024,0,183010,183048
3723,0,183048,183064
9747,0,183064,183095
9658,0,183095,183140
722,0,183140,183160
9531,0,183160,183191
4807,0,183191,183222
8606,0,183222,183239
7428,0,183239,183255
3840,0,183255,183270
5415,0,183270,183302
404,0,183302,183328
6229,0,183328,183367
3996,0,183367,183383
7115,0,183383,183412
2613,0,183412,183440
8750,0,183440,183476
9437,0,183476,183501
3879,0,183501,183518
4952,0,183518,183543
4747,0,183543,183560
4909,0,183560,183606
4333,0,183606,183651
9666,0,183651,183673
3389,0,183673,183703
9289,0,183703,183717
7761,0,183717,183731
3057,0,183731,183772
3952,0,183772,183779
5316,0,183779,183786
9464,0,183786,183820
192,0,183820,183857
8899,0,183857,183898
7922,0,183898,183947
3874,0,183947,183994
6375,0,183994,184032
8070,0,184032,184054
5617,0,184054,184091
8916,0,184091,184140
822,0,184140,184147
7961,0,184147,184161
7678,0,184161,184206
5352,0,184206,184214
327,0,184214,184239
1934,0,184239,184244
972,0,184244,184290
7036,0,184290,184336
8162,0,184336,184363
5959,0,184363,184403
6148,0,184403,184422
7829,0,184422,184453
7443,0,184453,184492
1837,0,184492,184516
1246,0,184516,184540
6119,0,184540,184548
2624,0,184548,184591
4356,0,184591,184629
2135,0,184629,184655
4523,0,184655,184689
2947,0,184689,184722
8390,0,184722,184748
7697,0,184748,184759
9029,0,184759,184802
6106,0,184802,184810
7370,0,184810,184852
3542,0,184852,184874
9949,0,184874,184911
8205,0,184911,184936
7397,0,184936,184980
888,0,184980,184992
7466,0,184992,185035
4976,0,185035,185070
5364,0,185070,185112
5811,0,185112,185124
7652,0,185124,185139
6875,0,185139,185180
3538,0,185180,185204
531,0,185204,185212
4535,0,185212,185242
2887,0,185242,185284
7793,0,185284,185314
9426,0,185314,185341
9186,0,185341,185360
9618,0,185360,185370
6236,0,185370,185382
6350,0,185382,185398
1483,0,185398,185442
8819,0,185442,185451
9614,0,185451,185476
1204,0,185476,185525
1138,0,185525,185541
9829,0,185541,185570
2633,0,185570,185576
4196,0,185576,185625
1145,0,185625,185663
8397,0,185663,185698
8440,0,185698,185728
2520,0,185728,185742
1942,0,185742,185766
5968,0,185766,185778
8505,0,185778,185790
4010,0,185790,185817
2716,0,185817,185838
1098,0,185838,185865
2018,0,185865,185893
4943,0,185893,185900
1315,0,185900,185905
6766,0,185905,185944
4154,0,185944,185980
6503,0,185980,186023
132,0,186023,186056
7293,0,186056,186066
2651,0,186066,186080
6036,0,186080,186102
3646,0,186102,186152
6022,0,186152,186173
2374,0,186173,186218
9342,0,186218,186231
3490,0,186231,186280
6165,0,186280,186305
5200,0,186305,186347
2121,0,186347,186364
6481,0,186364,186399
8726,0,186399,186427
9680,0,186427,186475
1310,0,186475,186487
1041,0,186487,186529
785,0,186529,186547
9411,0,186547,186576
5362,0,186576,186620
7723,0,186620,186628
8410,0,186628,186637
6815,0,186637,186664
475,0,186664,186710
9698,0,186710,186728
4046,0,186728,186740
6225,0,186740,186776
5970,0,186776,186794
7518,0,186794,186835
1771,0,186835,186855
7145,0,186855,186870
2923,0,186870,186885
4542,0,186885,186911
905,0,186911,186939
186,0,186939,186984
9189,0,186984,187029
3252,0,187029,187049
5591,0,187049,187087
4463,0,187087,187102
5510,0,187102,187122
9825,0,187122,187167
179,0,187167,187185
435,0,187185,187212
5923,0,187212,187226
8020,0,187226,187238
6674,0,187238,187245
1203,0,187245,187294
5406,0,187294,187314
6592,0,187314,187359
7256,0,187359,187399
1421,0,187399,187410
9834,0,187410,187454
7392,0,187454,187470
559,0,187470,187499
6682,0,187499,187533
8490,0,187533,187560
5772,0,187560,187568
7230,0,187568,187586
6078,0,187586,187601
3165,0,187601,187633
7415,0,187633,187678
7298,0,187678,187691
4640,0,187691,187730
9652,0,187730,187771
2839,0,187771,187806
9528,0,187806,187842
3966,0,187842,187892
4522,0,187892,187942
7924,0,187942,187948
8770,0,187948,187981
2618,0,187981,187987
4466,0,187987,188023
608,0,188023,188037
1876,0,188037,188080
9766,0,188080,188088
7960,0,188088,188132
4712,0,188132,188176
4737,0,188176,188207
4209,0,188207,188213
3706,0,188213,188245
1798,0,188245,188289
4912,0,188289,188337
1044,0,188337,188386
4980,0,188386,188404
2656,0,188404,188438
3494,0,188438,188456
8324,0,188456,188490
3941,0,188490,188540
7895,0,188540,188565
1290,0,188565,188579
6603,0,188579,188623
3692,0,188623,188648
1951,0,188648,188671
3482,0,188671,188695
2473,0,188695,188720
7877,0,188720,188763
2088,0,188763,188777
5719,0,188777,188788
4178,0,188788,188806
926,0,188806,188835
5365,0,188835,188859
7166,0,188859,188906
5504,0,188906,188914
7995,0,188914,188938
3938,0,188938,188974
4885,0,188974,188995
1833,0,188995,189000
4362,0,189000,189014
907,0,189014,189028
5174,0,189028,189034
3605,0,189034,189049
1610,0,189049,189084
4657,0,189084,189101
8201,0,189101,189110
2021,0,189110,189153
1093,0,189153,189194
7388,0,189194,189203
7435,0,189203,189244
3127,0,189244,189262
2693,0,189262,189267
2598,0,189267,189284
8776,0,189284,189295
4319,0,189295,189337
8128,0,189337,189366
796,0,189366,189378
6003,0,189378,189387
7420,0,189387,189426
7306,0,189426,189468
441,0,189468,189477
6884,0,189477,189525
429,0,189525,189569
9854,0,189569,189607
1298,0,189607,189644
5061,0,189644,189683
3209,0,189683,189721
1956,0,189721,189771
3904,0,189771,189794
4033,0,189794,189808
5254,0,189808,189832
3986,0,189832,189839
120,0,189839,189859
4703,0,189859,189865
3063,0,189865,189876
2447,0,189876,189900
5004,0,189900,189949
5052,0,189949,189956
9166,0,189956,189983
4798,0,189983,190006
137,0,190006,190029
1999,0,190029,190065
8914,0,190065,190071
8550,0,190071,190076
6140,0,190076,190086
4874,0,190086,190098
5244,0,190098,190142
2077,0,190142,190165
2657,0,190165,190177
6178,0,190177,190201
310,0,190201,190208
2790,0,190208,190247
1475,0,190247,190272
9143,0,190272,190291
2655,0,190291,190298
1170,0,190298,190322
9024,0,190322,190356
2294,0,190356,190394
8334,0,190394,190421
7157,0,190421,190439
9950,0,190439,190462
2158,0,190462,190486
9098,0,190486,190530
9758,0,190530,190557
2398,0,190557,190582
4401,0,190582,190601
4165,0,190601,190612
4272,0,190612,190635
8263,0,190635,190652
5884,0,190652,190672
7987,0,190672,190711
1706,0,190711,190724
5418,0,190724,190764
800,0,190764,190775
7421,0,190775,190805
563,0,190805,190823
9723,0,190823,190865
2899,0,190865,190909
1657,0,190909,190952
9004,0,190952,190988
1946,0,190988,191006
5709,0,191006,191021
8804,0,191021,191061
176,0,191061,191066
1054,0,191066,191084
8493,0,191084,191091
459,0,191091,191099
2571,0,191099,191116
2343,0,191116,191151
6865,0,191151,191189
6110,0,191189,191207
3786,0,191207,191249
1839,0,191249,191268
2898,0,191268,191286
2217,0,191286,191310
2461,0,191310,191350
7326,0,191350,191377
2066,0,191377,191411
5426,0,191411,191455
854,0,191455,191471
9249,0,191471,191503
6923,0,191503,191549
482,0,191549,191575
1740,0,191575,191623
2100,0,191623,191654
6795,0,191654,191664
8317,0,191664,191678
9045,0,191678,191719
8617,0,191719,191738
2176,0,191738,191777
9429,0,191777,191799
4740,0,191799,191814
3228,0,191814,191830
5451,0,191830,191866
4312,0,191866,191880
3402,0,191880,191911
7708,0,191911,191960
7163,0,191960,192001
3649,0,192001,192007
3143,0,192007,192035
2370,0,192035,192056
2180,0,192056,192078
1741,0,192078,192119
3329,0,192119,192158
59,0,192158,192179
1235,0,192179,192194
8408,0,192194,192229
696,0,192229,192264
2334,0,192264,192283
414,0,192283,192302
4962,0,192302,192330
9026,0,192330,192363
9668,0,192363,192381
2368,0,192381,192396
9603,0,192396,192418
3934,0,192418,192466
3196,0,192466,192501
7683,0,192501,192535
2228,0,192535,192564
5744,0,192564,192571
904,0,192571,192602
4672,0,192602,192626
8613,0,192626,192643
3936,0,192643,192652
2057,0,192652,192682
6945,0,192682,192724
7523,0,192724,192764
9290,0,192764,192810
4650,0,192810,192829
9147,0,192829,192846
7694,0,192846,192894
9459,0,192894,192940
9034,0,192940,192974
7133,0,192974,193017
2244,0,193017,193025
3016,0,193025,193032
7258,0,193032,193066
2182,0,193066,193078
6114,0,193078,193085
1267,0,193085,193113
6505,0,193113,193145
8896,0,193145,193178
307,0,193178,193213
3103,0,193213,193242
8811,0,193242,193283
6498,0,193283,193329
6474,0,193329,193363
1667,0,193363,193386
7117,0,193386,193416
4112,0,193416,193432
6063,0,193432,193470
2480,0,193470,193504
3885,0,193504,193537
9730,0,193537,193569
7445,0,193569,193606
5336,0,193606,193625
2020,0,193625,193638
3012,0,193638,193658
4651,0,193658,193697
1736,0,193697,193732
9316,0,193732,193760
3070,0,193760,193776
9598,0,193776,193813
6299,0,193813,193844
5442,0,193844,193870
98,0,193870,193884
8697,0,193884,193911
412,0,193911,193957
3051,0,193957,193985
727,0,193985,194020
7637,0,194020,194042
4364,0,194042,194084
2076,0,194084,194120
9393,0,194120,194158
1123,0,194158,194203
1393,0,194203,194220
9912,0,194220,194248
7630,0,194248,194287
163,0,194287,194310
3146,0,194310,194326
1101,0,194326,194359
4540,0,194359,194395
336,0,194395,194410
5678,0,194410,194427
5946,0,194427,194455
841,0,194455,194471
3100,0,194471,194482
4309,0,194482,194529
7104,0,194529,194576
1119,0,194576,194626
521,0,194626,194651
6081,0,194651,194673
3126,0,194673,194708
2639,0,194708,194734
533,0,194734,194756
1018,0,194756,194792
4316,0,194792,194840
23,0,194840,194881
4126,0,194881,194886
6703,0,194886,194896
6750,0,194896,194903
6965,0,194903,194915
7065,0,194915,194922
5543,0,194922,194939
4960,0,194939,194969
6494,0,194969,194999
6678,0,194999,195030
6460,0,195030,195078
5547,0,195078,195110
4911,0,195110,195145
8988,0,195145,195171
8369,0,195171,195184
8494,0,195184,195193
7685,0,195193,195228
3324,0,195228,195240
6408,0,195240,195251
8433,0,195251,195264
4623,0,195264,195310
9009,0,195310,195333
17,0,195333,195363
9722,0,195363,195378
4138,0,195378,195409
8219,0,195409,195435
6807,0,195435,195472
7001,0,195472,195496
5898,0,195496,195519
7798,0,195519,195556
2183,0,195556,195575
4491,0,195575,195614
2379,0,195614,195635
2274,0,195635,195676
9444,0,195676,195721
5607,0,195721,195755
4275,0,195755,195791
1968,0,195791,195840
7227,0,195840,195875
4472,0,195875,195884
1761,0,195884,195908
9295,0,195908,195940
204,0,195940,195964
1120,0,195964,195981
4432,0,195981,195986
1052,0,195986,196005
188,0,196005,196048
4419,0,196048,196054
3925,0,196054,196062
5960,0,196062,196071
7784,0,196071,196117
7851,0,196117,196143
1496,0,196143,196183
917,0,196183,196207
7471,0,196207,196215
417,0,196215,196255
462,0,196255,196263
1920,0,196263,196271
4996,0,196271,196304
3801,0,196304,196310
7980,0,196310,196360
2458,0,196360,196407
1311,0,196407,196419
1510,0,196419,196439
485,0,196439,196456
8858,0,196456,196486
6701,0,196486,196506
9706,0,196506,196549
7180,0,196549,196556
7022,0,196556,196581
3198,0,196581,196630
9513,0,196630,196664
8930,0,196664,196698
5408,0,196698,196717
9694,0,196717,196724
9744,0,196724,196773
1729,0,196773,196810
4983,0,196810,196833
8108,0,196833,196865
1908,0,196865,196871
1365,0,196871,196908
6806,0,196908,196938
883,0,196938,196964
386,0,196964,197007
2915,0,197007,197052
41,0,197052,197088
1058,0,197088,197111
3662,0,197111,197148
1382,0,197148,197182
3462,0,197182,197230
385,0,197230,197262
2216,0,197262,197295
5026,0,197295,197345
457,0,197345,197372
8871,0,197372,197389
5657,0,197389,197439
2270,0,197439,197467
182,0,197467,197491
9217,0,197491,197540
7047,0,197540,197556
2881,0,197556,197586
9609,0,197586,197633
8353,0,197633,197648
9267,0,197648,197683
3390,0,197683,197688
4350,0,197688,197703
9303,0,197703,197742
8645,0,197742,197775
4654,0,197775,197795
9493,0,197795,197839
7696,0,197839,197860
5375,0,197860,197881
5272,0,197881,197886
49,0,197886,197903
1445,0,197903,197923
2302,0,197923,197932
306,0,197932,197950
2781,0,197950,197984
452,0,197984,197992
4589,0,197992,198041
8297,0,198041,198086
5013,0,198086,198111
7840,0,198111,198151
2024,0,198151,198162
6419,0,198162,198190
3937,0,198190,198217
265,0,198217,198253
2682,0,198253,198266
8441,0,198266,198316
5465,0,198316,198346
3799,0,198346,198386
7269,0,198386,198401
8241,0,198401,198415
9771,0,198415,198447
2161,0,198447,198459
6333,0,198459,198475
4732,0,198475,198515
2299,0,198515,198560
3915,0,198560,198602
2642,0,198602,198611
9942,0,198611,198648
4730,0,198648,198676
2489,0,198676,198719
5363,0,198719,198726
7169,0,198726,198732
3829,0,198732,198743
3,0,198743,198788
1763,0,198788,198831
3471,0,198831,198867
7638,0,198867,198905
6190,0,198905,198932
7871,0,198932,198960
5245,0,198960,198969
7740,0,198969,199000
198,0,199000,199015
8190,0,199015,199061
1680,0,199061,199102
6080,0,199102,199150
7601,0,199150,199157
6465,0,199157,199167
1295,0,199167,199195
8185,0,199195,199244
5808,0,199244,199293
5143,0,199293,199331
3478,0,199331,199342
1577,0,199342,199375
104,0,199375,199388
9626,0,199388,199410
9052,0,199410,199457
2708,0,199457,199504
8547,0,199504,199536
9988,0,199536,199569
6019,0,199569,199582
5314,0,199582,199587
2395,0,199587,199631
7067,0,199631,199645
8618,0,199645,199695
1494,0,199695,199729
8669,0,199729,199741
9168,0,199741,199762
1783,0,199762,199796
4788,0,199796,199836
2029,0,199836,199878
366,0,199878,199892
1176,0,199892,199915
7866,0,199915,199954
9683,0,199954,200001
1759,0,200001,200010
4609,0,200010,200040
6869,0,200040,200069
9890,0,200069,200108
1077,0,200108,200129
4533,0,200129,200167
8798,0,200167,200195
9050,0,200195,200211
4248,0,200211,200219
5441,0,200219,200250
2189,0,200250,200295
5625,0,200295,200338
9326,0,200338,200371
7340,0,200371,200383
3752,0,200383,200393
4701,0,200393,200442
8981,0,200442,200469
3370,0,200469,200491
165,0,200491,200507
3589,0,200507,200532
560,0,200532,200560
895,0,200560,200592
3953,0,200592,200627
9757,0,200627,200638
1858,0,200638,200667
910,0,200667,200713
2284,0,200713,200739
672,0,200739,200765
5822,0,200765,200782
5178,0,200782,200821
3571,0,200821,200829
161,0,200829,200878
9102,0,200878,200891
6916,0,200891,200935
4813,0,200935,200960
3835,0,200960,200998
7879,0,200998,201004
2733,0,201004,201013
3382,0,201013,201034
7366,0,201034,201081
6098,0,201081,201130
7564,0,201130,201167
8121,0,201167,201173
630,0,201173,201203
1526,0,201203,201244
5966,0,201244,201273
2502,0,201273,201315
7304,0,201315,201348
4498,0,201348,201383
3349,0,201383,201408
7053,0,201408,201426
8339,0,201426,201470
3650,0,201470,201495
8302,0,201495,201521
5894,0,201521,201545
4492,0,201545,201582
4580,0,201582,201598
8747,0,201598,201648
3583,0,201648,201684
8174,0,201684,201719
759,0,201719,201735
8794,0,201735,201774
7632,0,201774,201793
6201,0,201793,201808
1589,0,201808,201845
5077,0,201845,201890
6581,0,201890,201934
6310,0,201934,201941
7401,0,201941,201988
4837,0,201988,202034
3917,0,202034,202053
6121,0,202053,202077
6237,0,202077,202085
9641,0,202085,202101
665,0,202101,202117
1935,0,202117,202152
153,0,202152,202199
65,0,202199,202243
2128,0,202243,202286
3029,0,202286,202316
7352,0,202316,202344
6669,0,202344,202375
3072,0,202375,202417
4029,0,202417,202449
253,0,202449,202488
6624,0,202488,202505
3244,0,202505,202545
5009,0,202545,202570
3122,0,202570,202615
885,0,202615,202620
5181,0,202620,202667
396,0,202667,202678
2285,0,202678,202685
3425,0,202685,202733
3736,0,202733,202770
3343,0,202770,202814
5619,0,202814,202847
6943,0,202847,202859
2876,0,202859,202876
8600,0,202876,202926
5919,0,202926,202959
3315,0,202959,202981
1272,0,202981,202999
3240,0,202999,203020
6543,0,203020,203036
8233,0,203036,203041
8078,0,203041,203091
2104,0,203091,203132
5990,0,203132,203179
5728,0,203179,203229
9917,0,203229,203251
8523,0,203251,203286
810,0,203286,203331
6783,0,203331,203381
3025,0,203381,203400
1055,0,203400,203447
5931,0,203447,203492
5399,0,203492,203528
5185,0,203528,203563
422,0,203563,203589
9283,0,203589,203637
406,0,203637,203683
5327,0,203683,203704
6791,0,203704,203733
2286,0,203733,203747
4449,0,203747,203772
4882,0,203772,203793
7300,0,203793,203829
184,0,203829,203878
8380,0,203878,203905
145,0,203905,203954
7669,0,203954,203994
8657,0,203994,204019
3707,0,204019,204040
5779,0,204040,204054
5661,0,204054,204084
1454,0,204084,204091
5648,0,204091,204109
3077,0,204109,204143
8359,0,204143,204165
7277,0,204165,204185
833,0,204185,204205
7906,0,204205,204240
3101,0,204240,204257
6171,0,204257,204303
2768,0,204303,204333
1936,0,204333,204348
499,0,204348,204368
3467,0,204368,204377
3975,0,204377,204400
2125,0,204400,204420
4385,0,204420,204425
2966,0,204425,204431
1766,0,204431,204462
7341,0,204462,204479
7964,0,204479,204501
1349,0,204501,204549
3302,0,204549,204576
7279,0,204576,204586
7425,0,204586,204617
3010,0,204617,204663
855,0,204663,204688
3670,0,204688,204706
2908,0,204706,204728
4380,0,204728,204744
9846,0,204744,204750
9185,0,204750,204784
5599,0,204784,204804
1554,0,204804,204849
2847,0,204849,204893
2118,0,204893,204937
9650,0,204937,204961
224,0,204961,204978
5695,0,204978,204996
8401,0,204996,205018
629,0,205018,205044
4167,0,205044,205068
4025,0,205068,205079
824,0,205079,205125
9399,0,205125,205141
3340,0,205141,205158
6739,0,205158,205165
7650,0,205165,205204
9916,0,205204,205247
3656,0,205247,205278
4958,0,205278,205297
7204,0,205297,205326
6366,0,205326,205367
8700,0,205367,205376
7550,0,205376,205394
5483,0,205394,205419
7188,0,205419,205432
2291,0,205432,205445
9945,0,205445,205470
8149,0,205470,205491
4280,0,205491,205512
5031,0,205512,205558
1308,0,205558,205569
2394,0,205569,205591
9233,0,205591,205638
9793,0,205638,205673
1324,0,205673,205682
6259,0,205682,205699
6218,0,205699,205742
8404,0,205742,205764
7049,0,205764,205793
70,0,205793,205840
1412,0,205840,205864
8948,0,205864,205885
6053,0,205885,205904
1731,0,205904,205910
7646,0,205910,205954
547,0,205954,205966
6665,0,205966,205999
6903,0,205999,206049
2662,0,206049,206069
3279,0,206069,206084
4919,0,206084,206129
1944,0,206129,206171
2707,0,206171,206189
4660,0,206189,206217
2873,0,206217,206257
2384,0,206257,206275
9108,0,206275,206312
2911,0,206312,206345
9768,0,206345,206380
4264,0,206380,206412
8211,0,206412,206418
7437,0,206418,206443
4869,0,206443,206491
2120,0,206491,206521
4173,0,206521,206559
2464,0,206559,206596
8051,0,206596,206618
5123,0,206618,206623
784,0,206623,206664
8031,0,206664,206714
9977,0,206714,206732
3807,0,206732,206745
5775,0,206745,206789
9661,0,206789,206818
2615,0,206818,206856
6330,0,206856,206899
3384,0,206899,206949
2071,0,206949,206967
5730,0,206967,206998
1840,0,206998,207013
5674,0,207013,207056
8,0,207056,207106
5234,0,207106,207147
4079,0,207147,207187
1199,0,207187,207202
3069,0,207202,207250
9663,0,207250,207282
6374,0,207282,207295
2697,0,207295,207311
711,0,207311,207318
2896,0,207318,207344
8255,0,207344,207373
6785,0,207373,207386
3256,0,207386,207418
3149,0,207418,207463
208,0,207463,207508
8972,0,207508,207536
933,0,207536,207579
6947,0,207579,207616
9477,0,207616,207638
7577,0,207638,207672
6031,0,207672,207720
3504,0,207720,207745
1977,0,207745,207774
3776,0,207774,207787
8749,0,207787,207821
2588,0,207821,207848
6145,0,207848,207889
5917,0,207889,207898
9276,0,207898,207910
9075,0,207910,207923
791,0,207923,207944
3414,0,207944,207949
4414,0,207949,207991
8530,0,207991,208030
2,0,208030,208043
229,0,208043,208075
9506,0,208075,208109
4122,0,208109,208141
2761,0,208141,208152
2692,0,208152,208193
7223,0,208193,208214
1344,0,208214,208250
2321,0,208250,208270
3332,0,208270,208278
675,0,208278,208286
9376,0,208286,208291
6014,0,208291,208300
7948,0,208300,208330
2709,0,208330,208377
1413,0,208377,208391
4959,0,208391,208397
3089,0,208397,208429
7472,0,208429,208476
8630,0,208476,208502
7816,0,208502,208520
5167,0,208520,208563
869,0,208563,208583
6659,0,208583,208590
1060,0,208590,208634
1033,0,208634,208655
7842,0,208655,208701
3599,0,208701,208748
1544,0,208748,208758
6800,0,208758,208794
2430,0,208794,208812
5606,0,208812,208855
8215,0,208855,208861
9084,0,208861,208866
2322,0,208866,208904
3913,0,208904,208941
7897,0,208941,208971
5724,0,208971,208995
3253,0,208995,209004
9089,0,209004,209054
2871,0,209054,209090
1737,0,209090,209122
9454,0,209122,209163
2851,0,209163,209192
6587,0,209192,209237
2099,0,209237,209281
9986,0,209281,209321
6546,0,209321,209339
2091,0,209339,209365
3241,0,209365,209388
8913,0,209388,209435
5431,0,209435,209457
8155,0,209457,209507
9845,0,209507,209514
566,0,209514,209553
7128,0,209553,209603
3575,0,209603,209617
6168,0,209617,209651
5150,0,209651,209676
867,0,209676,209697
9219,0,209697,209729
5930,0,209729,209735
91,0,209735,209741
1696,0,209741,209770
2187,0,209770,209808
7494,0,209808,209855
3946,0,209855,209867
8735,0,209867,209898
5891,0,209898,209920
9504,0,209920,209962
2486,0,209962,209995
4007,0,209995,210017
7626,0,210017,210037
1566,0,210037,210087
6432,0,210087,210101
4344,0,210101,210106
5260,0,210106,210140
2756,0,210140,210178
9060,0,210178,210184
3573,0,210184,210198
7031,0,210198,210228
4370,0,210228,210236
5541,0,210236,210267
6617,0,210267,210317
5076,0,210317,210362
5716,0,210362,210384
9287,0,210384,210410
4279,0,210410,210429
1428,0,210429,210473
5904,0,210473,210495
4471,0,210495,210511
4458,0,210511,210540
2669,0,210540,210550
5053,0,210550,210587
4303,0,210587,210616
8299,0,210616,210659
9990,0,210659,210684
7649,0,210684,210718
9873,0,210718,210762
8076,0,210762,210810
544,0,210810,210819
5319,0,210819,210837
5473,0,210837,210867
5553,0,210867,210879
2934,0,210879,210905
8266,0,210905,210934
6595,0,210934,210961
481,0,210961,210993
2326,0,210993,211022
2223,0,211022,211056
1970,0,211056,211105
3381,0,211105,211137
738,0,211137,211168
9902,0,211168,211183
6769,0,211183,211217
2385,0,211217,211231
6731,0,211231,211271
1611,0,211271,211277
7253,0,211277,211285
7772,0,211285,211308
3716,0,211308,211315
4190,0,211315,211361
5583,0,211361,211398
8492,0,211398,211416
5955,0,211416,211442
3357,0,211442,211460
5760,0,211460,211491
6306,0,211491,211511
1585,0,211511,211550
392,0,211550,211558
8782,0,211558,211584
4922,0,211584,211593
1356,0,211593,211606
3726,0,211606,211634
8708,0,211634,211684
9939,0,211684,211705
5536,0,211705,211713
4230,0,211713,211751
9973,0,211751,211772
7677,0,211772,211820
9909,0,211820,211839
129,0,211839,211877
6710,0,211877,211901
3691,0,211901,211943
1952,0,211943,211967
2799,0,211967,212012
595,0,212012,212029
9887,0,212029,212073
1499,0,212073,212112
7114,0,212112,212146
9277,0,212146,212184
1539,0,212184,212219
7605,0,212219,212262
7414,0,212262,212302
6778,0,212302,212328
7465,0,212328,212340
9537,0,212340,212360
3392,0,212360,212387
7741,0,212387,212413
9448,0,212413,212427
6654,0,212427,212472
9729,0,212472,212491
1140,0,212491,212496
5708,0,212496,212507
8195,0,212507,212544
7122,0,212544,212552
2969,0,212552,212559
812,0,212559,212585
8325,0,212585,212598
5739,0,212598,212611
8686,0,212611,212641
3823,0,212641,212648
540,0,212648,212685
1894,0,212685,212716
3354,0,212716,212753
115,0,212753,212773
3893,0,212773,212820
3764,0,212820,212859
2698,0,212859,212898
3742,0,212898,212941
9822,0,212941,212955
3519,0,212955,212967
1275,0,212967,212991
288,0,212991,213013
8701,0,213013,213053
6697,0,213053,213096
3513,0,213096,213106
6596,0,213106,213155
1273,0,213155,213183
3487,0,213183,213210
2844,0,213210,213255
1255,0,213255,213305
4765,0,213305,213323
9762,0,213323,213350
7450,0,213350,213391
3141,0,213391,213426
373,0,213426,213460
7728,0,213460,213499
6491,0,213499,213524
2254,0,213524,213573
6757,0,213573,213615
9234,0,213615,213633
3189,0,213633,213642
3851,0,213642,213650
9568,0,213650,213695
8977,0,213695,213743
7286,0,213743,213780
6384,0,213780,213792
2515,0,213792,213820
8000,0,213820,213863
1343,0,213863,213872
3652,0,213872,213885
4631,0,213885,213923
7818,0,213923,213960
1677,0,213960,213994
3123,0,213994,214001
4278,0,214001,214012
515,0,214012,214023
7534,0,214023,214030
5032,0,214030,214043
3022,0,214043,214077
7974,0,214077,214117
8346,0,214117,214136
9092,0,214136,214152
6402,0,214152,214166
7929,0,214166,214208
9667,0,214208,214232
1713,0,214232,214257
4139,0,214257,214278
3265,0,214278,214286
2743,0,214286,214331
2558,0,214331,214362
886,0,214362,214406
8230,0,214406,214451
6219,0,214451,214500
1165,0,214500,214536
3500,0,214536,214547
2282,0,214547,214585
6445,0,214585,214601
1099,0,214601,214618
6470,0,214618,214625
4878,0,214625,214634
6605,0,214634,214667
923,0,214667,214706
3932,0,214706,214711
2470,0,214711,214757
1820,0,214757,214764
7231,0,214764,214769
2367,0,214769,214801
1236,0,214801,214834
1727,0,214834,214860
3408,0,214860,214906
74,0,214906,214929
5016,0,214929,214963
661,0,214963,214983
3400,0,214983,214988
4021,0,214988,215029
723,0,215029,215053
5670,0,215053,215090
3429,0,215090,215095
3002,0,215095,215107
2131,0,215107,215119
7308,0,215119,215141
5700,0,215141,215154
1664,0,215154,215179
1665,0,215179,215226
502,0,215226,215251
5309,0,215251,215263
5517,0,215263,215273
717,0,215273,215283
5248,0,215283,215321
8568,0,215321,215339
5549,0,215339,215361
8262,0,215361,215370
6385,0,215370,215420
9920,0,215420,215437
569,0,215437,215444
3565,0,215444,215457
2498,0,215457,215479
1537,0,215479,215497
9576,0,215497,215513
8528,0,215513,215542
8238,0,215542,215592
8882,0,215592,215610
684,0,215610,215652
7250,0,215652,215683
8921,0,215683,215699
2141,0,215699,215732
8739,0,215732,215759
384,0,215759,215776
8449,0,215776,215786
9692,0,215786,215804
4359,0,215804,215847
7936,0,215847,215897
931,0,215897,215936
9414,0,215936,215959
5346,0,215959,216008
291,0,216008,216044
662,0,216044,216083
6548,0,216083,216120
3155,0,216120,216166
899,0,216166,216198
4647,0,216198,216243
1515,0,216243,216276
8592,0,216276,216323
3587,0,216323,216365
5246,0,216365,216373
1531,0,216373,216416
1271,0,216416,216450
5184,0,216450,216459
8918,0,216459,216465
7720,0,216465,216482
3007,0,216482,216528
6285,0,216528,216566
4107,0,216566,216590
4777,0,216590,216599
320,0,216599,216649
6480,0,216649,216670
1299,0,216670,216705
9135,0,216705,216721
8767,0,216721,216770
6457,0,216770,216784
3543,0,216784,216799
5306,0,216799,216815
6314,0,216815,216841
7529,0,216841,216880
9923,0,216880,216918
4511,0,216918,216933
9298,0,216933,216969
2163,0,216969,216998
3838,0,216998,217015
1716,0,217015,217045
4794,0,217045,217073
3168,0,217073,217117
2030,0,217117,217141
507,0,217141,217183
3729,0,217183,217198
889,0,217198,217226
2240,0,217226,217262
865,0,217262,217296
3753,0,217296,217331
5059,0,217331,217336
6886,0,217336,217381
7775,0,217381,217423
7079,0,217423,217459
8803,0,217459,217500
720,0,217500,217535
4191,0,217535,217544
4218,0,217544,217572
663,0,217572,217577
5582,0,217577,217618
8987,0,217618,217641
5435,0,217641,217669
5609,0,217669,217697
3468,0,217697,217715
4170,0,217715,217721
9307,0,217721,217747
4638,0,217747,217790
5119,0,217790,217801
8141,0,217801,217816
1626,0,217816,217831
1391,0,217831,217856
4490,0,217856,217892
1799,0,217892,217929
8920,0,217929,217957
4192,0,217957,217987
9275,0,217987,218003
1831,0,218003,218022
742,0,218022,218060
3214,0,218060,218075
1724,0,218075,218112
1500,0,218112,218128
1644,0,218128,218135
8715,0,218135,218145
3197,0,218145,218163
9132,0,218163,218168
8678,0,218168,218182
1602,0,218182,218202
3493,0,218202,218239
1557,0,218239,218281
938,0,218281,218315
6905,0,218315,218345
7240,0,218345,218380
1776,0,218380,218405
2550,0,218405,218443
1137,0,218443,218472
8287,0,218472,218488
5920,0,218488,218530
5985,0,218530,218578
2080,0,218578,218622
7350,0,218622,218659
7431,0,218659,218687
9481,0,218687,218693
7273,0,218693,218706
5511,0,218706,218754
4006,0,218754,218790
5395,0,218790,218822
879,0,218822,218835
7039,0,218835,218884
5359,0,218884,218922
8785,0,218922,218956
2583,0,218956,219003
3850,0,219003,219010
8808,0,219010,219047
3403,0,219047,219069
2231,0,219069,219084
1520,0,219084,219114
9238,0,219114,219160
7099,0,219160,219175
8056,0,219175,219207
9656,0,219207,219236
8912,0,219236,219262
9162,0,219262,219303
3795,0,219303,219324
1431,0,219324,219364
6483,0,219364,219380
9597,0,219380,219407
7549,0,219407,219447
7033,0,219447,219486
6157,0,219486,219523
9664,0,219523,219533
6411,0,219533,219579
9870,0,219579,219589
7588,0,219589,219632
4097,0,219632,219646
4843,0,219646,219681
2904,0,219681,219718
8315,0,219718,219723
2609,0,219723,219742
1254,0,219742,219753
3695,0,219753,219761
1785,0,219761,219780
3219,0,219780,219816
4721,0,219816,219863
4635,0,219863,219870
6176,0,219870,219906
6522,0,219906,219931
4726,0,219931,219977
419,0,219977,220007
2260,0,220007,220051
251,0,220051,220096
9670,0,220096,220139
155,0,220139,220174
44,0,220174,220219
415,0,220219,220258
6265,0,220258,220305
5842,0,220305,220343
9831,0,220343,220382
2776,0,220382,220403
7112,0,220403,220410
2883,0,220410,220453
8724,0,220453,220483
9510,0,220483,220495
8394,0,220495,220503
3156,0,220503,220537
2705,0,220537,220587
9159,0,220587,220612
242,0,220612,220653
7485,0,220653,220665
4582,0,220665,220677
643,0,220677,220721
1472,0,220721,220739
2437,0,220739,220771
2769,0,220771,220819
344,0,220819,220845
2626,0,220845,220890
5712,0,220890,220931
3774,0,220931,220951
7860,0,220951,220993
7521,0,220993,221035
6761,0,221035,221066
5437,0,221066,221101
5995,0,221101,221129
1532,0,221129,221170
7599,0,221170,221211
1898,0,221211,221222
4479,0,221222,221252
220,0,221252,221259
1332,0,221259,221301
942,0,221301,221312
2599,0,221312,221341
2842,0,221341,221357
4095,0,221357,221364
6215,0,221364,221401
2980,0,221401,221417
7335,0,221417,221446
7380,0,221446,221483
4116,0,221483,221519
7545,0,221519,221547
3066,0,221547,221569
369,0,221569,221576
6296,0,221576,221619
6344,0,221619,221647
6436,0,221647,221688
7226,0,221688,221723
8640,0,221723,221760
2955,0,221760,221789
31,0,221789,221818
2174,0,221818,221826
2736,0,221826,221846
7372,0,221846,221877
2237,0,221877,221884
4396,0,221884,221895
4917,0,221895,221916
8508,0,221916,221939
9213,0,221939,221957
123,0,221957,221992
6915,0,221992,222031
3828,0,222031,222053
6452,0,222053,222078
1059,0,222078,222127
6127,0,222127,222147
6763,0,222147,222156
4988,0,222156,222176
9843,0,222176,222222
3085,0,222222,222234
1701,0,222234,222241
7747,0,222241,222247
4155,0,222247,222282
9801,0,222282,222305
7765,0,222305,222340
1573,0,222340,222360
7911,0,222360,222374
2974,0,222374,222407
9733,0,222407,222416
6185,0,222416,222430
6186,0,222430,222474
278,0,222474,222515
8903,0,222515,222552
8074,0,222552,222601
4782,0,222601,222608
2584,0,222608,222614
6464,0,222614,222654
603,0,222654,222694
399,0,222694,222700
2463,0,222700,222717
874,0,222717,222725
2944,0,222725,222737
6487,0,222737,222751
2058,0,222751,222801
6645,0,222801,222829
9362,0,222829,222837
5568,0,222837,222842
1886,0,222842,222866
1066,0,222866,222876
6509,0,222876,222914
222,0,222914,222933
7215,0,222933,222957
7674,0,222957,223007
1965,0,223007,223049
5421,0,223049,223097
3087,0,223097,223136
2543,0,223136,223156
5256,0,223156,223204
5860,0,223204,223236
3078,0,223236,223277
1807,0,223277,223288
8301,0,223288,223318
8881,0,223318,223348
961,0,223348,223388
7850,0,223388,223425
7734,0,223425,223448
6959,0,223448,223480
6131,0,223480,223511
9512,0,223511,223525
7288,0,223525,223559
8097,0,223559,223598
4177,0,223598,223646
8795,0,223646,223689
3322,0,223689,223710
1384,0,223710,223717
4263,0,223717,223754
9838,0,223754,223782
1134,0,223782,223787
7361,0,223787,223795
4434,0,223795,223836
8591,0,223836,223846
9309,0,223846,223876
5147,0,223876,223882
4121,0,223882,223900
1127,0,223900,223905
6327,0,223905,223934
4159,0,223934,223974
5453,0,223974,224020
5188,0,224020,224068
5635,0,224068,224090
8242,0,224090,224139
1322,0,224139,224162
3965,0,224162,224187
2047,0,224187,224234
1871,0,224234,224250
3040,0,224250,224262
2745,0,224262,224312
6051,0,224312,224356
9649,0,224356,224379
1609,0,224379,224421
3162,0,224421,224460
1266,0,224460,224490
6085,0,224490,224515
3984,0,224515,224556
2997,0,224556,224593
5647,0,224593,224602
4899,0,224602,224626
902,0,224626,224639
6194,0,224639,224660
3944,0,224660,224692
1897,0,224692,224712
1211,0,224712,224741
9629,0,224741,224779
305,0,224779,224806
8445,0,224806,224846
4008,0,224846,224863
6524,0,224863,224869
3800,0,224869,224888
9647,0,224888,224926
6821,0,224926,224932
3611,0,224932,224938
3473,0,224938,224956
5597,0,224956,224967
134,0,224967,224979
5620,0,224979,225028
2950,0,225028,225065
3148,0,225065,225077
2227,0,225077,225102
9286,0,225102,225124
3187,0,225124,225141
9487,0,225141,225146
7225,0,225146,225186
5608,0,225186,225207
3957,0,225207,225234
1337,0,225234,225244
3233,0,225244,225285
4552,0,225285,225310
5090,0,225310,225337
9639,0,225337,225382
1319,0,225382,225393
510,0,225393,225412
3169,0,225412,225455
3685,0,225455,225503
5600,0,225503,225538
1960,0,225538,225545
9120,0,225545,225592
2742,0,225592,225617
701,0,225617,225642
1354,0,225642,225690
2112,0,225690,225700
2960,0,225700,225741
9019,0,225741,225749
8295,0,225749,225774
6001,0,225774,225779
8412,0,225779,225829
9080,0,225829,225878
401,0,225878,225915
4041,0,225915,225920
2810,0,225920,225959
6277,0,225959,225972
3358,0,225972,226022
9633,0,226022,226060
5764,0,226060,226065
3021,0,226065,226096
5308,0,226096,226119
8753,0,226119,226154
4720,0,226154,226187
4916,0,226187,226217
3201,0,226217,226222
5301,0,226222,226249
6818,0,226249,226256
4889,0,226256,226290
8199,0,226290,226330
8706,0,226330,226356
3129,0,226356,226386
212,0,226386,226410
9523,0,226410,226416
7781,0,226416,226438
7260,0,226438,226451
2653,0,226451,226489
3819,0,226489,226517
1468,0,226517,226524
8365,0,226524,226559
8308,0,226559,226607
735,0,226607,226637
2754,0,226637,226643
3927,0,226643,226666
7965,0,226666,226694
9148,0,226694,226706
3769,0,226706,226723
2297,0,226723,226765
782,0,226765,226793
7861,0,226793,226801
6808,0,226801,226849
1707,0,226849,226865
2155,0,226865,226881
7194,0,226881,226914
6634,0,226914,226927
26,0,226927,226950
7398,0,226950,226973
4009,0,226973,227001
4970,0,227001,227048
5190,0,227048,227064
3041,0,227064,227100
5954,0,227100,227107
6373,0,227107,227134
7034,0,227134,227155
4771,0,227155,227176
5335,0,227176,227206
3243,0,227206,227238
3709,0,227238,227254
9509,0,227254,227300
862,0,227300,227316
1702,0,227316,227352
4605,0,227352,227385
4630,0,227385,227418
1280,0,227418,227429
1825,0,227429,227470
7495,0,227470,227482
9540,0,227482,227494
8620,0,227494,227519
2714,0,227519,227552
8883,0,227552,227589
9861,0,227589,227607
6173,0,227607,227613
6002,0,227613,227630
8830,0,227630,227662
6904,0,227662,227711
6700,0,227711,227717
4634,0,227717,227756
6490,0,227756,227773
2886,0,227773,227782
9918,0,227782,227798
1660,0,227798,227809
7371,0,227809,227853
1045,0,227853,227888
3997,0,227888,227899
3484,0,227899,227915
7767,0,227915,227922
5944,0,227922,227928
5151,0,227928,227963
5783,0,227963,227989
1095,0,227989,228006
5283,0,228006,228013
6981,0,228013,228061
4410,0,228061,228090
9113,0,228090,228120
53,0,228120,228166
1930,0,228166,228187
2785,0,228187,228221
9525,0,228221,228250
9392,0,228250,228268
2002,0,228268,228284
5809,0,228284,228325
5429,0,228325,228340
5091,0,228340,228361
5443,0,228361,228380
470,0,228380,228388
3009,0,228388,228400
6600,0,228400,228445
5144,0,228445,228489
9880,0,228489,228528
4461,0,228528,228553
5830,0,228553,228586
1067,0,228586,228627
9522,0,228627,228663
8865,0,228663,228671
2895,0,228671,228717
6174,0,228717,228746
1895,0,228746,228787
8385,0,228787,228831
4035,0,228831,228859
3417,0,228859,228908
1548,0,228908,228942
7333,0,228942,228961
4064,0,228961,228988
5039,0,228988,229020
6193,0,229020,229026
9763,0,229026,229063
302,0,229063,229112
2694,0,229112,229124
6023,0,229124,229163
4464,0,229163,229172
2160,0,229172,229204
8424,0,229204,229211
6714,0,229211,229218
8787,0,229218,229230
7587,0,229230,229241
2401,0,229241,229264
9353,0,229264,229304
9648,0,229304,229354
9583,0,229354,229377
4948,0,229377,229395
9049,0,229395,229445
426,0,229445,229467
2425,0,229467,229512
5477,0,229512,229545
4075,0,229545,229552
5403,0,229552,229572
1813,0,229572,229578
5645,0,229578,229623
2510,0,229623,229648
6906,0,229648,229673
428,0,229673,229683
8447,0,229683,229699
5524,0,229699,229725
2331,0,229725,229768
2729,0,229768,229780
9218,0,229780,229786
7284,0,229786,229835
7499,0,229835,229864
8884,0,229864,229912
4842,0,229912,229925
6799,0,229925,229957
9398,0,229957,230005
8416,0,230005,230043
3071,0,230043,230063
914,0,230063,230112
8414,0,230112,230121
7809,0,230121,230156
4101,0,230156,230179
4908,0,230179,230216
5698,0,230216,230232
3613,0,230232,230242
1230,0,230242,230267
5495,0,230267,230283
3033,0,230283,230302
2497,0,230302,230322
1144,0,230322,230364
5042,0,230364,230384
8601,0,230384,230424
5297,0,230424,230439
7530,0,230439,230483
520,0,230483,230497
7620,0,230497,230504
5720,0,230504,230552
9445,0,230552,230582
4569,0,230582,230631
974,0,230631,230668
548,0,230668,230696
1147,0,230696,230730
7821,0,230730,230745
6395,0,230745,230793
9131,0,230793,230841
1638,0,230841,230879
245,0,230879,230897
5339,0,230897,230903
6030,0,230903,230941
3090,0,230941,230973
8062,0,230973,231006
1595,0,231006,231012
2589,0,231012,231055
7945,0,231055,231100
7783,0,231100,231145
6754,0,231145,231181
2411,0,231181,231205
6099,0,231205,231249
9638,0,231249,231270
5367,0,231270,231299
443,0,231299,231337
6028,0,231337,231382
5255,0,231382,231430
2559,0,231430,231456
7092,0,231456,231506
4448,0,231506,231549
586,0,231549,231559
9930,0,231559,231578
8887,0,231578,231592
4560,0,231592,231634
6166,0,231634,231684
9319,0,231684,231691
6340,0,231691,231706
7045,0,231706,231735
2805,0,231735,231773
6074,0,231773,231798
4805,0,231798,231838
8176,0,231838,231865
1253,0,231865,231873
5672,0,231873,231911
9401,0,231911,231929
9323,0,231929,231962
4374,0,231962,231995
529,0,231995,232034
4881,0,232034,232055
342,0,232055,232090
6527,0,232090,232131
6316,0,232131,232150
2725,0,232150,232187
5299,0,232187,232237
4667,0,232237,232268
6699,0,232268,232300
5805,0,232300,232341
2772,0,232341,232369
9928,0,232369,232378
7160,0,232378,232385
8131,0,232385,232396
8771,0,232396,232410
7177,0,232410,232454
4536,0,232454,232479
8261,0,232479,232529
467,0,232529,232561
268,0,232561,232593
6733,0,232593,232625
8276,0,232625,232662
9760,0,232662,232702
9385,0,232702,232719
5595,0,232719,232728
4242,0,232728,232764
4530,0,232764,232777
8059,0,232777,232821
9112,0,232821,232866
7947,0,232866,232913
9171,0,232913,232944
9521,0,232944,232993
2788,0,232993,233017
7217,0,233017,233057
8693,0,233057,233080
3886,0,233080,233120
7695,0,233120,233133
517,0,233133,233161
3369,0,233161,233205
5417,0,233205,233247
7500,0,233247,233283
5173,0,233283,233298
7933,0,233298,233322
8629,0,233322,233335
3645,0,233335,233345
9872,0,233345,233371
8293,0,233371,233398
8919,0,233398,233422
4571,0,233422,233456
8405,0,233456,233496
9310,0,233496,233531
4469,0,233531,233547
9828,0,233547,233578
2508,0,233578,233600
92,0,233600,233629
8984,0,233629,233663
346,0,233663,233698
9447,0,233698,233729
7085,0,233729,233766
5183,0,233766,233780
821,0,233780,233813
125,0,233813,233828
2288,0,233828,233864
7342,0,233864,233880
6361,0,233880,233930
4314,0,233930,233953
8491,0,233953,233981
1200,0,233981,233997
3476,0,233997,234029
6092,0,234029,234072
2332,0,234072,234089
2554,0,234089,234113
2011,0,234113,234144
9543,0,234144,234172
2143,0,234172,234179
8158,0,234179,234219
8071,0,234219,234245
9214,0,234245,234251
5818,0,234251,234301
473,0,234301,234328
2823,0,234328,234349
4317,0,234349,234378
4576,0,234378,234417
8821,0,234417,234453
1879,0,234453,234474
4001,0,234474,234509
555,0,234509,234526
8850,0,234526,234540
8467,0,234540,234562
9931,0,234562,234596
8709,0,234596,234627
3455,0,234627,234674
3415,0,234674,234722
3841,0,234722,234744
324,0,234744,234786
3740,0,234786,234809
5073,0,234809,234824
7957,0,234824,234862
7091,0,234862,234875
274,0,234875,234901
6860,0,234901,234945
4898,0,234945,234955
8153,0,234955,234965
3259,0,234965,234993
1757,0,234993,235006
7417,0,235006,235012
5169,0,235012,235032
1550,0,235032,235046
4254,0,235046,235092
3831,0,235092,235133
557,0,235133,235142
7679,0,235142,235171
9300,0,235171,235181
7887,0,235181,235201
4214,0,235201,235209
2564,0,235209,235227
2865,0,235227,235238
8259,0,235238,235262
5763,0,235262,235286
1026,0,235286,235321
9848,0,235321,235346
2648,0,235346,235369
6935,0,235369,235408
1909,0,235408,235451
4998,0,235451,235498
2695,0,235498,235504
3507,0,235504,235523
8355,0,235523,235531
1966,0,235531,235544
5676,0,235544,235594
8635,0,235594,235604
8407,0,235604,235639
5322,0,235639,235687
9844,0,235687,235692
4077,0,235692,235714
6167,0,235714,235721
5632,0,235721,235743
1584,0,235743,235756
5684,0,235756,235797
949,0,235797,235830
6392,0,235830,235848
6708,0,235848,235871
8885,0,235871,235885
804,0,235885,235890
6578,0,235890,235902
5634,0,235902,235940
3394,0,235940,235975
3621,0,235975,235991
3958,0,235991,236038
4761,0,236038,236058
8731,0,236058,236063
4326,0,236063,236076
3144,0,236076,236095
8005,0,236095,236127
7345,0,236127,236148
3137,0,236148,236173
6245,0,236173,236197
1313,0,236197,236226
7073,0,236226,236265
4920,0,236265,236293
5909,0,236293,236312
2664,0,236312,236352
5733,0,236352,236378
9752,0,236378,236388
5738,0,236388,236422
2399,0,236422,236465
2744,0,236465,236480
3816,0,236480,236530
1232,0,236530,236578
7176,0,236578,236589
1401,0,236589,236624
7606,0,236624,236640
7785,0,236640,236684
8041,0,236684,236728
1050,0,236728,236745
4274,0,236745,236765
8160,0,236765,236805
9074,0,236805,236817
6630,0,236817,236840
9044,0,236840,236890
7636,0,236890,236939
7617,0,236939,236959
262,0,236959,236976
7233,0,236976,236998
1477,0,236998,237019
5284,0,237019,237031
3190,0,237031,237052
4366,0,237052,237060
981,0,237060,237081
7954,0,237081,237117
2775,0,237117,237163
7294,0,237163,237205
9175,0,237205,237233
570,0,237233,237282
4804,0,237282,237313
8544,0,237313,237356
5266,0,237356,237380
1552,0,237380,237397
4879,0,237397,237434
7103,0,237434,237440
5107,0,237440,237468
5508,0,237468,237475
7363,0,237475,237510
7193,0,237510,237529
3581,0,237529,237571
2702,0,237571,237580
2530,0,237580,237589
8338,0,237589,237615
8877,0,237615,237657
3044,0,237657,237693
5166,0,237693,237728
7056,0,237728,237737
5280,0,237737,237753
4258,0,237753,237768
5706,0,237768,237790
5857,0,237790,237837
1455,0,237837,237856
9592,0,237856,237882
5050,0,237882,237901
2110,0,237901,237914
4260,0,237914,237927
8452,0,237927,237965
2078,0,237965,237974
6477,0,237974,238007
1178,0,238007,238039
2036,0,238039,238065
5748,0,238065,238095
3161,0,238095,238145
5862,0,238145,238151
535,0,238151,238160
3142,0,238160,238181
9968,0,238181,238202
3699,0,238202,238249
5358,0,238249,238267
3224,0,238267,238297
1317,0,238297,238315
8450,0,238315,238326
3282,0,238326,238351
8180,0,238351,238357
2249,0,238357,238374
5471,0,238374,238411
615,0,238411,238422
1634,0,238422,238446
338,0,238446,238484
2933,0,238484,238523
3178,0,238523,238544
7854,0,238544,238560
7143,0,238560,238607
9643,0,238607,238627
9176,0,238627,238659
7889,0,238659,238691
6893,0,238691,238707
7052,0,238707,238736
4666,0,238736,238743
9742,0,238743,238766
3683,0,238766,238775
3485,0,238775,238824
5713,0,238824,238870
4914,0,238870,238888
704,0,238888,238894
2277,0,238894,238904
777,0,238904,238919
1345,0,238919,238947
1223,0,238947,238982
410,0,238982,238997
6112,0,238997,239018
3530,0,239018,239061
9907,0,239061,239106
9581,0,239106,239127
4059,0,239127,239172
3713,0,239172,239213
8147,0,239213,239225
5320,0,239225,239234
4019,0,239234,239258
6209,0,239258,239303
6105,0,239303,239336
5134,0,239336,239343
9645,0,239343,239358
494,0,239358,239369
5958,0,239369,239376
2351,0,239376,239420
3405,0,239420,239469
3642,0,239469,239500
3365,0,239500,239510
34,0,239510,239557
3976,0,239557,239563
1792,0,239563,239582
8764,0,239582,239615
6086,0,239615,239647
7730,0,239647,239660
442,0,239660,239691
5831,0,239691,239726
4339,0,239726,239762
4417,0,239762,239770
3280,0,239770,239814
1088,0,239814,239825
7566,0,239825,239860
4224,0,239860,239867
5558,0,239867,239896
2095,0,239896,239934
1855,0,239934,239959
5922,0,239959,240003
1984,0,240003,240049
3553,0,240049,240057
162,0,240057,240105
4593,0,240105,240140
363,0,240140,240160
1320,0,240160,240200
8356,0,240200,240214
4341,0,240214,240256
8479,0,240256,240277
7555,0,240277,240314
5903,0,240314,240336
5005,0,240336,240386
4791,0,240386,240417
8824,0,240417,240446
4143,0,240446,240471
9078,0,240471,240514
2869,0,240514,240553
9490,0,240553,240562
3601,0,240562,240596
6079,0,240596,240634
7574,0,240634,240671
4811,0,240671,240707
7557,0,240707,240730
437,0,240730,240756
7581,0,240756,240770
2704,0,240770,240810
1506,0,240810,240837
5463,0,240837,240861
6096,0,240861,240878
8515,0,240878,240891
5312,0,240891,240941
1157,0,240941,240972
2444,0,240972,241022
4774,0,241022,241072
6394,0,241072,241095
1818,0,241095,241129
5121,0,241129,241179
9228,0,241179,241187
3562,0,241187,241194
2014,0,241194,241227
7794,0,241227,241269
317,0,241269,241290
6172,0,241290,241328
9685,0,241328,241371
2680,0,241371,241397
2424,0,241397,241435
5233,0,241435,241472
5872,0,241472,241518
1276,0,241518,241566
7744,0,241566,241613
6197,0,241613,241623
8227,0,241623,241635
9941,0,241635,241644
2710,0,241644,241667
3839,0,241667,241692
2366,0,241692,241741
7745,0,241741,241756
7788,0,241756,241802
5130,0,241802,241816
4904,0,241816,241833
5618,0,241833,241846
3782,0,241846,241858
6189,0,241858,241868
8177,0,241868,241884
1292,0,241884,241914
2840,0,241914,241936
3956,0,241936,241943
2661,0,241943,241972
9841,0,241972,241999
9511,0,241999,242014
2048,0,242014,242063
1042,0,242063,242095
6599,0,242095,242117
3194,0,242117,242131
4431,0,242131,242157
8027,0,242157,242184
8105,0,242184,242232
1241,0,242232,242272
8768,0,242272,242281
7463,0,242281,242323
2663,0,242323,242369
2596,0,242369,242377
2222,0,242377,242386
1979,0,242386,242392
9500,0,242392,242419
741,0,242419,242426
7951,0,242426,242467
3177,0,242467,242508
8516,0,242508,242525
2465,0,242525,242556
7195,0,242556,242582
4331,0,242582,242631
2084,0,242631,242647
1518,0,242647,242697
2431,0,242697,242731
8326,0,242731,242742
1160,0,242742,242784
2065,0,242784,242824
1663,0,242824,242856
290,0,242856,242885
9549,0,242885,242907
2360,0,242907,242916
8878,0,242916,242965
269,0,242965,242982
583,0,242982,243025
7173,0,243025,243065
4764,0,243065,243083
577,0,243083,243116
3961,0,243116,243153
5133,0,243153,243191
6560,0,243191,243224
6425,0,243224,243256
5840,0,243256,243288
2809,0,243288,243308
4043,0,243308,243358
267,0,243358,243378
6510,0,243378,243407
4705,0,243407,243428
7988,0,243428,243468
6075,0,243468,243514
5140,0,243514,243534
6393,0,243534,243568
9808,0,243568,243605
3522,0,243605,243610
6065,0,243610,243619
7430,0,243619,243654
2251,0,243654,243690
3114,0,243690,243701
9703,0,243701,243748
500,0,243748,243778
2959,0,243778,243785
3107,0,243785,243801
4433,0,243801,243840
6228,0,243840,243871
9008,0,243871,243905
2829,0,243905,243947
7608,0,243947,243987
4273,0,243987,244018
9679,0,244018,244035
1744,0,244035,244079
3367,0,244079,244106
9184,0,244106,244122
8192,0,244122,244171
2741,0,244171,244193
2103,0,244193,244217
1685,0,244217,244260
1309,0,244260,244308
2764,0,244308,244318
6663,0,244318,244329
8934,0,244329,244362
1565,0,244362,244376
382,0,244376,244405
5211,0,244405,244444
9903,0,244444,244482
3771,0,244482,244507
9010,0,244507,244549
9291,0,244549,244590
9726,0,244590,244609
187,0,244609,244654
1788,0,244654,244671
3711,0,244671,244682
337,0,244682,244718
7690,0,244718,244761
4578,0,244761,244799
7462,0,244799,244810
4080,0,244810,244840
6653,0,244840,244884
4772,0,244884,244917
8248,0,244917,244953
4423,0,244953,245003
524,0,245003,245008
8193,0,245008,245020
4550,0,245020,245068
100,0,245068,245086
2739,0,245086,245100
1258,0,245100,245114
9882,0,245114,245149
3912,0,245149,245189
3026,0,245189,245232
7551,0,245232,245254
2129,0,245254,245266
9570,0,245266,245298
6326,0,245298,245317
9198,0,245317,245347
2381,0,245347,245379
4508,0,245379,245428
453,0,245428,245452
1302,0,245452,245483
5865,0,245483,245511
7946,0,245511,245529
9682,0,245529,245536
6013,0,245536,245554
9003,0,245554,245568
9590,0,245568,245617
9196,0,245617,245663
4236,0,245663,245695
8999,0,245695,245700
4787,0,245700,245744
6616,0,245744,245764
18,0,245764,245789
8461,0,245789,245833
7147,0,245833,245840
3287,0,245840,245849
3606,0,245849,245899
9134,0,245899,245949
8216,0,245949,245966
9224,0,245966,245990
6364,0,245990,246007
2679,0,246007,246015
7976,0,246015,246025
3024,0,246025,246040
700,0,246040,246050
9820,0,246050,246070
3050,0,246070,246103
7542,0,246103,246131
2173,0,246131,246143
9158,0,246143,246174
4863,0,246174,246215
5189,0,246215,246232
4866,0,246232,246245
4826,0,246245,246278
3220,0,246278,246290
2049,0,246290,246314
7709,0,246314,246342
3515,0,246342,246364
7631,0,246364,246406
9498,0,246406,246444
6528,0,246444,246453
1065,0,246453,246473
3458,0,246473,246491
633,0,246491,246512
2436,0,246512,246532
1361,0,246532,246559
8513,0,246559,246602
9884,0,246602,246642
7364,0,246642,246666
2668,0,246666,246682
2483,0,246682,246725
5563,0,246725,246744
1341,0,246744,246793
1397,0,246793,246840
2023,0,246840,246866
8462,0,246866,246894
2827,0,246894,246906
1420,0,246906,246940
4625,0,246940,246948
1470,0,246948,246987
1037,0,246987,247015
254,0,247015,247058
5274,0,247058,247091
4688,0,247091,247139
8845,0,247139,247166
8023,0,247166,247208
9280,0,247208,247250
861,0,247250,247268
8662,0,247268,247292
9479,0,247292,247307
9975,0,247307,247339
5642,0,247339,247349
2548,0,247349,247365
7489,0,247365,247378
4544,0,247378,247398
2492,0,247398,247440
2838,0,247440,247471
3076,0,247471,247507
4501,0,247507,247538
2393,0,247538,247556
3974,0,247556,247603
7476,0,247603,247627
3871,0,247627,247654
4324,0,247654,247672
626,0,247672,247719
2918,0,247719,247755
5330,0,247755,247760
471,0,247760,247802
5890,0,247802,247822
2371,0,247822,247863
7196,0,247863,247895
7187,0,247895,247909
4171,0,247909,247957
5287,0,247957,247988
2752,0,247988,248008
9756,0,248008,248018
732,0,248018,248043
2003,0,248043,248093
8789,0,248093,248113
3541,0,248113,248153
8941,0,248153,248181
5814,0,248181,248197
8111,0,248197,248223
6826,0,248223,248270
4607,0,248270,248312
221,0,248312,248319
3533,0,248319,248346
2719,0,248346,248368
1749,0,248368,248409
5163,0,248409,248452
143,0,248452,248494
6177,0,248494,248544
9028,0,248544,248558
9815,0,248558,248565
446,0,248565,248582
4076,0,248582,248629
5040,0,248629,248670
3401,0,248670,248693
6797,0,248693,248738
5521,0,248738,248764
8702,0,248764,248775
2567,0,248775,248794
4606,0,248794,248841
4363,0,248841,248873
568,0,248873,248889
6753,0,248889,248926
4567,0,248926,248952
7071,0,248952,248997
9468,0,248997,249029
724,0,249029,249072
4388,0,249072,249103
4506,0,249103,249149
9025,0,249149,249183
299,0,249183,249221
