task_id,resource_id,start_time,finish_time
3124,4,0,34
4930,2,0,38
2724,1,1,16
8917,3,2,27
9542,0,6,48
4850,1,16,57
8458,3,27,73
1517,4,34,79
1048,2,38,74
3334,0,48,73
3264,1,57,98
2906,3,73,109
2711,0,73,103
3409,2,74,100
7570,4,79,110
1563,1,98,137
8894,2,100,121
6571,0,103,131
8512,3,109,158
1216,4,110,152
8623,2,121,162
8165,0,131,143
6803,1,137,147
2235,0,143,177
4426,1,147,171
4104,4,152,187
9552,3,158,180
4901,2,162,205
6532,1,171,202
9360,0,177,223
2888,3,180,205
7248,4,187,195
238,4,195,221
4144,1,202,216
3307,3,205,230
9515,2,205,233
3023,1,216,243
5569,4,221,256
1124,0,223,248
9083,3,230,259
9898,2,233,243
465,2,243,285
618,1,243,251
781,0,248,264
6007,1,251,267
2357,4,256,299
1268,3,259,300
5964,0,264,301
2586,1,267,313
1185,2,285,315
5007,4,299,339
105,3,300,343
8584,0,301,335
3603,1,313,356
4735,2,315,348
445,0,335,372
304,4,339,380
8998,3,343,375
6011,2,348,388
5559,1,356,378
788,0,372,398
9947,3,375,407
8079,1,378,412
7488,4,380,409
4408,2,388,438
1330,0,398,438
6135,3,407,442
8311,4,409,440
7862,1,412,458
4249,2,438,474
2522,0,438,451
8194,4,440,453
6573,3,442,485
5947,0,451,485
9095,4,453,459
211,1,458,505
9015,4,459,509
7815,2,474,523
2073,3,485,520
4072,0,485,498
5562,0,498,528
7732,1,505,538
3448,4,509,557
9357,3,520,560
6583,2,523,571
2070,0,528,574
5038,1,538,584
5347,4,557,605
1132,3,560,571
1995,2,571,579
5938,3,571,604
3809,0,574,624
2200,2,579,610
7051,1,584,609
2075,3,604,649
9417,4,605,618
8178,1,609,631
6486,2,610,641
927,4,618,636
1630,0,624,657
8672,1,631,636
9725,4,636,670
2043,1,636,658
1,2,641,688
4361,3,649,661
9333,0,657,685
3577,1,658,705
4503,3,661,681
7513,4,670,698
8446,3,681,714
375,0,685,730
1482,2,688,726
4758,4,698,721
5513,1,705,753
6304,3,714,756
6553,4,721,740
3286,2,726,767
6557,0,730,771
282,4,740,782
240,1,753,796
9964,3,756,801
3364,2,767,807
766,0,771,799
1682,4,782,818
9449,1,796,819
2377,0,799,838
3521,3,801,845
9991,2,807,855
4485,4,818,862
8832,1,819,852
8926,0,838,887
6531,3,845,878
8129,1,852,892
3096,2,855,897
9944,4,862,898
9919,3,878,911
9530,0,887,930
199,1,892,936
9270,2,897,905
3590,4,898,934
9191,2,905,929
1367,3,911,927
5383,3,927,976
5736,2,929,965
3276,0,930,970
5981,4,934,970
7531,1,936,948
9869,1,948,977
525,2,965,982
9837,4,970,1020
7822,0,970,1010
2008,3,976,996
2579,1,977,1013
1530,2,982,1031
1403,3,996,1024
9420,0,1010,1038
3442,1,1013,1039
522,4,1020,1041
2795,3,1024,1039
6264,2,1031,1040
6952,0,1038,1049
1460,3,1039,1088
5886,1,1039,1062
1217,2,1040,1080
1103,4,1041,1086
3191,0,1049,1056
6214,0,1056,1097
7900,1,1062,1112
5472,2,1080,1118
2882,4,1086,1132
609,3,1088,1134
6064,0,1097,1103
748,0,1103,1130
3938,1,1112,1148
835,2,1118,1168
6282,0,1130,1154
6071,4,1132,1165
8823,3,1134,1172
5657,1,1148,1198
6040,0,1154,1201
2093,4,1165,1210
1522,2,1168,1183
1793,3,1172,1190
7473,2,1183,1231
7247,3,1190,1236
3835,1,1198,1236
5195,0,1201,1227
9832,4,1210,1232
5969,0,1227,1273
3669,2,1231,1281
6308,4,1232,1251
8224,3,1236,1281
8078,1,1236,1286
2825,4,1251,1271
1046,4,1271,1316
5877,0,1273,1313
3338,3,1281,1314
2637,2,1281,1288
2091,1,1286,1312
1474,2,1288,1334
2326,1,1312,1341
1925,0,1313,1341
4365,3,1314,1343
4653,4,1316,1346
2205,2,1334,1345
5411,0,1341,1386
1665,1,1341,1388
4474,3,1343,1383
4608,2,1345,1380
9016,4,1346,1379
3947,4,1379,1422
7306,2,1380,1422
7828,3,1383,1432
3885,0,1386,1419
9633,1,1388,1426
3072,0,1419,1461
6043,4,1422,1435
2898,2,1422,1440
7640,1,1426,1445
4197,3,1432,1447
9555,4,1435,1482
9034,2,1440,1474
3090,1,1445,1477
4699,3,1447,1491
8701,0,1461,1501
188,2,1474,1517
8601,1,1477,1517
5740,4,1482,1510
7063,3,1491,1513
1724,0,1501,1538
4399,4,1510,1549
751,3,1513,1547
7980,2,1517,1567
8475,1,1517,1567
1831,0,1538,1557
3342,3,1547,1578
5324,4,1549,1571
1573,0,1557,1577
1977,2,1567,1596
4826,1,1567,1600
1877,4,1571,1593
5600,0,1577,1612
4995,3,1578,1615
2712,4,1593,1602
9986,2,1596,1636
6826,1,1600,1647
800,4,1602,1613
2160,0,1612,1644
4126,4,1613,1618
5102,3,1615,1657
5026,4,1618,1668
7529,2,1636,1675
6754,0,1644,1680
8012,1,1647,1693
4766,3,1657,1702
407,4,1668,1718
401,2,1675,1712
6799,0,1680,1712
4771,1,1693,1714
404,3,1702,1728
3944,2,1712,1744
7364,0,1712,1736
3694,1,1714,1763
9757,4,1718,1729
4033,3,1728,1742
5724,4,1729,1753
6142,0,1736,1773
9603,3,1742,1764
7217,2,1744,1784
6480,4,1753,1774
8377,1,1763,1791
4651,3,1764,1803
9160,0,1773,1797
6972,4,1774,1785
8248,2,1784,1820
1232,4,1785,1833
6241,1,1791,1841
5379,0,1797,1847
1680,3,1803,1844
3839,2,1820,1845
6578,4,1833,1845
7878,1,1841,1876
6098,3,1844,1893
7417,4,1845,1851
7923,2,1845,1879
8664,0,1847,1883
3019,4,1851,1887
8176,1,1876,1903
926,2,1879,1908
4488,0,1883,1894
1909,4,1887,1930
6581,3,1893,1937
2047,0,1894,1941
3931,1,1903,1947
5329,2,1908,1957
6719,4,1930,1951
7128,3,1937,1987
2014,0,1941,1974
4953,1,1947,1987
1978,4,1951,1997
9729,2,1957,1976
1353,0,1974,1985
7470,2,1976,2016
1241,0,1985,2025
1776,3,1987,2012
7920,1,1987,2000
8462,4,1997,2025
2117,1,2000,2038
155,3,2012,2047
4646,2,2016,2062
7917,0,2025,2063
7463,4,2025,2067
4438,1,2038,2086
6344,3,2047,2075
8198,2,2062,2102
8252,0,2063,2107
9290,4,2067,2113
4569,3,2075,2124
6181,1,2086,2126
9929,2,2102,2142
4737,0,2107,2138
853,4,2113,2142
2424,3,2124,2162
4598,1,2126,2158
1177,0,2138,2174
2602,4,2142,2180
9927,2,2142,2181
6292,1,2158,2189
6105,3,2162,2195
2397,0,2174,2202
5534,4,2180,2209
2937,2,2181,2216
2113,1,2189,2238
7557,3,2195,2218
2857,0,2202,2240
6260,4,2209,2224
7655,2,2216,2260
2103,3,2218,2242
3136,4,2224,2244
2016,1,2238,2286
2960,0,2240,2281
6599,3,2242,2264
4346,4,2244,2257
4083,4,2257,2307
4241,2,2260,2290
4923,3,2264,2308
2763,0,2281,2330
5608,1,2286,2307
8532,2,2290,2333
7677,4,2307,2355
667,1,2307,2318
7579,3,2308,2353
1927,1,2318,2365
2366,0,2330,2379
6244,2,2333,2370
9763,3,2353,2390
7353,4,2355,2398
5326,1,2365,2399
7429,2,2370,2394
9308,0,2379,2425
99,3,2390,2419
3069,2,2394,2442
9151,4,2398,2430
8566,1,2399,2442
1726,3,2419,2441
9046,0,2425,2469
2983,4,2430,2476
2664,3,2441,2481
6343,2,2442,2466
3385,1,2442,2470
2645,2,2466,2496
6160,0,2469,2513
6124,1,2470,2502
909,4,2476,2488
3760,3,2481,2510
1751,4,2488,2526
6467,2,2496,2526
8289,1,2502,2546
750,3,2510,2555
9132,0,2513,2518
8674,0,2518,2554
3050,2,2526,2559
3419,4,2526,2535
5419,4,2535,2583
9994,1,2546,2595
8684,0,2554,2587
1190,3,2555,2588
8395,2,2559,2594
7801,4,2583,2594
3502,0,2587,2620
7637,3,2588,2610
160,4,2594,2604
5196,2,2594,2639
9957,1,2595,2608
4432,4,2604,2609
4615,1,2608,2652
3539,4,2609,2645
2805,3,2610,2648
4933,0,2620,2653
8267,2,2639,2666
8477,4,2645,2659
9561,3,2648,2687
178,1,2652,2695
5288,0,2653,2698
5676,4,2659,2709
2076,2,2666,2702
1992,3,2687,2692
2267,3,2692,2712
200,1,2695,2718
1827,0,2698,2739
1324,2,2702,2711
3213,4,2709,2743
4965,2,2711,2725
981,3,2712,2733
8897,1,2718,2743
1818,2,2725,2759
6646,3,2733,2741
1582,0,2739,2777
9251,3,2741,2758
9347,4,2743,2784
3372,1,2743,2753
5482,1,2753,2791
3227,3,2758,2782
2116,2,2759,2808
6300,0,2777,2816
6340,3,2782,2797
7754,4,2784,2802
7142,1,2791,2822
9809,3,2797,2846
1168,4,2802,2846
9632,2,2808,2844
8288,0,2816,2829
5444,1,2822,2862
1878,0,2829,2875
9884,2,2844,2884
1971,3,2846,2864
4274,4,2846,2866
7283,1,2862,2893
3025,3,2864,2883
1677,4,2866,2900
1629,0,2875,2916
8950,3,2883,2913
8806,2,2884,2924
9201,1,2893,2928
6412,4,2900,2950
4883,3,2913,2938
4567,0,2916,2942
4744,2,2924,2968
6171,1,2928,2974
6407,3,2938,2972
5812,0,2942,2963
3018,4,2950,2970
2257,0,2963,2998
6497,2,2968,2980
4816,4,2970,3013
7009,3,2972,3006
7636,1,2974,3023
230,2,2980,2994
7578,2,2994,3042
8526,0,2998,3041
8817,3,3006,3012
9525,3,3012,3041
4200,4,3013,3058
9268,1,3023,3046
9400,3,3041,3062
2599,0,3041,3070
1205,2,3042,3082
5636,1,3046,3083
5698,4,3058,3074
5147,3,3062,3068
4493,3,3068,3099
7465,0,3070,3082
765,4,3074,3103
1712,0,3082,3118
5321,2,3082,3129
4827,1,3083,3130
4275,3,3099,3135
9082,4,3103,3119
8523,0,3118,3153
5971,4,3119,3142
8773,2,3129,3143
6611,1,3130,3167
6746,3,3135,3165
8053,4,3142,3181
6699,2,3143,3175
986,0,3153,3158
1996,0,3158,3177
7003,3,3165,3197
1435,1,3167,3192
8792,2,3175,3192
194,0,3177,3218
7272,4,3181,3209
3326,2,3192,3204
5044,1,3192,3235
4971,3,3197,3237
184,2,3204,3253
3167,4,3209,3240
7628,0,3218,3237
8231,1,3235,3262
9217,3,3237,3286
310,0,3237,3244
8725,4,3240,3252
7222,0,3244,3293
6830,4,3252,3294
2387,2,3253,3285
6938,1,3262,3283
4129,1,3283,3323
6554,2,3285,3325
2924,3,3286,3306
1294,0,3293,3341
2454,4,3294,3335
6468,3,3306,3354
3507,1,3323,3342
5644,2,3325,3367
9843,4,3335,3381
231,0,3341,3388
8905,1,3342,3375
3832,3,3354,3400
8242,2,3367,3416
9591,1,3375,3402
8296,4,3381,3413
6887,0,3388,3413
6918,3,3400,3433
9572,1,3402,3416
6378,0,3413,3446
6994,4,3413,3458
4311,2,3416,3445
3082,1,3416,3444
5142,3,3433,3450
5578,1,3444,3479
3133,2,3445,3485
3608,0,3446,3466
6781,3,3450,3500
2260,4,3458,3502
3354,0,3466,3503
937,1,3479,3510
989,2,3485,3523
2380,3,3500,3541
5878,4,3502,3537
4934,0,3503,3550
3335,1,3510,3554
8617,2,3523,3542
8861,4,3537,3584
2555,3,3541,3563
8594,2,3542,3558
6088,0,3550,3556
8882,1,3554,3572
5715,0,3556,3570
1465,2,3558,3605
1149,3,3563,3578
1013,0,3570,3593
8298,1,3572,3610
3999,3,3578,3610
5428,4,3584,3633
2849,0,3593,3615
6205,2,3605,3618
8910,3,3610,3631
997,1,3610,3648
9831,0,3615,3654
1283,2,3618,3662
1334,3,3631,3680
4471,4,3633,3649
604,1,3648,3682
6654,4,3649,3694
8714,0,3654,3678
3394,2,3662,3697
1812,0,3678,3704
514,3,3680,3730
2739,1,3682,3696
5124,4,3694,3702
8468,1,3696,3745
2044,2,3697,3725
5963,4,3702,3751
4619,0,3704,3751
7618,2,3725,3750
8937,3,3730,3778
8144,1,3745,3787
7437,2,3750,3775
1781,0,3751,3762
2509,4,3751,3784
9152,0,3762,3788
1174,2,3775,3794
62,3,3778,3804
3816,4,3784,3834
8705,1,3787,3805
901,0,3788,3815
2444,2,3794,3844
8867,3,3804,3823
9078,1,3805,3848
9018,0,3815,3842
7370,3,3823,3865
8418,4,3834,3874
6946,0,3842,3888
8854,2,3844,3887
7303,1,3848,3881
2697,3,3865,3881
5838,4,3874,3890
8025,3,3881,3929
3943,1,3881,3920
9775,2,3887,3915
9044,0,3888,3938
9423,4,3890,3919
2317,2,3915,3964
5871,4,3919,3940
7281,1,3920,3932
8199,3,3929,3969
2893,1,3932,3964
4856,0,3938,3982
9155,4,3940,3947
7500,4,3947,3983
3974,1,3964,4011
6093,2,3964,4002
2419,3,3969,4012
9419,0,3982,4010
4720,4,3983,4016
524,2,4002,4007
4700,2,4007,4024
4551,0,4010,4035
1343,1,4011,4020
4786,3,4012,4032
204,4,4016,4040
5024,1,4020,4064
6096,2,4024,4041
3942,3,4032,4056
4481,0,4035,4057
5199,4,4040,4090
6871,2,4041,4057
7975,3,4056,4082
4584,0,4057,4066
9272,2,4057,4099
4060,1,4064,4091
4303,0,4066,4095
3657,3,4082,4128
9296,4,4090,4140
4867,1,4091,4123
125,0,4095,4110
4539,2,4099,4112
2762,0,4110,4158
6189,2,4112,4122
4868,2,4122,4151
8619,1,4123,4167
6885,3,4128,4164
8306,4,4140,4181
7111,2,4151,4178
2329,0,4158,4189
3626,3,4164,4179
2023,1,4167,4193
1008,2,4178,4203
3249,3,4179,4190
335,4,4181,4203
5908,0,4189,4225
1691,3,4190,4236
1547,1,4193,4238
2460,4,4203,4246
798,2,4203,4251
9559,0,4225,4241
4402,3,4236,4242
9806,1,4238,4270
6080,0,4241,4289
510,3,4242,4261
8990,4,4246,4275
2536,2,4251,4257
8208,2,4257,4292
9969,3,4261,4310
9299,1,4270,4302
6679,4,4275,4320
767,0,4289,4339
7038,2,4292,4330
7415,1,4302,4347
1609,3,4310,4352
2512,4,4320,4350
4892,2,4330,4374
2789,0,4339,4348
9040,1,4347,4370
8845,0,4348,4375
5432,4,4350,4360
3290,3,4352,4386
223,4,4360,4370
5140,1,4370,4390
2493,4,4370,4404
9365,2,4374,4407
9733,0,4375,4384
7331,0,4384,4414
893,3,4386,4407
4647,1,4390,4435
641,4,4404,4423
7039,3,4407,4456
8324,2,4407,4441
9627,0,4414,4436
5980,4,4423,4447
3369,1,4435,4479
9061,0,4436,4441
3087,0,4441,4480
4869,2,4441,4489
320,4,4447,4497
5851,3,4456,4496
4011,1,4479,4521
6782,0,4480,4501
3787,2,4489,4537
4162,3,4496,4523
5194,4,4497,4525
9669,0,4501,4529
1986,1,4521,4567
8034,3,4523,4548
2822,4,4525,4553
8839,0,4529,4559
341,2,4537,4581
4670,3,4548,4597
1923,4,4553,4587
4270,0,4559,4607
3792,1,4567,4600
4203,2,4581,4593
5759,4,4587,4609
9578,2,4593,4636
506,3,4597,4645
6329,1,4600,4639
2780,0,4607,4638
1788,4,4609,4626
4823,4,4626,4640
8192,2,4636,4685
3846,0,4638,4663
6101,1,4639,4672
5974,4,4640,4669
8914,3,4645,4651
4001,3,4651,4686
2141,0,4663,4696
1757,4,4669,4682
7965,1,4672,4700
7482,4,4682,4732
3954,2,4685,4727
7670,3,4686,4734
1826,0,4696,4721
8611,1,4700,4717
7207,1,4717,4750
8039,0,4721,4741
6853,2,4727,4774
7022,4,4732,4757
4607,3,4734,4776
5607,0,4741,4775
4997,1,4750,4785
4427,4,4757,4763
7167,4,4763,4786
2034,2,4774,4803
9261,0,4775,4824
8760,3,4776,4812
4414,1,4785,4827
2449,4,4786,4814
8412,2,4803,4853
9651,3,4812,4835
11,4,4814,4850
8852,0,4824,4850
9339,1,4827,4870
8916,3,4835,4884
1741,0,4850,4891
6693,4,4850,4878
2813,2,4853,4859
5814,2,4859,4875
8688,1,4870,4908
5717,2,4875,4908
9439,4,4878,4900
6136,3,4884,4924
1252,0,4891,4908
2052,4,4900,4946
7706,0,4908,4958
2689,2,4908,4937
6512,1,4908,4916
6705,1,4916,4965
9087,3,4924,4974
4254,2,4937,4983
6239,4,4946,4992
2883,0,4958,5001
4443,1,4965,4987
133,3,4974,5000
4829,2,4983,5027
5131,1,4987,5008
2072,4,4992,5025
4052,3,5000,5022
1832,0,5001,5035
3687,1,5008,5049
4833,3,5022,5052
1376,4,5025,5063
4467,2,5027,5069
4071,0,5035,5066
6983,1,5049,5089
1471,3,5052,5098
5592,4,5063,5113
7775,0,5066,5108
6586,2,5069,5117
8739,1,5089,5116
643,3,5098,5142
2054,0,5108,5135
7262,4,5113,5157
6910,1,5116,5154
3819,2,5117,5145
2932,0,5135,5167
928,3,5142,5190
3844,2,5145,5154
7365,2,5154,5183
2471,1,5154,5203
7025,4,5157,5194
5036,0,5167,5212
1332,2,5183,5225
9374,3,5190,5197
9442,4,5194,5239
9693,3,5197,5221
7289,1,5203,5244
7138,0,5212,5234
8441,3,5221,5271
1097,2,5225,5259
5807,0,5234,5255
2617,4,5239,5257
1791,1,5244,5283
3799,0,5255,5295
4099,4,5257,5302
5831,2,5259,5294
4223,3,5271,5320
2794,1,5283,5297
4215,2,5294,5312
2941,0,5295,5319
9745,1,5297,5342
3174,4,5302,5341
4961,2,5312,5348
5146,0,5319,5331
7481,3,5320,5362
6232,0,5331,5362
2731,4,5341,5349
9425,1,5342,5354
3531,2,5348,5378
8216,4,5349,5366
3919,1,5354,5386
2022,3,5362,5379
2514,0,5362,5405
9699,4,5366,5404
4894,2,5378,5417
9910,3,5379,5429
9807,1,5386,5421
4689,4,5404,5431
3238,0,5405,5438
253,2,5417,5456
4239,1,5421,5449
8063,3,5429,5442
2704,4,5431,5471
5804,0,5438,5475
4891,3,5442,5447
1160,3,5447,5489
221,1,5449,5456
4702,2,5456,5505
7912,1,5456,5491
4429,4,5471,5493
3477,0,5475,5489
1044,3,5489,5538
2965,0,5489,5515
9287,1,5491,5517
8029,4,5493,5526
6492,2,5505,5520
1223,0,5515,5550
3965,1,5517,5542
9894,2,5520,5553
2486,4,5526,5559
8791,3,5538,5573
3034,1,5542,5562
28,0,5550,5598
1747,2,5553,5593
3300,4,5559,5582
7173,1,5562,5602
2538,3,5573,5601
5853,4,5582,5626
5900,2,5593,5628
1648,0,5598,5628
3958,3,5601,5648
4260,1,5602,5615
8024,1,5615,5662
9186,4,5626,5645
7948,0,5628,5658
6417,2,5628,5674
8775,4,5645,5681
8922,3,5648,5686
2189,0,5658,5703
3685,1,5662,5710
9718,2,5674,5688
533,4,5681,5703
7530,3,5686,5730
3424,2,5688,5700
4821,2,5700,5737
7456,0,5703,5730
8197,4,5703,5723
7885,1,5710,5716
1817,1,5716,5744
5132,4,5723,5742
7804,3,5730,5744
6131,0,5730,5761
1938,2,5737,5772
3049,4,5742,5786
9546,3,5744,5758
6365,1,5744,5793
3638,3,5758,5781
9355,0,5761,5803
4122,2,5772,5804
6018,3,5781,5819
1234,4,5786,5804
6351,1,5793,5798
1443,1,5798,5827
9091,0,5803,5853
2125,2,5804,5824
5286,4,5804,5846
9422,3,5819,5845
6143,2,5824,5851
8908,1,5827,5858
4187,3,5845,5882
3551,4,5846,5858
2371,2,5851,5892
916,0,5853,5876
9054,1,5858,5867
4843,4,5858,5893
1706,1,5867,5880
9678,0,5876,5916
7165,1,5880,5911
389,3,5882,5923
8762,2,5892,5935
6186,4,5893,5937
4225,1,5911,5949
1602,0,5916,5936
8525,3,5923,5962
2873,2,5935,5975
3850,0,5936,5943
8200,4,5937,5973
6125,0,5943,5991
3886,1,5949,5989
158,3,5962,5989
9304,4,5973,6012
5469,2,5975,6001
1118,3,5989,6003
9253,1,5989,6008
2853,0,5991,6025
3193,2,6001,6033
6463,3,6003,6047
4577,1,6008,6034
9732,4,6012,6032
4600,0,6025,6056
1690,4,6032,6078
2164,2,6033,6075
7361,1,6034,6042
562,1,6042,6047
8370,3,6047,6074
2055,1,6047,6056
1644,0,6056,6063
9114,1,6056,6072
9289,0,6063,6077
8717,1,6072,6106
1407,3,6074,6117
5506,2,6075,6118
8618,0,6077,6127
5365,4,6078,6102
8557,4,6102,6134
7461,1,6106,6122
1911,3,6117,6165
1808,2,6118,6138
2788,1,6122,6146
721,0,6127,6168
8587,4,6134,6172
9126,2,6138,6176
5422,1,6146,6184
6893,3,6165,6181
8838,0,6168,6193
3267,4,6172,6217
5273,2,6176,6191
6515,3,6181,6222
2609,1,6184,6203
1787,2,6191,6239
9163,0,6193,6239
3410,1,6203,6252
5085,4,6217,6256
4367,3,6222,6227
5509,3,6227,6271
9281,0,6239,6272
4680,2,6239,6267
193,1,6252,6258
8189,4,6256,6299
1385,1,6258,6271
5197,2,6267,6314
2838,3,6271,6302
9440,1,6271,6308
9225,0,6272,6304
9821,4,6299,6305
5421,3,6302,6350
9370,0,6304,6312
1640,4,6305,6317
6051,1,6308,6352
6449,0,6312,6352
3323,2,6314,6330
1125,4,6317,6366
6392,2,6330,6348
109,2,6348,6378
4322,3,6350,6397
8161,0,6352,6373
7795,1,6352,6391
6226,4,6366,6416
8456,0,6373,6387
6574,2,6378,6428
6898,0,6387,6423
8356,1,6391,6405
7953,3,6397,6428
3740,1,6405,6428
8956,4,6416,6464
3099,0,6423,6459
5665,3,6428,6477
2201,2,6428,6468
1973,1,6428,6472
3683,0,6459,6468
4571,4,6464,6498
7140,0,6468,6500
2343,2,6468,6503
7335,1,6472,6501
7771,3,6477,6511
3713,4,6498,6539
7104,0,6500,6547
8785,1,6501,6535
8559,2,6503,6527
454,3,6511,6517
2063,3,6517,6536
5757,2,6527,6539
612,1,6535,6557
1062,3,6536,6583
456,2,6539,6578
2105,4,6539,6582
7514,0,6547,6557
8706,0,6557,6583
6804,1,6557,6570
2251,1,6570,6606
4630,2,6578,6611
4009,4,6582,6610
9935,3,6583,6610
1262,0,6583,6609
7763,1,6606,6652
9140,0,6609,6659
9063,3,6610,6652
8500,4,6610,6653
4919,2,6611,6656
6151,3,6652,6679
6218,1,6652,6695
2233,4,6653,6660
4157,2,6656,6702
4231,0,6659,6696
143,4,6660,6702
339,3,6679,6686
4416,3,6686,6735
4089,1,6695,6704
5348,0,6696,6734
6789,2,6702,6747
9907,4,6702,6747
2066,1,6704,6738
7204,0,6734,6763
712,3,6735,6757
1570,1,6738,6781
4264,2,6747,6779
9671,4,6747,6775
9277,3,6757,6795
629,0,6763,6789
4568,4,6775,6805
1260,2,6779,6826
9819,1,6781,6828
7424,0,6789,6804
6588,3,6795,6822
5047,0,6804,6834
8967,4,6805,6846
2290,3,6822,6866
5100,2,6826,6845
210,1,6828,6860
3588,0,6834,6869
2720,2,6845,6872
9480,4,6846,6888
7450,1,6860,6901
2015,3,6866,6885
7633,0,6869,6918
9049,2,6872,6922
1672,3,6885,6906
3661,4,6888,6908
2848,1,6901,6906
3148,3,6906,6918
5019,1,6906,6952
906,4,6908,6913
1327,4,6913,6951
6293,3,6918,6966
7821,0,6918,6933
8460,2,6922,6957
4016,0,6933,6953
8482,4,6951,6956
4907,1,6952,6984
9840,0,6953,6988
2367,4,6956,6988
6919,2,6957,6992
9874,3,6966,7000
4058,1,6984,6992
3672,0,6988,7038
8164,4,6988,7019
1448,2,6992,7027
2721,1,6992,7024
2252,3,7000,7029
452,4,7019,7027
5466,1,7024,7035
5114,2,7027,7076
5458,4,7027,7057
3493,3,7029,7066
4835,1,7035,7077
567,0,7038,7055
8784,0,7055,7098
8437,4,7057,7074
6985,3,7066,7092
4032,4,7074,7092
4111,2,7076,7117
3564,1,7077,7117
1277,3,7092,7124
3933,4,7092,7104
118,0,7098,7121
8342,4,7104,7146
5616,2,7117,7141
8641,1,7117,7133
2792,0,7121,7149
3900,3,7124,7169
4531,1,7133,7152
9019,2,7141,7149
8297,4,7146,7191
4858,0,7149,7169
9335,2,7149,7171
6854,1,7152,7162
5141,1,7162,7173
3731,3,7169,7215
972,0,7169,7215
3417,2,7171,7220
5882,1,7173,7179
6762,1,7179,7227
659,4,7191,7203
4556,4,7203,7221
4947,3,7215,7228
6016,0,7215,7240
9493,2,7220,7264
6400,4,7221,7258
8116,1,7227,7275
5542,3,7228,7271
6418,0,7240,7253
9852,0,7253,7299
6575,4,7258,7267
4213,2,7264,7273
5516,4,7267,7278
4667,3,7271,7302
2256,2,7273,7320
4446,1,7275,7313
8151,4,7278,7328
3292,0,7299,7310
9953,3,7302,7334
3262,0,7310,7333
60,1,7313,7361
6312,2,7320,7337
3184,4,7328,7376
9200,0,7333,7374
8612,3,7334,7382
2208,2,7337,7359
8204,2,7359,7406
7243,1,7361,7404
842,0,7374,7419
857,4,7376,7406
1084,3,7382,7419
6825,1,7404,7410
3778,2,7406,7432
3769,4,7406,7423
9753,1,7410,7428
9680,3,7419,7467
9004,0,7419,7455
9800,4,7423,7441
7323,1,7428,7472
6714,2,7432,7439
3653,2,7439,7477
5805,4,7441,7482
6771,0,7455,7498
2876,3,7467,7484
1116,1,7472,7500
7233,2,7477,7499
8735,4,7482,7513
7708,3,7484,7533
7274,0,7498,7547
6150,2,7499,7516
879,1,7500,7513
3749,1,7513,7552
5861,4,7513,7561
306,2,7516,7534
9890,3,7533,7572
3717,2,7534,7561
2439,0,7547,7573
3913,1,7552,7589
1397,2,7561,7608
1014,4,7561,7572
2951,3,7572,7613
9508,4,7572,7581
5896,0,7573,7622
6448,4,7581,7599
2102,1,7589,7633
6375,4,7599,7637
7393,2,7608,7649
9264,3,7613,7628
5031,0,7622,7668
2012,3,7628,7668
464,1,7633,7665
7159,4,7637,7666
646,2,7649,7688
3340,1,7665,7682
1876,4,7666,7709
2819,3,7668,7676
6413,0,7668,7705
1392,3,7676,7694
5556,1,7682,7719
4341,2,7688,7730
9579,3,7694,7735
7925,0,7705,7716
9537,4,7709,7729
6276,0,7716,7739
9028,1,7719,7733
8675,4,7729,7740
8055,2,7730,7777
4639,1,7733,7756
7934,3,7735,7782
5936,0,7739,7787
7989,4,7740,7781
3412,1,7756,7805
2370,2,7777,7798
4345,4,7781,7819
2901,3,7782,7819
8498,0,7787,7823
4731,2,7798,7842
5711,1,7805,7851
2588,3,7819,7846
9937,4,7819,7868
5451,0,7823,7859
3901,2,7842,7847
9138,3,7846,7880
897,2,7847,7872
1161,1,7851,7893
5867,0,7859,7893
7663,4,7868,7905
3735,2,7872,7919
9313,3,7880,7928
6672,0,7893,7943
1274,1,7893,7932
5580,4,7905,7914
3981,4,7914,7952
5677,2,7919,7959
5289,3,7928,7966
8185,1,7932,7981
5681,0,7943,7961
548,4,7952,7980
3982,2,7959,7975
9222,0,7961,8010
1163,3,7966,8006
6211,2,7975,8020
3280,4,7980,8024
3190,1,7981,8002
312,1,8002,8034
8488,3,8006,8032
7157,0,8010,8028
1549,2,8020,8066
5700,4,8024,8037
5500,0,8028,8077
431,3,8032,8046
7941,1,8034,8065
2904,4,8037,8074
2225,3,8046,8096
732,1,8065,8090
9353,2,8066,8106
6798,4,8074,8114
9903,0,8077,8115
2440,1,8090,8137
5978,3,8096,8135
7158,2,8106,8112
8168,2,8112,8119
5382,4,8114,8144
7892,0,8115,8152
6829,2,8119,8127
3813,2,8127,8147
8277,3,8135,8170
7269,1,8137,8152
4522,4,8144,8194
9785,2,8147,8192
2760,0,8152,8187
7851,1,8152,8178
5135,3,8170,8210
2933,1,8178,8217
5778,0,8187,8216
9598,2,8192,8229
6993,4,8194,8242
2950,3,8210,8247
3620,0,8216,8266
1783,1,8217,8251
553,2,8229,8267
8163,4,8242,8289
7475,3,8247,8295
7048,1,8251,8285
1991,0,8266,8312
2263,2,8267,8303
6208,1,8285,8309
8006,4,8289,8324
166,3,8295,8339
3163,2,8303,8315
761,1,8309,8321
808,0,8312,8342
6951,2,8315,8348
6460,1,8321,8369
7548,4,8324,8357
2409,3,8339,8360
4328,0,8342,8386
7362,2,8348,8370
8260,4,8357,8396
8136,3,8360,8400
8285,1,8369,8400
6950,2,8370,8417
9408,0,8386,8421
9518,4,8396,8444
4552,3,8400,8425
5398,1,8400,8431
9120,2,8417,8464
8689,0,8421,8465
3113,3,8425,8466
9257,1,8431,8461
3313,4,8444,8494
3934,1,8461,8509
3707,2,8464,8485
3435,0,8465,8508
6408,3,8466,8477
5774,3,8477,8498
7759,2,8485,8502
5943,4,8494,8530
3333,3,8498,8528
4289,2,8502,8543
3732,0,8508,8556
4354,1,8509,8550
7484,3,8528,8535
3242,4,8530,8574
1265,3,8535,8559
9081,2,8543,8581
7526,1,8550,8594
4853,0,8556,8577
9989,3,8559,8564
4779,3,8564,8590
5571,4,8574,8617
829,0,8577,8592
8057,2,8581,8614
7146,3,8590,8632
4389,0,8592,8603
7704,1,8594,8635
1603,0,8603,8614
9658,0,8614,8659
2889,2,8614,8624
7970,4,8617,8658
2435,2,8624,8655
3363,3,8632,8668
1298,1,8635,8672
1625,2,8655,8690
1850,4,8658,8702
6901,0,8659,8709
7153,3,8668,8691
2751,1,8672,8697
5606,2,8690,8733
8777,3,8691,8724
3482,1,8697,8721
4127,4,8702,8739
1007,0,8709,8748
1492,1,8721,8748
7517,3,8724,8760
8685,2,8733,8771
7631,4,8739,8781
958,0,8748,8779
376,1,8748,8781
1734,3,8760,8800
5299,2,8771,8821
9042,0,8779,8816
6962,1,8781,8801
5770,4,8781,8828
3250,3,8800,8841
5008,1,8801,8828
3343,0,8816,8860
2769,2,8821,8869
5393,1,8828,8872
1719,4,8828,8856
1002,3,8841,8891
4141,4,8856,8887
3941,0,8860,8910
1698,2,8869,8910
8958,1,8872,8909
1444,4,8887,8895
4831,3,8891,8918
7811,4,8895,8942
5694,1,8909,8947
21,0,8910,8945
8640,2,8910,8947
5968,3,8918,8930
1222,3,8930,8962
946,4,8942,8954
2722,0,8945,8963
9792,2,8947,8976
4925,1,8947,8969
1601,4,8954,8986
9117,3,8962,8987
4116,0,8963,8999
4587,1,8969,9018
50,2,8976,9008
6122,4,8986,9022
9079,3,8987,9006
6228,0,8999,9030
9896,3,9006,9054
4512,2,9008,9052
3991,1,9018,9042
2930,4,9022,9047
2131,0,9030,9042
9427,0,9042,9048
9906,1,9042,9080
3160,4,9047,9071
3742,0,9048,9091
2807,2,9052,9073
1745,3,9054,9104
121,4,9071,9112
838,2,9073,9111
9256,1,9080,9092
4418,0,9091,9134
7734,1,9092,9115
7028,3,9104,9135
8576,2,9111,9150
5911,4,9112,9159
607,1,9115,9155
811,0,9134,9150
5477,3,9135,9168
6390,0,9150,9190
1457,2,9150,9177
8627,1,9155,9202
8747,4,9159,9209
8383,3,9168,9201
640,2,9177,9193
1888,0,9190,9231
70,2,9193,9240
4155,3,9201,9236
1226,1,9202,9226
6913,4,9209,9258
6355,1,9226,9252
1023,0,9231,9274
4382,3,9236,9250
4074,2,9240,9251
7954,3,9250,9286
8635,2,9251,9261
4196,1,9252,9301
7735,4,9258,9282
565,2,9261,9301
7528,0,9274,9301
4421,4,9282,9308
7235,3,9286,9310
2663,0,9301,9347
8174,2,9301,9336
5800,1,9301,9346
1889,4,9308,9358
1198,3,9310,9355
8318,2,9336,9341
9181,2,9341,9369
7715,1,9346,9389
9424,0,9347,9387
698,3,9355,9400
8378,4,9358,9406
8659,2,9369,9412
5941,0,9387,9417
6960,1,9389,9419
1887,3,9400,9438
6483,4,9406,9422
8860,2,9412,9443
5582,0,9417,9458
7680,1,9419,9435
8568,4,9422,9440
5791,1,9435,9485
8814,3,9438,9481
43,4,9440,9474
818,2,9443,9473
9412,0,9458,9495
2308,2,9473,9485
2990,4,9474,9500
1220,3,9481,9524
2058,2,9485,9535
470,1,9485,9493
1852,1,9493,9515
3863,0,9495,9538
7163,4,9500,9541
5221,1,9515,9535
9350,3,9524,9562
9112,2,9535,9580
1368,1,9535,9560
9998,0,9538,9588
3783,4,9541,9557
8374,4,9557,9606
9157,1,9560,9603
4939,3,9562,9599
3083,2,9580,9629
8573,0,9588,9637
8683,3,9599,9628
181,1,9603,9621
3871,4,9606,9633
1981,1,9621,9629
9724,3,9628,9674
5427,2,9629,9678
855,1,9629,9654
8145,4,9633,9638
9584,0,9637,9659
6049,4,9638,9654
6187,1,9654,9661
2910,4,9654,9664
1143,0,9659,9683
9352,1,9661,9669
7433,4,9664,9672
2981,1,9669,9719
5917,4,9672,9681
3988,3,9674,9687
7251,2,9678,9724
5137,4,9681,9695
7599,0,9683,9724
174,3,9687,9697
6325,4,9695,9734
5037,3,9697,9704
1356,3,9704,9717
5696,3,9717,9743
2123,1,9719,9741
4523,0,9724,9758
8656,2,9724,9765
4279,4,9734,9753
547,1,9741,9753
9141,3,9743,9754
1755,1,9753,9758
8624,4,9753,9803
8707,3,9754,9803
8649,0,9758,9781
887,1,9758,9803
236,2,9765,9773
4164,2,9773,9803
2204,0,9781,9820
4420,3,9803,9848
6297,2,9803,9827
5034,1,9803,9824
5415,4,9803,9835
9965,0,9820,9854
444,1,9824,9864
3730,2,9827,9843
1112,4,9835,9851
3140,2,9843,9869
5899,3,9848,9876
4015,4,9851,9897
2872,0,9854,9901
8027,1,9864,9891
3156,2,9869,9903
3039,3,9876,9913
9134,1,9891,9941
6986,4,9897,9937
6067,0,9901,9922
2082,2,9903,9911
68,2,9911,9920
5392,3,9913,9933
7857,2,9920,9930
9011,0,9922,9953
4533,2,9930,9968
9778,3,9933,9968
6769,4,9937,9971
6164,1,9941,9983
6806,0,9953,9983
1989,3,9968,9989
1532,2,9968,10009
5536,4,9971,9979
6324,4,9979,10015
6814,0,9983,10012
9703,1,9983,10030
8203,3,9989,10023
1425,2,10009,10050
5461,0,10012,10028
4273,4,10015,10046
1994,3,10023,10067
5620,0,10028,10077
9849,1,10030,10053
794,4,10046,10087
1895,2,10050,10091
1038,1,10053,10089
9864,3,10067,10080
9189,0,10077,10122
5088,3,10080,10103
7344,4,10087,10108
358,1,10089,10108
7662,2,10091,10138
3750,3,10103,10134
4455,1,10108,10142
1273,4,10108,10136
4082,0,10122,10170
992,3,10134,10161
6868,4,10136,10158
5232,2,10138,10168
4271,1,10142,10165
7246,4,10158,10199
2665,3,10161,10188
5064,1,10165,10186
2859,2,10168,10212
475,0,10170,10216
5855,1,10186,10236
3143,3,10188,10216
6596,4,10199,10248
7590,2,10212,10246
5202,0,10216,10264
5889,3,10216,10246
908,1,10236,10278
9563,3,10246,10293
5339,2,10246,10252
6523,4,10248,10276
6941,2,10252,10295
3020,0,10264,10285
3181,4,10276,10285
7787,1,10278,10324
9770,0,10285,10327
6945,4,10285,10327
6686,3,10293,10308
4397,2,10295,10329
1394,3,10308,10329
2615,1,10324,10362
9648,0,10327,10377
4087,4,10327,10349
6653,3,10329,10373
6618,2,10329,10351
463,4,10349,10382
2087,2,10351,10389
1416,1,10362,10411
3610,3,10373,10416
7613,0,10377,10427
8803,4,10382,10423
3733,2,10389,10429
3697,1,10411,10445
6090,3,10416,10459
3591,4,10423,10437
5322,0,10427,10475
4371,2,10429,10479
8139,4,10437,10463
9825,1,10445,10490
6992,3,10459,10503
2761,4,10463,10474
7001,4,10474,10498
9634,0,10475,10489
5585,2,10479,10511
9148,0,10489,10501
2411,1,10490,10514
5987,4,10498,10536
3921,0,10501,10510
3883,3,10503,10508
5914,3,10508,10516
8708,0,10510,10560
3859,2,10511,10555
1074,1,10514,10544
6458,3,10516,10564
5426,4,10536,10580
1355,1,10544,10593
2766,2,10555,10602
7388,0,10560,10569
7843,3,10564,10587
5416,0,10569,10582
4566,4,10580,10606
3118,0,10582,10631
4755,3,10587,10619
9787,1,10593,10621
5041,2,10602,10621
1560,4,10606,10635
7877,3,10619,10662
9197,2,10621,10654
8110,1,10621,10661
5533,0,10631,10648
7324,4,10635,10644
9551,4,10644,10679
620,0,10648,10696
7133,2,10654,10697
3708,1,10661,10693
7315,3,10662,10704
3953,4,10679,10714
9628,1,10693,10731
2955,0,10696,10725
4061,2,10697,10747
5244,3,10704,10748
1984,4,10714,10760
8670,0,10725,10739
2703,1,10731,10766
6405,0,10739,10780
8273,2,10747,10788
2670,3,10748,10795
6614,4,10760,10799
2709,1,10766,10813
5612,0,10780,10829
2587,2,10788,10826
8435,3,10795,10803
5204,4,10799,10822
2834,3,10803,10848
6374,1,10813,10826
7382,4,10822,10864
2628,2,10826,10867
3506,1,10826,10835
6371,0,10829,10873
5071,1,10835,10883
8825,3,10848,10885
4538,4,10864,10882
9022,2,10867,10913
9955,0,10873,10919
5809,4,10882,10923
4501,1,10883,10914
3569,3,10885,10923
8600,2,10913,10963
6995,1,10914,10930
2104,0,10919,10960
6322,3,10923,10959
5602,4,10923,10968
9593,1,10930,10952
3328,1,10952,10991
3552,3,10959,10986
4417,0,10960,10968
2623,2,10963,10984
606,0,10968,10994
8877,4,10968,11010
2487,2,10984,11010
8334,3,10986,11013
6997,1,10991,11031
2386,0,10994,11041
5056,2,11010,11052
3232,4,11010,11049
2404,3,11013,11031
8022,3,11031,11081
4173,1,11031,11069
5539,0,11041,11055
4940,4,11049,11078
7990,2,11052,11099
3785,0,11055,11095
3466,1,11069,11113
2927,4,11078,11116
4805,3,11081,11121
9889,0,11095,11139
8364,2,11099,11126
568,1,11113,11129
1427,4,11116,11153
348,3,11121,11168
9102,2,11126,11139
2907,1,11129,11163
2403,0,11139,11167
6731,2,11139,11179
2190,4,11153,11174
3980,1,11163,11178
5646,0,11167,11216
5527,3,11168,11189
5372,4,11174,11222
443,1,11178,11216
6820,2,11179,11212
2287,3,11189,11203
7406,3,11203,11236
6466,2,11212,11260
8368,0,11216,11266
6743,1,11216,11244
9413,4,11222,11247
6701,3,11236,11256
8632,1,11244,11275
8445,4,11247,11287
6681,3,11256,11305
8749,2,11260,11294
6755,0,11266,11310
894,1,11275,11285
8889,1,11285,11332
4069,4,11287,11320
2126,2,11294,11309
4956,3,11305,11342
1564,2,11309,11343
6592,0,11310,11355
6958,4,11320,11365
4665,1,11332,11380
4349,3,11342,11356
2742,2,11343,11368
6522,0,11355,11380
385,3,11356,11388
9464,4,11365,11399
4595,2,11368,11411
8647,0,11380,11389
2332,1,11380,11397
6394,3,11388,11411
1061,0,11389,11427
3462,1,11397,11445
7045,4,11399,11428
8188,3,11411,11422
3562,2,11411,11418
203,2,11418,11457
9060,3,11422,11428
9431,0,11427,11472
2797,3,11428,11458
2232,4,11428,11458
4131,1,11445,11488
4161,2,11457,11472
7536,3,11458,11502
9706,4,11458,11501
9247,0,11472,11482
4159,2,11472,11512
8259,0,11482,11506
472,1,11488,11524
84,4,11501,11534
4751,3,11502,11513
8341,0,11506,11542
6362,2,11512,11537
113,3,11513,11525
8931,1,11524,11553
4043,3,11525,11575
8855,4,11534,11579
4564,2,11537,11564
4671,0,11542,11582
534,1,11553,11600
6433,2,11564,11576
4711,3,11575,11624
8219,2,11576,11602
317,4,11579,11600
8253,0,11582,11608
8569,1,11600,11611
6447,4,11600,11621
9447,2,11602,11633
5040,0,11608,11649
6285,1,11611,11649
207,4,11621,11643
5388,3,11624,11642
7737,2,11633,11680
3009,3,11642,11654
2681,4,11643,11686
2634,0,11649,11659
6543,1,11649,11665
6348,3,11654,11661
6073,0,11659,11700
6587,3,11661,11706
925,1,11665,11708
9783,2,11680,11685
3403,2,11685,11707
8338,4,11686,11712
6536,0,11700,11732
1970,3,11706,11755
2069,2,11707,11739
1082,1,11708,11716
1959,4,11712,11723
7263,1,11716,11766
878,4,11723,11749
4662,0,11732,11747
5679,2,11739,11784
2280,0,11747,11779
9192,4,11749,11787
7380,3,11755,11792
1349,1,11766,11814
8668,0,11779,11794
8971,2,11784,11821
1534,4,11787,11835
5260,3,11792,11826
2092,0,11794,11844
1804,1,11814,11850
8879,2,11821,11845
5548,3,11826,11846
4448,4,11835,11878
5274,0,11844,11877
2589,2,11845,11888
2001,3,11846,11890
3026,1,11850,11893
1453,0,11877,11918
1681,4,11878,11926
7197,2,11888,11902
7192,3,11890,11920
1365,1,11893,11930
1271,2,11902,11936
4117,0,11918,11968
9931,3,11920,11954
6899,4,11926,11975
2245,1,11930,11962
450,2,11936,11965
9954,3,11954,11995
884,1,11962,12001
5418,2,11965,12005
1306,0,11968,12012
7454,4,11975,12025
988,3,11995,12009
4048,1,12001,12034
345,2,12005,12033
9122,3,12009,12051
7792,0,12012,12052
1010,4,12025,12057
5462,2,12033,12065
2210,1,12034,12049
56,1,12049,12059
7342,3,12051,12067
9021,0,12052,12078
9547,4,12057,12106
4248,1,12059,12067
4693,2,12065,12088
7162,3,12067,12110
9207,1,12067,12093
9119,0,12078,12107
8471,2,12088,12111
9388,1,12093,12117
532,4,12106,12116
517,0,12107,12135
6685,3,12110,12155
6253,2,12111,12153
9779,4,12116,12143
6692,1,12117,12141
4542,0,12135,12161
3548,1,12141,12182
3404,4,12143,12166
6349,2,12153,12187
6045,3,12155,12183
9024,0,12161,12195
8736,4,12166,12199
4761,1,12182,12202
6191,3,12183,12206
7689,2,12187,12203
8087,0,12195,12230
4519,4,12199,12222
1151,1,12202,12211
2026,2,12203,12247
1869,3,12206,12253
5074,1,12211,12229
3691,4,12222,12264
679,1,12229,12255
8382,0,12230,12268
5454,2,12247,12288
7451,3,12253,12292
3339,1,12255,12299
7605,4,12264,12307
4351,0,12268,12289
4837,2,12288,12334
7855,0,12289,12317
3565,3,12292,12305
4650,1,12299,12318
7113,3,12305,12327
4846,4,12307,12319
6047,0,12317,12356
419,1,12318,12348
5921,4,12319,12328
6065,3,12327,12336
6780,4,12328,12341
1548,2,12334,12368
8655,3,12336,12354
5880,4,12341,12360
4852,1,12348,12388
1766,3,12354,12385
8484,0,12356,12381
5116,4,12360,12383
5518,2,12368,12415
3897,0,12381,12411
9928,4,12383,12392
5440,3,12385,12416
5251,1,12388,12429
3538,4,12392,12416
4701,0,12411,12460
1338,2,12415,12458
1523,3,12416,12461
22,4,12416,12455
7308,1,12429,12451
2292,1,12451,12463
6620,4,12455,12486
4861,2,12458,12493
5749,0,12460,12489
574,3,12461,12490
5201,1,12463,12495
6568,4,12486,12505
4526,0,12489,12496
8331,3,12490,12535
5061,2,12493,12532
5045,1,12495,12509
3474,0,12496,12523
2856,4,12505,12533
3788,1,12509,12524
128,0,12523,12546
33,1,12524,12553
583,2,12532,12575
9373,4,12533,12576
150,3,12535,12574
4407,0,12546,12563
4696,1,12553,12577
2923,0,12563,12578
2274,3,12574,12615
1704,2,12575,12605
2084,4,12576,12592
7581,1,12577,12591
2151,0,12578,12583
151,0,12583,12617
5748,1,12591,12621
6438,4,12592,12638
6502,2,12605,12635
8035,3,12615,12647
5628,0,12617,12625
8186,1,12621,12666
218,0,12625,12651
8820,2,12635,12683
1577,4,12638,12671
2433,3,12647,12686
6601,0,12651,12696
4620,1,12666,12708
664,4,12671,12698
6229,2,12683,12722
2339,3,12686,12726
5689,0,12696,12734
4966,4,12698,12722
6310,1,12708,12715
8463,1,12715,12754
9130,2,12722,12737
8609,4,12722,12771
8481,3,12726,12766
706,0,12734,12749
695,2,12737,12758
474,0,12749,12789
9166,1,12754,12781
7522,2,12758,12795
5869,3,12766,12776
75,4,12771,12809
8797,3,12776,12812
6019,1,12781,12794
9793,0,12789,12824
7094,1,12794,12839
3060,2,12795,12837
1937,4,12809,12821
9594,3,12812,12850
875,4,12821,12855
5852,0,12824,12845
615,2,12837,12848
3781,1,12839,12875
2086,0,12845,12870
6092,2,12848,12891
4916,3,12850,12880
4642,4,12855,12890
6616,0,12870,12890
5720,1,12875,12923
8007,3,12880,12925
2345,0,12890,12899
4781,4,12890,12937
8602,2,12891,12923
8345,0,12899,12906
6464,0,12906,12946
4918,2,12923,12972
5985,1,12923,12971
8501,3,12925,12937
8847,3,12937,12979
8503,4,12937,12986
7242,0,12946,12992
216,1,12971,13005
4066,2,12972,13003
1437,3,12979,12986
5786,3,12986,13026
8066,4,12986,13009
1092,0,12992,13034
6638,2,13003,13017
8393,1,13005,13041
8663,4,13009,13031
9846,2,13017,13023
4896,2,13023,13029
9159,3,13026,13051
5200,2,13029,13071
5099,4,13031,13068
7080,0,13034,13080
663,1,13041,13046
7660,1,13046,13067
1076,3,13051,13061
6514,3,13061,13095
336,1,13067,13082
2867,4,13068,13107
2240,2,13071,13107
5346,0,13080,13129
917,1,13082,13106
3581,3,13095,13137
4338,1,13106,13132
9398,2,13107,13155
3540,4,13107,13155
3555,0,13129,13171
5722,1,13132,13153
5752,3,13137,13152
7244,3,13152,13173
504,1,13153,13164
546,2,13155,13191
1005,4,13155,13173
9897,1,13164,13194
987,0,13171,13220
1152,3,13173,13211
3225,4,13173,13184
9243,4,13184,13233
6720,2,13191,13219
5953,1,13194,13208
2368,1,13208,13223
1307,3,13211,13258
5471,2,13219,13256
6876,0,13220,13262
7904,1,13223,13234
6328,4,13233,13241
4214,1,13234,13242
5916,4,13241,13284
4368,1,13242,13281
8667,2,13256,13284
6998,3,13258,13294
1237,0,13262,13298
6149,1,13281,13319
5434,2,13284,13296
904,4,13284,13315
7336,3,13294,13330
4458,2,13296,13325
7401,0,13298,13345
4692,4,13315,13341
4857,1,13319,13360
4140,2,13325,13348
8842,3,13330,13366
9452,4,13341,13367
7436,0,13345,13393
6931,2,13348,13378
2028,1,13360,13408
6426,3,13366,13415
9626,4,13367,13389
7609,2,13378,13421
9314,4,13389,13406
2480,0,13393,13427
326,4,13406,13428
7931,1,13408,13443
8899,3,13415,13456
2636,2,13421,13426
9656,2,13426,13455
2392,0,13427,13438
5885,4,13428,13472
8017,0,13438,13475
9739,1,13443,13475
2737,2,13455,13493
4317,3,13456,13485
3759,4,13472,13514
4439,0,13475,13522
4746,1,13475,13488
1462,3,13485,13500
8132,1,13488,13523
3251,2,13493,13509
1292,3,13500,13530
9647,2,13509,13547
9564,4,13514,13550
2815,0,13522,13570
6440,1,13523,13542
6133,3,13530,13539
7103,3,13539,13545
2095,1,13542,13580
6886,3,13545,13590
9918,2,13547,13563
3480,4,13550,13586
5570,2,13563,13592
7459,0,13570,13581
7284,1,13580,13629
6897,0,13581,13626
338,4,13586,13624
4460,3,13590,13622
6774,2,13592,13620
6593,2,13620,13654
6533,3,13622,13632
2884,4,13624,13661
5841,0,13626,13639
4808,1,13629,13636
780,3,13632,13648
6144,1,13636,13674
1481,0,13639,13658
4881,3,13648,13669
764,2,13654,13702
7933,0,13658,13682
4574,4,13661,13671
7736,3,13669,13711
6455,4,13671,13689
5103,1,13674,13688
7079,0,13682,13718
6445,1,13688,13704
2607,4,13689,13712
435,2,13702,13729
8868,1,13704,13746
9909,3,13711,13730
2187,4,13712,13750
258,0,13718,13767
9456,2,13729,13759
5973,3,13730,13743
8720,3,13743,13783
8563,1,13746,13759
6605,4,13750,13783
9737,2,13759,13801
3027,1,13759,13803
2206,0,13767,13776
7371,0,13776,13820
7861,3,13783,13791
3651,4,13783,13794
4040,3,13791,13813
2605,4,13794,13823
4782,2,13801,13808
1543,1,13803,13853
7237,2,13808,13842
7656,3,13813,13860
3994,0,13820,13867
3530,4,13823,13866
1120,2,13842,13859
3161,1,13853,13903
6833,2,13859,13870
8890,3,13860,13888
2991,4,13866,13887
3309,0,13867,13896
949,2,13870,13903
9987,4,13887,13911
2115,3,13888,13934
2408,0,13896,13942
8544,2,13903,13946
2590,1,13903,13917
7305,4,13911,13958
405,1,13917,13940
3873,3,13934,13975
3803,1,13940,13982
7560,0,13942,13962
8113,2,13946,13977
8389,4,13958,13999
741,0,13962,13969
2258,0,13969,14019
5133,3,13975,14013
1746,2,13977,13997
8942,1,13982,13992
9875,1,13992,14002
622,2,13997,14023
6012,4,13999,14014
1591,1,14002,14035
2354,3,14013,14052
6955,4,14014,14032
2541,0,14019,14024
3753,2,14023,14058
3220,0,14024,14036
1723,4,14032,14055
7183,1,14035,14041
1531,0,14036,14079
4797,1,14041,14077
4272,3,14052,14075
333,4,14055,14081
6291,2,14058,14084
5229,3,14075,14116
1039,1,14077,14119
6680,0,14079,14118
4886,4,14081,14116
8003,2,14084,14112
7686,2,14112,14159
2476,3,14116,14137
7084,4,14116,14150
1854,0,14118,14163
7834,1,14119,14168
5366,3,14137,14175
9940,4,14150,14167
6808,2,14159,14207
3916,0,14163,14178
6370,4,14167,14187
8130,1,14168,14216
755,3,14175,14220
3302,0,14178,14205
626,4,14187,14234
8154,0,14205,14250
6610,2,14207,14219
2604,1,14216,14232
5238,2,14219,14268
39,3,14220,14269
134,1,14232,14244
739,4,14234,14241
5983,4,14241,14271
9058,1,14244,14262
7955,0,14250,14289
3476,1,14262,14294
6387,2,14268,14315
6359,3,14269,14304
7215,4,14271,14295
8088,0,14289,14302
4721,1,14294,14341
4580,4,14295,14311
6792,0,14302,14336
7337,3,14304,14354
8170,4,14311,14361
5342,2,14315,14325
9822,2,14325,14339
6409,0,14336,14372
8429,2,14339,14379
4133,1,14341,14362
8744,3,14354,14401
6844,4,14361,14404
3299,1,14362,14400
6822,0,14372,14405
5763,2,14379,14403
4496,1,14400,14438
3990,3,14401,14421
6891,2,14403,14451
7707,4,14404,14438
7960,0,14405,14449
9434,3,14421,14432
7443,3,14432,14471
8693,1,14438,14461
8711,4,14438,14474
8038,0,14449,14485
556,2,14451,14486
1613,1,14461,14496
3804,3,14471,14517
5437,4,14474,14509
7260,0,14485,14498
7956,2,14486,14494
9948,2,14494,14506
4708,1,14496,14505
5436,0,14498,14516
4809,1,14505,14543
5456,2,14506,14552
6176,4,14509,14545
7297,0,14516,14552
2649,3,14517,14538
6797,3,14538,14583
6138,1,14543,14584
2321,4,14545,14565
7717,0,14552,14582
5552,2,14552,14577
5927,4,14565,14607
6254,2,14577,14624
3270,0,14582,14631
9459,3,14583,14629
5292,1,14584,14624
747,4,14607,14622
850,4,14622,14671
4862,2,14624,14630
8361,1,14624,14631
2662,3,14629,14649
9445,2,14630,14660
9285,0,14631,14646
2928,1,14631,14672
8928,0,14646,14675
7145,3,14649,14664
8181,2,14660,14709
3490,3,14664,14713
559,4,14671,14700
7341,1,14672,14689
5737,0,14675,14724
810,1,14689,14734
8097,4,14700,14739
6185,2,14709,14723
8757,3,14713,14738
7935,2,14723,14759
1278,0,14724,14748
7854,1,14734,14750
4307,3,14738,14745
6452,4,14739,14764
7123,3,14745,14751
2186,0,14748,14788
6775,1,14750,14775
7887,3,14751,14771
3568,2,14759,14807
3121,4,14764,14772
3956,3,14771,14778
3315,4,14772,14794
7508,1,14775,14823
1576,3,14778,14827
883,0,14788,14814
4648,4,14794,14844
7224,2,14807,14856
6723,0,14814,14841
183,1,14823,14839
1189,3,14827,14862
2643,1,14839,14887
7781,0,14841,14863
9743,4,14844,14887
585,2,14856,14882
2790,3,14862,14901
3413,0,14863,14887
9838,2,14882,14910
796,0,14887,14899
7487,1,14887,14936
1212,4,14887,14905
8622,0,14899,14949
7909,3,14901,14918
7625,4,14905,14913
5313,2,14910,14953
6303,4,14913,14953
1413,3,14918,14932
742,3,14932,14970
2784,1,14936,14974
4287,0,14949,14974
4261,2,14953,14990
4154,4,14953,14989
3421,3,14970,14976
3449,0,14974,15009
7171,1,14974,15004
9084,3,14976,14981
6427,3,14981,14987
2143,3,14987,14994
4726,4,14989,15035
3755,2,14990,14995
146,3,14994,15025
1320,2,14995,15035
446,1,15004,15021
7629,0,15009,15044
5537,1,15021,15033
8496,3,15025,15055
3040,1,15033,15045
6648,2,15035,15040
466,4,15035,15049
6883,2,15040,15072
5060,0,15044,15060
6246,1,15045,15083
7520,4,15049,15093
4411,3,15055,15103
4400,0,15060,15096
3097,2,15072,15096
2701,1,15083,15131
3064,4,15093,15140
6453,2,15096,15141
8558,0,15096,15129
5237,3,15103,15138
5499,0,15129,15146
8743,1,15131,15172
3631,3,15138,15165
148,4,15140,15162
5827,2,15141,15179
653,0,15146,15168
3876,4,15162,15189
9195,3,15165,15195
9975,0,15168,15200
690,1,15172,15210
7236,2,15179,15229
6942,4,15189,15224
7227,3,15195,15230
5345,0,15200,15224
1633,1,15210,15238
2626,0,15224,15269
6920,4,15224,15238
2006,2,15229,15260
4086,3,15230,15263
1250,1,15238,15265
3052,4,15238,15249
7442,4,15249,15290
5641,2,15260,15299
6284,3,15263,15296
4807,1,15265,15296
9184,0,15269,15285
1687,0,15285,15332
1571,4,15290,15324
9501,3,15296,15343
2314,1,15296,15335
9949,2,15299,15336
1758,4,15324,15333
2108,0,15332,15354
6118,4,15333,15360
2935,1,15335,15347
3048,2,15336,15378
4088,3,15343,15383
8081,1,15347,15379
5390,0,15354,15398
4530,4,15360,15373
299,4,15373,15411
8518,2,15378,15420
9026,1,15379,15412
8002,3,15383,15430
5632,0,15398,15420
3116,4,15411,15452
6991,1,15412,15447
6369,2,15420,15439
8974,0,15420,15435
9121,3,15430,15453
9428,0,15435,15441
6083,2,15439,15455
9560,0,15441,15467
8349,1,15447,15471
7556,4,15452,15477
3228,3,15453,15469
8884,2,15455,15503
5623,0,15467,15490
5138,3,15469,15509
956,1,15471,15520
2473,4,15477,15502
1495,0,15490,15504
8069,4,15502,15539
8996,2,15503,15520
6904,0,15504,15553
5601,3,15509,15537
2230,2,15520,15566
6527,1,15520,15561
7623,3,15537,15558
4185,4,15539,15572
5145,0,15553,15582
6137,3,15558,15581
4469,1,15561,15577
773,2,15566,15605
3337,4,15572,15599
7184,1,15577,15601
7538,3,15581,15618
9610,0,15582,15622
226,4,15599,15615
586,1,15601,15611
1479,2,15605,15635
6063,1,15611,15649
1952,4,15615,15639
4022,3,15618,15663
3196,0,15622,15657
3812,2,15635,15641
5704,4,15639,15648
8644,2,15641,15665
694,4,15648,15669
8033,1,15649,15692
2048,0,15657,15706
409,3,15663,15713
8205,2,15665,15690
536,4,15669,15696
3800,2,15690,15709
1446,1,15692,15737
2561,4,15696,15739
58,0,15706,15732
9147,2,15709,15726
3533,3,15713,15740
6971,2,15726,15755
8031,0,15732,15782
8857,1,15737,15764
3120,4,15739,15777
5997,3,15740,15786
9851,2,15755,15781
7438,1,15764,15783
5645,4,15777,15822
5075,2,15781,15817
3022,0,15782,15816
7049,1,15783,15812
2501,3,15786,15819
4938,1,15812,15841
7997,0,15816,15828
5459,2,15817,15844
1928,3,15819,15863
1254,4,15822,15833
2388,0,15828,15848
3175,4,15833,15863
418,1,15841,15887
8387,2,15844,15863
9444,0,15848,15893
3899,2,15863,15868
5344,3,15863,15904
598,4,15863,15883
5487,2,15868,15888
8652,4,15883,15921
4124,1,15887,15908
9566,2,15888,15923
1139,0,15893,15922
9891,3,15904,15921
9133,1,15908,15945
7091,3,15921,15934
2808,4,15921,15931
570,0,15922,15971
7847,2,15923,15967
2197,4,15931,15945
9878,3,15934,15947
2748,1,15945,15968
2532,4,15945,15966
4778,3,15947,15992
8726,4,15966,15994
2922,2,15967,15991
2568,1,15968,15998
4678,0,15971,16019
3946,2,15991,16003
2356,3,15992,16023
5728,4,15994,16044
7067,1,15998,16012
2915,2,16003,16048
9868,1,16012,16061
162,0,16019,16067
4085,3,16023,16060
6061,4,16044,16081
1870,2,16048,16085
9655,3,16060,16110
8265,1,16061,16099
4644,0,16067,16117
9670,4,16081,16124
7497,2,16085,16120
2779,1,16099,16137
2741,3,16110,16132
7601,0,16117,16124
4475,2,16120,16152
7750,0,16124,16164
1200,4,16124,16140
177,3,16132,16171
6415,1,16137,16156
5848,4,16140,16162
2017,2,16152,16193
78,1,16156,16190
3896,4,16162,16200
1777,0,16164,16214
9857,3,16171,16185
8761,3,16185,16230
3937,1,16190,16217
6162,2,16193,16238
5684,4,16200,16241
4814,0,16214,16241
3667,1,16217,16241
1388,3,16230,16278
3625,2,16238,16246
5386,0,16241,16263
578,1,16241,16267
2396,4,16241,16257
4257,2,16246,16289
114,4,16257,16294
5030,0,16263,16278
1612,1,16267,16297
1607,0,16278,16319
4062,3,16278,16291
7276,2,16289,16330
322,3,16291,16324
2227,4,16294,16319
8949,1,16297,16342
2619,0,16319,16369
7748,4,16319,16346
3088,3,16324,16367
2801,2,16330,16352
5296,1,16342,16366
1809,4,16346,16392
460,2,16352,16365
4632,2,16365,16398
537,1,16366,16409
3699,3,16367,16414
9074,0,16369,16381
4312,0,16381,16395
9284,4,16392,16423
5554,0,16395,16413
8645,2,16398,16431
2934,1,16409,16435
7448,0,16413,16457
6488,3,16414,16445
8883,4,16423,16460
8086,2,16431,16472
2864,1,16435,16463
722,3,16445,16465
4593,0,16457,16492
2638,4,16460,16471
824,1,16463,16509
6076,3,16465,16508
9580,4,16471,16508
9482,2,16472,16501
8327,0,16492,16537
3231,2,16501,16551
5524,3,16508,16534
6388,4,16508,16558
5977,1,16509,16558
8404,3,16534,16556
3962,0,16537,16576
6263,2,16551,16570
754,3,16556,16586
4687,1,16558,16563
8436,4,16558,16593
9720,1,16563,16601
9263,2,16570,16580
272,0,16576,16587
4170,2,16580,16586
388,2,16586,16605
8255,3,16586,16615
4379,0,16587,16620
2895,4,16593,16639
6564,1,16601,16606
5844,2,16605,16618
9129,1,16606,16623
5080,3,16615,16628
1399,2,16618,16643
8261,0,16620,16670
5798,1,16623,16650
996,3,16628,16665
6923,4,16639,16685
6111,2,16643,16668
6805,1,16650,16692
5625,3,16665,16708
2956,2,16668,16704
4076,0,16670,16717
7202,4,16685,16714
3440,1,16692,16707
8473,2,16704,16747
2223,1,16707,16741
3461,3,16708,16734
8745,4,16714,16725
9922,0,16717,16759
5931,4,16725,16770
7208,3,16734,16756
7752,1,16741,16782
7058,2,16747,16787
7974,3,16756,16796
6757,0,16759,16801
7769,4,16770,16813
5965,1,16782,16807
9172,2,16787,16828
9206,3,16796,16842
7693,0,16801,16836
5095,1,16807,16836
1117,4,16813,16841
7818,2,16828,16865
4313,0,16836,16845
9249,1,16836,16868
7036,4,16841,16887
1269,3,16842,16892
3346,0,16845,16882
2301,2,16865,16909
6875,1,16868,16909
1316,0,16882,16907
7141,4,16887,16908
1535,3,16892,16912
5407,0,16907,16940
4150,4,16908,16940
1235,2,16909,16924
3460,1,16909,16941
7600,3,16912,16920
5413,3,16920,16931
6023,2,16924,16963
6751,3,16931,16980
5531,0,16940,16964
4848,4,16940,16968
1567,1,16941,16951
1983,1,16951,16999
8906,2,16963,16968
8799,0,16964,16993
8428,2,16968,17015
2992,4,16968,16995
8599,3,16980,17029
1433,0,16993,17034
7772,4,16995,17018
3007,1,16999,17045
1162,2,17015,17065
1111,4,17018,17054
775,3,17029,17057
3079,0,17034,17069
8651,1,17045,17053
584,1,17053,17093
7906,4,17054,17089
4163,3,17057,17102
9387,2,17065,17099
1096,0,17069,17092
6903,4,17089,17139
7180,0,17092,17099
2220,1,17093,17143
7314,2,17099,17110
9378,0,17099,17142
955,3,17102,17111
3935,2,17110,17159
1901,3,17111,17120
5275,3,17120,17127
9345,3,17127,17134
1494,3,17134,17168
8977,4,17139,17187
437,0,17142,17168
7652,1,17143,17158
7501,1,17158,17172
3499,2,17159,17167
6439,2,17167,17191
7196,0,17168,17200
6202,3,17168,17207
7198,1,17172,17197
3966,4,17187,17237
6482,2,17191,17223
4757,1,17197,17235
7996,0,17200,17245
4492,3,17207,17244
9590,2,17223,17272
9505,1,17235,17279
4562,4,17237,17264
9066,3,17244,17266
1593,0,17245,17250
8985,0,17250,17268
2786,4,17264,17286
6472,3,17266,17289
7310,0,17268,17283
7468,2,17272,17293
3509,1,17279,17315
7761,0,17283,17297
8182,4,17286,17330
8355,3,17289,17297
4339,2,17293,17329
5409,0,17297,17327
1456,3,17297,17316
1231,1,17315,17325
4815,3,17316,17353
1219,1,17325,17349
3796,0,17327,17336
6848,2,17329,17370
9391,4,17330,17364
9010,0,17336,17378
421,1,17349,17364
6339,3,17353,17374
91,1,17364,17370
1221,4,17364,17393
3016,2,17370,17377
5849,1,17370,17402
3396,3,17374,17398
1420,2,17377,17411
4783,0,17378,17391
7756,0,17391,17399
2608,4,17393,17431
9802,3,17398,17446
1949,0,17399,17434
2194,1,17402,17414
7928,2,17411,17461
6675,1,17414,17455
1742,4,17431,17469
6521,0,17434,17476
469,3,17446,17486
8634,1,17455,17485
1529,2,17461,17500
6248,4,17469,17500
14,0,17476,17524
5325,1,17485,17501
7624,3,17486,17493
9027,3,17493,17527
7721,2,17500,17545
631,4,17500,17543
5206,1,17501,17528
2829,0,17524,17566
6669,3,17527,17558
2558,1,17528,17559
7723,4,17543,17551
4153,2,17545,17588
4030,4,17551,17581
7627,3,17558,17568
7808,1,17559,17607
4732,0,17566,17606
4360,3,17568,17596
9486,4,17581,17617
8244,2,17588,17595
3204,2,17595,17635
242,3,17596,17637
9915,0,17606,17649
576,1,17607,17640
330,4,17617,17643
5629,2,17635,17647
6862,3,17637,17671
5343,1,17640,17684
2702,4,17643,17652
8416,2,17647,17685
9404,0,17649,17690
3587,4,17652,17694
1636,3,17671,17690
9227,1,17684,17715
195,2,17685,17729
3969,0,17690,17727
5004,3,17690,17739
3222,4,17694,17715
8015,1,17715,17756
8271,4,17715,17753
2865,0,17727,17738
9521,2,17729,17778
9796,0,17738,17776
5371,3,17739,17779
1736,4,17753,17788
3391,1,17756,17790
8354,0,17776,17825
5066,2,17778,17793
2147,3,17779,17786
2890,3,17786,17835
4171,4,17788,17836
6622,1,17790,17838
9354,2,17793,17841
8094,0,17825,17841
6834,3,17835,17871
714,4,17836,17874
5603,1,17838,17882
7498,2,17841,17882
1900,0,17841,17846
4295,0,17846,17864
7776,0,17864,17903
7982,3,17871,17900
4855,4,17874,17880
246,4,17880,17920
6129,2,17882,17895
6174,1,17882,17911
5331,2,17895,17933
9332,3,17900,17919
6600,0,17903,17948
353,1,17911,17952
8335,3,17919,17969
6623,4,17920,17956
4616,2,17933,17983
5828,0,17948,17968
1266,1,17952,17982
9476,4,17956,17985
1296,0,17968,18011
4992,3,17969,18009
9847,1,17982,18003
8763,2,17983,18006
4945,4,17985,18013
806,1,18003,18047
9150,2,18006,18018
9879,3,18009,18059
7814,0,18011,18061
3884,4,18013,18051
5605,2,18018,18056
8315,1,18047,18052
4505,4,18051,18058
5358,1,18052,18070
1142,2,18056,18084
4974,4,18058,18107
6643,3,18059,18079
332,0,18061,18083
3526,1,18070,18119
1236,3,18079,18112
1058,0,18083,18106
2429,2,18084,18123
6908,0,18106,18120
3459,4,18107,18128
7820,3,18112,18126
2651,1,18119,18133
5439,0,18120,18154
2543,2,18123,18143
2448,3,18126,18137
2728,4,18128,18145
5546,1,18133,18142
4878,3,18137,18146
2475,1,18142,18176
6563,2,18143,18172
6207,4,18145,18187
81,3,18146,18192
6673,0,18154,18181
4694,2,18172,18177
2231,1,18176,18191
461,2,18177,18190
984,0,18181,18196
24,4,18187,18221
5139,2,18190,18235
5316,1,18191,18198
571,3,18192,18238
7205,0,18196,18230
1134,1,18198,18203
6982,1,18203,18243
7512,4,18221,18235
1916,0,18230,18260
3556,2,18235,18246
4838,4,18235,18256
9223,3,18238,18271
6391,1,18243,18289
1493,2,18246,18281
968,4,18256,18279
3067,0,18260,18308
8323,3,18271,18318
5079,4,18279,18319
3386,2,18281,18291
6860,1,18289,18333
8973,2,18291,18333
1974,0,18308,18358
8272,3,18318,18344
4976,4,18319,18354
2850,2,18333,18349
5650,1,18333,18370
3058,3,18344,18380
2846,2,18349,18395
1953,4,18354,18369
1405,0,18358,18369
6422,0,18369,18411
6856,4,18369,18375
8290,1,18370,18383
8779,4,18375,18396
6236,3,18380,18392
365,1,18383,18406
7947,3,18392,18439
4350,2,18395,18410
9550,4,18396,18413
8681,1,18406,18421
2450,2,18410,18423
5742,0,18411,18417
1785,4,18413,18432
4978,0,18417,18465
7903,1,18421,18430
9494,2,18423,18431
9519,1,18430,18468
9358,2,18431,18459
3779,4,18432,18451
8339,3,18439,18483
1689,4,18451,18496
1299,2,18459,18494
770,0,18465,18513
1287,1,18468,18515
1344,3,18483,18519
3257,2,18494,18543
8156,4,18496,18514
6852,0,18513,18553
7875,4,18514,18533
6473,1,18515,18522
9321,3,18519,18566
1950,1,18522,18543
7667,4,18533,18549
5050,2,18543,18562
4890,1,18543,18570
2459,4,18549,18572
4383,0,18553,18567
7541,2,18562,18590
4277,3,18566,18610
9654,0,18567,18606
8455,1,18570,18595
8556,4,18572,18611
7650,2,18590,18629
3331,1,18595,18620
9389,0,18606,18638
7107,3,18610,18644
1675,4,18611,18651
6651,1,18620,18641
6277,2,18629,18642
315,0,18638,18648
1921,1,18641,18669
6265,2,18642,18689
8831,3,18644,18680
3273,0,18648,18684
7134,4,18651,18662
6259,4,18662,18679
3199,1,18669,18685
674,4,18679,18707
1638,3,18680,18718
520,0,18684,18698
4882,1,18685,18706
1169,2,18689,18722
709,0,18698,18745
7968,1,18706,18722
7898,4,18707,18753
5994,3,18718,18755
5309,2,18722,18734
1028,1,18722,18727
8037,1,18727,18752
801,2,18734,18771
3698,0,18745,18778
4812,1,18752,18759
3210,4,18753,18801
9774,3,18755,18797
300,1,18759,18764
3145,1,18764,18811
2750,2,18771,18794
4802,0,18778,18790
3810,0,18790,18800
3797,2,18794,18822
6505,3,18797,18829
5033,0,18800,18828
4486,4,18801,18847
8807,1,18811,18841
9691,2,18822,18869
1521,0,18828,18845
279,3,18829,18871
7673,1,18841,18885
7793,0,18845,18875
9295,4,18847,18879
1729,2,18869,18906
669,3,18871,18908
2591,0,18875,18897
1669,4,18879,18909
5511,1,18885,18933
7810,0,18897,18915
96,2,18906,18918
4207,3,18908,18944
9517,4,18909,18941
3637,0,18915,18939
1961,2,18918,18965
225,1,18933,18968
8690,0,18939,18988
2064,4,18941,18969
8269,3,18944,18975
355,2,18965,18997
6576,1,18968,18988
959,4,18969,18975
9649,3,18975,18998
6217,4,18975,18991
5442,0,18988,19014
6711,1,18988,19018
9575,4,18991,18999
9750,2,18997,19002
2390,3,18998,19023
710,4,18999,19012
2861,2,19002,19008
518,2,19008,19032
7453,4,19012,19039
2603,0,19014,19063
3524,1,19018,19024
1581,3,19023,19065
5441,1,19024,19055
2745,2,19032,19082
2080,4,19039,19083
7564,1,19055,19092
3037,0,19063,19073
7160,3,19065,19072
731,3,19072,19122
5781,0,19073,19094
2322,2,19082,19120
3673,4,19083,19109
7004,1,19092,19134
1964,0,19094,19126
1824,4,19109,19119
8780,4,19119,19150
3111,2,19120,19167
399,3,19122,19128
9,0,19126,19175
1496,3,19128,19168
9250,1,19134,19154
9933,4,19150,19177
2544,1,19154,19191
7571,2,19167,19193
9710,3,19168,19177
4244,0,19175,19187
9600,3,19177,19198
8092,4,19177,19185
7963,4,19185,19213
848,0,19187,19208
5897,1,19191,19207
4479,2,19193,19223
4051,3,19198,19240
7097,1,19207,19239
9535,0,19208,19224
9045,4,19213,19254
9035,2,19223,19242
192,0,19224,19261
1202,1,19239,19277
3596,3,19240,19276
6561,2,19242,19257
9608,4,19254,19297
7477,2,19257,19267
1750,0,19261,19311
7069,2,19267,19313
5240,3,19276,19290
1364,1,19277,19305
7098,3,19290,19320
8076,4,19297,19345
5188,1,19305,19353
7830,0,19311,19343
6704,2,19313,19345
4081,3,19320,19337
1846,3,19337,19355
1184,0,19343,19356
3961,2,19345,19382
1230,4,19345,19370
2391,1,19353,19372
2806,3,19355,19372
3420,0,19356,19394
8940,4,19370,19399
6031,3,19372,19420
9174,1,19372,19414
953,2,19382,19427
985,0,19394,19430
490,4,19399,19434
9640,1,19414,19460
8414,3,19420,19429
2660,2,19427,19454
2967,3,19429,19448
2572,0,19430,19448
6377,4,19434,19459
7979,0,19448,19486
938,3,19448,19482
3455,2,19454,19501
8853,4,19459,19504
7868,1,19460,19483
3352,3,19482,19493
3001,1,19483,19530
1686,0,19486,19531
6608,3,19493,19531
8698,2,19501,19512
8263,4,19504,19521
5846,2,19512,19550
6197,4,19521,19531
235,1,19530,19573
7332,0,19531,19554
4381,3,19531,19564
3924,4,19531,19556
7175,2,19550,19577
9668,0,19554,19572
6801,4,19556,19604
5672,3,19564,19602
734,0,19572,19605
3746,1,19573,19583
2782,2,19577,19604
7304,1,19583,19616
2771,3,19602,19635
2279,2,19604,19636
7129,4,19604,19614
6145,0,19605,19646
7201,4,19614,19646
5834,1,19616,19643
5649,3,19635,19656
2598,2,19636,19653
2163,1,19643,19672
3949,0,19646,19666
9990,4,19646,19671
2413,2,19653,19663
4712,3,19656,19700
5266,2,19663,19687
823,0,19666,19683
1196,4,19671,19717
4199,1,19672,19715
601,0,19683,19713
8348,2,19687,19698
3987,2,19698,19739
4332,3,19700,19733
2631,0,19713,19721
8712,1,19715,19727
4456,4,19717,19746
7962,0,19721,19766
2803,1,19727,19758
1240,3,19733,19745
1195,2,19739,19765
3260,3,19745,19782
3508,4,19746,19793
6169,1,19758,19798
5048,2,19765,19798
8515,0,19766,19779
587,0,19779,19789
3046,3,19782,19826
7789,0,19789,19799
5825,4,19793,19815
9920,2,19798,19815
2687,1,19798,19846
9620,0,19799,19849
1749,2,19815,19856
6807,4,19815,19852
1059,3,19826,19875
6095,1,19846,19882
3975,0,19849,19872
1105,4,19852,19896
8128,2,19856,19885
2785,0,19872,19906
8759,3,19875,19896
2491,1,19882,19929
9479,2,19885,19900
9497,3,19896,19906
5159,4,19896,19911
7188,2,19900,19913
3473,0,19906,19924
2629,3,19906,19952
4445,4,19911,19954
7534,2,19913,19920
8943,2,19920,19967
9772,0,19924,19948
1070,1,19929,19949
4096,0,19948,19998
1956,1,19949,19999
9242,3,19952,19999
9380,4,19954,19997
4490,2,19967,20003
1328,4,19997,20023
243,0,19998,20015
8750,3,19999,20035
2465,1,19999,20030
5089,2,20003,20036
6534,0,20015,20061
5277,4,20023,20064
8489,1,20030,20036
1329,3,20035,20051
5319,2,20036,20054
6535,1,20036,20081
2211,3,20051,20073
4309,2,20054,20101
6155,0,20061,20096
6927,4,20064,20087
5902,3,20073,20120
8955,1,20081,20107
13,4,20087,20134
5248,0,20096,20134
2770,2,20101,20146
9341,1,20107,20138
3586,3,20120,20136
2567,0,20134,20153
4240,4,20134,20145
4325,3,20136,20171
602,1,20138,20157
3017,4,20145,20164
8581,2,20146,20182
2238,0,20153,20196
4221,1,20157,20177
2378,4,20164,20171
398,3,20171,20210
8920,4,20171,20199
6363,1,20177,20226
2998,2,20182,20211
5104,0,20196,20234
9309,4,20199,20229
7496,3,20210,20218
4871,2,20211,20219
8809,3,20218,20233
935,2,20219,20232
7780,1,20226,20272
7946,4,20229,20247
4034,2,20232,20256
7279,3,20233,20243
2438,0,20234,20284
7718,3,20243,20278
7532,4,20247,20256
2264,2,20256,20294
4423,4,20256,20306
2525,1,20272,20312
976,3,20278,20291
4218,0,20284,20312
8960,3,20291,20306
8727,2,20294,20339
9426,3,20306,20333
7328,4,20306,20342
4625,0,20312,20320
6641,1,20312,20342
8541,0,20320,20335
1263,3,20333,20370
3927,0,20335,20358
290,2,20339,20368
6035,1,20342,20359
7118,4,20342,20372
1829,0,20358,20380
7446,1,20359,20407
9904,2,20368,20405
1917,3,20370,20402
8549,4,20372,20405
4447,0,20380,20425
4075,3,20402,20409
2484,2,20405,20424
4954,4,20405,20439
7503,1,20407,20439
5615,3,20409,20446
6141,2,20424,20439
7313,0,20425,20445
9808,2,20439,20476
2170,1,20439,20483
1558,4,20439,20466
5765,0,20445,20460
8313,3,20446,20459
3245,3,20459,20505
2812,0,20460,20504
3915,4,20466,20508
4003,2,20476,20508
6287,1,20483,20520
1339,0,20504,20532
2342,3,20505,20540
5162,2,20508,20533
9416,4,20508,20525
2247,1,20520,20570
9814,4,20525,20562
2699,0,20532,20553
5107,2,20533,20561
4685,3,20540,20562
6346,0,20553,20590
4942,2,20561,20607
6028,3,20562,20607
3643,4,20562,20604
492,1,20570,20618
5503,0,20590,20601
758,0,20601,20611
1779,4,20604,20649
8909,2,20607,20612
2594,3,20607,20634
1303,0,20611,20639
7943,2,20612,20655
762,1,20618,20632
9841,1,20632,20659
7860,3,20634,20676
3085,0,20639,20651
776,4,20649,20681
8936,0,20651,20661
311,2,20655,20688
639,1,20659,20666
9862,0,20661,20667
284,1,20666,20672
2276,0,20667,20674
4604,1,20672,20682
1305,0,20674,20709
5801,3,20676,20683
2900,4,20681,20715
6911,1,20682,20703
8771,3,20683,20697
5119,2,20688,20699
9375,3,20697,20737
4301,2,20699,20715
9056,1,20703,20718
275,0,20709,20753
6434,2,20715,20757
34,4,20715,20762
6381,1,20718,20740
1588,3,20737,20777
237,1,20740,20764
8280,0,20753,20774
7410,2,20757,20781
2140,4,20762,20783
600,1,20764,20770
839,1,20770,20807
596,0,20774,20800
9441,3,20777,20793
9451,2,20781,20795
227,4,20783,20831
498,3,20793,20801
9330,2,20795,20845
7464,0,20800,20842
9887,3,20801,20845
9348,1,20807,20837
247,4,20831,20853
6516,1,20837,20858
5667,0,20842,20873
4762,2,20845,20884
859,3,20845,20894
7506,4,20853,20894
9865,1,20858,20892
5881,0,20873,20912
5903,2,20884,20906
1371,1,20892,20915
1122,3,20894,20926
3614,4,20894,20915
1666,2,20906,20925
6659,0,20912,20919
1958,1,20915,20932
5282,4,20915,20936
251,0,20919,20964
3688,2,20925,20935
7971,3,20926,20968
1004,1,20932,20956
647,2,20935,20976
1063,4,20936,20981
329,1,20956,20984
9510,0,20964,20976
2213,3,20968,20998
4684,0,20976,21024
4152,2,20976,21004
6062,4,20981,21024
2824,1,20984,21032
8983,3,20998,21021
1386,2,21004,21039
9394,3,21021,21061
9381,0,21024,21061
5755,4,21024,21037
7290,1,21032,21061
1819,4,21037,21084
2852,2,21039,21044
4355,2,21044,21081
9371,0,21061,21108
9248,3,21061,21090
8021,1,21061,21098
4463,2,21081,21096
1206,4,21084,21128
3043,3,21090,21135
6712,2,21096,21142
182,1,21098,21122
9528,0,21108,21144
6008,1,21122,21148
408,4,21128,21174
9509,3,21135,21181
2914,2,21142,21177
5193,0,21144,21186
5699,1,21148,21173
7209,1,21173,21206
8932,4,21174,21216
5264,2,21177,21182
7507,3,21181,21207
5701,2,21182,21218
1019,0,21186,21209
1255,1,21206,21256
6550,3,21207,21237
6219,0,21209,21258
2165,4,21216,21232
9554,2,21218,21267
8575,4,21232,21241
3318,3,21237,21256
6633,4,21241,21279
5922,3,21256,21300
2155,1,21256,21272
5305,0,21258,21285
6311,2,21267,21283
6513,1,21272,21317
1657,4,21279,21322
8465,2,21283,21319
4510,0,21285,21293
4561,0,21293,21327
8201,3,21300,21309
8118,3,21309,21355
3125,1,21317,21336
7057,2,21319,21361
8251,4,21322,21369
6029,0,21327,21375
8833,1,21336,21374
9315,3,21355,21380
1144,2,21361,21403
3361,4,21369,21397
2340,1,21374,21424
2652,0,21375,21420
1333,3,21380,21405
423,4,21397,21412
9611,2,21403,21424
7791,3,21405,21415
882,4,21412,21431
4174,3,21415,21462
5053,0,21420,21457
8042,2,21424,21466
74,1,21424,21447
2446,4,21431,21474
9507,1,21447,21464
3644,0,21457,21475
9258,3,21462,21510
8461,1,21464,21508
5673,2,21466,21504
2074,4,21474,21515
3443,0,21475,21482
6658,0,21482,21493
9689,0,21493,21543
416,2,21504,21545
393,1,21508,21534
5163,3,21510,21553
7411,4,21515,21541
6865,1,21534,21572
8579,4,21541,21586
9923,0,21543,21581
3005,2,21545,21568
4495,3,21553,21587
7543,2,21568,21574
6664,1,21572,21617
921,2,21574,21587
1472,0,21581,21599
4343,4,21586,21610
786,2,21587,21636
5553,3,21587,21599
9797,0,21599,21632
8603,3,21599,21620
4020,4,21610,21624
3126,1,21617,21652
7611,3,21620,21650
7295,4,21624,21664
8106,0,21632,21646
3350,2,21636,21670
9080,0,21646,21695
541,3,21650,21700
616,1,21652,21662
6275,1,21662,21704
5072,4,21664,21680
4534,2,21670,21692
4477,4,21680,21723
3840,2,21692,21707
3130,0,21695,21708
153,3,21700,21747
4950,1,21704,21717
1192,2,21707,21750
4573,0,21708,21724
8294,1,21717,21748
6089,4,21723,21764
3640,0,21724,21757
6251,3,21747,21774
305,1,21748,21775
156,2,21750,21765
5474,0,21757,21784
6210,4,21764,21780
3805,2,21765,21776
324,3,21774,21816
402,1,21775,21811
6313,2,21776,21809
4669,4,21780,21796
3203,0,21784,21824
7664,4,21796,21839
1705,2,21809,21829
4605,1,21811,21844
8120,3,21816,21823
9280,3,21823,21865
4706,0,21824,21861
3418,2,21829,21867
9307,4,21839,21865
724,1,21844,21887
9209,0,21861,21895
26,3,21865,21888
2978,4,21865,21915
2705,2,21867,21917
7740,1,21887,21918
5120,3,21888,21920
3177,0,21895,21936
7144,4,21915,21931
728,2,21917,21952
5520,1,21918,21949
61,3,21920,21963
8527,4,21931,21977
5328,0,21936,21954
6689,1,21949,21973
8443,2,21952,22001
4480,0,21954,21980
3689,3,21963,21973
5923,3,21973,21987
2814,1,21973,21979
6677,4,21977,22011
3772,1,21979,22013
293,0,21980,22022
9981,3,21987,22033
6350,2,22001,22017
5073,4,22011,22026
8247,1,22013,22055
1632,2,22017,22061
7137,0,22022,22058
1089,4,22026,22036
4959,3,22033,22039
3790,4,22036,22045
3084,3,22039,22087
7838,4,22045,22095
7423,1,22055,22100
5450,0,22058,22096
3427,2,22061,22090
8479,3,22087,22108
9008,2,22090,22124
2753,4,22095,22106
2255,0,22096,22137
8469,1,22100,22126
573,4,22106,22150
9581,3,22108,22129
5320,2,22124,22133
5956,1,22126,22152
2122,3,22129,22139
189,2,22133,22161
1374,0,22137,22184
9293,3,22139,22144
2844,3,22144,22189
6821,4,22150,22156
2772,1,22152,22180
9000,4,22156,22205
5087,2,22161,22203
1126,1,22180,22222
9588,0,22184,22214
5306,3,22189,22205
6869,2,22203,22232
8818,3,22205,22253
8143,4,22205,22238
7794,0,22214,22256
2184,1,22222,22268
9037,2,22232,22254
2912,4,22238,22263
265,3,22253,22289
5332,2,22254,22298
7929,0,22256,22298
6612,4,22263,22293
5225,1,22268,22307
1458,3,22289,22339
5447,4,22293,22341
9331,2,22298,22312
7041,0,22298,22313
7112,1,22307,22314
5021,2,22312,22354
4801,0,22313,22321
1650,1,22314,22345
515,0,22321,22332
2500,0,22332,22343
5686,3,22339,22365
5767,4,22341,22366
3137,0,22343,22368
4661,1,22345,22389
7421,2,22354,22384
3112,3,22365,22413
3189,4,22366,22375
1173,0,22368,22414
7549,4,22375,22415
9057,2,22384,22434
59,1,22389,22410
9500,1,22410,22437
8731,3,22413,22418
3244,0,22414,22454
4098,4,22415,22454
6475,3,22418,22453
9749,2,22434,22461
478,1,22437,22471
4167,3,22453,22477
1209,0,22454,22503
83,4,22454,22493
140,2,22461,22511
481,1,22471,22503
8578,3,22477,22483
4723,3,22483,22529
1673,4,22493,22498
9312,4,22498,22535
6128,0,22503,22513
4681,1,22503,22509
2559,1,22509,22535
9283,2,22511,22559
1807,0,22513,22524
2277,0,22524,22534
4788,3,22529,22569
7840,0,22534,22574
9854,1,22535,22573
7978,4,22535,22565
5783,2,22559,22585
3185,4,22565,22612
868,3,22569,22582
9596,1,22573,22599
552,0,22574,22610
132,3,22582,22615
7588,2,22585,22628
6070,1,22599,22609
1524,1,22609,22659
3592,0,22610,22639
2002,4,22612,22628
1501,3,22615,22663
1137,2,22628,22657
5872,4,22628,22674
1121,0,22639,22668
4444,2,22657,22675
3205,1,22659,22673
2988,3,22663,22687
3247,0,22668,22712
3381,1,22673,22705
2254,4,22674,22723
2778,2,22675,22713
1473,3,22687,22700
6416,3,22700,22729
3914,1,22705,22746
5492,0,22712,22757
3206,2,22713,22755
7135,4,22723,22738
7356,3,22729,22737
4664,3,22737,22762
5115,4,22738,22745
7425,4,22745,22776
4004,1,22746,22763
6335,2,22755,22778
7478,0,22757,22805
1805,3,22762,22784
1282,1,22763,22775
9722,1,22775,22790
8373,4,22776,22793
8724,2,22778,22808
6558,3,22784,22819
7139,1,22790,22828
4193,4,22793,22813
6703,0,22805,22815
8648,2,22808,22857
4915,4,22813,22821
2713,0,22815,22836
1109,3,22819,22824
2422,4,22821,22830
8679,3,22824,22857
867,1,22828,22849
3578,4,22830,22864
8719,0,22836,22865
4742,1,22849,22861
2130,2,22857,22883
9663,3,22857,22889
7275,1,22861,22879
5304,4,22864,22902
6182,0,22865,22874
9665,0,22874,22910
387,1,22879,22905
696,2,22883,22918
8444,3,22889,22901
2962,3,22901,22910
3575,4,22902,22916
2835,1,22905,22912
8680,0,22910,22949
8638,3,22910,22925
3399,1,22912,22951
3469,4,22916,22932
8536,2,22918,22931
6296,3,22925,22968
560,2,22931,22959
994,4,22932,22979
1467,0,22949,22978
5624,1,22951,22977
2148,2,22959,22969
3833,3,22968,22974
9652,2,22969,23010
6406,3,22974,23006
270,1,22977,22993
219,0,22978,23000
4520,4,22979,23012
7873,1,22993,23030
4156,0,23000,23020
2729,3,23006,23018
5170,2,23010,23060
7037,4,23012,23037
815,3,23018,23040
7471,0,23020,23028
3645,0,23028,23038
1616,1,23030,23072
9088,4,23037,23079
4817,0,23038,23056
6683,3,23040,23053
3198,3,23053,23102
4528,0,23056,23076
7984,2,23060,23096
7116,1,23072,23082
3706,0,23076,23108
1171,4,23079,23088
9125,1,23082,23127
2736,4,23088,23108
6604,2,23096,23126
1562,3,23102,23115
8772,0,23108,23123
5773,4,23108,23115
756,3,23115,23165
1489,4,23115,23139
8399,0,23123,23160
3738,2,23126,23153
7547,1,23127,23151
2918,4,23139,23175
386,1,23151,23194
6305,2,23153,23202
3598,0,23160,23171
7085,3,23165,23202
2993,0,23171,23218
863,4,23175,23199
7785,1,23194,23238
7502,4,23199,23231
561,2,23202,23242
5364,3,23202,23244
8448,0,23218,23263
7703,4,23231,23247
2004,1,23238,23260
6235,2,23242,23286
1556,3,23244,23294
9110,4,23247,23258
5337,4,23258,23300
6471,1,23260,23279
2887,0,23263,23305
413,1,23279,23288
3407,2,23286,23323
1451,1,23288,23318
5257,3,23294,23318
4259,4,23300,23336
9193,0,23305,23345
5818,3,23318,23368
1919,1,23318,23354
2678,2,23323,23343
7024,4,23336,23365
2309,2,23343,23357
7950,0,23345,23381
9735,1,23354,23382
8217,2,23357,23369
7426,4,23365,23373
4763,3,23368,23383
9951,2,23369,23409
7993,4,23373,23418
7403,0,23381,23398
1167,1,23382,23401
9396,3,23383,23389
8167,3,23389,23415
7062,0,23398,23440
7727,1,23401,23410
2271,2,23409,23435
1732,1,23410,23428
3253,3,23415,23424
9090,4,23418,23465
2507,3,23424,23429
5245,1,23428,23437
5584,3,23429,23457
6845,2,23435,23443
931,1,23437,23476
9540,0,23440,23452
9001,2,23443,23450
9702,2,23450,23463
8372,0,23452,23502
5223,3,23457,23507
9196,2,23463,23509
5928,4,23465,23480
6728,1,23476,23525
5425,4,23480,23527
2773,0,23502,23542
4363,3,23507,23539
8238,2,23509,23559
9167,1,23525,23545
1934,4,23527,23532
8147,4,23532,23544
877,3,23539,23552
4263,0,23542,23579
9867,4,23544,23574
287,1,23545,23562
5125,3,23552,23564
6579,2,23559,23592
5496,1,23562,23592
7741,3,23564,23590
1896,4,23574,23596
6724,0,23579,23618
5028,3,23590,23600
130,2,23592,23627
3847,1,23592,23611
7575,4,23596,23607
4233,3,23600,23633
7035,4,23607,23623
5374,1,23611,23644
6957,0,23618,23663
6184,4,23623,23636
3446,2,23627,23648
1419,3,23633,23674
9116,4,23636,23686
4376,1,23644,23662
688,2,23648,23683
2215,1,23662,23680
479,0,23663,23674
8535,0,23674,23716
2560,3,23674,23705
307,1,23680,23715
1464,2,23683,23691
2162,4,23686,23718
5738,2,23691,23725
4509,3,23705,23735
746,1,23715,23742
3827,0,23716,23741
5892,4,23718,23745
4344,2,23725,23730
8396,2,23730,23770
9908,3,23735,23745
1183,0,23741,23774
6750,1,23742,23749
8365,3,23745,23780
6267,4,23745,23790
590,1,23749,23760
3786,1,23760,23802
8328,2,23770,23813
9861,0,23774,23792
1040,3,23780,23815
390,4,23790,23806
8740,0,23792,23808
141,1,23802,23835
7267,4,23806,23843
4582,0,23808,23820
699,2,23813,23818
8646,3,23815,23821
2278,2,23818,23827
4453,0,23820,23857
6902,3,23821,23858
8506,2,23827,23870
4437,1,23835,23856
9712,4,23843,23888
7679,1,23856,23885
633,0,23857,23878
2320,3,23858,23885
6013,2,23870,23888
7178,0,23878,23922
7842,3,23885,23931
7606,1,23885,23901
6376,2,23888,23910
1526,4,23888,23929
9615,1,23901,23914
6261,2,23910,23947
9086,1,23914,23939
1157,0,23922,23953
1214,4,23929,23947
4176,3,23931,23967
1243,1,23939,23944
5597,1,23944,23955
7143,2,23947,23994
301,4,23947,23993
4928,0,23953,23973
7257,1,23955,23969
5417,3,23967,24009
5784,1,23969,23981
2688,0,23973,23988
9544,1,23981,24026
4718,0,23988,24014
434,4,23993,24027
7992,2,23994,24029
7015,3,24009,24014
7645,0,24014,24022
2171,3,24014,24038
7713,0,24022,24055
9925,1,24026,24070
4677,4,24027,24037
6490,2,24029,24046
3208,4,24037,24042
662,3,24038,24077
3811,4,24042,24068
4776,2,24046,24076
5726,0,24055,24104
4073,4,24068,24111
9823,1,24070,24115
325,2,24076,24114
8190,3,24077,24123
9453,0,24104,24113
6541,4,24111,24151
671,0,24113,24140
9962,2,24114,24159
2666,1,24115,24159
3751,3,24123,24148
2854,0,24140,24165
8866,3,24148,24157
7646,4,24151,24195
4286,3,24157,24167
4136,2,24159,24166
8595,1,24159,24200
5713,0,24165,24211
5660,2,24166,24187
1001,3,24167,24185
7972,3,24185,24207
3358,2,24187,24237
3269,4,24195,24241
7065,1,24200,24207
3973,3,24207,24232
3106,1,24207,24256
4767,0,24211,24218
9218,0,24218,24224
7210,0,24224,24251
9325,3,24232,24274
554,2,24237,24279
6965,4,24241,24253
9567,0,24251,24261
6545,4,24253,24283
318,1,24256,24297
8665,0,24261,24282
3606,3,24274,24324
3825,2,24279,24297
6222,0,24282,24299
1654,4,24283,24317
3910,2,24297,24337
2984,1,24297,24318
7435,0,24299,24340
3200,4,24317,24355
3995,1,24318,24360
3211,3,24324,24362
3704,2,24337,24358
5134,0,24340,24347
6839,0,24347,24389
3679,4,24355,24400
2562,2,24358,24373
2752,1,24360,24380
2018,3,24362,24390
8026,2,24373,24420
3616,1,24380,24398
447,0,24389,24438
5613,3,24390,24396
2188,3,24396,24435
5192,1,24398,24419
8175,4,24400,24446
9460,1,24419,24465
8995,2,24420,24443
8992,3,24435,24465
283,0,24438,24474
49,2,24443,24460
3660,4,24446,24496
7922,2,24460,24509
25,3,24465,24474
2089,1,24465,24500
1259,0,24474,24501
9911,3,24474,24510
4975,4,24496,24514
9499,1,24500,24543
3056,0,24501,24515
1881,2,24509,24521
3051,3,24510,24538
581,4,24514,24544
2564,0,24515,24533
9576,2,24521,24537
6501,0,24533,24555
7046,2,24537,24547
5396,3,24538,24548
4586,1,24543,24579
6066,4,24544,24583
1637,2,24547,24556
9131,3,24548,24596
458,0,24555,24594
308,2,24556,24588
2698,1,24579,24618
5117,4,24583,24608
1285,2,24588,24599
1924,0,24594,24611
5522,3,24596,24614
3278,2,24599,24625
1541,4,24608,24641
1311,0,24611,24623
7683,3,24614,24648
4611,1,24618,24623
269,0,24623,24640
8212,1,24623,24632
3478,2,24625,24636
9795,1,24632,24682
1487,2,24636,24674
9036,0,24640,24656
2592,4,24641,24669
1700,3,24648,24655
7816,3,24655,24673
4727,0,24656,24703
3274,4,24669,24708
8467,3,24673,24695
30,2,24674,24709
5796,1,24682,24717
8410,3,24695,24704
737,0,24703,24710
172,3,24704,24749
3950,4,24708,24751
4579,2,24709,24754
2094,0,24710,24750
2942,1,24717,24754
9629,3,24749,24787
5486,0,24750,24767
2346,4,24751,24784
7596,2,24754,24801
3945,1,24754,24769
7987,0,24767,24806
9069,1,24769,24795
9100,4,24784,24792
7705,3,24787,24793
8927,4,24792,24825
5094,3,24793,24811
3554,1,24795,24825
809,2,24801,24849
2874,0,24806,24817
379,3,24811,24845
9030,0,24817,24842
7126,1,24825,24865
5901,4,24825,24833
5350,4,24833,24841
340,4,24841,24862
8243,0,24842,24868
1828,3,24845,24891
1550,2,24849,24863
9583,4,24862,24885
3894,2,24863,24899
1998,1,24865,24884
6733,0,24868,24900
6077,1,24884,24911
7777,4,24885,24892
3917,3,24891,24910
7612,4,24892,24908
7400,2,24899,24943
1053,0,24900,24948
577,4,24908,24941
1962,3,24910,24959
1499,1,24911,24950
5932,4,24941,24975
1025,2,24943,24976
8979,0,24948,24980
9901,1,24950,24986
2508,3,24959,24981
5312,4,24975,25025
7894,2,24976,24981
3380,0,24980,24989
1136,2,24981,25030
6779,3,24981,25020
8514,1,24986,25032
3517,0,24989,25003
3028,0,25003,25047
1318,3,25020,25067
903,4,25025,25043
3665,2,25030,25070
2920,1,25032,25079
8887,4,25043,25057
9407,0,25047,25068
603,4,25057,25097
8256,3,25067,25090
2726,0,25068,25091
9791,2,25070,25104
7340,1,25079,25091
3922,3,25090,25135
3110,0,25091,25105
6877,1,25091,25105
9062,4,25097,25147
4108,2,25104,25139
1369,0,25105,25125
1778,1,25105,25111
4903,1,25111,25129
2283,0,25125,25156
1426,1,25129,25159
8009,3,25135,25143
7164,2,25139,25175
9231,3,25143,25177
175,4,25147,25169
3430,0,25156,25180
8509,1,25159,25202
8657,4,25169,25194
1599,2,25175,25207
9571,3,25177,25203
5341,0,25180,25220
2142,4,25194,25240
9461,1,25202,25212
1679,3,25203,25228
1918,2,25207,25249
6981,1,25212,25260
3940,0,25220,25255
7562,3,25228,25251
4759,4,25240,25273
8935,2,25249,25283
7287,3,25251,25273
4008,0,25255,25272
2970,1,25260,25271
3721,1,25271,25300
266,0,25272,25320
9255,3,25273,25283
5725,4,25273,25318
2577,2,25283,25290
9834,3,25283,25327
6470,2,25290,25297
8150,2,25297,25328
4819,1,25300,25339
7087,4,25318,25342
5127,0,25320,25370
5906,3,25327,25359
1431,2,25328,25368
7379,1,25339,25369
3289,4,25342,25359
6979,3,25359,25387
7219,4,25359,25374
7407,2,25368,25373
2982,1,25369,25418
1963,0,25370,25419
6783,2,25373,25423
6139,4,25374,25405
1256,3,25387,25398
9930,3,25398,25417
1763,4,25405,25448
7617,3,25417,25437
1605,1,25418,25463
4589,0,25419,25468
9059,2,25423,25430
9980,2,25430,25447
7879,3,25437,25443
2036,3,25443,25469
8915,2,25447,25476
8054,4,25448,25478
6657,1,25463,25513
2137,0,25468,25486
3628,3,25469,25505
5361,2,25476,25525
6961,4,25478,25524
2042,0,25486,25529
563,3,25505,25523
292,1,25513,25532
8821,3,25523,25559
5178,4,25524,25563
4013,2,25525,25564
8614,0,25529,25544
4629,1,25532,25551
1336,0,25544,25567
5122,1,25551,25587
6146,3,25559,25586
5349,4,25563,25586
5989,2,25564,25595
752,0,25567,25602
4106,3,25586,25622
8520,4,25586,25632
347,1,25587,25594
4115,1,25594,25636
6436,2,25595,25636
430,0,25602,25614
7584,0,25614,25630
7521,3,25622,25664
7092,0,25630,25680
7591,4,25632,25650
9070,2,25636,25681
8952,1,25636,25665
2961,4,25650,25689
5423,3,25664,25683
9149,1,25665,25697
2551,0,25680,25714
846,2,25681,25718
9171,3,25683,25714
7540,4,25689,25715
519,1,25697,25716
8934,3,25714,25747
1485,0,25714,25725
5009,4,25715,25740
5123,1,25716,25721
5735,2,25718,25752
3703,1,25721,25769
575,0,25725,25765
2,4,25740,25753
3928,3,25747,25776
1123,2,25752,25797
2079,4,25753,25802
6932,0,25765,25794
1488,1,25769,25780
1203,3,25776,25825
8108,1,25780,25812
2574,0,25794,25820
3532,2,25797,25802
799,2,25802,25839
2041,4,25802,25827
8951,1,25812,25839
5400,0,25820,25857
6626,3,25825,25873
8276,4,25827,25864
157,2,25839,25885
2524,1,25839,25850
6087,1,25850,25893
5046,0,25857,25883
1379,4,25864,25883
5954,3,25873,25880
8148,3,25880,25888
6290,0,25883,25893
1290,4,25883,25897
2065,2,25885,25925
733,3,25888,25938
7322,0,25893,25911
7377,1,25893,25928
3303,4,25897,25921
2878,0,25911,25945
5268,4,25921,25964
683,2,25925,25955
5154,1,25928,25975
1449,3,25938,25948
4358,0,25945,25990
1242,3,25948,25996
9740,2,25955,25975
3383,4,25964,26006
8999,2,25975,25980
4245,1,25975,26009
378,2,25980,26020
2174,0,25990,25998
5081,3,25996,26007
8988,0,25998,26024
1304,4,26006,26041
2624,3,26007,26050
9744,1,26009,26058
7086,2,26020,26057
1469,0,26024,26046
5990,4,26041,26088
1418,0,26046,26072
406,3,26050,26096
1080,2,26057,26081
5222,1,26058,26077
3573,0,26072,26086
4464,1,26077,26086
9349,2,26081,26123
5490,0,26086,26127
8059,1,26086,26130
8636,4,26088,26117
2499,3,26096,26105
1020,3,26105,26148
8071,4,26117,26143
2710,2,26123,26146
9182,0,26127,26176
198,1,26130,26145
2994,4,26143,26163
4036,1,26145,26177
7338,2,26146,26189
9682,3,26148,26155
485,3,26155,26172
2178,4,26163,26183
9943,3,26172,26184
3042,0,26176,26218
8241,1,26177,26191
4752,4,26183,26227
5685,3,26184,26202
8539,2,26189,26198
4691,1,26191,26198
142,2,26198,26235
720,1,26198,26233
2516,3,26202,26246
9168,0,26218,26239
6410,4,26227,26273
3122,1,26233,26278
1906,2,26235,26280
1428,0,26239,26283
3970,3,26246,26255
8819,3,26255,26264
245,3,26264,26282
3652,4,26273,26286
7366,1,26278,26325
9208,2,26280,26295
7228,3,26282,26320
912,0,26283,26321
2518,4,26286,26319
9411,2,26295,26324
2458,4,26319,26366
3906,3,26320,26348
8301,0,26321,26351
5049,2,26324,26366
5262,1,26325,26335
2891,1,26335,26384
6242,3,26348,26398
3105,0,26351,26380
7319,2,26366,26412
7567,4,26366,26372
3636,4,26372,26408
5674,0,26380,26423
5151,1,26384,26419
215,3,26398,26407
4899,3,26407,26431
9956,4,26408,26418
2474,2,26412,26459
4059,4,26418,26463
4770,1,26419,26443
6816,0,26423,26439
5051,3,26431,26478
3984,0,26439,26480
5228,1,26443,26482
4130,2,26459,26499
1009,4,26463,26498
3086,3,26478,26519
8629,0,26480,26493
2241,1,26482,26511
4537,0,26493,26528
8895,4,26498,26545
1611,2,26499,26505
5443,2,26505,26524
3004,1,26511,26533
513,3,26519,26525
7902,2,26524,26574
5588,3,26525,26556
4944,0,26528,26576
9043,1,26533,26575
8531,4,26545,26595
5691,3,26556,26587
6896,2,26574,26595
8816,1,26575,26610
8975,0,26576,26602
7,3,26587,26599
7391,2,26595,26636
429,4,26595,26639
4333,3,26599,26644
5101,0,26602,26652
4989,1,26610,26660
4278,2,26636,26647
2467,4,26639,26652
8737,3,26644,26687
7678,2,26647,26692
9855,0,26652,26668
4146,4,26652,26690
3324,1,26660,26672
3425,0,26668,26716
5090,1,26672,26699
9526,3,26687,26722
3314,4,26690,26729
9221,2,26692,26725
9801,1,26699,26722
4205,0,26716,26757
8283,3,26722,26760
7669,1,26722,26762
9478,2,26725,26763
7078,4,26729,26751
5793,4,26751,26775
8149,0,26757,26778
6153,3,26760,26775
2420,1,26762,26810
2547,2,26763,26773
1026,2,26773,26808
7783,3,26775,26820
3345,4,26775,26823
5707,0,26778,26802
8875,0,26802,26840
9188,2,26808,26844
1799,1,26810,26847
3438,3,26820,26866
2120,4,26823,26853
2734,0,26840,26848
9977,2,26844,26862
1129,1,26847,26877
5052,0,26848,26855
4224,4,26853,26860
9619,0,26855,26889
1528,4,26860,26889
9810,2,26862,26912
8770,3,26866,26899
9316,1,26877,26905
4080,0,26889,26919
7844,4,26889,26918
3770,3,26899,26920
9245,1,26905,26924
6763,2,26912,26921
4739,4,26918,26954
791,0,26919,26940
8873,3,26920,26935
201,2,26921,26941
7817,1,26924,26936
5918,3,26935,26953
1772,1,26936,26983
9805,0,26940,26988
5308,2,26941,26964
3668,3,26953,26967
1067,4,26954,26995
9433,2,26964,26986
1910,3,26967,27013
1119,1,26983,27033
7595,2,26986,27019
4895,0,26988,27016
7347,4,26995,27024
6005,3,27013,27021
135,0,27016,27047
8941,2,27019,27047
7899,3,27021,27050
3877,4,27024,27054
5174,1,27033,27039
8959,1,27039,27084
8423,2,27047,27059
5148,0,27047,27090
7136,3,27050,27087
6966,4,27054,27084
5480,2,27059,27107
8870,1,27084,27094
5666,4,27084,27122
6905,3,27087,27117
8127,0,27090,27106
5951,1,27094,27124
998,0,27106,27131
736,2,27107,27131
8421,3,27117,27127
3293,4,27122,27167
5986,1,27124,27150
8699,3,27127,27160
6036,2,27131,27153
2138,0,27131,27164
1415,1,27150,27175
3559,2,27153,27161
508,3,27160,27171
9950,2,27161,27184
7824,0,27164,27187
3429,4,27167,27172
4983,3,27171,27194
1107,4,27172,27222
501,1,27175,27224
3887,2,27184,27191
1569,0,27187,27202
3992,2,27191,27202
6423,3,27194,27219
1844,2,27202,27246
6384,0,27202,27214
2833,0,27214,27219
7651,0,27219,27224
5687,3,27219,27255
5465,4,27222,27252
337,0,27224,27260
3169,1,27224,27267
3993,2,27246,27262
392,4,27252,27260
9179,3,27255,27282
9319,0,27260,27267
2842,4,27260,27276
8270,2,27262,27301
7186,0,27267,27300
7661,1,27267,27294
6368,4,27276,27316
5984,3,27282,27307
6462,1,27294,27302
122,0,27300,27319
8085,2,27301,27315
3261,1,27302,27313
1065,3,27307,27327
5795,1,27313,27322
4049,2,27315,27347
1450,4,27316,27358
5280,0,27319,27335
9205,1,27322,27332
3898,3,27327,27360
6921,1,27332,27382
3784,0,27335,27376
7486,2,27347,27365
4391,4,27358,27388
5888,3,27360,27375
8567,2,27365,27372
7408,2,27372,27408
8284,3,27375,27414
5497,0,27376,27392
5402,1,27382,27389
8841,4,27388,27437
6629,1,27389,27398
2291,0,27392,27405
2363,1,27398,27445
8522,0,27405,27441
1944,2,27408,27450
6474,3,27414,27448
5333,4,27437,27475
4145,0,27441,27483
3802,1,27445,27471
505,3,27448,27472
5435,2,27450,27478
8347,1,27471,27491
80,3,27472,27495
7492,4,27475,27494
8210,2,27478,27508
9565,0,27483,27518
5817,1,27491,27500
344,4,27494,27520
1722,3,27495,27537
9097,1,27500,27522
4796,2,27508,27556
1470,0,27518,27557
3820,4,27520,27543
7659,1,27522,27535
9128,1,27535,27572
9664,3,27537,27547
8948,4,27543,27564
7373,3,27547,27590
1351,2,27556,27571
5678,0,27557,27574
3682,4,27564,27599
8811,2,27571,27612
1302,1,27572,27603
3920,0,27574,27584
1645,0,27584,27596
9934,3,27590,27629
5410,0,27596,27607
3868,4,27599,27648
159,1,27603,27637
3180,0,27607,27634
9541,2,27612,27652
7836,3,27629,27636
4242,0,27634,27670
8994,3,27636,27667
9219,1,27637,27669
7671,4,27648,27693
991,2,27652,27680
7258,3,27667,27701
655,1,27669,27682
7691,0,27670,27691
1879,2,27680,27701
1753,1,27682,27688
5327,1,27688,27709
4194,0,27691,27707
5406,4,27693,27713
805,2,27701,27724
8068,3,27701,27739
7688,0,27707,27722
5865,1,27709,27737
2212,4,27713,27751
4046,0,27722,27734
2672,2,27724,27743
3678,0,27734,27765
2282,1,27737,27775
2517,3,27739,27748
4506,2,27743,27789
9942,3,27748,27785
1380,4,27751,27786
1884,0,27765,27811
7890,1,27775,27821
9675,3,27785,27792
509,4,27786,27828
2875,2,27789,27816
4866,3,27792,27805
7778,3,27805,27851
9241,0,27811,27825
7881,2,27816,27842
550,1,27821,27835
3217,0,27825,27866
1951,4,27828,27851
5669,1,27835,27862
2406,2,27842,27877
8805,3,27851,27871
4844,4,27851,27859
4031,4,27859,27880
8218,1,27862,27908
7918,0,27866,27871
6494,3,27871,27901
4398,0,27871,27886
5179,2,27877,27884
6661,4,27880,27907
1652,2,27884,27934
1197,0,27886,27918
4937,3,27901,27921
2353,4,27907,27913
2365,1,27908,27936
8352,4,27913,27937
1540,0,27918,27927
6690,3,27921,27945
1312,0,27927,27942
6760,2,27934,27979
7969,1,27936,27955
5161,4,27937,27982
2845,0,27942,27959
42,3,27945,27971
2804,1,27955,27988
6934,0,27959,27982
9556,3,27971,27996
8279,2,27979,28029
5523,0,27982,28004
9974,4,27982,27987
9958,4,27987,28020
3277,1,27988,28019
9298,3,27996,28032
7360,0,28004,28016
7768,0,28016,28024
3817,1,28019,28064
9340,4,28020,28055
1695,0,28024,28068
8483,2,28029,28046
4999,3,28032,28066
6419,2,28046,28074
1760,4,28055,28073
4377,1,28064,28111
4565,3,28066,28100
7957,0,28068,28106
9291,4,28073,28114
2515,2,28074,28102
65,3,28100,28144
4425,2,28102,28111
2352,0,28106,28133
3288,2,28111,28142
9747,1,28111,28142
6179,4,28114,28157
2472,0,28133,28170
1159,2,28142,28172
6709,1,28142,28183
3450,3,28144,28159
8426,4,28157,28177
7359,3,28159,28176
1500,0,28170,28186
4893,2,28172,28206
3621,3,28176,28192
5991,4,28177,28210
9860,1,28183,28206
8402,0,28186,28207
8351,3,28192,28212
2921,2,28206,28247
6640,1,28206,28248
6562,0,28207,28215
6978,4,28210,28235
9534,3,28212,28262
6106,0,28215,28223
6591,0,28223,28230
1617,0,28230,28276
4957,4,28235,28264
4749,2,28247,28297
3764,1,28248,28287
5549,3,28262,28284
9730,4,28264,28296
5858,0,28276,28290
5816,3,28284,28306
4652,1,28287,28332
9454,0,28290,28331
9068,4,28296,28335
3445,2,28297,28322
7853,3,28306,28338
8756,2,28322,28327
3301,2,28327,28347
4920,0,28331,28359
8769,1,28332,28338
9103,4,28335,28362
8439,3,28338,28384
1572,1,28338,28360
7932,2,28347,28365
9302,0,28359,28370
4192,1,28360,28390
7044,4,28362,28384
4787,2,28365,28409
1769,0,28370,28390
5895,3,28384,28409
9318,4,28384,28415
3874,0,28390,28437
2418,1,28390,28419
9337,2,28409,28443
711,3,28409,28416
1864,4,28415,28441
1041,3,28416,28458
9013,1,28419,28469
4462,0,28437,28487
2119,4,28441,28473
3579,2,28443,28469
3201,3,28458,28463
9666,3,28463,28485
6395,2,28469,28517
1795,1,28469,28519
7006,4,28473,28515
1199,3,28485,28500
377,0,28487,28518
6645,3,28500,28528
6079,4,28515,28553
1856,2,28517,28533
918,0,28518,28542
2272,1,28519,28552
4102,3,28528,28575
8864,2,28533,28553
3209,0,28542,28580
3572,1,28552,28601
8072,2,28553,28562
4981,4,28553,28594
2966,2,28562,28568
8677,2,28568,28599
3165,3,28575,28607
4331,0,28580,28629
4220,4,28594,28642
3929,2,28599,28648
3134,1,28601,28638
7253,3,28607,28615
9767,3,28615,28659
5768,0,28629,28672
890,1,28638,28676
4777,4,28642,28651
9700,2,28648,28691
10000,4,28651,28687
7626,3,28659,28679
8000,0,28672,28715
9811,1,28676,28708
8040,3,28679,28695
1810,4,28687,28703
1391,2,28691,28716
313,3,28695,28718
129,4,28703,28741
6598,1,28708,28714
2179,1,28714,28740
5368,0,28715,28759
2158,2,28716,28740
7268,3,28718,28767
1659,2,28740,28758
8858,1,28740,28770
3316,4,28741,28785
2455,2,28758,28800
9558,0,28759,28778
2675,3,28767,28797
3619,1,28770,28816
1676,0,28778,28806
7131,4,28785,28823
3853,3,28797,28812
8230,2,28800,28845
8061,0,28806,28834
1466,3,28812,28847
7886,1,28816,28825
3998,4,28823,28842
4865,1,28825,28870
531,0,28834,28842
5746,0,28842,28851
8330,4,28842,28863
8676,2,28845,28888
3858,3,28847,28855
6710,0,28851,28875
8403,3,28855,28875
7966,4,28863,28874
3724,1,28870,28890
6840,4,28874,28880
1497,0,28875,28899
2436,3,28875,28895
898,4,28880,28918
8764,2,28888,28921
3823,1,28890,28897
3775,3,28895,28901
3705,1,28897,28937
5267,0,28899,28921
7558,3,28901,28946
8896,4,28918,28951
2999,2,28921,28968
7884,0,28921,28963
7121,1,28937,28983
4294,3,28946,28984
5491,4,28951,28985
8746,0,28963,28995
7312,2,28968,28999
5167,1,28983,29026
4132,3,28984,29026
8363,4,28985,28991
8304,4,28991,29006
7419,0,28995,29005
5875,2,28999,29040
7642,0,29005,29039
1207,4,29006,29040
5944,1,29026,29032
9105,3,29026,29062
9275,1,29032,29048
2740,0,29039,29065
9144,2,29040,29050
2457,4,29040,29051
5121,1,29048,29098
8673,2,29050,29100
9286,4,29051,29073
1982,3,29062,29098
186,0,29065,29110
9609,4,29073,29120
2747,3,29098,29123
3362,1,29098,29142
8510,2,29100,29142
3485,0,29110,29159
8694,4,29120,29164
1709,3,29123,29137
3659,3,29137,29177
8275,2,29142,29165
2550,1,29142,29180
5214,0,29159,29192
8407,4,29164,29199
4585,2,29165,29183
5912,3,29177,29207
4499,1,29180,29199
5399,2,29183,29219
2684,0,29192,29220
6168,1,29199,29233
3444,4,29199,29233
3077,3,29207,29241
8384,2,29219,29257
5285,0,29220,29243
9405,1,29233,29265
4910,4,29233,29243
4986,3,29241,29273
2811,0,29243,29280
9824,4,29243,29253
7563,4,29253,29274
6357,2,29257,29282
6320,1,29265,29294
582,3,29273,29311
7907,4,29274,29305
5551,0,29280,29286
3849,2,29282,29306
3836,0,29286,29296
8572,1,29294,29344
7189,0,29296,29337
1847,4,29305,29323
3008,2,29306,29340
1176,3,29311,29334
715,4,29323,29334
2382,3,29334,29380
8056,4,29334,29366
4103,0,29337,29375
7325,2,29340,29364
8223,1,29344,29361
3504,1,29361,29386
1208,2,29364,29386
3777,4,29366,29371
3593,4,29371,29413
2578,0,29375,29401
3534,3,29380,29401
837,2,29386,29428
1885,1,29386,29425
9667,0,29401,29425
2325,3,29401,29414
6929,4,29413,29432
7773,3,29414,29461
9602,0,29425,29453
9006,1,29425,29460
9836,2,29428,29475
7054,4,29432,29449
716,4,29449,29498
3519,0,29453,29465
6342,1,29460,29495
6890,3,29461,29493
1201,0,29465,29509
3306,2,29475,29497
9707,3,29493,29517
7758,1,29495,29513
117,2,29497,29512
4029,4,29498,29530
9489,0,29509,29550
8633,2,29512,29558
4873,1,29513,29534
1031,3,29517,29531
1838,4,29530,29554
6306,3,29531,29551
7317,1,29534,29561
2359,0,29550,29566
9764,3,29551,29573
2013,4,29554,29564
1319,2,29558,29569
2302,1,29561,29570
1215,4,29564,29570
7381,0,29566,29578
6032,2,29569,29612
4226,1,29570,29585
2871,4,29570,29606
9946,3,29573,29579
7172,0,29578,29598
289,3,29579,29600
3734,1,29585,29595
9848,1,29595,29620
8300,0,29598,29611
2832,3,29600,29620
6001,4,29606,29611
1821,0,29611,29621
914,4,29611,29660
725,2,29612,29658
8155,3,29620,29670
2940,1,29620,29643
7234,0,29621,29670
3793,1,29643,29693
1411,2,29658,29688
3690,4,29660,29670
6697,0,29670,29713
4748,3,29670,29709
1099,4,29670,29687
3465,4,29687,29692
6283,2,29688,29697
4674,4,29692,29740
2972,1,29693,29730
5479,2,29697,29720
3308,3,29709,29733
6454,0,29713,29739
2796,2,29720,29749
2707,1,29730,29748
7985,3,29733,29747
1957,0,29739,29745
7684,4,29740,29761
3525,0,29745,29770
9771,3,29747,29779
8135,1,29748,29762
523,2,29749,29796
7358,4,29761,29810
5540,1,29762,29809
9882,0,29770,29805
2425,3,29779,29824
8893,2,29796,29814
5806,0,29805,29851
48,1,29809,29838
1515,4,29810,29843
2975,2,29814,29850
4334,3,29824,29846
147,1,29838,29849
6373,4,29843,29870
4374,3,29846,29879
6302,1,29849,29856
1733,2,29850,29887
9756,0,29851,29861
9377,1,29856,29876
4524,0,29861,29909
5272,4,29870,29875
769,4,29875,29912
8385,1,29876,29920
9099,3,29879,29885
6725,3,29885,29909
6628,2,29887,29893
4549,2,29893,29920
8379,0,29909,29944
7368,3,29909,29945
1131,4,29912,29925
1309,2,29920,29968
7872,1,29920,29939
1727,4,29925,29951
9983,1,29939,29959
8413,0,29944,29964
4489,3,29945,29956
7430,4,29951,29986
1765,3,29956,29989
1373,1,29959,29969
4348,0,29964,30009
8309,2,29968,29973
3725,1,29969,30011
364,2,29973,29986
9303,2,29986,30025
7033,4,29986,30025
8678,3,29989,30003
7685,3,30003,30038
9436,0,30009,30051
6787,1,30011,30055
707,2,30025,30039
4415,4,30025,30056
9361,3,30038,30055
940,2,30039,30048
1913,2,30048,30070
8206,0,30051,30099
8286,3,30055,30068
5664,1,30055,30085
6161,4,30056,30087
321,3,30068,30117
4195,2,30070,30094
6843,1,30085,30094
9023,4,30087,30127
954,2,30094,30103
6108,1,30094,30115
8321,0,30099,30130
7416,2,30103,30123
1825,1,30115,30156
3108,3,30117,30137
6841,2,30123,30128
3497,4,30127,30157
2903,2,30128,30145
3580,0,30130,30168
4280,3,30137,30158
3576,2,30145,30195
8152,1,30156,30185
8508,4,30157,30180
4265,3,30158,30171
3824,0,30168,30208
9758,3,30171,30198
7330,4,30180,30222
2973,1,30185,30218
1999,2,30195,30231
31,3,30198,30227
4683,0,30208,30234
9306,1,30218,30243
1452,4,30222,30266
6739,3,30227,30234
895,2,30231,30263
4210,0,30234,30260
5935,3,30234,30252
6195,1,30243,30290
3268,3,30252,30292
8862,0,30260,30274
4092,2,30263,30313
9978,4,30266,30287
5338,0,30274,30294
7647,4,30287,30320
2088,1,30290,30304
9052,3,30292,30339
3375,0,30294,30307
9158,1,30304,30335
7020,0,30307,30326
7010,2,30313,30319
6230,2,30319,30344
923,4,30320,30359
5076,0,30326,30371
9475,1,30335,30365
7568,3,30339,30347
4951,2,30344,30369
7452,3,30347,30353
3498,3,30353,30401
2810,4,30359,30398
2580,1,30365,30391
1904,2,30369,30379
5958,0,30371,30378
933,0,30378,30421
2035,2,30379,30424
7845,1,30391,30421
1035,4,30398,30446
102,3,30401,30406
4063,3,30406,30421
8047,0,30421,30450
1718,1,30421,30466
2948,3,30421,30451
1245,2,30424,30465
3029,4,30446,30476
7888,0,30450,30460
2417,3,30451,30461
3154,0,30460,30485
4929,3,30461,30502
1696,2,30465,30494
9446,1,30466,30505
4804,4,30476,30507
5790,0,30485,30520
3104,2,30494,30527
507,3,30502,30544
55,1,30505,30523
8262,4,30507,30516
7586,4,30516,30560
9432,0,30520,30568
8187,1,30523,30548
5250,2,30527,30535
209,2,30535,30554
2492,3,30544,30586
1584,1,30548,30561
4028,2,30554,30565
6506,4,30560,30573
9592,1,30561,30587
7166,2,30565,30612
6607,0,30568,30617
2107,4,30573,30614
4466,3,30586,30622
7825,1,30587,30610
7385,1,30610,30651
2394,2,30612,30634
6050,4,30614,30658
5068,0,30617,30649
4190,3,30622,30668
4041,2,30634,30639
3852,2,30639,30684
7072,0,30649,30676
6524,1,30651,30657
2284,1,30657,30683
8604,4,30658,30704
5340,3,30668,30673
7349,3,30673,30692
8695,0,30676,30700
2554,1,30683,30707
7833,2,30684,30717
9271,3,30692,30715
2542,0,30700,30732
4668,4,30704,30716
9765,1,30707,30712
397,1,30712,30743
7168,3,30715,30754
4554,4,30716,30734
4870,2,30717,30760
3794,0,30732,30772
4468,4,30734,30751
2173,1,30743,30755
8613,4,30751,30768
9635,3,30754,30776
5652,1,30755,30790
8837,2,30760,30802
2668,4,30768,30784
3382,0,30772,30793
453,3,30776,30800
4118,4,30784,30822
9481,1,30790,30796
9601,0,30793,30820
8702,1,30796,30807
2145,3,30800,30840
7170,2,30802,30831
1800,1,30807,30833
2040,0,30820,30867
1083,4,30822,30828
415,4,30828,30867
6134,2,30831,30866
6421,1,30833,30855
2323,3,30840,30874
1295,1,30855,30883
6687,2,30866,30901
539,0,30867,30878
8245,4,30867,30889
1857,3,30874,30895
1940,0,30878,30898
5598,1,30883,30898
4790,4,30889,30931
1033,3,30895,30916
2229,0,30898,30926
3002,1,30898,30910
5538,2,30901,30932
2372,1,30910,30948
4378,3,30916,30956
4401,0,30926,30945
127,4,30931,30960
5330,2,30932,30937
7384,2,30937,30981
5754,0,30945,30950
682,1,30948,30988
9839,0,30950,30983
6695,3,30956,30970
4158,4,30960,30990
7952,3,30970,30991
473,2,30981,31008
8577,0,30983,31029
2399,1,30988,31031
8564,4,30990,31026
5109,3,30991,31004
2029,3,31004,31046
3047,2,31008,31015
2246,2,31015,31049
1078,4,31026,31053
6624,0,31029,31046
5797,1,31031,31072
6963,0,31046,31079
5291,3,31046,31068
7363,2,31049,31084
4884,4,31053,31097
8459,3,31068,31073
4318,1,31072,31112
6301,3,31073,31113
5157,0,31079,31097
2783,2,31084,31103
8938,0,31097,31112
2916,4,31097,31120
3664,2,31103,31146
3681,0,31112,31154
4773,1,31112,31137
6199,3,31113,31137
7469,4,31120,31142
572,1,31137,31177
4065,3,31137,31171
6529,4,31142,31167
9065,2,31146,31172
9136,0,31154,31173
5384,4,31167,31178
2456,3,31171,31187
608,2,31172,31186
7757,0,31173,31206
6022,1,31177,31198
7988,4,31178,31218
2495,2,31186,31208
4216,3,31187,31228
2398,1,31198,31223
6740,0,31206,31243
1975,2,31208,31240
7427,4,31218,31249
4544,1,31223,31243
6863,3,31228,31274
1156,2,31240,31273
7574,0,31243,31280
861,1,31243,31261
6245,4,31249,31273
5703,1,31261,31275
1610,2,31273,31308
4785,4,31273,31289
3357,3,31274,31292
4705,1,31275,31296
2860,0,31280,31301
9917,4,31289,31311
8124,3,31292,31298
1661,1,31296,31340
3272,3,31298,31311
9073,0,31301,31320
64,2,31308,31336
705,3,31311,31338
644,4,31311,31342
652,0,31320,31342
3696,2,31336,31374
8293,3,31338,31365
2335,1,31340,31346
1417,0,31342,31366
8497,4,31342,31367
7441,1,31346,31368
5502,3,31365,31410
3059,0,31366,31403
7889,4,31367,31399
6520,1,31368,31378
8337,2,31374,31406
9279,1,31378,31415
7511,4,31399,31418
8239,0,31403,31410
2754,2,31406,31412
5190,0,31410,31426
8788,3,31410,31438
9267,2,31412,31447
1519,1,31415,31445
7615,4,31418,31456
1504,0,31426,31471
650,3,31438,31473
2870,1,31445,31484
176,2,31447,31452
3031,2,31452,31495
7614,4,31456,31491
2863,0,31471,31520
7607,3,31473,31513
8344,1,31484,31511
6398,4,31491,31522
9853,2,31495,31511
3864,2,31511,31524
372,1,31511,31548
6442,3,31513,31531
1893,0,31520,31532
6084,4,31522,31558
5191,2,31524,31568
7428,3,31531,31547
5591,0,31532,31570
4932,3,31547,31576
5811,1,31548,31560
5526,4,31558,31608
4125,1,31560,31580
9976,2,31568,31591
4754,0,31570,31611
5360,3,31576,31620
8658,1,31580,31610
8751,2,31591,31620
9364,4,31608,31628
1072,1,31610,31639
8390,0,31611,31637
6796,2,31620,31639
2503,3,31620,31664
5143,4,31628,31666
1822,0,31637,31655
5433,2,31639,31676
4697,1,31639,31645
9485,1,31645,31687
1912,0,31655,31693
7895,3,31664,31689
191,4,31666,31690
1093,2,31676,31717
3888,1,31687,31719
8580,3,31689,31735
3271,4,31690,31737
6252,0,31693,31731
4380,2,31717,31733
5098,1,31719,31747
7863,0,31731,31742
44,2,31733,31778
4319,3,31735,31777
5769,4,31737,31776
3453,0,31742,31757
2653,1,31747,31785
1614,0,31757,31764
9646,0,31764,31789
7483,4,31776,31805
1049,3,31777,31818
8329,2,31778,31809
8964,1,31785,31818
6935,0,31789,31828
9804,4,31805,31836
2896,2,31809,31835
2242,3,31818,31867
3282,1,31818,31843
9372,0,31828,31834
9845,0,31834,31841
5884,2,31835,31855
7042,4,31836,31845
1491,0,31841,31891
3726,1,31843,31871
7318,4,31845,31865
6851,2,31855,31877
854,4,31865,31881
2452,3,31867,31883
6165,1,31871,31896
4470,2,31877,31921
111,4,31881,31888
9282,3,31883,31907
8972,4,31888,31916
1272,0,31891,31909
3142,1,31896,31917
789,3,31907,31934
6507,0,31909,31931
1713,4,31916,31941
3325,1,31917,31941
7709,2,31921,31949
3584,0,31931,31950
7307,3,31934,31952
6074,1,31941,31966
8302,4,31941,31967
3889,2,31949,31965
9498,0,31950,31988
6334,3,31952,31968
7942,2,31965,31973
5,1,31966,31996
6057,4,31967,31987
8075,3,31968,31984
2344,2,31973,32010
4872,3,31984,31991
9939,4,31987,32008
6194,0,31988,32009
648,3,31991,32003
4911,1,31996,32031
3630,3,32003,32053
5682,4,32008,32021
4624,0,32009,32031
3454,2,32010,32033
7914,4,32021,32063
9161,0,32031,32038
8041,1,32031,32075
2606,2,32033,32071
2676,0,32038,32051
7798,0,32051,32088
4441,3,32053,32075
9582,4,32063,32070
5514,4,32070,32101
4178,2,32071,32089
4450,3,32075,32111
5655,1,32075,32110
5719,0,32088,32099
8060,2,32089,32115
7343,0,32099,32106
9585,4,32101,32113
6917,0,32106,32132
2050,1,32110,32158
726,3,32111,32127
483,4,32113,32140
5566,2,32115,32136
5424,3,32127,32132
8425,3,32132,32157
5278,0,32132,32168
7245,2,32136,32169
8607,4,32140,32175
8397,3,32157,32192
7551,1,32158,32180
5430,0,32168,32191
7030,2,32169,32202
9164,4,32175,32221
2144,1,32180,32218
821,0,32191,32224
4603,3,32192,32220
2324,2,32202,32222
2768,1,32218,32248
6617,3,32220,32270
9204,4,32221,32245
1153,2,32222,32233
3501,0,32224,32243
899,2,32233,32265
1859,0,32243,32272
7479,4,32245,32259
1784,1,32248,32280
7806,4,32259,32291
8848,2,32265,32285
1651,3,32270,32296
8257,0,32272,32288
9254,1,32280,32300
1402,2,32285,32300
5243,0,32288,32302
4902,4,32291,32321
3229,3,32296,32330
8786,2,32300,32319
1855,1,32300,32325
8140,0,32302,32320
4927,2,32319,32342
9741,0,32320,32362
6738,4,32321,32359
4177,1,32325,32373
5611,3,32330,32373
1647,2,32342,32369
2198,4,32359,32409
7218,0,32362,32402
2552,2,32369,32416
8282,1,32373,32403
7546,3,32373,32385
1018,3,32385,32421
4864,0,32402,32438
5468,1,32403,32422
2462,4,32409,32452
5387,2,32416,32459
6540,3,32421,32437
1714,1,32422,32451
8970,3,32437,32454
6327,0,32438,32467
9543,1,32451,32479
286,4,32452,32469
1843,3,32454,32486
2383,2,32459,32509
263,0,32467,32482
3632,4,32469,32498
5960,1,32479,32488
1997,0,32482,32501
4640,3,32486,32525
2453,1,32488,32526
7434,4,32498,32520
1289,0,32501,32521
5777,2,32509,32533
538,4,32520,32530
9301,0,32521,32538
3484,3,32525,32541
477,1,32526,32568
9430,4,32530,32561
1331,2,32533,32543
87,0,32538,32575
3230,3,32541,32573
7351,2,32543,32589
5478,4,32561,32584
8184,1,32568,32607
8511,3,32573,32616
6688,0,32575,32603
164,4,32584,32595
4768,2,32589,32631
8886,4,32595,32633
2725,0,32603,32640
6637,1,32607,32613
6331,1,32613,32637
7597,3,32616,32632
668,2,32631,32663
5203,3,32632,32650
2111,4,32633,32656
7288,1,32637,32671
8781,0,32640,32669
5452,3,32650,32657
661,4,32656,32676
1667,3,32657,32680
2946,2,32663,32712
7191,0,32669,32682
6644,1,32671,32709
6294,4,32676,32696
982,3,32680,32730
7252,0,32682,32717
1055,4,32696,32743
8226,1,32709,32734
7976,2,32712,32722
4750,0,32717,32749
2979,2,32722,32754
1586,3,32730,32778
6947,1,32734,32771
2565,4,32743,32789
6060,0,32749,32758
558,2,32754,32804
8625,0,32758,32804
3172,1,32771,32790
2685,3,32778,32804
7199,4,32789,32800
7504,1,32790,32813
7301,4,32800,32832
3722,2,32804,32812
9055,3,32804,32845
7125,0,32804,32813
2318,2,32812,32828
4631,1,32813,32851
804,0,32813,32818
7286,0,32818,32855
4818,2,32828,32851
414,4,32832,32851
4963,3,32845,32852
6595,2,32851,32878
4703,1,32851,32857
9076,4,32851,32895
3709,3,32852,32868
8023,0,32855,32897
5919,1,32857,32890
4666,3,32868,32875
2156,3,32875,32892
1960,2,32878,32885
6818,2,32885,32892
2270,1,32890,32918
1476,2,32892,32917
6200,3,32892,32942
9232,4,32895,32939
4743,0,32897,32944
5775,2,32917,32961
1580,1,32918,32950
627,4,32939,32980
8555,3,32942,32983
1233,0,32944,32955
3405,1,32950,32999
2758,0,32955,32985
2757,2,32961,33002
254,4,32980,33023
3745,3,32983,33014
2101,0,32985,33028
3500,1,32999,33010
4764,2,33002,33020
6900,1,33010,33026
7525,3,33014,33064
6102,2,33020,33054
5247,4,33023,33033
8043,1,33026,33047
3378,0,33028,33051
120,4,33033,33053
1210,1,33047,33067
9642,0,33051,33091
5380,4,33053,33065
8233,2,33054,33059
12,2,33059,33075
4672,3,33064,33088
5015,4,33065,33070
9734,1,33067,33102
4229,4,33070,33096
85,2,33075,33092
8516,3,33088,33105
8169,0,33091,33112
1227,2,33092,33135
8486,4,33096,33121
9516,1,33102,33144
2566,3,33105,33127
7018,0,33112,33120
1155,0,33120,33159
7544,4,33121,33137
2557,3,33127,33170
5992,2,33135,33141
7583,4,33137,33174
7983,2,33141,33178
5362,1,33144,33188
3100,0,33159,33170
367,3,33170,33205
6584,0,33170,33214
5634,4,33174,33212
6069,2,33178,33223
9376,1,33188,33193
7850,1,33193,33230
3078,3,33205,33246
8596,4,33212,33222
3094,0,33214,33261
314,4,33222,33257
7939,2,33223,33230
4636,2,33230,33278
1463,1,33230,33240
76,1,33240,33251
1516,3,33246,33296
8933,1,33251,33291
1354,4,33257,33305
5820,0,33261,33267
9327,0,33267,33295
4497,2,33278,33292
9406,1,33291,33315
8800,2,33292,33303
5489,0,33295,33332
5317,3,33296,33315
6477,2,33303,33336
5370,4,33305,33338
5929,3,33315,33330
5485,1,33315,33331
4745,3,33330,33376
6795,1,33331,33341
9124,0,33332,33365
7458,2,33336,33347
4079,4,33338,33378
4931,1,33341,33363
8534,2,33347,33384
5185,1,33363,33398
7753,0,33365,33397
8157,3,33376,33418
9443,4,33378,33398
8991,2,33384,33409
400,0,33397,33407
9362,1,33398,33406
9039,4,33398,33420
9415,1,33406,33411
8795,0,33407,33450
8774,2,33409,33456
9488,1,33411,33427
3414,3,33418,33423
8913,4,33420,33467
3258,3,33423,33468
753,1,33427,33451
2219,0,33450,33482
1279,1,33451,33482
9522,2,33456,33492
2024,4,33467,33478
5966,3,33468,33497
6835,4,33478,33510
9111,1,33482,33516
9366,0,33482,33489
73,0,33489,33508
7311,2,33492,33516
1288,3,33497,33527
2700,0,33508,33525
3634,4,33510,33524
6812,2,33516,33559
1138,1,33516,33532
1740,4,33524,33572
1341,0,33525,33574
264,3,33527,33543
2987,1,33532,33579
6338,3,33543,33548
9645,3,33548,33563
790,2,33559,33565
6585,3,33563,33574
4320,2,33565,33598
2576,4,33572,33597
825,3,33574,33620
8291,0,33574,33594
7589,1,33579,33585
5823,1,33585,33601
7372,0,33594,33625
484,4,33597,33605
3402,2,33598,33629
3854,1,33601,33635
8065,4,33605,33614
4576,4,33614,33653
3541,3,33620,33660
8826,0,33625,33633
1015,2,33629,33637
3522,0,33633,33638
2671,1,33635,33654
4308,2,33637,33686
4984,0,33638,33648
4109,0,33648,33660
2376,4,33653,33668
1775,1,33654,33696
2744,3,33660,33675
952,0,33660,33692
8045,4,33668,33707
3675,3,33675,33694
2068,2,33686,33705
9562,0,33692,33736
5940,3,33694,33729
106,1,33696,33706
5128,2,33705,33738
3219,1,33706,33742
2003,4,33707,33757
7127,3,33729,33739
6443,0,33736,33745
7809,2,33738,33773
6745,3,33739,33787
2545,1,33742,33779
5394,0,33745,33791
6879,4,33757,33792
6530,2,33773,33786
9244,1,33779,33817
681,2,33786,33819
7539,3,33787,33809
5837,0,33791,33841
1767,4,33792,33817
3763,3,33809,33847
5455,1,33817,33847
6602,4,33817,33865
3310,2,33819,33858
1794,0,33841,33882
521,3,33847,33872
8876,1,33847,33867
5789,2,33858,33898
4123,4,33865,33911
1600,1,33867,33887
4143,3,33872,33897
8682,0,33882,33905
2243,1,33887,33915
302,3,33897,33946
5829,2,33898,33931
8442,0,33905,33941
5488,4,33911,33941
5144,1,33915,33959
4238,2,33931,33954
6539,0,33941,33952
708,4,33941,33970
6188,3,33946,33971
1175,0,33952,33997
7090,2,33954,33967
886,1,33959,34003
6266,2,33967,33993
8605,4,33970,33981
4384,3,33971,33977
1270,3,33977,33986
9760,4,33981,34021
7418,3,33986,34033
1811,2,33993,34042
2787,0,33997,34015
168,1,34003,34043
654,0,34015,34050
8036,4,34021,34033
9137,3,34033,34068
5438,4,34033,34064
3091,2,34042,34056
7555,1,34043,34080
2610,0,34050,34059
9495,2,34056,34102
4830,0,34059,34087
4676,4,34064,34078
4806,3,34068,34110
2667,4,34078,34112
8637,1,34080,34085
9817,1,34085,34124
3494,0,34087,34105
5942,2,34102,34151
885,0,34105,34110
535,3,34110,34119
1697,0,34110,34124
4039,4,34112,34156
6360,3,34119,34128
1350,1,34124,34171
7519,0,34124,34140
1396,3,34128,34172
5734,0,34140,34177
2823,2,34151,34172
9963,4,34156,34162
6518,4,34162,34194
614,1,34171,34176
7292,2,34172,34202
8221,3,34172,34182
4121,1,34176,34194
4330,0,34177,34220
4387,3,34182,34214
4502,1,34194,34218
8246,4,34194,34234
727,2,34202,34237
5404,3,34214,34249
1707,1,34218,34234
1506,0,34220,34247
888,1,34234,34246
8687,4,34234,34283
4960,2,34237,34267
6508,1,34246,34256
7480,0,34247,34261
8126,3,34249,34298
6337,1,34256,34273
6872,0,34261,34290
7712,2,34267,34283
3983,1,34273,34311
1536,2,34283,34309
5712,4,34283,34324
4704,0,34290,34310
4494,3,34298,34319
3807,2,34309,34322
7762,0,34310,34322
617,1,34311,34339
6068,3,34319,34354
9098,2,34322,34366
3057,0,34322,34363
1866,4,34324,34370
2451,1,34339,34355
2735,3,34354,34367
4500,1,34355,34395
5617,0,34363,34400
1761,2,34366,34390
94,3,34367,34412
2839,4,34370,34405
2816,2,34390,34415
502,1,34395,34420
834,0,34400,34413
7402,4,34405,34441
4525,3,34412,34447
4527,0,34413,34455
5397,2,34415,34462
2911,1,34420,34453
4513,4,34441,34466
2375,3,34447,34485
1646,1,34453,34470
5863,0,34455,34486
4359,2,34462,34505
1908,4,34466,34472
5253,1,34470,34489
7147,4,34472,34479
1841,4,34479,34518
5948,3,34485,34524
1914,0,34486,34506
4609,1,34489,34519
1434,2,34505,34526
6621,0,34506,34555
1678,4,34518,34559
9344,1,34519,34563
5760,3,34524,34555
4982,2,34526,34559
1291,3,34555,34580
185,0,34555,34569
8929,2,34559,34566
6988,4,34559,34604
5018,1,34563,34599
5302,2,34566,34604
8005,0,34569,34601
4917,3,34580,34601
6489,1,34599,34639
6192,3,34601,34620
4874,0,34601,34613
8947,2,34604,34619
5175,4,34604,34654
491,0,34613,34629
5826,2,34619,34637
241,3,34620,34655
8767,0,34629,34678
511,2,34637,34661
9156,1,34639,34674
6396,4,34654,34676
9803,3,34655,34664
7185,2,34661,34671
5721,3,34664,34687
3236,2,34671,34714
4283,1,34674,34706
5460,4,34676,34716
7102,0,34678,34719
5065,3,34687,34697
3014,3,34697,34721
8504,1,34706,34745
8945,2,34714,34741
2717,4,34716,34726
3550,0,34719,34729
5671,3,34721,34729
4247,4,34726,34775
1851,3,34729,34736
1440,0,34729,34752
6393,3,34736,34770
5618,2,34741,34754
1313,1,34745,34774
1276,0,34752,34800
3618,2,34754,34803
5069,3,34770,34785
8733,1,34774,34800
934,4,34775,34821
4390,3,34785,34799
1409,3,34799,34811
4077,1,34800,34822
9278,0,34800,34841
1358,2,34803,34832
7073,3,34811,34850
9276,4,34821,34833
795,1,34822,34865
9466,2,34832,34847
7190,4,34833,34852
7105,0,34841,34853
6255,2,34847,34857
5792,3,34850,34865
6748,4,34852,34895
8491,0,34853,34881
8626,2,34857,34886
7869,3,34865,34878
4990,1,34865,34879
4491,3,34878,34917
2185,1,34879,34886
6020,0,34881,34898
5904,2,34886,34908
2644,1,34886,34900
2437,4,34895,34927
691,0,34898,34926
4889,1,34900,34934
2969,2,34908,34915
3904,2,34915,34938
8962,3,34917,34959
7569,0,34926,34945
3654,4,34927,34958
7694,1,34934,34982
2114,2,34938,34974
4433,0,34945,34984
2936,4,34958,35007
1692,3,34959,35004
8470,2,34974,35017
3723,1,34982,34998
2730,0,34984,35001
9212,1,34998,35032
7249,0,35001,35043
4253,3,35004,35050
2989,4,35007,35054
2885,2,35017,35030
9921,2,35030,35047
2315,1,35032,35065
1968,0,35043,35092
9185,2,35047,35081
5270,3,35050,35061
5307,4,35054,35096
4508,3,35061,35110
7390,1,35065,35111
8090,2,35081,35129
9003,0,35092,35106
7031,4,35096,35126
1193,0,35106,35128
3997,3,35110,35121
3671,1,35111,35143
3265,3,35121,35129
8669,4,35126,35138
5265,0,35128,35176
723,2,35129,35153
2168,3,35129,35146
5155,4,35138,35179
6987,1,35143,35173
6684,3,35146,35196
793,2,35153,35158
7800,2,35158,35188
2952,1,35173,35220
4038,0,35176,35204
7106,4,35179,35185
5395,4,35185,35217
8808,2,35188,35225
4211,3,35196,35223
1484,0,35204,35250
5294,4,35217,35234
2694,1,35220,35232
7029,3,35223,35239
1505,2,35225,35258
6046,1,35232,35271
8332,4,35234,35246
7043,3,35239,35284
5590,4,35246,35256
2843,0,35250,35269
3254,4,35256,35290
5993,2,35258,35280
1626,0,35269,35284
3736,1,35271,35308
7665,2,35280,35308
3432,3,35284,35309
7294,0,35284,35326
1790,4,35290,35340
3065,2,35308,35339
8722,1,35308,35336
2799,3,35309,35354
1967,0,35326,35343
9322,1,35336,35343
9269,2,35339,35368
2563,4,35340,35384
8008,0,35343,35375
1685,1,35343,35386
3515,3,35354,35376
5946,2,35368,35396
8696,0,35375,35398
1837,3,35376,35400
543,4,35384,35419
5001,1,35386,35404
8716,2,35396,35401
309,0,35398,35403
2196,3,35400,35430
945,2,35401,35439
1439,0,35403,35451
3146,1,35404,35420
7413,4,35419,35427
5063,1,35420,35465
6163,4,35427,35445
9637,3,35430,35463
8431,2,35439,35478
512,4,35445,35452
4476,0,35451,35486
5239,4,35452,35500
2646,3,35463,35486
7554,1,35465,35512
436,2,35478,35490
1655,3,35486,35531
966,0,35486,35493
6525,2,35490,35534
5821,0,35493,35543
9726,4,35500,35519
873,1,35512,35539
6209,4,35519,35564
8115,3,35531,35546
3791,2,35534,35566
8755,1,35539,35560
9393,0,35543,35581
8662,3,35546,35570
4135,1,35560,35607
2109,4,35564,35570
328,2,35566,35607
632,3,35570,35602
5870,4,35570,35598
6,0,35581,35616
6280,4,35598,35631
3144,3,35602,35621
6401,2,35607,35629
4431,1,35607,35633
9815,0,35616,35623
9589,3,35621,35639
2548,0,35623,35639
4459,2,35629,35644
8131,4,35631,35642
6749,1,35633,35646
5166,3,35639,35674
1251,0,35639,35650
9173,4,35642,35647
2600,2,35644,35679
5787,1,35646,35690
6652,4,35647,35685
5494,0,35650,35658
7731,0,35658,35667
6081,0,35667,35689
4958,3,35674,35693
1442,2,35679,35727
9176,4,35685,35717
63,0,35689,35729
9435,1,35690,35731
4452,3,35693,35720
7264,4,35717,35764
6729,3,35720,35767
3891,2,35727,35752
1892,0,35729,35762
7254,1,35731,35775
1976,2,35752,35791
9226,0,35762,35812
7784,4,35764,35810
9210,3,35767,35794
394,1,35775,35796
1141,2,35791,35798
5970,3,35794,35812
5750,1,35796,35821
1880,2,35798,35822
2214,4,35810,35817
9190,3,35812,35852
2639,0,35812,35838
5575,4,35817,35832
3021,1,35821,35852
2062,2,35822,35870
8713,4,35832,35855
3296,0,35838,35853
2677,3,35852,35870
448,1,35852,35900
8080,0,35853,35896
8969,4,35855,35862
3287,4,35862,35871
7296,2,35870,35882
8843,3,35870,35893
8537,4,35871,35890
4581,2,35882,35914
3006,4,35890,35928
5710,3,35893,35935
4643,0,35896,35919
7266,1,35900,35943
7460,2,35914,35956
5619,0,35919,35952
1478,4,35928,35934
1110,4,35934,35940
497,3,35935,35980
9828,4,35940,35971
6924,1,35943,35957
3976,0,35952,35958
2611,2,35956,36003
1814,1,35957,35966
2596,0,35958,35966
1130,1,35966,35985
8478,0,35966,35988
4434,4,35971,36012
4404,3,35980,35996
93,1,35985,36018
3256,0,35988,36020
8730,3,35996,36039
5830,2,36003,36036
8030,4,36012,36038
4183,1,36018,36052
771,0,36020,36062
9410,2,36036,36048
7696,4,36038,36059
3487,3,36039,36066
9738,2,36048,36055
876,1,36052,36066
381,2,36055,36085
3239,4,36059,36101
2658,0,36062,36091
500,3,36066,36096
4386,1,36066,36107
7211,2,36085,36109
1715,0,36091,36105
2899,3,36096,36140
6319,4,36101,36107
1006,0,36105,36152
6956,1,36107,36135
1432,4,36107,36149
6580,2,36109,36118
3233,2,36118,36159
3902,1,36135,36144
6024,3,36140,36146
9746,1,36144,36159
1639,3,36146,36190
2266,4,36149,36157
697,0,36152,36185
8052,4,36157,36200
8388,2,36159,36200
4410,1,36159,36188
2037,0,36185,36190
6059,1,36188,36226
8359,3,36190,36212
4335,0,36190,36205
4879,2,36200,36237
6555,4,36200,36205
3881,4,36205,36212
9536,0,36205,36218
8409,3,36212,36217
4050,4,36212,36245
1248,3,36217,36247
2977,0,36218,36244
2817,1,36226,36239
566,2,36237,36276
6336,1,36239,36275
8718,0,36244,36291
4186,4,36245,36280
5975,3,36247,36281
8137,1,36275,36319
6478,2,36276,36295
7835,4,36280,36296
4422,3,36281,36321
9716,0,36291,36341
1030,2,36295,36343
1658,4,36296,36327
6823,1,36319,36358
3408,3,36321,36367
9893,4,36327,36360
5281,0,36341,36357
7826,2,36343,36383
924,0,36357,36373
3890,1,36358,36364
2718,4,36360,36404
2764,1,36364,36374
4536,3,36367,36392
3601,0,36373,36407
1395,1,36374,36396
3218,2,36383,36424
1731,3,36392,36398
7654,1,36396,36431
6404,3,36398,36432
5255,4,36404,36452
6425,0,36407,36439
2706,2,36424,36458
1186,1,36431,36447
9892,3,36432,36438
1382,3,36438,36472
8766,0,36439,36453
8366,1,36447,36475
2949,4,36452,36459
4949,0,36453,36489
8911,2,36458,36488
2531,4,36459,36497
3866,3,36472,36510
1836,1,36475,36510
71,2,36488,36519
3158,0,36489,36531
5078,4,36497,36524
1486,3,36510,36556
8453,1,36510,36531
717,2,36519,36529
7927,4,36524,36556
8582,2,36529,36548
943,1,36531,36581
1253,0,36531,36539
5233,0,36539,36576
1406,2,36548,36560
6044,3,36556,36576
5055,4,36556,36573
9324,2,36560,36588
1860,4,36573,36582
2250,3,36576,36607
7155,0,36576,36596
6528,1,36581,36590
4898,4,36582,36592
5227,2,36588,36622
3537,1,36590,36597
7742,4,36592,36606
4256,0,36596,36632
4336,1,36597,36641
4969,4,36606,36654
5839,3,36607,36627
7674,2,36622,36672
8001,3,36627,36657
3867,0,36632,36647
5389,1,36641,36653
9203,0,36647,36694
3977,1,36653,36664
8062,4,36654,36687
2917,3,36657,36693
5651,1,36664,36708
4457,2,36672,36699
8162,4,36687,36714
7414,3,36693,36733
3192,0,36694,36723
1520,2,36699,36729
6247,1,36708,36745
7096,4,36714,36734
273,0,36723,36733
9108,2,36729,36766
3930,3,36733,36758
5864,0,36733,36775
8900,4,36734,36778
7535,1,36745,36790
1301,3,36758,36763
1275,3,36763,36787
342,2,36766,36801
5688,0,36775,36816
6926,4,36778,36824
6021,3,36787,36804
2316,1,36790,36808
1060,2,36801,36845
4342,3,36804,36846
5083,1,36808,36855
5216,0,36816,36821
370,0,36821,36855
4596,4,36824,36841
605,4,36841,36861
2995,2,36845,36861
1378,3,36846,36873
3597,1,36855,36892
6597,0,36855,36890
950,2,36861,36907
1929,4,36861,36906
4282,3,36873,36902
5732,0,36890,36920
8058,1,36892,36916
9135,3,36902,36918
7081,4,36906,36916
7509,2,36907,36914
9961,2,36914,36935
3574,1,36916,36944
529,4,36916,36955
3115,3,36918,36952
6126,0,36920,36966
8986,2,36935,36985
8704,1,36944,36975
4550,3,36952,37000
5714,4,36955,36991
2217,0,36966,36990
7095,1,36975,36991
6973,2,36985,36997
4498,0,36990,37025
57,1,36991,37033
1557,4,36991,37033
6127,2,36997,37017
5172,3,37000,37012
9259,3,37012,37037
8776,2,37017,37028
2181,0,37025,37055
5659,2,37028,37053
3718,1,37033,37073
4119,4,37033,37081
4484,3,37037,37075
2443,2,37053,37073
8070,0,37055,37077
2129,2,37073,37085
5412,1,37073,37121
9051,3,37075,37084
354,0,37077,37095
1077,4,37081,37102
1172,3,37084,37115
2447,2,37085,37109
847,0,37095,37112
4413,4,37102,37117
5832,2,37109,37122
2511,0,37112,37158
7491,3,37115,37141
6072,4,37117,37157
8499,1,37121,37154
9513,2,37122,37156
8452,3,37141,37179
4659,1,37154,37199
1073,2,37156,37182
9402,4,37157,37185
7432,0,37158,37183
8142,3,37179,37222
2527,2,37182,37228
2310,0,37183,37196
7619,4,37185,37234
9343,0,37196,37215
3510,1,37199,37220
757,0,37215,37225
4810,1,37220,37231
4409,3,37222,37253
5998,0,37225,37231
6033,2,37228,37242
9781,1,37231,37266
2892,0,37231,37267
36,4,37234,37280
9686,2,37242,37251
1830,2,37251,37293
7657,3,37253,37296
5112,1,37266,37282
4337,0,37267,37314
4560,4,37280,37322
3527,1,37282,37298
3960,2,37293,37314
32,3,37296,37336
3141,1,37298,37333
8215,2,37314,37320
1423,0,37314,37339
6526,2,37320,37360
4854,4,37322,37371
4774,1,37333,37383
6838,3,37336,37365
8044,0,37339,37355
3071,0,37355,37375
1247,2,37360,37397
3183,3,37365,37375
3304,4,37371,37406
6589,3,37375,37399
4255,0,37375,37394
5529,1,37383,37408
244,0,37394,37406
4352,2,37397,37417
6976,3,37399,37448
7621,4,37406,37448
1447,0,37406,37437
8357,1,37408,37436
6837,2,37417,37464
6615,1,37436,37450
7120,0,37437,37458
1147,3,37448,37482
1615,4,37448,37466
8495,1,37450,37477
3918,0,37458,37474
5405,2,37464,37479
6665,4,37466,37499
1375,0,37474,37502
1592,1,37477,37487
3711,2,37479,37490
303,3,37482,37500
2010,1,37487,37508
6722,2,37490,37528
787,4,37499,37524
3389,3,37500,37530
8590,0,37502,37510
417,1,37508,37548
778,0,37510,37553
8391,4,37524,37532
3075,2,37528,37560
6215,3,37530,37567
3831,4,37532,37573
9630,1,37548,37587
4202,0,37553,37583
6166,2,37560,37610
5014,3,37567,37604
1000,4,37573,37581
621,4,37581,37623
3117,0,37583,37631
4578,1,37587,37625
1711,3,37604,37642
7271,2,37610,37638
9748,4,37623,37645
6727,1,37625,37671
6511,0,37631,37642
3972,2,37638,37667
3368,3,37642,37650
845,0,37642,37652
1587,4,37645,37685
7533,3,37650,37665
8650,0,37652,37698
4514,3,37665,37695
8380,2,37667,37694
889,1,37671,37699
9236,4,37685,37705
6279,2,37694,37729
5692,3,37695,37722
5297,0,37698,37713
6721,1,37699,37718
703,4,37705,37747
3582,0,37713,37729
4641,1,37718,37730
5558,3,37722,37751
29,2,37729,37764
5705,0,37729,37779
6198,1,37730,37759
5824,4,37747,37772
2351,3,37751,37795
6694,1,37759,37777
892,2,37764,37787
6347,4,37772,37785
8350,1,37777,37820
8554,0,37779,37821
1483,4,37785,37829
9072,2,37787,37805
6948,3,37795,37828
7876,2,37805,37835
1589,1,37820,37857
1297,0,37821,37836
7053,3,37828,37846
1773,4,37829,37875
233,2,37835,37868
8408,0,37836,37871
8907,3,37846,37868
7896,1,37857,37893
7444,2,37868,37911
3197,3,37868,37886
169,0,37871,37877
2519,4,37875,37914
7882,0,37877,37892
7101,3,37886,37920
8869,0,37892,37903
4738,1,37893,37915
1518,0,37903,37953
685,2,37911,37959
6257,4,37914,37955
1897,1,37915,37935
967,3,37920,37954
4288,1,37935,37946
5589,1,37946,37964
6499,0,37953,37990
3768,3,37954,37959
9701,4,37955,37979
9755,2,37959,37993
3649,3,37959,37965
7394,1,37964,37982
700,3,37965,37975
7837,3,37975,38003
6794,4,37979,38026
6414,1,37982,37997
8089,0,37990,38005
3401,2,37993,38016
7944,1,37997,38031
5314,3,38003,38008
8196,0,38005,38037
5086,3,38008,38045
2193,2,38016,38021
9723,2,38021,38063
8874,4,38026,38071
8697,1,38031,38058
7790,0,38037,38079
5910,3,38045,38075
9067,1,38058,38105
3010,2,38063,38109
5654,4,38071,38100
5303,3,38075,38099
5907,0,38079,38087
3038,0,38087,38122
7743,3,38099,38129
5126,4,38100,38149
8754,1,38105,38135
3563,2,38109,38137
9032,0,38122,38164
4369,3,38129,38145
4688,1,38135,38183
9885,2,38137,38145
8319,2,38145,38181
7729,3,38145,38182
480,4,38149,38155
6698,4,38155,38170
2067,0,38164,38177
366,4,38170,38184
4741,0,38177,38197
1158,2,38181,38190
6970,3,38182,38197
7622,1,38183,38209
6481,4,38184,38219
9463,2,38190,38226
9002,3,38197,38232
3566,0,38197,38210
3320,1,38209,38246
1663,0,38210,38242
16,4,38219,38226
2355,2,38226,38236
3068,4,38226,38234
3464,3,38232,38245
9183,4,38234,38250
1559,2,38236,38266
1321,0,38242,38264
635,3,38245,38270
2985,1,38246,38256
9118,4,38250,38277
7908,1,38256,38272
6097,0,38264,38272
1684,2,38266,38272
6537,3,38270,38281
4967,2,38272,38320
6190,1,38272,38299
6201,0,38272,38287
2191,4,38277,38311
7016,3,38281,38326
9297,0,38287,38297
1100,0,38297,38336
1933,1,38299,38326
2656,4,38311,38345
7883,2,38320,38369
5448,3,38326,38351
5106,1,38326,38335
5788,1,38335,38366
6894,0,38336,38343
9429,0,38343,38365
9369,4,38345,38390
9833,3,38351,38381
8490,0,38365,38392
6827,1,38366,38391
6103,2,38369,38387
941,3,38381,38415
8660,2,38387,38415
9338,4,38390,38405
8438,1,38391,38401
6737,0,38392,38422
7404,1,38401,38438
7672,4,38405,38431
4663,2,38415,38450
5891,3,38415,38437
8710,0,38422,38455
3074,4,38431,38479
3479,3,38437,38487
5153,1,38438,38443
3127,1,38443,38461
1542,2,38450,38480
2540,0,38455,38477
2338,1,38461,38471
3727,1,38471,38520
4541,0,38477,38506
6030,4,38479,38517
5113,2,38480,38500
373,3,38487,38521
4138,2,38500,38531
5550,0,38506,38539
8561,4,38517,38536
6172,1,38520,38558
2743,3,38521,38566
920,2,38531,38561
905,4,38536,38564
7638,0,38539,38577
7725,1,38558,38566
9644,2,38561,38605
1224,4,38564,38601
4364,3,38566,38608
7261,1,38566,38586
8227,0,38577,38589
1012,1,38586,38605
6761,0,38589,38620
6552,4,38601,38625
8138,2,38605,38645
45,1,38605,38627
6770,3,38608,38654
3263,0,38620,38662
5256,4,38625,38673
2775,1,38627,38673
1716,2,38645,38675
8513,3,38654,38697
6565,0,38662,38708
7398,1,38673,38696
2488,4,38673,38722
3152,2,38675,38720
1335,1,38696,38712
343,3,38697,38704
319,3,38704,38727
4654,0,38708,38728
9863,1,38712,38745
7698,2,38720,38770
6459,4,38722,38768
1839,3,38727,38746
5093,0,38728,38766
9999,1,38745,38775
6759,3,38746,38784
651,0,38766,38815
7374,4,38768,38815
6461,2,38770,38816
8796,1,38775,38798
9661,3,38784,38813
6519,1,38798,38840
2505,3,38813,38854
451,4,38815,38865
5217,0,38815,38849
3366,2,38816,38835
6358,2,38835,38866
1579,1,38840,38851
1802,0,38849,38896
3720,1,38851,38886
1920,3,38854,38862
7206,3,38862,38891
1943,4,38865,38888
5017,2,38866,38878
4018,2,38878,38887
8440,1,38886,38916
9587,2,38887,38925
1362,4,38888,38898
7420,3,38891,38930
3329,0,38896,38935
4885,4,38898,38919
8804,1,38916,38956
7316,4,38919,38949
3128,2,38925,38973
597,3,38930,38978
684,0,38935,38977
5336,4,38949,38968
630,1,38956,38986
4236,4,38968,39000
6880,2,38973,39017
7151,0,38977,38985
4292,3,38978,38994
9952,0,38985,39010
5254,1,38986,39010
8598,3,38994,39005
4182,4,39000,39050
5842,3,39005,39043
9007,1,39010,39028
4316,0,39010,39058
7161,2,39017,39046
4057,1,39028,39048
7515,3,39043,39079
1796,2,39046,39090
660,1,39048,39070
8529,4,39050,39056
1525,4,39056,39088
7346,0,39058,39090
9385,1,39070,39087
1429,3,39079,39115
3426,1,39087,39095
8305,4,39088,39103
1849,2,39090,39139
7505,0,39090,39119
2395,1,39095,39139
38,4,39103,39145
3234,3,39115,39164
7602,0,39119,39147
493,2,39139,39146
3773,1,39139,39188
5186,4,39145,39160
7747,2,39146,39152
6828,0,39147,39194
4612,2,39152,39198
52,4,39160,39178
7156,3,39164,39182
8738,4,39178,39196
3395,3,39182,39189
6702,1,39188,39229
8,3,39189,39239
5576,0,39194,39204
4047,4,39196,39242
2328,2,39198,39236
5168,0,39204,39234
9351,1,39229,39274
1941,0,39234,39264
7921,2,39236,39248
864,3,39239,39248
6055,4,39242,39289
3658,2,39248,39287
288,3,39248,39270
1133,0,39264,39278
7937,3,39270,39275
8220,1,39274,39301
6836,3,39275,39304
1833,0,39278,39283
527,0,39283,39320
3452,2,39287,39298
3656,4,39289,39320
8125,2,39298,39343
1710,1,39301,39348
7774,3,39304,39314
9274,3,39314,39348
3092,4,39320,39326
676,0,39320,39361
555,4,39326,39343
5130,2,39343,39357
1071,4,39343,39392
7449,3,39348,39368
2236,1,39348,39361
8846,2,39357,39398
7152,1,39361,39370
2136,0,39361,39382
6354,3,39368,39390
6056,1,39370,39420
3089,0,39382,39414
816,3,39390,39413
4107,4,39392,39416
2683,2,39398,39418
1284,3,39413,39421
6889,0,39414,39443
8533,4,39416,39460
3045,2,39418,39437
3907,1,39420,39447
5541,3,39421,39452
3221,2,39437,39484
9294,0,39443,39471
6314,1,39447,39473
6385,3,39452,39502
9690,4,39460,39506
8264,0,39471,39482
8856,1,39473,39495
2690,0,39482,39500
2281,2,39484,39508
9180,1,39495,39516
9622,0,39500,39549
1348,3,39502,39514
1204,4,39506,39555
1377,2,39508,39526
438,3,39514,39528
7074,1,39516,39524
7668,1,39524,39545
8654,2,39526,39541
1863,3,39528,39534
4900,3,39534,39569
5999,2,39541,39547
6366,1,39545,39586
2341,2,39547,39552
6569,0,39549,39575
8450,2,39552,39563
5874,4,39555,39601
7455,2,39563,39585
5621,3,39569,39596
948,0,39575,39593
8552,2,39585,39598
2061,1,39586,39611
5695,0,39593,39611
2640,3,39596,39629
380,2,39598,39629
8671,4,39601,39612
7523,1,39611,39651
8171,0,39611,39651
1527,4,39612,39638
2098,2,39629,39676
6353,3,39629,39653
3822,4,39638,39647
8004,4,39647,39656
4968,1,39651,39679
5808,0,39651,39700
2490,3,39653,39658
5385,4,39656,39696
4180,3,39658,39670
1604,3,39670,39706
7573,2,39676,39698
6178,1,39679,39703
6878,4,39696,39732
433,2,39698,39743
7813,0,39700,39746
3447,1,39703,39733
3451,3,39706,39750
3607,4,39732,39772
2347,1,39733,39756
6504,2,39743,39767
2428,0,39746,39764
6115,3,39750,39783
1114,1,39756,39772
5565,0,39764,39786
7592,2,39767,39798
6352,1,39772,39813
6842,4,39772,39779
2556,4,39779,39817
8859,3,39783,39819
6726,0,39786,39808
7545,2,39798,39826
1883,0,39808,39838
5718,1,39813,39834
4906,4,39817,39832
4021,3,39819,39860
6881,2,39826,39837
1835,4,39832,39860
8643,1,39834,39855
8420,2,39837,39885
4707,0,39838,39880
2855,1,39855,39878
6317,3,39860,39901
7848,4,39860,39891
6636,1,39878,39893
7285,0,39880,39895
4618,2,39885,39921
5924,4,39891,39913
9912,1,39893,39921
865,0,39895,39929
5301,3,39901,39928
3176,4,39913,39931
8235,2,39921,39965
3155,1,39921,39967
6989,3,39928,39935
180,0,39929,39937
8540,4,39931,39964
7697,3,39935,39946
1421,0,39937,39948
5643,3,39946,39990
6234,0,39948,39997
9816,4,39964,40003
2153,2,39965,40013
7827,1,39967,39981
4042,1,39981,39991
1561,3,39990,40020
7700,1,39991,40018
4583,0,39997,40039
7687,4,40003,40023
7387,2,40013,40055
2466,1,40018,40055
5544,3,40020,40063
2986,4,40023,40039
2851,4,40039,40068
361,0,40039,40074
4166,2,40055,40094
7641,1,40055,40102
1360,3,40063,40094
3695,4,40068,40076
2221,0,40074,40081
6196,4,40076,40100
5310,0,40081,40086
1792,0,40086,40105
9916,2,40094,40137
2836,3,40094,40129
6039,4,40100,40125
6379,1,40102,40130
256,0,40105,40142
6635,4,40125,40156
4304,3,40129,40148
3370,1,40130,40152
5638,2,40137,40181
8104,0,40142,40147
9599,0,40147,40177
4393,3,40148,40161
103,1,40152,40180
3437,4,40156,40170
963,3,40161,40176
7510,4,40170,40201
2150,3,40176,40185
1815,0,40177,40190
7050,1,40180,40193
3483,2,40181,40214
8084,3,40185,40193
7951,0,40190,40231
6975,3,40193,40212
5776,1,40193,40212
7132,4,40201,40233
7702,3,40212,40261
1649,1,40212,40235
9625,2,40214,40256
6183,0,40231,40279
1352,4,40233,40270
7905,1,40235,40241
6114,1,40241,40248
3549,1,40248,40269
8912,2,40256,40282
6747,3,40261,40266
9612,3,40266,40282
4540,1,40269,40305
8299,4,40270,40313
637,0,40279,40288
5354,2,40282,40331
3641,3,40282,40303
9213,0,40288,40306
594,3,40303,40334
5184,1,40305,40314
7585,0,40306,40323
8415,4,40313,40359
7002,1,40314,40329
5730,0,40323,40354
5367,1,40329,40358
4388,2,40331,40362
5756,3,40334,40349
8639,3,40349,40364
7115,0,40354,40383
2549,1,40358,40387
6121,4,40359,40383
3434,2,40362,40399
3080,3,40364,40403
6542,4,40383,40391
294,0,40383,40422
5926,1,40387,40400
8822,4,40391,40403
8830,2,40399,40431
1988,1,40400,40426
1016,3,40403,40453
6691,4,40403,40408
9199,4,40408,40437
2944,0,40422,40434
2097,1,40426,40434
1905,2,40431,40450
7034,1,40434,40455
6549,0,40434,40454
6333,4,40437,40453
2926,2,40450,40467
5567,3,40453,40499
187,4,40453,40498
2510,0,40454,40479
2496,1,40455,40466
3605,1,40466,40481
1694,2,40467,40477
8430,2,40477,40506
8419,0,40479,40487
516,1,40481,40524
6953,0,40487,40496
2791,0,40496,40516
3680,4,40498,40527
2612,3,40499,40522
6206,2,40506,40530
9229,0,40516,40548
4451,3,40522,40572
9799,1,40524,40536
2032,4,40527,40533
6130,2,40530,40552
6718,4,40533,40580
2583,1,40536,40583
5219,0,40548,40564
4266,2,40552,40601
9050,0,40564,40580
7066,3,40572,40597
3795,4,40580,40601
4232,0,40580,40626
9996,1,40583,40622
7445,3,40597,40634
2715,2,40601,40625
2569,4,40601,40646
2537,1,40622,40656
6916,2,40625,40669
7577,0,40626,40660
7635,3,40634,40657
2306,4,40646,40681
9455,1,40656,40665
4724,3,40657,40682
8661,0,40660,40697
7130,1,40665,40707
2831,2,40669,40680
2286,2,40680,40694
7259,4,40681,40712
5819,3,40682,40710
2033,2,40694,40732
9623,0,40697,40742
4139,1,40707,40728
1308,3,40710,40721
2405,4,40712,40718
3102,4,40718,40739
1113,3,40721,40745
9871,1,40728,40740
8939,2,40732,40771
2172,4,40739,40758
8183,1,40740,40763
5241,0,40742,40791
3536,3,40745,40765
229,4,40758,40790
6496,1,40763,40783
8083,3,40765,40784
6928,2,40771,40787
7472,1,40783,40830
1098,3,40784,40811
2470,2,40787,40833
4623,4,40790,40836
9363,0,40791,40805
3635,0,40805,40848
1034,3,40811,40817
1154,3,40817,40861
828,1,40830,40839
2268,2,40833,40850
4851,4,40836,40866
813,1,40839,40853
8836,0,40848,40857
4725,2,40850,40860
9503,1,40853,40881
5510,0,40857,40877
4250,2,40860,40906
1037,3,40861,40889
503,4,40866,40894
291,0,40877,40913
6213,1,40881,40904
149,3,40889,40913
9399,4,40894,40910
3684,1,40904,40933
6177,2,40906,40956
1898,4,40910,40921
913,3,40913,40949
8553,0,40913,40932
8987,4,40921,40944
1737,0,40932,40964
4168,1,40933,40963
526,4,40944,40987
3646,3,40949,40999
5873,2,40956,40989
2585,1,40963,40985
396,0,40964,40975
611,0,40975,40984
4208,0,40984,41028
5152,1,40985,41020
1267,4,40987,41015
3456,2,40989,41027
6811,3,40999,41020
8517,4,41015,41049
1620,3,41020,41051
9401,1,41020,41038
7644,2,41027,41047
4740,0,41028,41043
6420,1,41038,41085
979,0,41043,41057
3379,2,41047,41062
5525,4,41049,41057
6606,3,41051,41058
1842,4,41057,41064
4251,0,41057,41081
2597,3,41058,41066
9506,2,41062,41096
4323,4,41064,41110
6451,3,41066,41109
995,0,41081,41090
4056,1,41085,41091
5067,0,41090,41100
4834,1,41091,41109
9382,2,41096,41144
4789,0,41100,41137
2077,3,41109,41132
7542,1,41109,41137
9288,4,41110,41122
3168,4,41122,41166
8258,3,41132,41181
3843,1,41137,41165
6099,0,41137,41181
2818,2,41144,41152
2869,2,41152,41191
3557,1,41165,41204
5883,4,41166,41184
1182,3,41181,41225
6258,0,41181,41188
6914,4,41184,41225
8312,0,41188,41220
9902,2,41191,41206
9617,1,41204,41248
718,2,41206,41252
1598,0,41220,41257
7744,3,41225,41272
2862,4,41225,41248
3758,1,41248,41269
4306,4,41248,41268
4472,2,41252,41261
6273,0,41257,41268
8925,2,41261,41289
1966,4,41268,41281
1042,0,41268,41300
2767,1,41269,41298
2929,3,41272,41316
6548,4,41281,41318
4722,2,41289,41303
5627,1,41298,41313
588,0,41300,41315
3241,2,41303,41326
9386,1,41313,41343
6547,0,41315,41356
6231,3,41316,41331
4765,4,41318,41336
7265,2,41326,41373
6361,3,41331,41381
6272,4,41336,41346
1461,1,41343,41386
9379,4,41346,41352
6104,4,41352,41379
6708,0,41356,41379
8953,2,41373,41383
6173,4,41379,41385
7565,0,41379,41405
9014,3,41381,41411
2708,2,41383,41430
9169,4,41385,41399
7056,1,41386,41395
8923,1,41395,41408
1533,4,41399,41425
5334,0,41405,41423
9938,1,41408,41432
693,3,41411,41440
4715,0,41423,41438
2630,4,41425,41431
3373,2,41430,41470
5180,4,41431,41474
5716,1,41432,41454
9570,0,41438,41470
6157,3,41440,41477
7648,1,41454,41474
8583,2,41470,41510
3599,0,41470,41517
4258,1,41474,41489
3761,4,41474,41510
849,3,41477,41515
9762,1,41489,41516
4436,2,41510,41525
9679,4,41510,41527
8592,3,41515,41562
6968,1,41516,41543
1441,0,41517,41525
820,2,41525,41547
3932,0,41525,41530
9794,4,41527,41550
9177,0,41530,41579
1702,1,41543,41579
8213,2,41547,41560
6943,4,41550,41562
9342,2,41560,41573
797,3,41562,41598
4504,4,41562,41594
8586,2,41573,41584
3612,1,41579,41605
4952,0,41579,41604
2461,2,41584,41624
7692,4,41594,41613
2331,3,41598,41641
4268,0,41604,41623
7802,1,41605,41629
2595,4,41613,41661
1017,0,41623,41650
5815,2,41624,41657
5470,1,41629,41635
1955,1,41635,41651
4601,3,41641,41691
5501,0,41650,41684
3472,1,41651,41669
6298,2,41657,41700
738,4,41661,41692
5483,1,41669,41694
2039,0,41684,41712
3153,3,41691,41700
9586,4,41692,41699
5535,1,41694,41710
5794,4,41699,41744
8783,2,41700,41736
1337,3,41700,41710
8748,3,41710,41746
5653,1,41710,41746
2313,0,41712,41727
1086,0,41727,41776
6299,2,41736,41767
6444,4,41744,41754
9638,3,41746,41767
4656,1,41746,41768
5173,4,41754,41769
7241,2,41767,41806
92,3,41767,41796
3159,1,41768,41775
197,4,41769,41778
4695,1,41775,41811
802,0,41776,41808
6457,4,41778,41792
2648,4,41792,41815
8457,3,41796,41840
4044,2,41806,41854
3317,0,41808,41829
6428,1,41811,41859
3061,4,41815,41835
2497,0,41829,41849
5213,4,41835,41850
4137,3,41840,41870
5242,0,41849,41868
9237,4,41850,41857
1414,2,41854,41878
5521,4,41857,41883
4690,1,41859,41903
3415,0,41868,41916
3377,3,41870,41879
2442,2,41878,41918
8449,3,41879,41889
3353,4,41883,41894
9127,3,41889,41924
2964,4,41894,41913
9403,1,41903,41933
5210,4,41913,41940
6954,0,41916,41929
9639,2,41918,41963
8454,3,41924,41962
9777,0,41929,41969
1782,1,41933,41951
2112,4,41940,41950
3893,4,41950,41997
190,1,41951,41975
3892,3,41962,41985
5957,2,41963,41977
3216,0,41969,41981
649,1,41975,42016
803,2,41977,41990
2897,0,41981,41994
349,3,41985,41992
8400,2,41990,42018
858,3,41992,42009
72,0,41994,42012
4201,4,41997,42032
5042,3,42009,42029
8207,0,42012,42033
557,1,42016,42025
4813,2,42018,42043
488,1,42025,42035
4912,3,42029,42077
2847,4,42032,42076
1480,0,42033,42039
213,1,42035,42047
4922,0,42039,42048
35,2,42043,42077
5043,1,42047,42063
3512,0,42048,42066
7755,1,42063,42110
2005,0,42066,42112
5599,4,42076,42096
4483,2,42077,42116
3351,3,42077,42108
1947,4,42096,42146
6984,3,42108,42156
9985,1,42110,42148
9512,0,42112,42126
8316,2,42116,42161
8278,0,42126,42131
851,0,42131,42177
8918,4,42146,42152
2134,1,42148,42195
5298,4,42152,42177
549,3,42156,42186
5656,2,42161,42198
1300,4,42177,42184
8732,0,42177,42199
2157,4,42184,42205
6250,3,42186,42218
8593,1,42195,42213
4545,2,42198,42210
9709,0,42199,42208
4027,4,42205,42213
6113,0,42208,42258
7012,2,42210,42230
2307,1,42213,42231
5181,4,42213,42260
6912,3,42218,42247
6696,2,42230,42261
4347,1,42231,42261
5209,3,42247,42295
9473,0,42258,42266
9033,4,42260,42300
5003,2,42261,42306
6517,1,42261,42297
260,0,42266,42274
1606,0,42274,42313
5729,3,42295,42319
7005,1,42297,42323
2056,4,42300,42335
2261,2,42306,42342
1891,0,42313,42319
7108,3,42319,42364
6967,0,42319,42362
6756,1,42323,42338
4621,4,42335,42347
5300,1,42338,42344
9684,2,42342,42350
3284,1,42344,42386
9089,4,42347,42397
4660,2,42350,42378
6772,0,42362,42383
4847,3,42364,42387
2674,2,42378,42387
7300,0,42383,42419
5803,1,42386,42427
5284,2,42387,42399
4875,3,42387,42395
2485,3,42395,42438
4465,4,42397,42432
4067,2,42399,42424
2654,0,42419,42440
5226,2,42424,42449
4110,1,42427,42471
4209,4,42432,42438
1101,3,42438,42471
6650,4,42438,42479
5220,0,42440,42449
5211,2,42449,42488
8362,0,42449,42482
6977,3,42471,42484
6857,1,42471,42478
4532,1,42478,42518
7865,4,42479,42522
9982,0,42482,42526
6867,3,42484,42529
3095,2,42488,42497
4293,2,42497,42522
7897,1,42518,42548
2100,2,42522,42553
4733,4,42522,42559
8303,0,42526,42540
54,3,42529,42535
6315,3,42535,42553
3275,0,42540,42566
8521,1,42548,42588
4546,2,42553,42566
206,3,42553,42597
5519,4,42559,42570
2714,2,42566,42599
7226,0,42566,42601
2692,4,42570,42611
5887,1,42588,42593
4094,1,42593,42608
3298,3,42597,42620
5743,2,42599,42613
4547,0,42601,42640
3000,1,42608,42654
9695,4,42611,42640
6925,2,42613,42654
8608,3,42620,42625
6949,3,42625,42638
165,3,42638,42654
123,4,42640,42675
5945,0,42640,42670
362,2,42654,42696
432,3,42654,42675
261,1,42654,42676
3237,0,42670,42712
412,3,42675,42721
1544,4,42675,42685
7940,1,42676,42685
3243,1,42685,42717
830,4,42685,42701
2877,2,42696,42746
346,4,42701,42736
4645,0,42712,42718
3546,1,42717,42756
3754,0,42718,42741
3979,3,42721,42738
7893,4,42736,42742
9618,3,42738,42748
3529,0,42741,42770
7357,4,42742,42769
8898,2,42746,42792
6223,3,42748,42765
7986,1,42756,42804
8046,3,42765,42798
1903,4,42769,42779
5010,0,42770,42812
170,4,42779,42809
9005,2,42792,42798
5403,2,42798,42818
971,3,42798,42832
2415,1,42804,42849
1786,4,42809,42829
3617,0,42812,42822
468,2,42818,42836
3188,0,42822,42832
1228,4,42829,42839
3629,3,42832,42863
7169,0,42832,42838
3971,2,42836,42861
5077,0,42838,42883
6120,4,42839,42869
3798,1,42849,42882
6295,2,42861,42888
8146,3,42863,42908
9766,4,42869,42877
2059,4,42877,42912
5505,1,42882,42930
5982,0,42883,42896
5557,2,42888,42894
544,2,42894,42903
4713,0,42896,42920
5771,2,42903,42944
6288,3,42908,42935
1816,4,42912,42928
2777,0,42920,42960
9465,4,42928,42974
6256,1,42930,42939
902,3,42935,42948
2311,1,42939,42960
9504,2,42944,42986
482,3,42948,42974
1894,1,42960,42991
4091,0,42960,42999
2106,3,42974,42998
1936,4,42974,42989
9769,2,42986,43036
1768,4,42989,43017
8326,1,42991,43002
374,3,42998,43039
807,0,42999,43022
3207,1,43002,43007
7653,1,43007,43030
6503,4,43017,43060
2090,0,43022,43034
983,1,43030,43052
2361,0,43034,43064
7919,2,43036,43061
6152,3,43039,43076
3114,1,43052,43063
3622,4,43060,43090
7561,2,43061,43070
6382,1,43063,43077
7064,0,43064,43104
2468,2,43070,43119
4014,3,43076,43090
3879,1,43077,43094
7805,3,43090,43118
1257,4,43090,43104
3149,1,43094,43139
6732,4,43104,43127
9233,0,43104,43151
8524,3,43118,43137
3376,2,43119,43162
9496,4,43127,43144
4053,3,43137,43143
2526,1,43139,43151
7195,3,43143,43169
551,4,43144,43174
7213,1,43151,43158
8892,0,43151,43157
2222,0,43157,43166
4936,1,43158,43168
9606,2,43162,43178
774,0,43166,43194
3406,1,43168,43176
1597,3,43169,43175
6456,4,43174,43212
395,3,43175,43193
4037,1,43176,43194
2121,2,43178,43195
2618,3,43193,43199
9708,1,43194,43209
9031,0,43194,43215
7998,2,43195,43201
9973,3,43199,43220
8101,2,43201,43250
6107,1,43209,43224
9880,4,43212,43251
2953,0,43215,43258
8160,3,43220,43260
4428,1,43224,43242
4329,1,43242,43282
6082,2,43250,43289
9356,4,43251,43294
8840,0,43258,43308
6735,3,43260,43274
4396,3,43274,43285
334,1,43282,43293
7378,3,43285,43318
3762,2,43289,43315
5933,1,43293,43309
2110,4,43294,43307
6577,4,43307,43312
7864,0,43308,43344
3558,1,43309,43344
7711,4,43312,43335
6907,2,43315,43346
9780,3,43318,43323
8049,3,43323,43369
8281,4,43335,43357
4227,1,43344,43355
1128,0,43344,43363
6487,2,43346,43360
6140,1,43355,43365
4262,4,43357,43364
8919,2,43360,43384
6037,0,43363,43382
1853,4,43364,43379
9997,1,43365,43379
2020,3,43369,43382
6240,1,43379,43408
7695,4,43379,43392
7770,3,43382,43395
6316,0,43382,43401
97,2,43384,43421
5949,4,43392,43431
4673,3,43395,43403
2719,0,43401,43423
8691,3,43403,43447
8434,1,43408,43420
5105,1,43420,43454
5647,2,43421,43430
462,0,43423,43431
1389,2,43430,43445
8011,4,43431,43476
3098,0,43431,43445
5269,2,43445,43456
7026,0,43445,43467
8954,3,43447,43472
8850,1,43454,43468
3035,2,43456,43476
5833,0,43467,43509
8159,1,43468,43493
5235,3,43472,43489
7203,2,43476,43498
2118,4,43476,43520
7930,3,43489,43528
1771,1,43493,43513
8406,2,43498,43535
7200,0,43509,43533
638,1,43513,43560
7238,4,43520,43545
910,3,43528,43574
2426,0,43533,43552
2009,2,43535,43551
8114,4,43545,43565
3349,2,43551,43576
4717,0,43552,43590
7214,1,43560,43571
356,4,43565,43594
5377,1,43571,43596
9260,3,43574,43590
8519,2,43576,43612
1642,3,43590,43608
5290,0,43590,43609
4590,4,43594,43631
8782,1,43596,43622
8099,3,43608,43651
4321,0,43609,43624
3542,2,43612,43634
8476,1,43622,43661
3789,0,43624,43661
822,4,43631,43638
5016,2,43634,43668
1507,4,43638,43652
7938,3,43651,43666
7405,4,43652,43687
7720,1,43661,43678
3741,0,43661,43680
5642,3,43666,43676
6859,2,43668,43674
613,2,43674,43695
6882,3,43676,43692
961,1,43678,43718
4007,0,43680,43702
4613,4,43687,43717
1281,3,43692,43699
8606,2,43695,43712
316,3,43699,43716
3387,0,43702,43719
7148,2,43712,43730
4128,3,43716,43743
4935,4,43717,43747
783,1,43718,43767
672,0,43719,43745
2228,2,43730,43759
1286,3,43743,43752
9328,0,43745,43763
3123,4,43747,43754
1043,3,43752,43762
17,4,43754,43784
259,2,43759,43802
2169,3,43762,43788
383,0,43763,43797
3212,1,43767,43786
7870,4,43784,43811
8778,1,43786,43812
1882,3,43788,43819
4267,0,43797,43802
6590,2,43802,43813
3583,0,43802,43838
1249,4,43811,43817
6075,1,43812,43858
8878,2,43813,43862
7797,4,43817,43855
2293,3,43819,43832
2085,3,43832,43865
5530,0,43838,43850
8570,0,43850,43875
4980,4,43855,43873
6559,1,43858,43900
9568,2,43862,43907
6909,3,43865,43914
5258,4,43873,43895
8729,0,43875,43896
5449,4,43895,43912
9162,0,43896,43937
9153,1,43900,43907
3319,2,43907,43936
3330,1,43907,43935
267,4,43912,43932
9101,3,43914,43939
5648,4,43932,43950
1798,1,43935,43979
7474,2,43936,43945
5668,0,43937,43950
4305,3,43939,43953
2027,2,43945,43983
5261,4,43950,43970
6861,0,43950,43957
540,3,43953,43990
3491,0,43957,43977
7019,4,43970,43975
6741,4,43975,43981
701,0,43977,44002
8741,1,43979,43994
9539,4,43981,44002
4635,2,43983,43990
9900,2,43990,44004
1064,3,43990,43999
3384,1,43994,44044
2327,3,43999,44017
1939,4,44002,44013
9012,0,44002,44027
4366,2,44004,44012
9616,2,44012,44025
1225,4,44013,44035
2195,3,44017,44045
7466,2,44025,44068
5129,0,44027,44061
5054,4,44035,44040
1510,4,44040,44060
2192,1,44044,44067
208,3,44045,44090
4230,4,44060,44098
5082,0,44061,44079
4591,1,44067,44082
5464,2,44068,44085
7060,0,44079,44108
440,1,44082,44090
9736,2,44085,44090
2945,2,44090,44139
6964,3,44090,44139
7109,1,44090,44122
4979,4,44098,44127
4327,0,44108,44133
5626,1,44122,44128
428,4,44127,44137
4217,1,44128,44175
5169,0,44133,44153
4191,4,44137,44146
3147,2,44139,44166
3151,3,44139,44163
2573,4,44146,44155
2431,0,44153,44187
6809,4,44155,44171
4558,3,44163,44201
4473,2,44166,44193
4634,4,44171,44210
6318,1,44175,44218
1717,0,44187,44196
5363,2,44193,44200
677,0,44196,44216
8064,2,44200,44231
2049,3,44201,44225
4876,4,44210,44256
110,0,44216,44248
5609,1,44218,44246
8666,3,44225,44232
2299,2,44231,44276
7807,3,44232,44280
101,1,44246,44255
2755,0,44248,44266
4795,1,44255,44275
5843,4,44256,44280
5375,0,44266,44287
2533,1,44275,44298
1180,2,44276,44303
9696,3,44280,44330
257,4,44280,44312
964,0,44287,44317
3336,1,44298,44341
9782,2,44303,44321
9659,4,44312,44339
3488,0,44317,44367
9873,2,44321,44365
6884,3,44330,44378
5224,4,44339,44360
3712,1,44341,44357
7527,1,44357,44365
2295,4,44360,44373
4924,2,44365,44399
9145,1,44365,44379
8180,0,44367,44373
8119,0,44373,44383
9048,4,44373,44391
9614,3,44378,44403
3774,1,44379,44399
8121,0,44383,44389
5032,0,44389,44402
250,4,44391,44419
3964,2,44399,44421
3178,1,44399,44420
6678,0,44402,44433
4204,3,44403,44423
2571,4,44419,44436
7462,1,44420,44431
1730,2,44421,44467
1146,3,44423,44457
7052,1,44431,44460
7733,0,44433,44442
4419,4,44436,44442
8307,4,44442,44491
8103,0,44442,44480
5856,3,44457,44488
7911,1,44460,44474
3365,2,44467,44477
3968,1,44474,44518
5463,2,44477,44501
6014,0,44480,44489
8715,3,44488,44498
8340,0,44489,44530
5593,4,44491,44511
2248,3,44498,44512
4090,2,44501,44542
8810,4,44511,44554
915,3,44512,44549
7011,1,44518,44534
7823,0,44530,44564
9727,1,44534,44546
8343,2,44542,44588
5939,1,44546,44575
4529,3,44549,44588
749,4,44554,44568
7240,0,44564,44599
4756,4,44568,44588
1393,1,44575,44592
3054,2,44588,44612
9107,3,44588,44598
8551,4,44588,44604
2349,1,44592,44634
7309,3,44598,44623
1764,0,44599,44615
7350,4,44604,44641
3013,2,44612,44649
3194,0,44615,44629
6332,3,44623,44636
8621,0,44629,44678
9936,1,44634,44674
4736,3,44636,44667
2650,4,44641,44685
772,2,44649,44654
5457,2,44654,44659
8980,2,44659,44700
7352,3,44667,44695
2494,1,44674,44714
6656,0,44678,44690
3371,4,44685,44693
7730,0,44690,44703
7220,4,44693,44721
5622,3,44695,44702
4962,2,44700,44728
3489,3,44702,44717
7014,0,44703,44753
6441,1,44714,44758
1725,3,44717,44767
5564,4,44721,44762
4832,2,44728,44739
595,2,44739,44756
3223,0,44753,44768
5249,2,44756,44773
8209,1,44758,44780
4023,4,44762,44780
2980,3,44767,44783
2166,0,44768,44775
1845,2,44773,44783
6446,0,44775,44821
782,1,44780,44808
5761,4,44780,44802
8376,2,44783,44814
3248,3,44783,44812
3360,4,44802,44819
9075,1,44808,44821
8093,3,44812,44837
5850,2,44814,44838
4184,4,44819,44840
108,1,44821,44847
2880,0,44821,44835
5378,0,44835,44881
763,3,44837,44844
1743,2,44838,44882
2285,4,44840,44847
6906,3,44844,44869
9178,1,44847,44857
1578,4,44847,44896
7949,1,44857,44872
495,3,44869,44899
7936,1,44872,44922
9913,0,44881,44914
9883,2,44882,44913
4064,4,44896,44923
9414,3,44899,44922
8872,2,44913,44950
7348,0,44914,44936
9683,3,44922,44969
3719,1,44922,44946
3771,4,44923,44948
1194,0,44936,44953
5639,1,44946,44964
4356,4,44948,44986
8240,2,44950,44971
7745,0,44953,44968
7839,1,44964,44973
4877,0,44968,44994
3495,3,44969,45001
8360,2,44971,44996
136,1,44973,44980
100,1,44980,44998
8353,4,44986,45001
9899,0,44994,45026
6117,2,44996,45024
7321,1,44998,45007
3411,3,45001,45033
5840,4,45001,45033
4798,1,45007,45030
1566,2,45024,45074
9650,0,45026,45050
7552,1,45030,45039
2601,3,45033,45055
1514,4,45033,45059
4908,1,45039,45076
4440,0,45050,45068
4822,3,45055,45094
5962,4,45059,45078
3710,0,45068,45098
5136,2,45074,45099
7055,1,45076,45117
1594,4,45078,45110
2203,3,45094,45124
1412,0,45098,45122
2826,2,45099,45118
6175,4,45110,45137
680,1,45117,45126
4212,2,45118,45126
8968,0,45122,45157
3830,3,45124,45151
2300,2,45126,45146
8051,1,45126,45148
592,4,45137,45177
4222,2,45146,45188
7524,1,45148,45155
922,3,45151,45156
2997,1,45155,45192
6742,3,45156,45201
6649,0,45157,45171
2759,0,45171,45179
6613,4,45177,45206
1165,0,45179,45215
4845,2,45188,45212
8193,1,45192,45204
5315,3,45201,45218
439,1,45204,45237
5683,4,45206,45216
9220,2,45212,45218
5351,0,45215,45225
1748,4,45216,45226
459,2,45218,45226
5165,3,45218,45223
5029,3,45223,45230
1926,0,45225,45253
5356,2,45226,45252
2216,4,45226,45259
5925,3,45230,45250
8254,1,45237,45253
965,3,45250,45283
2358,2,45252,45268
1907,1,45253,45282
7632,0,45253,45272
2837,4,45259,45300
2226,2,45268,45303
4897,0,45272,45278
3132,0,45278,45302
9759,1,45282,45313
1780,3,45283,45317
5446,4,45300,45309
9859,0,45302,45309
4189,2,45303,45340
7447,0,45309,45335
5230,4,45309,45321
8202,1,45313,45324
6048,3,45317,45332
1218,4,45321,45364
4753,1,45324,45352
9392,3,45332,45350
7100,0,45335,45367
9533,2,45340,45388
3776,3,45350,45363
7779,1,45352,45369
7749,3,45363,45374
5802,4,45364,45381
7376,0,45367,45397
487,1,45369,45382
6846,3,45374,45421
2288,4,45381,45417
2633,1,45382,45388
1345,2,45388,45416
4175,1,45388,45398
2679,0,45397,45405
6734,1,45398,45408
5212,0,45405,45411
2746,1,45408,45421
5198,0,45411,45435
3821,2,45416,45460
6800,4,45417,45453
6094,3,45421,45447
3861,1,45421,45447
1400,0,45435,45451
3855,3,45447,45452
3848,1,45447,45493
2021,0,45451,45494
7910,3,45452,45489
5579,4,45453,45468
6034,2,45460,45483
6831,4,45468,45482
9457,4,45482,45508
3259,2,45483,45511
2183,3,45489,45508
4281,1,45493,45512
2696,0,45494,45501
5690,0,45501,45530
1546,3,45508,45533
9154,4,45508,45533
352,2,45511,45517
9813,1,45512,45544
5996,2,45517,45545
9604,0,45530,45557
6026,3,45533,45553
9187,4,45533,45546
6824,1,45544,45561
4836,2,45545,45553
7339,4,45546,45570
8863,2,45553,45558
2661,3,45553,45582
1238,0,45557,45575
1384,2,45558,45565
3240,1,45561,45582
7231,2,45565,45570
2943,2,45570,45605
8018,4,45570,45587
9688,0,45575,45622
8073,3,45582,45605
7967,1,45582,45609
7239,4,45587,45607
9827,2,45605,45631
3959,3,45605,45617
4597,4,45607,45617
8098,1,45609,45650
3743,3,45617,45658
5545,4,45617,45645
4149,0,45622,45647
4728,2,45631,45647
3157,4,45645,45663
6980,2,45647,45659
8752,0,45647,45667
4006,1,45650,45686
4638,3,45658,45701
7182,2,45659,45709
1965,4,45663,45705
1401,0,45667,45702
656,1,45686,45733
7326,3,45701,45728
5890,0,45702,45722
1346,4,45705,45716
7973,2,45709,45720
6777,4,45716,45728
8528,2,45720,45749
7194,0,45722,45755
8591,3,45728,45738
9959,4,45728,45754
3561,1,45733,45746
2682,3,45738,45751
276,1,45746,45787
9170,2,45749,45795
3321,3,45751,45801
1095,4,45754,45771
4926,0,45755,45771
2099,0,45771,45815
6870,4,45771,45780
7256,4,45780,45820
5630,1,45787,45816
1424,2,45795,45804
196,3,45801,45822
8096,2,45804,45836
8742,0,45815,45844
8989,1,45816,45849
3547,4,45820,45828
2968,3,45822,45838
1948,4,45828,45835
2412,4,45835,45883
1108,2,45836,45858
3520,3,45838,45855
7293,0,45844,45854
3252,1,45849,45869
1508,0,45854,45879
7027,3,45855,45865
5675,2,45858,45879
8543,3,45865,45906
8538,1,45869,45890
3164,2,45879,45888
9472,0,45879,45904
7722,4,45883,45908
6003,2,45888,45897
7367,1,45890,45909
2881,2,45897,45927
7088,0,45904,45909
1229,3,45906,45924
1127,4,45908,45913
3468,1,45909,45927
9009,0,45909,45932
2632,4,45913,45930
5747,3,45924,45943
262,2,45927,45944
116,1,45927,45946
3837,4,45930,45948
8117,0,45932,45939
9483,0,45939,45954
6004,3,45943,45959
4888,2,45944,45971
2416,1,45946,45984
1422,4,45948,45966
6736,0,45954,45972
1052,3,45959,45978
3767,4,45966,45972
3053,2,45971,46004
1874,0,45972,45991
852,4,45972,45999
1628,3,45978,46004
2297,1,45984,46026
9761,0,45991,46021
673,4,45999,46012
1027,2,46004,46053
3856,3,46004,46019
5723,4,46012,46018
1091,4,46018,46046
2957,3,46019,46061
4017,0,46021,46055
580,1,46026,46042
3070,1,46042,46058
5183,4,46046,46060
8827,2,46053,46091
8317,0,46055,46069
3936,1,46058,46067
296,4,46060,46101
564,3,46061,46088
5059,1,46067,46072
1872,0,46069,46074
8109,1,46072,46077
3101,0,46074,46091
1445,1,46077,46097
5930,3,46088,46094
20,2,46091,46135
4904,0,46091,46108
1090,3,46094,46116
6491,1,46097,46122
426,4,46101,46123
7250,0,46108,46139
234,3,46116,46132
634,1,46122,46152
4114,4,46123,46148
4946,3,46132,46163
1280,2,46135,46146
9334,0,46139,46167
3428,2,46146,46161
6009,4,46148,46156
9467,1,46152,46184
4793,4,46156,46191
4105,2,46161,46211
5283,3,46163,46170
6619,0,46167,46188
9469,3,46170,46212
4626,1,46184,46203
1381,0,46188,46202
831,4,46191,46196
730,4,46196,46220
8091,0,46202,46213
784,1,46203,46244
6922,2,46211,46250
8464,3,46212,46257
2304,0,46213,46253
7395,4,46220,46249
1932,1,46244,46291
3224,4,46249,46279
4324,2,46250,46268
8451,0,46253,46260
3173,3,46257,46307
1314,0,46260,46267
8367,0,46267,46306
9238,2,46268,46314
8134,4,46279,46310
4828,1,46291,46338
4315,0,46306,46315
4299,3,46307,46335
7746,4,46310,46343
7334,2,46314,46360
844,0,46315,46354
3903,3,46335,46379
8422,1,46338,46349
2011,4,46343,46374
7874,1,46349,46382
5234,0,46354,46395
8295,2,46360,46385
1104,4,46374,46404
7040,3,46379,46394
368,1,46382,46403
9844,2,46385,46390
5005,2,46390,46440
9886,3,46394,46400
4991,0,46395,46412
3748,3,46400,46429
2379,1,46403,46424
1066,4,46404,46414
3076,0,46412,46448
5727,4,46414,46451
5950,1,46424,46444
7518,3,46429,46470
4169,2,46440,46461
9621,1,46444,46450
4290,0,46448,46472
6773,1,46450,46469
719,4,46451,46476
1660,2,46461,46472
3801,1,46469,46475
350,3,46470,46503
817,2,46472,46516
8020,0,46472,46484
5894,1,46475,46499
3952,4,46476,46483
3311,4,46483,46507
2046,0,46484,46491
2154,0,46491,46512
9123,1,46499,46522
3639,3,46503,46549
2083,4,46507,46557
7880,0,46512,46562
960,2,46516,46540
7710,1,46522,46532
7431,1,46532,46560
9905,2,46540,46578
5517,3,46549,46559
6078,4,46557,46572
636,3,46559,46587
4839,1,46560,46590
98,0,46562,46576
2659,4,46572,46594
8082,0,46576,46591
9077,2,46578,46594
2693,3,46587,46592
1653,1,46590,46602
9029,0,46591,46634
6895,3,46592,46634
1931,2,46594,46607
8530,4,46594,46633
6271,1,46602,46625
2947,2,46607,46640
4093,1,46625,46641
2202,4,46633,46663
9714,3,46634,46652
67,0,46634,46679
3875,2,46640,46665
6936,1,46641,46667
3423,3,46652,46661
1003,3,46661,46680
9914,4,46663,46712
8105,2,46665,46713
3589,1,46667,46692
3015,0,46679,46727
6203,3,46680,46699
2127,1,46692,46708
3666,3,46699,46707
8191,3,46707,46720
9719,1,46708,46713
9326,4,46712,46745
5758,2,46713,46739
1135,1,46713,46718
8050,1,46718,46743
278,3,46720,46761
3513,0,46727,46737
1115,0,46737,46783
5176,2,46739,46752
9262,1,46743,46777
7017,4,46745,46766
2273,2,46752,46795
3139,3,46761,46801
2124,4,46766,46771
3135,4,46771,46785
6538,1,46777,46809
8487,0,46783,46810
4326,4,46785,46798
4617,2,46795,46842
7831,4,46798,46804
7550,3,46801,46819
7076,4,46804,46814
3615,1,46809,46830
8997,0,46810,46849
7604,4,46814,46828
1459,3,46819,46837
6286,4,46828,46862
6437,1,46830,46838
8274,3,46837,46860
9092,1,46838,46854
1744,2,46842,46886
3957,0,46849,46876
1674,1,46854,46875
2627,3,46860,46903
9553,4,46862,46874
4535,4,46874,46904
2635,1,46875,46887
2369,0,46876,46883
3948,0,46883,46904
8494,2,46886,46895
1468,1,46887,46894
212,1,46894,46918
8322,2,46895,46909
2374,3,46903,46948
8268,0,46904,46949
1545,4,46904,46918
3458,2,46909,46927
2954,1,46918,46934
425,4,46918,46930
1618,2,46927,46952
2139,4,46930,46935
2913,1,46934,46939
248,4,46935,46949
2294,1,46939,46977
1708,3,46948,46988
3829,0,46949,46960
441,4,46949,46958
5920,2,46952,46994
2384,4,46958,46976
4310,0,46960,47007
4977,4,46976,46993
6085,1,46977,47002
8802,3,46988,47016
7476,4,46993,47017
625,2,46994,47006
9829,1,47002,47031
2793,2,47006,47019
5495,0,47007,47023
5847,3,47016,47025
2798,4,47017,47067
3989,2,47019,47033
7739,0,47023,47065
5070,3,47025,47055
4633,1,47031,47053
6939,2,47033,47077
8904,1,47053,47063
7767,3,47055,47062
2520,3,47062,47076
7422,1,47063,47098
589,0,47065,47082
6278,4,47067,47093
69,3,47076,47091
9995,2,47077,47089
7278,0,47082,47105
5118,2,47089,47102
4302,3,47091,47104
5160,4,47093,47104
7177,1,47098,47142
8237,2,47102,47108
6999,3,47104,47113
8565,4,47104,47132
3492,0,47105,47130
4887,2,47108,47132
2149,3,47113,47132
126,0,47130,47157
6625,2,47132,47147
4095,3,47132,47139
2614,4,47132,47176
993,3,47139,47157
5868,1,47142,47184
1317,2,47147,47165
4994,3,47157,47199
3677,0,47157,47184
137,2,47165,47188
936,4,47176,47191
6243,0,47184,47194
7089,1,47184,47200
1668,2,47188,47217
5096,4,47191,47196
8881,0,47194,47224
1188,4,47196,47218
692,3,47199,47207
9538,1,47200,47221
9041,3,47207,47244
7099,2,47217,47232
1477,4,47218,47239
2723,1,47221,47235
4784,0,47224,47271
4820,2,47232,47249
932,1,47235,47261
2620,4,47239,47255
7409,3,47244,47267
7716,2,47249,47295
2373,4,47255,47267
9346,1,47261,47273
6431,3,47267,47300
8965,4,47267,47286
9409,0,47271,47298
6465,1,47273,47283
6435,1,47283,47309
5563,4,47286,47305
9310,2,47295,47330
5414,0,47298,47310
9993,3,47300,47321
5751,4,47305,47352
9527,1,47309,47349
2296,0,47310,47316
9514,0,47316,47337
6784,3,47321,47333
6632,2,47330,47349
1627,3,47333,47380
7232,0,47337,47342
4863,0,47342,47383
7764,2,47349,47372
7608,1,47349,47389
8123,4,47352,47375
4100,2,47372,47385
6017,4,47375,47405
4941,3,47380,47388
5429,0,47383,47398
6819,2,47385,47395
5640,3,47388,47410
1326,1,47389,47398
4606,2,47395,47442
7008,0,47398,47405
323,1,47398,47425
6858,0,47405,47415
5810,4,47405,47419
4614,3,47410,47428
7493,0,47415,47444
7499,4,47419,47448
9531,1,47425,47456
6634,3,47428,47441
9038,3,47441,47464
1166,2,47442,47488
9711,0,47444,47480
5739,4,47448,47461
5092,1,47456,47461
8851,4,47461,47494
9548,1,47461,47468
4412,3,47464,47484
2434,1,47468,47479
5323,1,47479,47503
3344,0,47480,47489
9545,3,47484,47498
6356,2,47488,47499
496,0,47489,47508
929,4,47494,47502
4794,3,47498,47526
5189,2,47499,47516
2253,4,47502,47532
8961,1,47503,47512
7223,0,47508,47529
3662,1,47512,47549
9115,2,47516,47528
5961,3,47526,47547
869,2,47528,47548
3433,0,47529,47549
51,4,47532,47581
7392,3,47547,47563
1293,2,47548,47598
5836,0,47549,47554
657,1,47549,47573
7699,0,47554,47559
5596,0,47559,47588
3818,3,47563,47590
5937,1,47573,47585
6204,4,47581,47595
2529,1,47585,47602
3347,0,47588,47599
1150,3,47590,47635
8028,4,47595,47600
2167,2,47598,47613
9613,0,47599,47614
3012,4,47600,47620
1140,1,47602,47607
939,1,47607,47621
6367,2,47613,47624
1797,0,47614,47641
8308,4,47620,47668
7494,1,47621,47668
8172,2,47624,47651
1631,3,47635,47652
9641,0,47641,47657
8492,2,47651,47669
5150,3,47652,47677
1590,0,47657,47681
6025,4,47668,47686
8177,1,47668,47684
4719,2,47669,47695
7489,3,47677,47690
3670,0,47681,47699
9988,1,47684,47717
3602,4,47686,47701
8888,3,47690,47704
3463,2,47695,47702
5208,0,47699,47717
5764,4,47701,47706
7013,2,47702,47716
7354,3,47704,47743
4610,4,47706,47738
2756,2,47716,47754
4921,0,47717,47739
7832,1,47717,47750
1075,4,47738,47766
3475,0,47739,47762
2482,3,47743,47761
9932,1,47750,47780
6123,2,47754,47777
4518,3,47761,47766
5631,0,47762,47810
4362,3,47766,47780
2821,4,47766,47778
7751,2,47777,47792
4012,4,47778,47802
7819,3,47780,47818
7059,1,47780,47797
4811,2,47792,47828
8574,1,47797,47838
3166,4,47802,47830
2262,0,47810,47837
2858,3,47818,47830
1503,2,47828,47851
8505,3,47830,47842
6430,4,47830,47871
8405,0,47837,47877
3186,1,47838,47860
1057,3,47842,47862
7616,2,47851,47865
6212,1,47860,47866
6582,3,47862,47872
2430,2,47865,47883
411,1,47866,47883
665,4,47871,47887
4729,3,47872,47906
9662,0,47877,47916
2866,2,47883,47902
9574,1,47883,47928
5708,4,47887,47898
1641,4,47898,47918
3393,2,47902,47911
6233,3,47906,47926
7333,2,47911,47930
8222,0,47916,47943
9230,4,47918,47933
7083,3,47926,47944
4172,1,47928,47970
1191,2,47930,47953
6930,4,47933,47959
1979,0,47943,47949
9858,3,47944,47975
4849,0,47949,47970
7070,2,47953,48001
3702,4,47959,47981
1370,0,47970,48013
9970,1,47970,47995
4622,3,47975,47996
5420,4,47981,47998
4235,1,47995,48019
2958,3,47996,48039
4825,4,47998,48020
3545,2,48001,48029
9742,0,48013,48036
4572,1,48019,48046
4860,4,48020,48025
5913,4,48025,48035
4482,2,48029,48035
947,2,48035,48071
2733,4,48035,48044
7329,0,48036,48046
3880,3,48039,48058
2159,4,48044,48072
9698,0,48046,48064
7587,1,48046,48057
5862,1,48057,48063
9788,3,48058,48067
6802,1,48063,48090
8546,0,48064,48069
1170,3,48067,48091
2774,0,48069,48086
9872,2,48071,48097
6778,4,48072,48098
5158,0,48086,48126
5215,1,48090,48104
891,3,48091,48137
1624,2,48097,48114
3024,4,48098,48113
969,1,48104,48119
5680,4,48113,48134
1823,2,48114,48128
6969,1,48119,48134
3911,0,48126,48137
8447,2,48128,48144
8381,4,48134,48178
89,1,48134,48151
6216,3,48137,48171
1890,0,48137,48181
9104,2,48144,48159
3081,1,48151,48165
6700,2,48159,48165
8480,2,48165,48192
7926,1,48165,48186
1946,3,48171,48189
2060,4,48178,48221
6790,0,48181,48202
3647,1,48186,48192
7728,3,48189,48228
9175,2,48192,48220
4394,1,48192,48214
9967,0,48202,48250
9139,1,48214,48258
5635,2,48220,48242
3728,4,48221,48243
2298,3,48228,48236
1325,3,48236,48285
743,2,48242,48252
8392,4,48243,48262
8930,0,48250,48284
2275,2,48252,48278
9830,1,48258,48283
6655,4,48262,48276
6148,4,48276,48295
8111,2,48278,48304
3283,1,48283,48295
1408,0,48284,48309
6873,3,48285,48293
666,3,48293,48299
410,4,48295,48310
8723,1,48295,48320
5035,3,48299,48340
8849,2,48304,48320
8944,0,48309,48332
5568,4,48310,48315
4160,4,48315,48331
3322,2,48320,48341
331,1,48320,48358
3544,4,48331,48353
856,0,48332,48357
2400,3,48340,48353
8588,2,48341,48351
686,2,48351,48376
9681,3,48353,48391
7913,4,48353,48365
6647,0,48357,48405
3926,1,48358,48372
2868,4,48365,48373
9705,1,48372,48393
7634,4,48373,48419
5955,2,48376,48402
9165,3,48391,48400
107,1,48393,48400
8067,3,48400,48445
1574,1,48400,48410
591,2,48402,48415
9317,0,48405,48450
5353,1,48410,48425
66,2,48415,48464
8721,4,48419,48438
1239,1,48425,48436
7916,1,48436,48474
8032,4,48438,48460
1770,3,48445,48471
5857,0,48450,48497
8369,4,48460,48473
7179,2,48464,48502
1873,3,48471,48484
1347,4,48473,48520
4237,1,48474,48491
3392,3,48484,48511
5731,1,48491,48515
8485,0,48497,48529
6389,2,48502,48549
7068,3,48511,48516
4709,1,48515,48549
2410,3,48516,48527
3327,4,48520,48533
2539,3,48527,48537
3604,0,48529,48545
7230,4,48533,48551
1575,3,48537,48570
5084,0,48545,48560
2673,2,48549,48590
9960,1,48549,48571
4559,4,48551,48582
4987,0,48560,48575
4024,3,48570,48597
3187,1,48571,48588
5498,0,48575,48615
1258,4,48582,48596
79,1,48588,48605
280,2,48590,48610
3030,4,48596,48630
6326,3,48597,48616
4406,1,48605,48632
7187,2,48610,48624
9532,0,48615,48656
3923,3,48616,48648
3481,2,48624,48643
9660,4,48630,48664
7122,1,48632,48640
3842,1,48640,48656
3951,2,48643,48686
2820,3,48648,48672
4637,0,48656,48672
144,1,48656,48702
6220,4,48664,48687
7576,3,48672,48684
8880,0,48672,48681
792,0,48681,48688
351,3,48684,48705
6594,2,48686,48722
1867,4,48687,48703
3355,0,48688,48720
5039,1,48702,48734
10,4,48703,48719
6002,3,48705,48722
9524,4,48719,48757
5493,0,48720,48751
1671,2,48722,48739
9146,3,48722,48729
9228,3,48729,48737
1862,1,48734,48755
1930,3,48737,48758
812,2,48739,48765
4243,0,48751,48767
6815,1,48755,48782
1993,4,48757,48763
3560,3,48758,48767
9224,4,48763,48787
5581,2,48765,48794
3312,3,48767,48780
7282,0,48767,48781
7995,3,48780,48804
6058,0,48781,48804
4996,1,48782,48815
2038,4,48787,48832
4775,2,48794,48800
4165,2,48800,48811
2483,3,48804,48847
6380,0,48804,48823
5780,2,48811,48851
3033,1,48815,48834
7675,0,48823,48829
6631,0,48829,48839
3905,4,48832,48845
4841,1,48834,48842
678,0,48839,48878
7803,1,48842,48874
759,4,48845,48861
4403,3,48847,48856
37,2,48851,48859
2128,3,48856,48899
760,2,48859,48878
7383,4,48861,48880
9265,1,48874,48880
8466,2,48878,48905
872,0,48878,48885
7299,4,48880,48900
9672,1,48880,48918
7412,0,48885,48891
359,0,48891,48930
2502,3,48899,48941
4516,4,48900,48913
1806,2,48905,48917
735,4,48913,48943
6042,2,48917,48936
82,1,48918,48929
7829,1,48929,48960
5355,0,48930,48956
8984,2,48936,48970
1789,3,48941,48947
8417,4,48943,48950
3692,3,48947,48972
3195,4,48950,48979
8789,0,48956,48976
9529,1,48960,48969
9697,1,48969,48986
8310,2,48970,49015
4575,3,48972,48985
2479,0,48976,48992
8249,4,48979,48986
5271,3,48985,48995
4442,4,48986,49002
6432,1,48986,49000
6847,0,48992,49001
6469,3,48995,49036
6944,1,49000,49026
6813,0,49001,49036
4234,4,49002,49027
4269,2,49015,49027
826,1,49026,49055
2938,2,49027,49045
6112,4,49027,49048
990,3,49036,49068
220,0,49036,49043
2000,0,49043,49054
1085,2,49045,49056
3648,4,49048,49054
8234,0,49054,49065
5108,4,49054,49079
6321,1,49055,49069
8793,2,49056,49083
8493,0,49065,49072
7176,3,49068,49079
5156,1,49069,49102
5614,0,49072,49087
4113,3,49079,49102
6403,4,49079,49094
3828,2,49083,49105
6776,0,49087,49109
8314,4,49094,49120
6341,3,49102,49122
1568,1,49102,49128
2333,2,49105,49126
2161,0,49109,49121
9631,4,49120,49147
8472,0,49121,49129
9240,3,49122,49146
9214,2,49126,49132
6707,1,49128,49142
975,0,49129,49136
18,2,49132,49157
1899,0,49136,49158
297,1,49142,49160
9731,3,49146,49151
1945,4,49147,49179
3623,3,49151,49160
1670,2,49157,49176
3422,0,49158,49175
7298,3,49160,49173
619,1,49160,49167
4019,1,49167,49191
7999,3,49173,49203
4045,0,49175,49201
7467,2,49176,49191
5236,4,49179,49195
8801,2,49191,49220
8122,1,49191,49199
3676,4,49195,49203
6493,1,49199,49230
1762,0,49201,49233
2180,3,49203,49225
5012,4,49203,49241
9397,2,49220,49226
3171,3,49225,49237
9754,2,49226,49232
4988,1,49230,49250
5276,2,49232,49238
7593,0,49233,49260
7682,3,49237,49245
832,2,49238,49275
1340,4,49241,49288
4515,3,49245,49271
2234,1,49250,49277
6485,0,49260,49291
628,3,49271,49277
6937,2,49275,49304
3341,3,49277,49310
298,1,49277,49296
4340,4,49288,49304
8824,0,49291,49320
7082,1,49296,49308
713,2,49304,49327
6054,4,49304,49314
6156,1,49308,49340
7075,3,49310,49351
1980,4,49314,49337
154,0,49320,49361
8077,2,49327,49346
5476,4,49337,49345
8424,1,49340,49347
7061,4,49345,49368
2463,2,49346,49363
6402,1,49347,49361
5318,3,49351,49362
9636,0,49361,49404
7719,1,49361,49369
8229,3,49362,49393
2096,2,49363,49413
7846,4,49368,49416
3571,1,49369,49377
9673,1,49377,49417
689,3,49393,49414
1942,0,49404,49428
970,2,49413,49434
7007,3,49414,49462
1635,4,49416,49423
5058,1,49417,49454
8628,4,49423,49449
5020,0,49428,49449
3,2,49434,49479
8768,0,49449,49458
5279,4,49449,49458
8550,1,49454,49459
3963,0,49458,49464
2489,4,49458,49501
6791,1,49459,49488
7959,3,49462,49498
1985,0,49464,49476
2427,0,49476,49503
95,2,49479,49494
5661,1,49488,49518
8014,2,49494,49511
7559,3,49498,49523
8214,4,49501,49516
7021,0,49503,49540
4602,2,49511,49539
729,4,49516,49523
3467,1,49518,49527
8813,3,49523,49551
1858,4,49523,49552
19,1,49527,49570
5799,2,49539,49550
6167,0,49540,49547
6817,0,49547,49594
145,2,49550,49599
6915,3,49551,49590
4985,4,49552,49562
4246,4,49562,49605
4147,1,49570,49584
249,1,49584,49597
1554,3,49590,49635
8100,0,49594,49609
9106,1,49597,49631
8133,2,49599,49619
9390,4,49605,49630
1848,0,49609,49638
4521,2,49619,49631
163,4,49630,49653
3215,2,49631,49677
919,1,49631,49653
2237,3,49635,49642
4698,0,49638,49657
467,3,49642,49674
3716,4,49653,49660
3109,1,49653,49689
7537,0,49657,49684
8709,4,49660,49691
2031,3,49674,49712
3129,2,49677,49707
4134,0,49684,49692
9462,1,49689,49711
5246,4,49691,49699
5898,0,49692,49715
1585,4,49699,49738
6270,2,49707,49744
2423,1,49711,49737
2312,3,49712,49736
6450,0,49715,49738
4964,3,49736,49750
8010,1,49737,49743
6509,0,49738,49776
2249,4,49738,49755
7566,1,49743,49778
881,2,49744,49757
5697,3,49750,49784
3860,4,49755,49783
8195,2,49757,49794
7666,0,49776,49808
3869,1,49778,49792
1538,4,49783,49811
3295,3,49784,49816
2030,1,49792,49816
7796,2,49794,49809
2616,0,49808,49823
1840,2,49809,49824
139,4,49811,49822
6627,3,49816,49832
41,1,49816,49852
2081,4,49822,49841
9194,0,49823,49829
4710,2,49824,49855
6544,0,49829,49866
1688,3,49832,49845
866,4,49841,49849
1720,3,49845,49858
2581,4,49849,49875
5845,1,49852,49873
1738,2,49855,49885
1803,3,49858,49891
6193,0,49866,49872
6609,0,49872,49899
1315,1,49873,49878
6933,4,49875,49897
1342,1,49878,49888
4880,2,49885,49893
152,1,49888,49918
2132,3,49891,49919
8835,2,49893,49936
3841,4,49897,49919
4314,0,49899,49922
5813,1,49918,49934
6959,3,49919,49951
5376,4,49919,49926
9941,0,49922,49931
6268,4,49926,49954
4769,0,49931,49958
9490,1,49934,49943
8734,2,49936,49975
9704,1,49943,49968
5408,3,49951,49970
1498,4,49954,49974
3845,0,49958,50000
999,1,49968,49998
1954,3,49970,49991
7598,4,49974,49988
4772,2,49975,50008
8585,4,49988,50036
228,3,49991,50018
9523,1,49998,50004
1972,0,50000,50009
8016,1,50004,50032
3505,2,50008,50034
4800,0,50009,50042
3865,3,50018,50038
7114,1,50032,50066
9198,2,50034,50064
2478,4,50036,50047
7553,3,50038,50048
2432,0,50042,50063
6663,4,50047,50058
1596,3,50048,50086
171,4,50058,50075
6225,0,50063,50099
5709,2,50064,50079
3182,1,50066,50073
2909,1,50073,50098
4252,4,50075,50081
5532,2,50079,50096
4370,4,50081,50089
2622,3,50086,50101
1145,4,50089,50127
1051,2,50096,50124
4026,1,50098,50115
1211,0,50099,50128
9992,3,50101,50112
6765,3,50112,50132
7389,1,50115,50134
2641,2,50124,50145
9094,4,50127,50148
7603,0,50128,50151
1244,3,50132,50159
1029,1,50134,50148
7788,2,50145,50191
5959,4,50148,50188
7738,1,50148,50156
1886,0,50151,50175
8153,1,50156,50166
4285,3,50159,50180
4682,1,50166,50179
8794,0,50175,50214
4054,1,50179,50191
1834,3,50180,50206
7516,4,50188,50203
9468,2,50191,50223
5745,1,50191,50198
6262,1,50198,50213
542,4,50203,50211
6630,3,50206,50229
5011,4,50211,50217
5744,1,50213,50220
1148,0,50214,50232
5909,4,50217,50236
4760,1,50220,50234
5473,2,50223,50253
5515,3,50229,50260
6849,0,50232,50272
8211,1,50234,50240
5573,4,50236,50256
4655,1,50240,50287
9071,2,50253,50260
5218,4,50256,50303
740,2,50260,50294
7047,3,50260,50276
3516,0,50272,50282
624,3,50276,50310
9239,0,50282,50321
8102,1,50287,50309
2469,2,50294,50317
1387,4,50303,50318
9557,1,50309,50320
9752,3,50310,50320
167,2,50317,50344
3279,4,50318,50333
3294,3,50320,50328
5481,1,50320,50331
5976,0,50321,50340
1011,3,50328,50370
6015,1,50331,50337
3138,4,50333,50339
2506,1,50337,50350
744,4,50339,50349
2224,0,50340,50352
2800,2,50344,50387
77,4,50349,50396
9968,1,50350,50371
1032,0,50352,50402
4599,3,50370,50396
179,1,50371,50389
6546,2,50387,50405
6227,1,50389,50408
5164,3,50396,50429
3528,4,50396,50403
579,0,50402,50410
3978,4,50403,50424
2647,2,50405,50429
1969,1,50408,50413
4859,0,50410,50425
9597,1,50413,50440
4840,4,50424,50429
2207,0,50425,50436
5561,2,50429,50461
6399,3,50429,50447
4070,4,50429,50474
7945,0,50436,50481
2337,1,50440,50481
874,3,50447,50455
7229,3,50455,50475
3909,2,50461,50506
6670,4,50474,50488
896,3,50475,50493
5835,0,50481,50500
6476,1,50481,50486
3011,1,50486,50491
4511,4,50488,50503
3003,1,50491,50524
3170,3,50493,50501
7154,0,50500,50505
4973,3,50501,50516
4010,4,50503,50530
9305,0,50505,50515
900,2,50506,50518
255,0,50515,50539
403,3,50516,50550
4792,2,50518,50546
4563,1,50524,50536
3815,4,50530,50558
4,1,50536,50547
2182,0,50539,50551
8700,2,50546,50555
687,1,50547,50555
1475,3,50550,50575
4594,0,50551,50574
6566,2,50555,50582
599,1,50555,50582
9235,4,50558,50588
1322,0,50574,50597
7580,3,50575,50603
8320,2,50582,50610
3594,1,50582,50607
2025,4,50588,50611
5000,0,50597,50609
6570,3,50603,50626
1069,1,50607,50635
7273,0,50609,50622
8978,2,50610,50616
7977,4,50611,50628
9438,2,50616,50648
47,0,50622,50663
6510,3,50626,50655
3543,4,50628,50643
6221,1,50635,50658
6237,4,50643,50651
779,2,50648,50655
494,4,50651,50662
843,3,50655,50676
1987,2,50655,50678
4555,1,50658,50678
4714,4,50662,50675
6850,0,50663,50703
4206,4,50675,50708
833,3,50676,50696
2902,2,50678,50683
3226,1,50678,50690
5604,2,50683,50689
5583,2,50689,50726
1801,1,50690,50707
6109,3,50696,50717
4570,0,50703,50718
9064,1,50707,50715
2925,4,50708,50727
6713,1,50715,50729
3857,3,50717,50741
3103,0,50718,50747
1068,2,50726,50740
9657,4,50727,50736
2655,1,50729,50736
7852,4,50736,50742
8901,1,50736,50762
4055,2,50740,50746
3266,3,50741,50775
5859,4,50742,50749
9323,2,50746,50779
9418,0,50747,50764
1390,4,50749,50755
3633,4,50755,50761
6785,4,50761,50774
5287,1,50762,50793
973,0,50764,50781
4557,4,50774,50791
9790,3,50775,50809
3609,2,50779,50797
427,0,50781,50801
232,4,50791,50813
391,1,50793,50823
9471,2,50797,50819
3700,0,50801,50814
8112,3,50809,50825
3044,4,50813,50849
9202,0,50814,50837
5027,2,50819,50833
6119,1,50823,50831
3806,3,50825,50871
7117,1,50831,50861
9246,2,50833,50840
7620,0,50837,50844
7221,2,50840,50856
7766,0,50844,50868
4675,4,50849,50895
8571,2,50856,50891
5972,1,50861,50887
8287,0,50868,50884
3036,3,50871,50907
2146,0,50884,50900
2199,1,50887,50904
3693,2,50891,50921
5369,4,50895,50915
9383,0,50900,50918
5766,1,50904,50940
5295,3,50907,50948
7610,4,50915,50922
4824,0,50918,50938
8560,2,50921,50943
3063,4,50922,50933
9367,4,50933,50948
4548,0,50938,50949
7726,1,50940,50945
2776,2,50943,50964
5357,1,50945,50984
173,3,50948,50956
7302,4,50948,50955
9458,0,50949,50983
5785,4,50955,50981
7867,3,50956,50984
3834,2,50964,50969
5822,2,50969,50986
6041,4,50981,51005
27,0,50983,50989
6110,3,50984,51002
8048,1,50984,51005
2053,2,50986,51012
4914,0,50989,51007
1699,3,51002,51025
2498,4,51005,51027
645,1,51005,51010
4112,0,51007,51023
3162,1,51010,51049
4300,2,51012,51041
5484,0,51023,51067
6753,3,51025,51062
7124,4,51027,51050
675,2,51041,51049
2078,2,51049,51058
5741,1,51049,51057
7681,4,51050,51072
9717,1,51057,51089
3400,2,51058,51063
6424,3,51062,51087
6052,2,51063,51080
3714,0,51067,51086
1509,4,51072,51117
814,2,51080,51092
1047,0,51086,51109
642,3,51087,51096
2781,1,51089,51123
3782,2,51092,51104
9017,3,51096,51128
7786,2,51104,51119
3398,0,51109,51155
8758,4,51117,51142
6642,2,51119,51146
7000,1,51123,51135
9866,3,51128,51162
5560,1,51135,51145
5658,4,51142,51147
9924,1,51145,51166
9502,2,51146,51156
2959,4,51147,51154
1759,4,51154,51163
3511,0,51155,51167
6484,2,51156,51177
1081,3,51162,51178
3214,4,51163,51178
6556,1,51166,51191
8542,0,51167,51200
6572,2,51177,51190
23,3,51178,51219
5311,4,51178,51183
1701,4,51183,51190
9025,2,51190,51224
6662,4,51190,51201
2974,1,51191,51224
2939,0,51200,51225
2534,4,51201,51207
7639,4,51207,51246
819,3,51219,51269
7630,2,51224,51263
2421,1,51224,51250
449,0,51225,51238
6676,0,51238,51247
7582,4,51246,51282
8502,0,51247,51289
6132,1,51250,51260
5231,1,51260,51274
8432,2,51263,51300
4972,3,51269,51283
5475,1,51274,51321
5586,4,51282,51290
3416,3,51283,51299
2269,0,51289,51299
3032,4,51290,51320
2007,3,51299,51324
957,0,51299,51310
4297,2,51300,51319
5022,0,51310,51323
9266,2,51319,51340
9520,4,51320,51326
1310,1,51321,51333
623,0,51323,51352
5866,3,51324,51356
4025,4,51326,51337
3814,1,51333,51346
7320,4,51337,51342
8829,2,51340,51358
951,4,51342,51353
2441,1,51346,51365
6281,0,51352,51376
3655,4,51353,51368
371,3,51356,51386
4955,2,51358,51379
124,1,51365,51411
285,4,51368,51392
5543,0,51376,51393
6810,2,51379,51421
8411,3,51386,51393
6274,4,51392,51427
1366,3,51393,51412
6397,0,51393,51398
5293,0,51398,51417
3535,1,51411,51431
1323,3,51412,51428
9215,0,51417,51423
9685,2,51421,51464
7327,0,51423,51443
6660,4,51427,51435
281,3,51428,51446
6086,1,51431,51463
9211,4,51435,51449
5002,0,51443,51459
6560,3,51446,51479
7643,4,51449,51454
1359,4,51454,51479
5182,0,51459,51468
3297,1,51463,51473
9877,2,51464,51476
4392,0,51468,51478
8620,1,51473,51498
3739,2,51476,51512
5995,0,51478,51506
224,3,51479,51496
5587,4,51479,51505
3281,3,51496,51511
8865,1,51498,51506
3567,4,51505,51513
8427,0,51506,51528
8728,1,51506,51512
5006,3,51511,51525
2894,2,51512,51532
2695,1,51512,51518
7077,4,51513,51520
6498,1,51518,51564
1728,4,51520,51538
4097,3,51525,51539
7991,0,51528,51552
8630,2,51532,51558
5171,4,51538,51559
6307,3,51539,51545
8812,3,51545,51551
8692,3,51551,51572
4035,0,51552,51580
360,2,51558,51565
3955,4,51559,51588
9820,1,51564,51584
6674,2,51565,51572
3119,3,51572,51581
944,2,51572,51614
295,0,51580,51604
9252,3,51581,51620
5876,1,51584,51596
476,4,51588,51613
1583,1,51596,51625
8474,0,51604,51620
8703,4,51613,51639
5507,2,51614,51632
5110,3,51620,51633
8545,0,51620,51647
4120,1,51625,51633
9677,2,51632,51655
4430,3,51633,51659
5149,1,51633,51655
5952,4,51639,51645
4179,4,51645,51653
3041,0,51647,51683
2642,4,51653,51662
271,2,51655,51684
6717,1,51655,51697
3332,3,51659,51667
2732,4,51662,51691
9474,3,51667,51678
6716,3,51678,51706
7961,0,51683,51697
1079,2,51684,51713
1164,4,51691,51714
2530,0,51697,51706
7193,1,51697,51716
5762,3,51706,51716
2840,0,51706,51728
8401,2,51713,51735
424,4,51714,51720
53,3,51716,51762
422,1,51716,51742
670,4,51720,51739
1455,0,51728,51747
6567,2,51735,51751
2809,4,51739,51759
2057,1,51742,51772
4424,0,51747,51760
7841,2,51751,51761
4588,4,51759,51797
4734,0,51760,51783
4780,2,51761,51783
6855,3,51762,51803
9692,1,51772,51790
4993,2,51783,51793
5753,0,51783,51798
1820,1,51790,51797
7270,2,51793,51803
8957,4,51797,51812
1181,1,51797,51808
1662,0,51798,51823
8074,3,51803,51852
7690,2,51803,51846
5915,1,51808,51817
9773,4,51812,51822
1551,1,51817,51864
9093,4,51822,51837
1502,0,51823,51846
5359,4,51837,51875
3496,2,51846,51871
471,0,51846,51888
6238,3,51852,51888
3255,1,51864,51882
777,2,51871,51886
2827,4,51875,51887
1490,1,51882,51912
8631,2,51886,51895
7676,4,51887,51912
7964,3,51888,51910
9492,0,51888,51919
7399,2,51895,51908
9713,2,51908,51916
6479,3,51910,51921
3235,4,51912,51935
3439,1,51912,51937
4913,2,51916,51927
9966,0,51919,51936
7440,3,51921,51940
1454,2,51927,51934
3996,2,51934,51950
5401,4,51935,51975
9786,0,51936,51942
6864,1,51937,51946
6668,3,51940,51945
6639,0,51942,51972
593,3,51945,51985
1553,1,51946,51983
8095,2,51950,51961
3388,2,51961,51980
7649,0,51972,52006
4219,4,51975,51989
7714,2,51980,52018
9096,1,51983,51994
2265,3,51985,52005
8346,4,51989,52008
9573,1,51994,52006
3202,3,52005,52027
1537,0,52006,52024
6091,1,52006,52030
6706,4,52008,52029
2319,2,52018,52049
8173,0,52024,52046
6764,3,52027,52038
1094,4,52029,52040
6269,1,52030,52062
327,3,52038,52063
7369,4,52040,52061
2523,0,52046,52060
5879,2,52049,52077
3305,0,52060,52099
3457,4,52061,52077
8946,1,52062,52073
3503,3,52063,52087
1643,1,52073,52081
2504,2,52077,52099
1102,4,52077,52101
2765,1,52081,52090
7375,3,52087,52114
6027,1,52090,52116
9484,2,52099,52114
8686,0,52099,52129
7110,4,52101,52124
9595,3,52114,52126
3062,2,52114,52122
119,1,52116,52123
6372,2,52122,52132
7149,1,52123,52130
3882,4,52124,52167
1513,3,52126,52140
2553,0,52129,52152
7981,1,52130,52163
1179,2,52132,52147
9653,3,52140,52190
7812,2,52147,52173
7724,0,52152,52175
4298,1,52163,52186
3967,4,52167,52178
9789,2,52173,52189
7397,0,52175,52219
4435,4,52178,52191
3766,1,52186,52212
2680,2,52189,52215
8653,3,52190,52240
8642,4,52191,52209
2389,4,52209,52215
4198,1,52212,52223
7572,2,52215,52236
5391,4,52215,52224
274,0,52219,52245
9336,1,52223,52262
3397,4,52224,52247
1865,2,52236,52269
2360,3,52240,52249
1565,0,52245,52259
6289,4,52247,52286
2593,3,52249,52278
840,0,52259,52268
3939,1,52262,52279
9876,0,52268,52290
6758,2,52269,52274
5854,2,52274,52294
2669,3,52278,52288
5205,1,52279,52284
46,1,52284,52291
4905,4,52286,52296
222,3,52288,52307
8507,0,52290,52301
7915,1,52291,52296
7849,2,52294,52301
3756,4,52296,52337
4454,1,52296,52313
7994,2,52301,52349
4842,0,52301,52314
8753,3,52307,52342
3348,1,52313,52321
6788,0,52314,52358
7386,1,52321,52339
3356,4,52337,52369
3441,1,52339,52355
3093,3,52342,52355
3291,2,52349,52376
8325,3,52355,52368
3701,1,52355,52384
3908,0,52358,52382
6671,3,52368,52379
9784,4,52369,52384
1608,2,52376,52406
2135,3,52379,52405
8966,0,52382,52401
870,4,52384,52427
3131,1,52384,52406
7181,0,52401,52428
7277,3,52405,52425
3744,2,52406,52426
489,1,52406,52420
6974,1,52420,52443
3523,3,52425,52453
2905,2,52426,52460
980,4,52427,52446
1756,0,52428,52437
2402,0,52437,52442
8433,0,52442,52455
5572,1,52443,52477
2175,4,52446,52457
9311,3,52453,52465
9511,0,52455,52470
528,4,52457,52480
1774,2,52460,52507
9842,3,52465,52482
4084,0,52470,52485
1022,1,52477,52487
8333,4,52480,52492
658,3,52482,52491
4181,0,52485,52493
4686,1,52487,52505
2584,3,52491,52497
2152,4,52492,52502
2802,0,52493,52512
6768,3,52497,52509
4799,4,52502,52525
6793,1,52505,52514
9569,2,52507,52541
9143,3,52509,52528
4658,0,52512,52537
9984,1,52514,52555
1106,4,52525,52532
745,3,52528,52535
3808,4,52532,52540
90,3,52535,52553
8398,0,52537,52579
5934,4,52540,52566
1036,2,52541,52561
9881,3,52553,52574
1246,1,52555,52579
7174,2,52561,52609
455,4,52566,52577
1361,3,52574,52601
3862,4,52577,52589
9674,0,52579,52596
2364,1,52579,52587
6682,1,52587,52621
1363,4,52589,52619
9728,0,52596,52636
7396,3,52601,52631
3374,2,52609,52646
4517,4,52619,52638
3986,1,52621,52628
6603,1,52628,52672
2385,3,52631,52645
3486,0,52636,52656
1735,4,52638,52674
4657,3,52645,52662
2218,2,52646,52671
5782,0,52656,52689
1261,3,52662,52703
9421,2,52671,52687
2334,1,52672,52691
4002,4,52674,52687
5702,2,52687,52720
7901,4,52687,52706
9715,0,52689,52704
4385,1,52691,52696
7701,1,52696,52711
4627,3,52703,52740
5574,0,52704,52712
6874,4,52706,52725
1539,1,52711,52746
8292,0,52712,52717
1512,0,52717,52760
3985,2,52720,52733
6116,4,52725,52743
8547,2,52733,52765
3737,3,52740,52760
9109,4,52743,52753
3851,1,52746,52754
1754,4,52753,52758
9234,1,52754,52772
5252,4,52758,52763
4188,3,52760,52772
1861,0,52760,52787
7023,4,52763,52793
15,2,52765,52775
6429,3,52772,52780
5670,1,52772,52809
1703,2,52775,52788
2348,3,52780,52815
2362,0,52787,52799
6330,2,52788,52831
420,4,52793,52800
6996,0,52799,52824
8844,4,52800,52807
40,4,52807,52819
3838,1,52809,52826
8232,3,52815,52826
2336,4,52819,52855
5381,0,52824,52839
7924,3,52826,52832
369,1,52826,52833
7032,2,52831,52836
4970,3,52832,52879
3066,1,52833,52855
86,2,52836,52841
4679,0,52839,52865
2919,2,52841,52855
2686,2,52855,52870
2625,4,52855,52879
5860,1,52855,52887
6866,0,52865,52874
5013,2,52870,52895
7490,0,52874,52918
1552,3,52879,52896
4142,4,52879,52887
6667,4,52887,52908
2886,1,52887,52896
8589,2,52895,52912
4791,3,52896,52927
4998,1,52896,52943
6147,4,52908,52919
5062,2,52912,52921
9826,0,52918,52929
9329,4,52919,52931
3872,2,52921,52936
499,3,52927,52947
2045,0,52929,52947
7093,4,52931,52951
2749,2,52936,52943
4395,2,52943,52967
9300,1,52943,52953
2971,3,52947,52954
9216,0,52947,52961
1752,4,52951,52989
1178,1,52953,52985
8166,3,52954,52967
5097,0,52961,52982
4803,3,52967,53002
9798,2,52967,52972
9292,2,52972,52985
5263,0,52982,53001
88,2,52985,52990
2303,1,52985,53008
2019,4,52989,53022
9437,2,52990,53015
6249,0,53001,53016
9895,3,53002,53029
3107,1,53008,53024
6224,2,53015,53028
1990,0,53016,53038
2570,4,53022,53027
3912,1,53024,53064
7859,4,53027,53051
2528,2,53028,53056
836,3,53029,53042
3747,0,53038,53063
8228,3,53042,53056
6309,4,53051,53062
1410,3,53056,53081
3613,2,53056,53066
3470,4,53062,53068
702,0,53063,53110
1045,2,53066,53101
4284,4,53068,53087
9273,3,53081,53128
2535,4,53087,53104
5259,2,53101,53113
8815,4,53104,53138
3624,0,53110,53139
8394,2,53113,53121
1264,2,53121,53141
8891,3,53128,53169
1623,4,53138,53160
827,0,53139,53171
2464,2,53141,53178
4276,4,53160,53167
4909,4,53167,53213
4068,3,53169,53191
2330,0,53171,53202
8336,2,53178,53188
382,2,53188,53217
7212,3,53191,53213
9607,0,53202,53232
1875,3,53213,53228
2657,4,53213,53225
2716,2,53217,53238
2176,4,53225,53264
8885,3,53228,53242
6170,0,53232,53276
6495,2,53238,53255
7071,3,53242,53287
5467,2,53255,53286
3471,4,53264,53300
610,0,53276,53288
8982,2,53286,53307
9694,3,53287,53294
6038,0,53288,53299
1054,3,53294,53312
2481,0,53299,53327
7871,4,53300,53328
7150,2,53307,53328
9972,3,53312,53322
6940,3,53322,53331
545,0,53327,53332
4649,2,53328,53348
3752,4,53328,53338
6364,3,53331,53348
9020,0,53332,53345
4449,4,53338,53363
860,0,53345,53379
1739,3,53348,53372
3826,2,53348,53377
5779,4,53363,53377
3642,3,53372,53403
8013,2,53377,53394
2071,4,53377,53395
4405,0,53379,53414
2289,2,53394,53424
9768,4,53395,53430
2209,3,53403,53448
3870,0,53414,53437
9368,2,53424,53430
112,2,53430,53453
569,4,53430,53437
5988,0,53437,53477
1871,4,53437,53453
6744,3,53448,53476
7891,2,53453,53476
5335,4,53453,53483
962,3,53476,53500
4353,2,53476,53486
4228,0,53477,53522
1088,4,53483,53494
115,2,53486,53506
2393,4,53494,53512
9721,3,53500,53518
2976,2,53506,53522
3150,3,53518,53542
7760,2,53522,53571
252,0,53522,53562
8993,3,53542,53552
8871,3,53552,53569
1438,0,53562,53588
7225,3,53569,53609
978,2,53571,53589
2613,0,53588,53616
3179,2,53589,53619
9113,3,53609,53639
5352,0,53616,53624
9142,2,53619,53630
785,0,53624,53642
871,2,53630,53649
5057,3,53639,53669
104,0,53642,53655
2738,2,53649,53688
8981,0,53655,53682
7345,3,53669,53690
5431,0,53682,53704
3359,2,53688,53713
2477,3,53690,53702
138,3,53702,53716
9477,0,53704,53726
8828,2,53713,53721
3600,3,53716,53721
5893,3,53721,53728
9751,2,53721,53740
8266,0,53726,53755
205,3,53728,53742
5555,2,53740,53773
5512,3,53742,53762
1664,0,53755,53780
8976,3,53762,53779
1595,2,53773,53779
4375,3,53779,53785
5504,2,53779,53787
8921,0,53780,53796
9856,3,53785,53795
3650,2,53787,53812
5662,3,53795,53818
8141,0,53796,53811
7485,0,53811,53823
8236,2,53812,53819
3780,3,53818,53847
4148,2,53819,53835
8903,0,53823,53860
3246,2,53835,53857
5772,3,53847,53855
6766,3,53855,53894
9776,2,53857,53865
7495,0,53860,53872
8790,2,53865,53876
268,0,53872,53904
4373,2,53876,53885
5706,2,53885,53907
4372,3,53894,53913
704,0,53904,53910
5453,2,53907,53953
3367,0,53910,53937
2407,3,53913,53951
7457,3,53951,53977
2830,2,53953,53958
6666,2,53958,53978
2244,3,53977,53985
2963,2,53978,53994
1430,3,53985,54020
3436,2,53994,54000
5445,2,54000,54021
442,3,54020,54051
7866,2,54021,54060
8615,3,54051,54083
4592,2,54060,54071
7958,2,54071,54086
3715,3,54083,54093
239,2,54086,54107
2051,3,54093,54109
9450,2,54107,54117
6345,3,54109,54114
1634,3,54114,54138
7858,2,54117,54156
7856,3,54138,54151
9624,3,54151,54166
6154,2,54156,54187
1621,3,54166,54202
3729,2,54187,54202
8371,3,54202,54210
3757,2,54202,54229
5663,3,54210,54239
3663,2,54229,54245
5967,3,54239,54262
6386,2,54245,54272
5508,3,54262,54269
2259,3,54269,54274
7765,2,54272,54307
7291,3,54274,54286
6000,3,54286,54304
2575,3,54304,54314
8548,2,54307,54312
486,2,54312,54356
5595,3,54314,54323
9835,3,54323,54343
8902,3,54343,54349
2621,3,54349,54366
7119,2,54356,54370
930,3,54366,54388
5577,2,54370,54379
7658,2,54379,54415
9850,3,54388,54418
2691,2,54415,54436
1187,3,54418,54448
2931,2,54436,54474
1024,3,54448,54486
9577,2,54474,54498
942,3,54486,54497
457,3,54497,54524
768,2,54498,54509
1683,2,54509,54555
1721,3,54524,54529
7280,3,54529,54543
2879,3,54543,54566
3518,2,54555,54593
2828,3,54566,54594
1383,2,54593,54629
6100,3,54594,54606
161,3,54606,54655
4716,2,54629,54639
1868,2,54639,54665
3686,3,54655,54697
2445,2,54665,54671
5373,2,54671,54685
214,2,54685,54716
8616,3,54697,54736
880,2,54716,54737
6767,3,54736,54754
5207,2,54737,54754
5528,3,54754,54774
8924,2,54754,54765
9971,2,54765,54774
6990,3,54774,54797
9818,2,54774,54815
9888,3,54797,54813
9395,3,54813,54843
8562,2,54815,54820
6053,2,54820,54839
5023,2,54839,54864
8834,3,54843,54852
2521,3,54852,54880
8963,2,54864,54874
9053,2,54874,54885
6010,3,54880,54922
6888,2,54885,54897
6383,2,54897,54912
8250,2,54912,54937
9047,3,54922,54937
1357,3,54937,54966
1915,2,54937,54953
8179,2,54953,54962
8765,2,54962,54985
3553,3,54966,54974
4628,3,54974,54995
5025,2,54985,54993
5637,2,54993,55008
6832,3,54995,55001
9491,3,55001,55051
911,2,55008,55037
2582,2,55037,55062
3765,3,55051,55059
1050,3,55059,55076
3878,2,55062,55081
1398,3,55076,55106
8386,2,55081,55093
977,2,55093,55107
1935,3,55106,55141
9812,2,55107,55151
9676,3,55141,55146
1213,3,55146,55165
1902,2,55151,55184
6551,3,55165,55185
3674,2,55184,55222
277,3,55185,55205
9926,3,55205,55227
1056,2,55222,55253
131,3,55227,55248
7799,3,55248,55257
8358,2,55253,55267
7255,3,55257,55276
6180,2,55267,55285
3285,3,55276,55302
3895,2,55285,55333
4507,3,55302,55318
5905,3,55318,55332
7594,3,55332,55365
8225,2,55333,55374
1693,3,55365,55384
8610,2,55374,55381
2177,2,55381,55395
9605,3,55384,55404
7782,2,55395,55412
4357,3,55404,55426
1436,2,55412,55419
3585,2,55419,55445
3595,3,55426,55444
9470,3,55444,55457
4000,2,55445,55452
2133,2,55452,55485
7355,3,55457,55474
9979,3,55474,55492
2841,2,55485,55517
4296,3,55492,55519
5693,2,55517,55540
202,3,55519,55531
1404,3,55531,55547
8597,2,55540,55573
1619,3,55547,55556
8107,3,55556,55574
2350,2,55573,55593
5633,3,55574,55585
5187,3,55585,55598
6892,2,55593,55620
1372,3,55598,55631
530,2,55620,55625
4487,2,55625,55639
5111,3,55631,55639
6752,3,55639,55668
9320,2,55639,55661
4005,2,55661,55699
8375,3,55668,55678
2546,3,55678,55684
2727,3,55684,55720
6006,2,55699,55711
9085,2,55711,55737
4291,3,55720,55742
1021,2,55737,55767
5610,3,55742,55780
1555,2,55767,55775
2513,2,55775,55794
9359,3,55780,55803
9687,2,55794,55799
6786,2,55799,55845
3627,3,55803,55838
1622,3,55838,55853
3570,2,55845,55859
3073,3,55853,55867
6500,2,55859,55885
3514,3,55867,55889
2414,2,55885,55911
2305,3,55889,55935
2996,2,55911,55956
4478,3,55935,55948
2239,3,55948,55959
4553,2,55956,55968
6159,3,55959,55969
5594,2,55968,55975
1656,3,55969,55982
3055,2,55975,55994
8019,3,55982,56002
4747,2,55994,56011
7439,3,56002,56024
841,2,56011,56027
4543,3,56024,56041
4730,2,56027,56055
1087,3,56041,56046
5177,3,56046,56064
8798,2,56055,56083
6158,3,56064,56087
2908,2,56083,56105
1511,3,56087,56135
9945,2,56105,56130
3431,2,56130,56149
357,3,56135,56164
3611,2,56149,56155
9487,2,56155,56160
4461,2,56160,56185
6730,3,56164,56204
4101,2,56185,56208
4078,3,56204,56217
8787,2,56208,56220
6715,3,56217,56252
5733,2,56220,56246
8158,2,56246,56286
9384,3,56252,56280
4151,3,56280,56299
9643,2,56286,56306
5979,3,56299,56320
2381,2,56306,56338
1922,3,56320,56340
6323,3,56340,56355
7216,3,56355,56367
4943,3,56367,56374
907,3,56374,56388
5547,3,56388,56420
3925,3,56420,56428
3390,3,56428,56433
9448,3,56433,56447
384,3,56447,56464
217,3,56464,56481
6411,3,56481,56527
9870,3,56527,56537
862,3,56537,56553
5091,3,56553,56574
974,3,56574,56611
1813,3,56611,56617
2401,3,56617,56640
4948,3,56640,56658
363,3,56658,56678
9549,3,56678,56700
